gene_family	present_AHPND_pos	absent_AHPND_pos	present_AHPND_neg	absent_AHPND_neg	odds_ratio	p_value	FDR
g02012	7	0	11	0	Inf	1	1
g03437	7	0	11	0	Inf	1	1
g02648	7	0	11	0	Inf	1	1
g03497	7	0	11	0	Inf	1	1
g03353	7	0	11	0	Inf	1	1
g00646	7	0	11	0	Inf	1	1
g02726	7	0	11	0	Inf	1	1
g04466	7	0	11	0	Inf	1	1
g03219	7	0	11	0	Inf	1	1
g03371	7	0	11	0	Inf	1	1
g01389	7	0	11	0	Inf	1	1
g03336	7	0	11	0	Inf	1	1
g01056	7	0	11	0	Inf	1	1
g04556	7	0	11	0	Inf	1	1
g03262	7	0	11	0	Inf	1	1
g01193	7	0	11	0	Inf	1	1
g01551	7	0	11	0	Inf	1	1
g02891	7	0	11	0	Inf	1	1
g01718	7	0	11	0	Inf	1	1
g02374	7	0	11	0	Inf	1	1
g00809	7	0	11	0	Inf	1	1
g02915	7	0	11	0	Inf	1	1
g01512	7	0	11	0	Inf	1	1
g02286	7	0	11	0	Inf	1	1
g00204	7	0	11	0	Inf	1	1
g00964	7	0	11	0	Inf	1	1
g00935	7	0	11	0	Inf	1	1
g01720	7	0	11	0	Inf	1	1
g01448	7	0	11	0	Inf	1	1
g03744	7	0	11	0	Inf	1	1
g04586	7	0	11	0	Inf	1	1
g01556	7	0	11	0	Inf	1	1
g00578	7	0	11	0	Inf	1	1
g00557	7	0	11	0	Inf	1	1
g02063	7	0	11	0	Inf	1	1
g00979	7	0	11	0	Inf	1	1
g02305	7	0	11	0	Inf	1	1
g01806	7	0	11	0	Inf	1	1
g01760	7	0	11	0	Inf	1	1
g00072	7	0	11	0	Inf	1	1
g01169	7	0	11	0	Inf	1	1
g02988	7	0	11	0	Inf	1	1
g02863	7	0	11	0	Inf	1	1
g01644	7	0	11	0	Inf	1	1
g02202	7	0	11	0	Inf	1	1
g01026	7	0	11	0	Inf	1	1
g00222	7	0	11	0	Inf	1	1
g01129	7	0	11	0	Inf	1	1
g00568	7	0	11	0	Inf	1	1
g00077	7	0	11	0	Inf	1	1
g00289	7	0	11	0	Inf	1	1
g00020	7	0	11	0	Inf	1	1
g00251	7	0	11	0	Inf	1	1
g03412	7	0	11	0	Inf	1	1
g01335	7	0	11	0	Inf	1	1
g04497	7	0	11	0	Inf	1	1
g00636	7	0	11	0	Inf	1	1
g03464	7	0	11	0	Inf	1	1
g02041	7	0	11	0	Inf	1	1
g02237	7	0	11	0	Inf	1	1
g00125	7	0	11	0	Inf	1	1
g02335	7	0	11	0	Inf	1	1
g01401	7	0	11	0	Inf	1	1
g01862	7	0	11	0	Inf	1	1
g00385	7	0	11	0	Inf	1	1
g00465	7	0	11	0	Inf	1	1
g02148	7	0	11	0	Inf	1	1
g02375	7	0	11	0	Inf	1	1
g02583	7	0	11	0	Inf	1	1
g03702	7	0	11	0	Inf	1	1
g01666	7	0	11	0	Inf	1	1
g00260	7	0	11	0	Inf	1	1
g01641	7	0	11	0	Inf	1	1
g00131	7	0	11	0	Inf	1	1
g00581	7	0	11	0	Inf	1	1
g00923	7	0	11	0	Inf	1	1
g01609	7	0	11	0	Inf	1	1
g03287	7	0	11	0	Inf	1	1
g02337	7	0	11	0	Inf	1	1
g01018	7	0	11	0	Inf	1	1
g01360	7	0	11	0	Inf	1	1
g01253	7	0	11	0	Inf	1	1
g01744	7	0	11	0	Inf	1	1
g00806	7	0	11	0	Inf	1	1
g02589	7	0	11	0	Inf	1	1
g02299	7	0	11	0	Inf	1	1
g01768	7	0	11	0	Inf	1	1
g01736	7	0	11	0	Inf	1	1
g01929	7	0	11	0	Inf	1	1
g00962	7	0	11	0	Inf	1	1
g03303	7	0	11	0	Inf	1	1
g00016	7	0	11	0	Inf	1	1
g01152	7	0	11	0	Inf	1	1
g00333	7	0	11	0	Inf	1	1
g02457	7	0	11	0	Inf	1	1
g01912	7	0	11	0	Inf	1	1
g01140	7	0	11	0	Inf	1	1
g01555	7	0	11	0	Inf	1	1
g01488	7	0	11	0	Inf	1	1
g00256	7	0	11	0	Inf	1	1
g00093	7	0	11	0	Inf	1	1
g01021	7	0	11	0	Inf	1	1
g01425	7	0	11	0	Inf	1	1
g00361	7	0	11	0	Inf	1	1
g03786	7	0	11	0	Inf	1	1
g00128	7	0	11	0	Inf	1	1
g02366	7	0	11	0	Inf	1	1
g02443	7	0	11	0	Inf	1	1
g01627	7	0	11	0	Inf	1	1
g00624	7	0	11	0	Inf	1	1
g00952	7	0	11	0	Inf	1	1
g00982	7	0	11	0	Inf	1	1
g01937	7	0	11	0	Inf	1	1
g00975	7	0	11	0	Inf	1	1
g02432	7	0	11	0	Inf	1	1
g02983	7	0	11	0	Inf	1	1
g01924	7	0	11	0	Inf	1	1
g04162	7	0	11	0	Inf	1	1
g00589	7	0	11	0	Inf	1	1
g03989	7	0	11	0	Inf	1	1
g00937	7	0	11	0	Inf	1	1
g03885	7	0	11	0	Inf	1	1
g04238	7	0	11	0	Inf	1	1
g02178	7	0	11	0	Inf	1	1
g00141	7	0	11	0	Inf	1	1
g03767	7	0	11	0	Inf	1	1
g00828	7	0	11	0	Inf	1	1
g02713	7	0	11	0	Inf	1	1
g02250	7	0	11	0	Inf	1	1
g00379	7	0	11	0	Inf	1	1
g00194	7	0	11	0	Inf	1	1
g00695	7	0	11	0	Inf	1	1
g02740	7	0	11	0	Inf	1	1
g00343	7	0	11	0	Inf	1	1
g02042	7	0	11	0	Inf	1	1
g01759	7	0	11	0	Inf	1	1
g02677	7	0	11	0	Inf	1	1
g00434	7	0	11	0	Inf	1	1
g01493	7	0	11	0	Inf	1	1
g00217	7	0	11	0	Inf	1	1
g00302	7	0	11	0	Inf	1	1
g01721	7	0	11	0	Inf	1	1
g00148	7	0	11	0	Inf	1	1
g01469	7	0	11	0	Inf	1	1
g01466	7	0	11	0	Inf	1	1
g02120	7	0	11	0	Inf	1	1
g00069	7	0	11	0	Inf	1	1
g01210	7	0	11	0	Inf	1	1
g01586	7	0	11	0	Inf	1	1
g00171	7	0	11	0	Inf	1	1
g02557	7	0	11	0	Inf	1	1
g02842	7	0	11	0	Inf	1	1
g00542	7	0	11	0	Inf	1	1
g02634	7	0	11	0	Inf	1	1
g01476	7	0	11	0	Inf	1	1
g00892	7	0	11	0	Inf	1	1
g01836	7	0	11	0	Inf	1	1
g01669	7	0	11	0	Inf	1	1
g02028	7	0	11	0	Inf	1	1
g02687	7	0	11	0	Inf	1	1
g00573	7	0	11	0	Inf	1	1
g01031	7	0	11	0	Inf	1	1
g01571	7	0	11	0	Inf	1	1
g00529	7	0	11	0	Inf	1	1
g01470	7	0	11	0	Inf	1	1
g02213	7	0	11	0	Inf	1	1
g02440	7	0	11	0	Inf	1	1
g04551	7	0	11	0	Inf	1	1
g02143	7	0	11	0	Inf	1	1
g02447	7	0	11	0	Inf	1	1
g02451	7	0	11	0	Inf	1	1
g00867	7	0	11	0	Inf	1	1
g01004	7	0	11	0	Inf	1	1
g01273	7	0	11	0	Inf	1	1
g00268	7	0	11	0	Inf	1	1
g00803	7	0	11	0	Inf	1	1
g02518	7	0	11	0	Inf	1	1
g00752	7	0	11	0	Inf	1	1
g00508	7	0	11	0	Inf	1	1
g01580	7	0	11	0	Inf	1	1
g01815	7	0	11	0	Inf	1	1
g02383	7	0	11	0	Inf	1	1
g01532	7	0	11	0	Inf	1	1
g00944	7	0	11	0	Inf	1	1
g01375	7	0	11	0	Inf	1	1
g01528	7	0	11	0	Inf	1	1
g00089	7	0	11	0	Inf	1	1
g02048	7	0	11	0	Inf	1	1
g01612	7	0	11	0	Inf	1	1
g00733	7	0	11	0	Inf	1	1
g02599	7	0	11	0	Inf	1	1
g00449	7	0	11	0	Inf	1	1
g01386	7	0	11	0	Inf	1	1
g00159	7	0	11	0	Inf	1	1
g04413	7	0	11	0	Inf	1	1
g01608	7	0	11	0	Inf	1	1
g00974	7	0	11	0	Inf	1	1
g00043	7	0	11	0	Inf	1	1
g02499	7	0	11	0	Inf	1	1
g00281	7	0	11	0	Inf	1	1
g00562	7	0	11	0	Inf	1	1
g00861	7	0	11	0	Inf	1	1
g01309	7	0	11	0	Inf	1	1
g01390	7	0	11	0	Inf	1	1
g03606	7	0	11	0	Inf	1	1
g02014	7	0	11	0	Inf	1	1
g00398	7	0	11	0	Inf	1	1
g04414	7	0	11	0	Inf	1	1
g01741	7	0	11	0	Inf	1	1
g00725	7	0	11	0	Inf	1	1
g01114	7	0	11	0	Inf	1	1
g02744	7	0	11	0	Inf	1	1
g04301	7	0	11	0	Inf	1	1
g03408	7	0	11	0	Inf	1	1
g01915	7	0	11	0	Inf	1	1
g01892	7	0	11	0	Inf	1	1
g00050	7	0	11	0	Inf	1	1
g01171	7	0	11	0	Inf	1	1
g00079	7	0	11	0	Inf	1	1
g01494	7	0	11	0	Inf	1	1
g01565	7	0	11	0	Inf	1	1
g01716	7	0	11	0	Inf	1	1
g00926	7	0	11	0	Inf	1	1
g00206	7	0	11	0	Inf	1	1
g00643	7	0	11	0	Inf	1	1
g02795	7	0	11	0	Inf	1	1
g01096	7	0	11	0	Inf	1	1
g00474	7	0	11	0	Inf	1	1
g00745	7	0	11	0	Inf	1	1
g00421	7	0	11	0	Inf	1	1
g00389	7	0	11	0	Inf	1	1
g00883	7	0	11	0	Inf	1	1
g00747	7	0	11	0	Inf	1	1
g01442	7	0	11	0	Inf	1	1
g00650	7	0	11	0	Inf	1	1
g01194	7	0	11	0	Inf	1	1
g00396	7	0	11	0	Inf	1	1
g03559	7	0	11	0	Inf	1	1
g04564	7	0	11	0	Inf	1	1
g04290	7	0	11	0	Inf	1	1
g00329	7	0	11	0	Inf	1	1
g00425	7	0	11	0	Inf	1	1
g01550	7	0	11	0	Inf	1	1
g00700	7	0	11	0	Inf	1	1
g02768	7	0	11	0	Inf	1	1
g01868	7	0	11	0	Inf	1	1
g01574	7	0	11	0	Inf	1	1
g01630	7	0	11	0	Inf	1	1
g02565	7	0	11	0	Inf	1	1
g01749	7	0	11	0	Inf	1	1
g00889	7	0	11	0	Inf	1	1
g01525	7	0	11	0	Inf	1	1
g01224	7	0	11	0	Inf	1	1
g00041	7	0	11	0	Inf	1	1
g00377	7	0	11	0	Inf	1	1
g00129	7	0	11	0	Inf	1	1
g01524	7	0	11	0	Inf	1	1
g01548	7	0	11	0	Inf	1	1
g02668	7	0	11	0	Inf	1	1
g00931	7	0	11	0	Inf	1	1
g00193	7	0	11	0	Inf	1	1
g01497	7	0	11	0	Inf	1	1
g01774	7	0	11	0	Inf	1	1
g02901	7	0	11	0	Inf	1	1
g02181	7	0	11	0	Inf	1	1
g00567	7	0	11	0	Inf	1	1
g02862	7	0	11	0	Inf	1	1
g00056	7	0	11	0	Inf	1	1
g00224	7	0	11	0	Inf	1	1
g02571	7	0	11	0	Inf	1	1
g02249	7	0	11	0	Inf	1	1
g00165	7	0	11	0	Inf	1	1
g01212	7	0	11	0	Inf	1	1
g02935	7	0	11	0	Inf	1	1
g01922	7	0	11	0	Inf	1	1
g01596	7	0	11	0	Inf	1	1
g00245	7	0	11	0	Inf	1	1
g00686	7	0	11	0	Inf	1	1
g02951	7	0	11	0	Inf	1	1
g00272	7	0	11	0	Inf	1	1
g00269	7	0	11	0	Inf	1	1
g00941	7	0	11	0	Inf	1	1
g01715	7	0	11	0	Inf	1	1
g01160	7	0	11	0	Inf	1	1
g01017	7	0	11	0	Inf	1	1
g04376	7	0	11	0	Inf	1	1
g01691	7	0	11	0	Inf	1	1
g00790	7	0	11	0	Inf	1	1
g00822	7	0	11	0	Inf	1	1
g01645	7	0	11	0	Inf	1	1
g00233	7	0	11	0	Inf	1	1
g00584	7	0	11	0	Inf	1	1
g00917	7	0	11	0	Inf	1	1
g01012	7	0	11	0	Inf	1	1
g01180	7	0	11	0	Inf	1	1
g01398	7	0	11	0	Inf	1	1
g01113	7	0	11	0	Inf	1	1
g02941	7	0	11	0	Inf	1	1
g02115	7	0	11	0	Inf	1	1
g02242	7	0	11	0	Inf	1	1
g02379	7	0	11	0	Inf	1	1
g02316	7	0	11	0	Inf	1	1
g01677	7	0	11	0	Inf	1	1
g00102	7	0	11	0	Inf	1	1
g00858	7	0	11	0	Inf	1	1
g00444	7	0	11	0	Inf	1	1
g00360	7	0	11	0	Inf	1	1
g03573	7	0	11	0	Inf	1	1
g00999	7	0	11	0	Inf	1	1
g00775	7	0	11	0	Inf	1	1
g02353	7	0	11	0	Inf	1	1
g01854	7	0	11	0	Inf	1	1
g00534	7	0	11	0	Inf	1	1
g00666	7	0	11	0	Inf	1	1
g01456	7	0	11	0	Inf	1	1
g00771	7	0	11	0	Inf	1	1
g03511	7	0	11	0	Inf	1	1
g02165	7	0	11	0	Inf	1	1
g02341	7	0	11	0	Inf	1	1
g03583	7	0	11	0	Inf	1	1
g01001	7	0	11	0	Inf	1	1
g00750	7	0	11	0	Inf	1	1
g02141	7	0	11	0	Inf	1	1
g04457	7	0	11	0	Inf	1	1
g00008	7	0	11	0	Inf	1	1
g00730	7	0	11	0	Inf	1	1
g02031	7	0	11	0	Inf	1	1
g02511	7	0	11	0	Inf	1	1
g02270	7	0	11	0	Inf	1	1
g00802	7	0	11	0	Inf	1	1
g02345	7	0	11	0	Inf	1	1
g01558	7	0	11	0	Inf	1	1
g02905	7	0	11	0	Inf	1	1
g01745	7	0	11	0	Inf	1	1
g02670	7	0	11	0	Inf	1	1
g00384	7	0	11	0	Inf	1	1
g01801	7	0	11	0	Inf	1	1
g00130	7	0	11	0	Inf	1	1
g00300	7	0	11	0	Inf	1	1
g02676	7	0	11	0	Inf	1	1
g04060	7	0	11	0	Inf	1	1
g02427	7	0	11	0	Inf	1	1
g02616	7	0	11	0	Inf	1	1
g02054	7	0	11	0	Inf	1	1
g03592	7	0	11	0	Inf	1	1
g02558	7	0	11	0	Inf	1	1
g02560	7	0	11	0	Inf	1	1
g02892	7	0	11	0	Inf	1	1
g02281	7	0	11	0	Inf	1	1
g02139	7	0	11	0	Inf	1	1
g02289	7	0	11	0	Inf	1	1
g04372	7	0	11	0	Inf	1	1
g03130	7	0	11	0	Inf	1	1
g01177	7	0	11	0	Inf	1	1
g00115	7	0	11	0	Inf	1	1
g02526	7	0	11	0	Inf	1	1
g01100	7	0	11	0	Inf	1	1
g00438	7	0	11	0	Inf	1	1
g02381	7	0	11	0	Inf	1	1
g00405	7	0	11	0	Inf	1	1
g00722	7	0	11	0	Inf	1	1
g01158	7	0	11	0	Inf	1	1
g02784	7	0	11	0	Inf	1	1
g04107	7	0	11	0	Inf	1	1
g00342	7	0	11	0	Inf	1	1
g01839	7	0	11	0	Inf	1	1
g00393	7	0	11	0	Inf	1	1
g01382	7	0	11	0	Inf	1	1
g04284	7	0	11	0	Inf	1	1
g01047	7	0	11	0	Inf	1	1
g01333	7	0	11	0	Inf	1	1
g01762	7	0	11	0	Inf	1	1
g04444	7	0	11	0	Inf	1	1
g00708	7	0	11	0	Inf	1	1
g02515	7	0	11	0	Inf	1	1
g02761	7	0	11	0	Inf	1	1
g01914	7	0	11	0	Inf	1	1
g02410	7	0	11	0	Inf	1	1
g00096	7	0	11	0	Inf	1	1
g01499	7	0	11	0	Inf	1	1
g02357	7	0	11	0	Inf	1	1
g00012	7	0	11	0	Inf	1	1
g01905	7	0	11	0	Inf	1	1
g01910	7	0	11	0	Inf	1	1
g02789	7	0	11	0	Inf	1	1
g01968	7	0	11	0	Inf	1	1
g00232	7	0	11	0	Inf	1	1
g00485	7	0	11	0	Inf	1	1
g01421	7	0	11	0	Inf	1	1
g01460	7	0	11	0	Inf	1	1
g00734	7	0	11	0	Inf	1	1
g01225	7	0	11	0	Inf	1	1
g01416	7	0	11	0	Inf	1	1
g02405	7	0	11	0	Inf	1	1
g00680	7	0	11	0	Inf	1	1
g01767	7	0	11	0	Inf	1	1
g02002	7	0	11	0	Inf	1	1
g01432	7	0	11	0	Inf	1	1
g00866	7	0	11	0	Inf	1	1
g00598	7	0	11	0	Inf	1	1
g00872	7	0	11	0	Inf	1	1
g03729	7	0	11	0	Inf	1	1
g03174	7	0	11	0	Inf	1	1
g02266	7	0	11	0	Inf	1	1
g03810	7	0	11	0	Inf	1	1
g03389	7	0	11	0	Inf	1	1
g02574	7	0	11	0	Inf	1	1
g02684	7	0	11	0	Inf	1	1
g03490	7	0	11	0	Inf	1	1
g01805	7	0	11	0	Inf	1	1
g01826	7	0	11	0	Inf	1	1
g02930	7	0	11	0	Inf	1	1
g03223	7	0	11	0	Inf	1	1
g02872	7	0	11	0	Inf	1	1
g01424	7	0	11	0	Inf	1	1
g02037	7	0	11	0	Inf	1	1
g02195	7	0	11	0	Inf	1	1
g01471	7	0	11	0	Inf	1	1
g00341	7	0	11	0	Inf	1	1
g01954	7	0	11	0	Inf	1	1
g02612	7	0	11	0	Inf	1	1
g00674	7	0	11	0	Inf	1	1
g00537	7	0	11	0	Inf	1	1
g00669	7	0	11	0	Inf	1	1
g00403	7	0	11	0	Inf	1	1
g00401	7	0	11	0	Inf	1	1
g00885	7	0	11	0	Inf	1	1
g02025	7	0	11	0	Inf	1	1
g01568	7	0	11	0	Inf	1	1
g01597	7	0	11	0	Inf	1	1
g01709	7	0	11	0	Inf	1	1
g00087	7	0	11	0	Inf	1	1
g02449	7	0	11	0	Inf	1	1
g03089	7	0	11	0	Inf	1	1
g03565	7	0	11	0	Inf	1	1
g01014	7	0	11	0	Inf	1	1
g01065	7	0	11	0	Inf	1	1
g04044	7	0	11	0	Inf	1	1
g03431	7	0	11	0	Inf	1	1
g01885	7	0	11	0	Inf	1	1
g00601	7	0	11	0	Inf	1	1
g00241	7	0	11	0	Inf	1	1
g02576	7	0	11	0	Inf	1	1
g02344	7	0	11	0	Inf	1	1
g03023	7	0	11	0	Inf	1	1
g04253	7	0	11	0	Inf	1	1
g04329	7	0	11	0	Inf	1	1
g04291	7	0	11	0	Inf	1	1
g01092	7	0	11	0	Inf	1	1
g00721	7	0	11	0	Inf	1	1
g02838	7	0	11	0	Inf	1	1
g00025	7	0	11	0	Inf	1	1
g02081	7	0	11	0	Inf	1	1
g03717	7	0	11	0	Inf	1	1
g02794	7	0	11	0	Inf	1	1
g03141	7	0	11	0	Inf	1	1
g02595	7	0	11	0	Inf	1	1
g03064	7	0	11	0	Inf	1	1
g03170	7	0	11	0	Inf	1	1
g03430	7	0	11	0	Inf	1	1
g00945	7	0	11	0	Inf	1	1
g01474	7	0	11	0	Inf	1	1
g01533	7	0	11	0	Inf	1	1
g02473	7	0	11	0	Inf	1	1
g00762	7	0	11	0	Inf	1	1
g00394	7	0	11	0	Inf	1	1
g01057	7	0	11	0	Inf	1	1
g02136	7	0	11	0	Inf	1	1
g00710	7	0	11	0	Inf	1	1
g00259	7	0	11	0	Inf	1	1
g01011	7	0	11	0	Inf	1	1
g04334	7	0	11	0	Inf	1	1
g01277	7	0	11	0	Inf	1	1
g00800	7	0	11	0	Inf	1	1
g00908	7	0	11	0	Inf	1	1
g01161	7	0	11	0	Inf	1	1
g01838	7	0	11	0	Inf	1	1
g02849	7	0	11	0	Inf	1	1
g00751	7	0	11	0	Inf	1	1
g01350	7	0	11	0	Inf	1	1
g01410	7	0	11	0	Inf	1	1
g00454	7	0	11	0	Inf	1	1
g01751	7	0	11	0	Inf	1	1
g02611	7	0	11	0	Inf	1	1
g02459	7	0	11	0	Inf	1	1
g03649	7	0	11	0	Inf	1	1
g02470	7	0	11	0	Inf	1	1
g00178	7	0	11	0	Inf	1	1
g00388	7	0	11	0	Inf	1	1
g03319	7	0	11	0	Inf	1	1
g03756	7	0	11	0	Inf	1	1
g02691	7	0	11	0	Inf	1	1
g00864	7	0	11	0	Inf	1	1
g00998	7	0	11	0	Inf	1	1
g02382	7	0	11	0	Inf	1	1
g04270	7	0	11	0	Inf	1	1
g00223	7	0	11	0	Inf	1	1
g01820	7	0	11	0	Inf	1	1
g00404	7	0	11	0	Inf	1	1
g00873	7	0	11	0	Inf	1	1
g00893	7	0	11	0	Inf	1	1
g00527	7	0	11	0	Inf	1	1
g00994	7	0	11	0	Inf	1	1
g01520	7	0	11	0	Inf	1	1
g01468	7	0	11	0	Inf	1	1
g04157	7	0	11	0	Inf	1	1
g01343	7	0	11	0	Inf	1	1
g02602	7	0	11	0	Inf	1	1
g01734	7	0	11	0	Inf	1	1
g06326	7	0	11	0	Inf	1	1
g02787	7	0	11	0	Inf	1	1
g03002	7	0	11	0	Inf	1	1
g01607	7	0	11	0	Inf	1	1
g01154	7	0	11	0	Inf	1	1
g00906	7	0	11	0	Inf	1	1
g01605	7	0	11	0	Inf	1	1
g01248	7	0	11	0	Inf	1	1
g03743	7	0	11	0	Inf	1	1
g02817	7	0	11	0	Inf	1	1
g03621	7	0	11	0	Inf	1	1
g04554	7	0	11	0	Inf	1	1
g01578	7	0	11	0	Inf	1	1
g02016	7	0	11	0	Inf	1	1
g02397	7	0	11	0	Inf	1	1
g03769	7	0	11	0	Inf	1	1
g02285	7	0	11	0	Inf	1	1
g02731	7	0	11	0	Inf	1	1
g03750	7	0	11	0	Inf	1	1
g00716	7	0	11	0	Inf	1	1
g04539	7	0	11	0	Inf	1	1
g04363	7	0	11	0	Inf	1	1
g01397	7	0	11	0	Inf	1	1
g03823	7	0	11	0	Inf	1	1
g02474	7	0	11	0	Inf	1	1
g04307	7	0	11	0	Inf	1	1
g01795	7	0	11	0	Inf	1	1
g00183	7	0	11	0	Inf	1	1
g01002	7	0	11	0	Inf	1	1
g03326	7	0	11	0	Inf	1	1
g02464	7	0	11	0	Inf	1	1
g00309	7	0	11	0	Inf	1	1
g00632	7	0	11	0	Inf	1	1
g01769	7	0	11	0	Inf	1	1
g02769	7	0	11	0	Inf	1	1
g00152	7	0	11	0	Inf	1	1
g02271	7	0	11	0	Inf	1	1
g02827	7	0	11	0	Inf	1	1
g00583	7	0	11	0	Inf	1	1
g01076	7	0	11	0	Inf	1	1
g00218	7	0	11	0	Inf	1	1
g03595	7	0	11	0	Inf	1	1
g01346	7	0	11	0	Inf	1	1
g02096	7	0	11	0	Inf	1	1
g02275	7	0	11	0	Inf	1	1
g02391	7	0	11	0	Inf	1	1
g01058	7	0	11	0	Inf	1	1
g04206	7	0	11	0	Inf	1	1
g01222	7	0	11	0	Inf	1	1
g01313	7	0	11	0	Inf	1	1
g02423	7	0	11	0	Inf	1	1
g03508	7	0	11	0	Inf	1	1
g01714	7	0	11	0	Inf	1	1
g02082	7	0	11	0	Inf	1	1
g01611	7	0	11	0	Inf	1	1
g01742	7	0	11	0	Inf	1	1
g01053	7	0	11	0	Inf	1	1
g02235	7	0	11	0	Inf	1	1
g00516	7	0	11	0	Inf	1	1
g00431	7	0	11	0	Inf	1	1
g02805	7	0	11	0	Inf	1	1
g02955	7	0	11	0	Inf	1	1
g03058	7	0	11	0	Inf	1	1
g00843	7	0	11	0	Inf	1	1
g03156	7	0	11	0	Inf	1	1
g00977	7	0	11	0	Inf	1	1
g01881	7	0	11	0	Inf	1	1
g02220	7	0	11	0	Inf	1	1
g00660	7	0	11	0	Inf	1	1
g01306	7	0	11	0	Inf	1	1
g00765	7	0	11	0	Inf	1	1
g01393	7	0	11	0	Inf	1	1
g03686	7	0	11	0	Inf	1	1
g00719	7	0	11	0	Inf	1	1
g01185	7	0	11	0	Inf	1	1
g02234	7	0	11	0	Inf	1	1
g04135	7	0	11	0	Inf	1	1
g02030	7	0	11	0	Inf	1	1
g02566	7	0	11	0	Inf	1	1
g00196	7	0	11	0	Inf	1	1
g00101	7	0	11	0	Inf	1	1
g00539	7	0	11	0	Inf	1	1
g00727	7	0	11	0	Inf	1	1
g00731	7	0	11	0	Inf	1	1
g01804	7	0	11	0	Inf	1	1
g01824	7	0	11	0	Inf	1	1
g01317	7	0	11	0	Inf	1	1
g04429	7	0	11	0	Inf	1	1
g02918	7	0	11	0	Inf	1	1
g04543	7	0	11	0	Inf	1	1
g01310	7	0	11	0	Inf	1	1
g01966	7	0	11	0	Inf	1	1
g02657	7	0	11	0	Inf	1	1
g03236	7	0	11	0	Inf	1	1
g03940	7	0	11	0	Inf	1	1
g00294	7	0	11	0	Inf	1	1
g01758	7	0	11	0	Inf	1	1
g00928	7	0	11	0	Inf	1	1
g04541	7	0	11	0	Inf	1	1
g02739	7	0	11	0	Inf	1	1
g02694	7	0	11	0	Inf	1	1
g03314	7	0	11	0	Inf	1	1
g03362	7	0	11	0	Inf	1	1
g03048	7	0	11	0	Inf	1	1
g01703	7	0	11	0	Inf	1	1
g01848	7	0	11	0	Inf	1	1
g02348	7	0	11	0	Inf	1	1
g04063	7	0	11	0	Inf	1	1
g01925	7	0	11	0	Inf	1	1
g03522	7	0	11	0	Inf	1	1
g01957	7	0	11	0	Inf	1	1
g02472	7	0	11	0	Inf	1	1
g02497	7	0	11	0	Inf	1	1
g01846	7	0	11	0	Inf	1	1
g04394	7	0	11	0	Inf	1	1
g02559	7	0	11	0	Inf	1	1
g01837	7	0	11	0	Inf	1	1
g01560	7	0	11	0	Inf	1	1
g00884	7	0	11	0	Inf	1	1
g02425	7	0	11	0	Inf	1	1
g00135	7	0	11	0	Inf	1	1
g00338	7	0	11	0	Inf	1	1
g00955	7	0	11	0	Inf	1	1
g00099	7	0	11	0	Inf	1	1
g00103	7	0	11	0	Inf	1	1
g00392	7	0	11	0	Inf	1	1
g00170	7	0	11	0	Inf	1	1
g00312	7	0	11	0	Inf	1	1
g00122	7	0	11	0	Inf	1	1
g00110	7	0	11	0	Inf	1	1
g00285	7	0	11	0	Inf	1	1
g00375	7	0	11	0	Inf	1	1
g00075	7	0	11	0	Inf	1	1
g00003	7	0	11	0	Inf	1	1
g00142	7	0	11	0	Inf	1	1
g00344	7	0	11	0	Inf	1	1
g00158	7	0	11	0	Inf	1	1
g01192	7	0	11	0	Inf	1	1
g01817	7	0	11	0	Inf	1	1
g00274	7	0	11	0	Inf	1	1
g00145	7	0	11	0	Inf	1	1
g01138	7	0	11	0	Inf	1	1
g00265	7	0	11	0	Inf	1	1
g00044	7	0	11	0	Inf	1	1
g00153	7	0	11	0	Inf	1	1
g00010	7	0	11	0	Inf	1	1
g00214	7	0	11	0	Inf	1	1
g00378	7	0	11	0	Inf	1	1
g01999	7	0	11	0	Inf	1	1
g01446	7	0	11	0	Inf	1	1
g03822	7	0	11	0	Inf	1	1
g03460	7	0	11	0	Inf	1	1
g01921	7	0	11	0	Inf	1	1
g03843	7	0	11	0	Inf	1	1
g02643	7	0	11	0	Inf	1	1
g01247	7	0	11	0	Inf	1	1
g00978	7	0	11	0	Inf	1	1
g00847	7	0	11	0	Inf	1	1
g00448	7	0	11	0	Inf	1	1
g02485	7	0	11	0	Inf	1	1
g01932	7	0	11	0	Inf	1	1
g01947	7	0	11	0	Inf	1	1
g00563	7	0	11	0	Inf	1	1
g03685	7	0	11	0	Inf	1	1
g03253	7	0	11	0	Inf	1	1
g03200	7	0	11	0	Inf	1	1
g02137	7	0	11	0	Inf	1	1
g02644	7	0	11	0	Inf	1	1
g03780	7	0	11	0	Inf	1	1
g00779	7	0	11	0	Inf	1	1
g01660	7	0	11	0	Inf	1	1
g02895	7	0	11	0	Inf	1	1
g01151	7	0	11	0	Inf	1	1
g00063	7	0	11	0	Inf	1	1
g00295	7	0	11	0	Inf	1	1
g01893	7	0	11	0	Inf	1	1
g03781	7	0	11	0	Inf	1	1
g02865	7	0	11	0	Inf	1	1
g02547	7	0	11	0	Inf	1	1
g03733	7	0	11	0	Inf	1	1
g01697	7	0	11	0	Inf	1	1
g00605	7	0	11	0	Inf	1	1
g01561	7	0	11	0	Inf	1	1
g00304	7	0	11	0	Inf	1	1
g01798	7	0	11	0	Inf	1	1
g03304	7	0	11	0	Inf	1	1
g02715	7	0	11	0	Inf	1	1
g01944	7	0	11	0	Inf	1	1
g00713	7	0	11	0	Inf	1	1
g03231	7	0	11	0	Inf	1	1
g03972	7	0	11	0	Inf	1	1
g03441	7	0	11	0	Inf	1	1
g01268	7	0	11	0	Inf	1	1
g02646	7	0	11	0	Inf	1	1
g02809	7	0	11	0	Inf	1	1
g00373	7	0	11	0	Inf	1	1
g01849	7	0	11	0	Inf	1	1
g01840	7	0	11	0	Inf	1	1
g03776	7	0	11	0	Inf	1	1
g02346	7	0	11	0	Inf	1	1
g04090	7	0	11	0	Inf	1	1
g02902	7	0	11	0	Inf	1	1
g01975	7	0	11	0	Inf	1	1
g02104	7	0	11	0	Inf	1	1
g02889	7	0	11	0	Inf	1	1
g03673	7	0	11	0	Inf	1	1
g01667	7	0	11	0	Inf	1	1
g01865	7	0	11	0	Inf	1	1
g02188	7	0	11	0	Inf	1	1
g00702	7	0	11	0	Inf	1	1
g04546	7	0	11	0	Inf	1	1
g01023	7	0	11	0	Inf	1	1
g01931	7	0	11	0	Inf	1	1
g03348	7	0	11	0	Inf	1	1
g00810	7	0	11	0	Inf	1	1
g00121	7	0	11	0	Inf	1	1
g00021	7	0	11	0	Inf	1	1
g00331	7	0	11	0	Inf	1	1
g01454	7	0	11	0	Inf	1	1
g00556	7	0	11	0	Inf	1	1
g03727	7	0	11	0	Inf	1	1
g01255	7	0	11	0	Inf	1	1
g02709	7	0	11	0	Inf	1	1
g01202	7	0	11	0	Inf	1	1
g02888	7	0	11	0	Inf	1	1
g00376	7	0	11	0	Inf	1	1
g00898	7	0	11	0	Inf	1	1
g03503	7	0	11	0	Inf	1	1
g02613	7	0	11	0	Inf	1	1
g02917	7	0	11	0	Inf	1	1
g04419	7	0	11	0	Inf	1	1
g03799	7	0	11	0	Inf	1	1
g04552	7	0	11	0	Inf	1	1
g02798	7	0	11	0	Inf	1	1
g02943	7	0	11	0	Inf	1	1
g02233	7	0	11	0	Inf	1	1
g04120	7	0	11	0	Inf	1	1
g02654	7	0	11	0	Inf	1	1
g01093	7	0	11	0	Inf	1	1
g02545	7	0	11	0	Inf	1	1
g01174	7	0	11	0	Inf	1	1
g04341	7	0	11	0	Inf	1	1
g00951	7	0	11	0	Inf	1	1
g03500	7	0	11	0	Inf	1	1
g00549	7	0	11	0	Inf	1	1
g03232	7	0	11	0	Inf	1	1
g02327	7	0	11	0	Inf	1	1
g02640	7	0	11	0	Inf	1	1
g00201	7	0	11	0	Inf	1	1
g03952	7	0	11	0	Inf	1	1
g02815	7	0	11	0	Inf	1	1
g00311	7	0	11	0	Inf	1	1
g00027	7	0	11	0	Inf	1	1
g00014	7	0	11	0	Inf	1	1
g00315	7	0	11	0	Inf	1	1
g04420	7	0	11	0	Inf	1	1
g00807	7	0	11	0	Inf	1	1
g02746	7	0	11	0	Inf	1	1
g02487	7	0	11	0	Inf	1	1
g02387	7	0	11	0	Inf	1	1
g00504	7	0	11	0	Inf	1	1
g03396	7	0	11	0	Inf	1	1
g04437	7	0	11	0	Inf	1	1
g03201	7	0	11	0	Inf	1	1
g03024	7	0	11	0	Inf	1	1
g01030	7	0	11	0	Inf	1	1
g01753	7	0	11	0	Inf	1	1
g02766	7	0	11	0	Inf	1	1
g04252	7	0	11	0	Inf	1	1
g02231	7	0	11	0	Inf	1	1
g01978	7	0	11	0	Inf	1	1
g01926	7	0	11	0	Inf	1	1
g00659	7	0	11	0	Inf	1	1
g00957	7	0	11	0	Inf	1	1
g03960	7	0	11	0	Inf	1	1
g03030	7	0	11	0	Inf	1	1
g03053	7	0	11	0	Inf	1	1
g04381	7	0	11	0	Inf	1	1
g01620	7	0	11	0	Inf	1	1
g03414	7	0	11	0	Inf	1	1
g03585	7	0	11	0	Inf	1	1
g02056	7	0	11	0	Inf	1	1
g02245	7	0	11	0	Inf	1	1
g02174	7	0	11	0	Inf	1	1
g03528	7	0	11	0	Inf	1	1
g03044	7	0	11	0	Inf	1	1
g03808	7	0	11	0	Inf	1	1
g02114	7	0	11	0	Inf	1	1
g02454	7	0	11	0	Inf	1	1
g02924	7	0	11	0	Inf	1	1
g03271	7	0	11	0	Inf	1	1
g03569	7	0	11	0	Inf	1	1
g02753	7	0	11	0	Inf	1	1
g01495	7	0	11	0	Inf	1	1
g02764	7	0	11	0	Inf	1	1
g02867	7	0	11	0	Inf	1	1
g03939	7	0	11	0	Inf	1	1
g00933	7	0	11	0	Inf	1	1
g01211	7	0	11	0	Inf	1	1
g02129	7	0	11	0	Inf	1	1
g02693	7	0	11	0	Inf	1	1
g00628	7	0	11	0	Inf	1	1
g01737	7	0	11	0	Inf	1	1
g00354	7	0	11	0	Inf	1	1
g00963	7	0	11	0	Inf	1	1
g01643	7	0	11	0	Inf	1	1
g04451	7	0	11	0	Inf	1	1
g02278	7	0	11	0	Inf	1	1
g02416	7	0	11	0	Inf	1	1
g02931	7	0	11	0	Inf	1	1
g02124	7	0	11	0	Inf	1	1
g00117	7	0	11	0	Inf	1	1
g01692	7	0	11	0	Inf	1	1
g02264	7	0	11	0	Inf	1	1
g03009	7	0	11	0	Inf	1	1
g01967	7	0	11	0	Inf	1	1
g04498	7	0	11	0	Inf	1	1
g02929	7	0	11	0	Inf	1	1
g03101	7	0	11	0	Inf	1	1
g02920	7	0	11	0	Inf	1	1
g03868	7	0	11	0	Inf	1	1
g02681	7	0	11	0	Inf	1	1
g03218	7	0	11	0	Inf	1	1
g02990	7	0	11	0	Inf	1	1
g00833	7	0	11	0	Inf	1	1
g04085	7	0	11	0	Inf	1	1
g02536	7	0	11	0	Inf	1	1
g02496	7	0	11	0	Inf	1	1
g01933	7	0	11	0	Inf	1	1
g00411	7	0	11	0	Inf	1	1
g02437	7	0	11	0	Inf	1	1
g01700	7	0	11	0	Inf	1	1
g01464	7	0	11	0	Inf	1	1
g02689	7	0	11	0	Inf	1	1
g02465	7	0	11	0	Inf	1	1
g01411	7	0	11	0	Inf	1	1
g01434	7	0	11	0	Inf	1	1
g02570	7	0	11	0	Inf	1	1
g01290	7	0	11	0	Inf	1	1
g03173	7	0	11	0	Inf	1	1
g04458	7	0	11	0	Inf	1	1
g01600	7	0	11	0	Inf	1	1
g01157	7	0	11	0	Inf	1	1
g02364	7	0	11	0	Inf	1	1
g02071	7	0	11	0	Inf	1	1
g00215	7	0	11	0	Inf	1	1
g00777	7	0	11	0	Inf	1	1
g03601	7	0	11	0	Inf	1	1
g00709	7	0	11	0	Inf	1	1
g01567	7	0	11	0	Inf	1	1
g01359	7	0	11	0	Inf	1	1
g03588	7	0	11	0	Inf	1	1
g03052	7	0	11	0	Inf	1	1
g02507	7	0	11	0	Inf	1	1
g01378	7	0	11	0	Inf	1	1
g02535	7	0	11	0	Inf	1	1
g00579	7	0	11	0	Inf	1	1
g01776	7	0	11	0	Inf	1	1
g01832	7	0	11	0	Inf	1	1
g02519	7	0	11	0	Inf	1	1
g02467	7	0	11	0	Inf	1	1
g02367	7	0	11	0	Inf	1	1
g03848	7	0	11	0	Inf	1	1
g01381	7	0	11	0	Inf	1	1
g01738	7	0	11	0	Inf	1	1
g01459	7	0	11	0	Inf	1	1
g01802	7	0	11	0	Inf	1	1
g00210	7	0	11	0	Inf	1	1
g00156	7	0	11	0	Inf	1	1
g02322	7	0	11	0	Inf	1	1
g03951	7	0	11	0	Inf	1	1
g00960	7	0	11	0	Inf	1	1
g01473	7	0	11	0	Inf	1	1
g00290	7	0	11	0	Inf	1	1
g01175	7	0	11	0	Inf	1	1
g00026	7	0	11	0	Inf	1	1
g00564	7	0	11	0	Inf	1	1
g01025	7	0	11	0	Inf	1	1
g03510	7	0	11	0	Inf	1	1
g00408	7	0	11	0	Inf	1	1
g00880	7	0	11	0	Inf	1	1
g04415	7	0	11	0	Inf	1	1
g01506	7	0	11	0	Inf	1	1
g01625	7	0	11	0	Inf	1	1
g01197	7	0	11	0	Inf	1	1
g00484	7	0	11	0	Inf	1	1
g00930	7	0	11	0	Inf	1	1
g02900	7	0	11	0	Inf	1	1
g01635	7	0	11	0	Inf	1	1
g01783	7	0	11	0	Inf	1	1
g00478	7	0	11	0	Inf	1	1
g02196	7	0	11	0	Inf	1	1
g00609	7	0	11	0	Inf	1	1
g00009	7	0	11	0	Inf	1	1
g00870	7	0	11	0	Inf	1	1
g00740	7	0	11	0	Inf	1	1
g02253	7	0	11	0	Inf	1	1
g01834	7	0	11	0	Inf	1	1
g04082	7	0	11	0	Inf	1	1
g00673	7	0	11	0	Inf	1	1
g02398	7	0	11	0	Inf	1	1
g00748	7	0	11	0	Inf	1	1
g01029	7	0	11	0	Inf	1	1
g02537	7	0	11	0	Inf	1	1
g01861	7	0	11	0	Inf	1	1
g02963	7	0	11	0	Inf	1	1
g02306	7	0	11	0	Inf	1	1
g03736	7	0	11	0	Inf	1	1
g00207	7	0	11	0	Inf	1	1
g03623	7	0	11	0	Inf	1	1
g00555	7	0	11	0	Inf	1	1
g01331	7	0	11	0	Inf	1	1
g00258	7	0	11	0	Inf	1	1
g01079	7	0	11	0	Inf	1	1
g03723	7	0	11	0	Inf	1	1
g00681	7	0	11	0	Inf	1	1
g00904	7	0	11	0	Inf	1	1
g00956	7	0	11	0	Inf	1	1
g04047	7	0	11	0	Inf	1	1
g00227	7	0	11	0	Inf	1	1
g00339	7	0	11	0	Inf	1	1
g00612	7	0	11	0	Inf	1	1
g00987	7	0	11	0	Inf	1	1
g02514	7	0	11	0	Inf	1	1
g07220	7	0	11	0	Inf	1	1
g00602	7	0	11	0	Inf	1	1
g00909	7	0	11	0	Inf	1	1
g02745	7	0	11	0	Inf	1	1
g02177	7	0	11	0	Inf	1	1
g00470	7	0	11	0	Inf	1	1
g01052	7	0	11	0	Inf	1	1
g00420	7	0	11	0	Inf	1	1
g00852	7	0	11	0	Inf	1	1
g00882	7	0	11	0	Inf	1	1
g00821	7	0	11	0	Inf	1	1
g02711	7	0	11	0	Inf	1	1
g01037	7	0	11	0	Inf	1	1
g01181	7	0	11	0	Inf	1	1
g00035	7	0	11	0	Inf	1	1
g02675	7	0	11	0	Inf	1	1
g01746	7	0	11	0	Inf	1	1
g00754	7	0	11	0	Inf	1	1
g01357	7	0	11	0	Inf	1	1
g00414	7	0	11	0	Inf	1	1
g02217	7	0	11	0	Inf	1	1
g03627	7	0	11	0	Inf	1	1
g00264	7	0	11	0	Inf	1	1
g02064	7	0	11	0	Inf	1	1
g01061	7	0	11	0	Inf	1	1
g00530	7	0	11	0	Inf	1	1
g00683	7	0	11	0	Inf	1	1
g00617	7	0	11	0	Inf	1	1
g01145	7	0	11	0	Inf	1	1
g01800	7	0	11	0	Inf	1	1
g00179	7	0	11	0	Inf	1	1
g00548	7	0	11	0	Inf	1	1
g00328	7	0	11	0	Inf	1	1
g01165	7	0	11	0	Inf	1	1
g00137	7	0	11	0	Inf	1	1
g01032	7	0	11	0	Inf	1	1
g01841	7	0	11	0	Inf	1	1
g02498	7	0	11	0	Inf	1	1
g01252	7	0	11	0	Inf	1	1
g00671	7	0	11	0	Inf	1	1
g00427	7	0	11	0	Inf	1	1
g00512	7	0	11	0	Inf	1	1
g01316	7	0	11	0	Inf	1	1
g02290	7	0	11	0	Inf	1	1
g03944	7	0	11	0	Inf	1	1
g03499	7	0	11	0	Inf	1	1
g02036	7	0	11	0	Inf	1	1
g02315	7	0	11	0	Inf	1	1
g04189	7	0	11	0	Inf	1	1
g04464	7	0	11	0	Inf	1	1
g00439	7	0	11	0	Inf	1	1
g00386	7	0	11	0	Inf	1	1
g00441	7	0	11	0	Inf	1	1
g00501	7	0	11	0	Inf	1	1
g00383	7	0	11	0	Inf	1	1
g00176	7	0	11	0	Inf	1	1
g01205	7	0	11	0	Inf	1	1
g01109	7	0	11	0	Inf	1	1
g00600	7	0	11	0	Inf	1	1
g00623	7	0	11	0	Inf	1	1
g01453	7	0	11	0	Inf	1	1
g02324	7	0	11	0	Inf	1	1
g01280	7	0	11	0	Inf	1	1
g04587	7	0	11	0	Inf	1	1
g01829	7	0	11	0	Inf	1	1
g01747	7	0	11	0	Inf	1	1
g03356	7	0	11	0	Inf	1	1
g03359	7	0	11	0	Inf	1	1
g02318	7	0	11	0	Inf	1	1
g04156	7	0	11	0	Inf	1	1
g00808	7	0	11	0	Inf	1	1
g02392	7	0	11	0	Inf	1	1
g03140	7	0	11	0	Inf	1	1
g01457	7	0	11	0	Inf	1	1
g03557	7	0	11	0	Inf	1	1
g01187	7	0	11	0	Inf	1	1
g02544	7	0	11	0	Inf	1	1
g02540	7	0	11	0	Inf	1	1
g02581	7	0	11	0	Inf	1	1
g03668	7	0	11	0	Inf	1	1
g01166	7	0	11	0	Inf	1	1
g00051	7	0	11	0	Inf	1	1
g00644	7	0	11	0	Inf	1	1
g00744	7	0	11	0	Inf	1	1
g00560	7	0	11	0	Inf	1	1
g00422	7	0	11	0	Inf	1	1
g00317	7	0	11	0	Inf	1	1
g00804	7	0	11	0	Inf	1	1
g02436	7	0	11	0	Inf	1	1
g02466	7	0	11	0	Inf	1	1
g00842	7	0	11	0	Inf	1	1
g02475	7	0	11	0	Inf	1	1
g02977	7	0	11	0	Inf	1	1
g01891	7	0	11	0	Inf	1	1
g01799	7	0	11	0	Inf	1	1
g01971	7	0	11	0	Inf	1	1
g03996	7	0	11	0	Inf	1	1
g02636	7	0	11	0	Inf	1	1
g03925	7	0	11	0	Inf	1	1
g03301	7	0	11	0	Inf	1	1
g02070	7	0	11	0	Inf	1	1
g01358	7	0	11	0	Inf	1	1
g00154	7	0	11	0	Inf	1	1
g01480	7	0	11	0	Inf	1	1
g02792	7	0	11	0	Inf	1	1
g04386	7	0	11	0	Inf	1	1
g01118	7	0	11	0	Inf	1	1
g03208	7	0	11	0	Inf	1	1
g03874	7	0	11	0	Inf	1	1
g03150	7	0	11	0	Inf	1	1
g02774	7	0	11	0	Inf	1	1
g03620	7	0	11	0	Inf	1	1
g02880	7	0	11	0	Inf	1	1
g03471	7	0	11	0	Inf	1	1
g03100	7	0	11	0	Inf	1	1
g03293	7	0	11	0	Inf	1	1
g00630	7	0	11	0	Inf	1	1
g02824	7	0	11	0	Inf	1	1
g02704	7	0	11	0	Inf	1	1
g01587	7	0	11	0	Inf	1	1
g03765	7	0	11	0	Inf	1	1
g00606	7	0	11	0	Inf	1	1
g01186	7	0	11	0	Inf	1	1
g00297	7	0	11	0	Inf	1	1
g02504	7	0	11	0	Inf	1	1
g02617	7	0	11	0	Inf	1	1
g01752	7	0	11	0	Inf	1	1
g02050	7	0	11	0	Inf	1	1
g02300	7	0	11	0	Inf	1	1
g02820	7	0	11	0	Inf	1	1
g00817	7	0	11	0	Inf	1	1
g00580	7	0	11	0	Inf	1	1
g00947	7	0	11	0	Inf	1	1
g01311	7	0	11	0	Inf	1	1
g00813	7	0	11	0	Inf	1	1
g02479	7	0	11	0	Inf	1	1
g01592	7	0	11	0	Inf	1	1
g00736	7	0	11	0	Inf	1	1
g00599	7	0	11	0	Inf	1	1
g00689	7	0	11	0	Inf	1	1
g01606	7	0	11	0	Inf	1	1
g04323	7	0	11	0	Inf	1	1
g00706	7	0	11	0	Inf	1	1
g02658	7	0	11	0	Inf	1	1
g00981	7	0	11	0	Inf	1	1
g02238	7	0	11	0	Inf	1	1
g02292	7	0	11	0	Inf	1	1
g00614	7	0	11	0	Inf	1	1
g00355	7	0	11	0	Inf	1	1
g00466	7	0	11	0	Inf	1	1
g01098	7	0	11	0	Inf	1	1
g00865	7	0	11	0	Inf	1	1
g04051	7	0	11	0	Inf	1	1
g00238	7	0	11	0	Inf	1	1
g03244	7	0	11	0	Inf	1	1
g01681	7	0	11	0	Inf	1	1
g00714	7	0	11	0	Inf	1	1
g00676	7	0	11	0	Inf	1	1
g00097	7	0	11	0	Inf	1	1
g00307	7	0	11	0	Inf	1	1
g00319	7	0	11	0	Inf	1	1
g01523	7	0	11	0	Inf	1	1
g02577	7	0	11	0	Inf	1	1
g01217	7	0	11	0	Inf	1	1
g05590	7	0	11	0	Inf	1	1
g00552	7	0	11	0	Inf	1	1
g00471	7	0	11	0	Inf	1	1
g00476	7	0	11	0	Inf	1	1
g03831	7	0	11	0	Inf	1	1
g01696	7	0	11	0	Inf	1	1
g01823	7	0	11	0	Inf	1	1
g02212	7	0	11	0	Inf	1	1
g04236	7	0	11	0	Inf	1	1
g00641	7	0	11	0	Inf	1	1
g02267	7	0	11	0	Inf	1	1
g00860	7	0	11	0	Inf	1	1
g00950	7	0	11	0	Inf	1	1
g01131	7	0	11	0	Inf	1	1
g00278	7	0	11	0	Inf	1	1
g00336	7	0	11	0	Inf	1	1
g00239	7	0	11	0	Inf	1	1
g03745	7	0	11	0	Inf	1	1
g02296	7	0	11	0	Inf	1	1
g02974	7	0	11	0	Inf	1	1
g02521	7	0	11	0	Inf	1	1
g02490	7	0	11	0	Inf	1	1
g01124	7	0	11	0	Inf	1	1
g01819	7	0	11	0	Inf	1	1
g02284	7	0	11	0	Inf	1	1
g01772	7	0	11	0	Inf	1	1
g00149	7	0	11	0	Inf	1	1
g02088	7	0	11	0	Inf	1	1
g01918	7	0	11	0	Inf	1	1
g00834	7	0	11	0	Inf	1	1
g02517	7	0	11	0	Inf	1	1
g04128	7	0	11	0	Inf	1	1
g00910	7	0	11	0	Inf	1	1
g01710	7	0	11	0	Inf	1	1
g02190	7	0	11	0	Inf	1	1
g02435	7	0	11	0	Inf	1	1
g01275	7	0	11	0	Inf	1	1
g01173	7	0	11	0	Inf	1	1
g01939	7	0	11	0	Inf	1	1
g01188	7	0	11	0	Inf	1	1
g01955	7	0	11	0	Inf	1	1
g02372	7	0	11	0	Inf	1	1
g02321	7	0	11	0	Inf	1	1
g02854	7	0	11	0	Inf	1	1
g03698	7	0	11	0	Inf	1	1
g00969	7	0	11	0	Inf	1	1
g01388	7	0	11	0	Inf	1	1
g00832	7	0	11	0	Inf	1	1
g03003	7	0	11	0	Inf	1	1
g00419	7	0	11	0	Inf	1	1
g00081	7	0	11	0	Inf	1	1
g01579	7	0	11	0	Inf	1	1
g02987	7	0	11	0	Inf	1	1
g03904	7	0	11	0	Inf	1	1
g00986	7	0	11	0	Inf	1	1
g00914	7	0	11	0	Inf	1	1
g00535	7	0	11	0	Inf	1	1
g00106	7	0	11	0	Inf	1	1
g03994	7	0	11	0	Inf	1	1
g02555	7	0	11	0	Inf	1	1
g02510	7	0	11	0	Inf	1	1
g00033	7	0	11	0	Inf	1	1
g02762	7	0	11	0	Inf	1	1
g01418	7	0	11	0	Inf	1	1
g01780	7	0	11	0	Inf	1	1
g04030	7	0	11	0	Inf	1	1
g01671	7	0	11	0	Inf	1	1
g00310	7	0	11	0	Inf	1	1
g04146	7	0	11	0	Inf	1	1
g00382	7	0	11	0	Inf	1	1
g03943	7	0	11	0	Inf	1	1
g01719	7	0	11	0	Inf	1	1
g03047	7	0	11	0	Inf	1	1
g04006	7	0	11	0	Inf	1	1
g04101	7	0	11	0	Inf	1	1
g01996	7	0	11	0	Inf	1	1
g04056	7	0	11	0	Inf	1	1
g02878	7	0	11	0	Inf	1	1
g01995	7	0	11	0	Inf	1	1
g01261	7	0	11	0	Inf	1	1
g02033	7	0	11	0	Inf	1	1
g00139	7	0	11	0	Inf	1	1
g01775	7	0	11	0	Inf	1	1
g04438	7	0	11	0	Inf	1	1
g03545	7	0	11	0	Inf	1	1
g00635	7	0	11	0	Inf	1	1
g01256	7	0	11	0	Inf	1	1
g01764	7	0	11	0	Inf	1	1
g03865	7	0	11	0	Inf	1	1
g02564	7	0	11	0	Inf	1	1
g02445	7	0	11	0	Inf	1	1
g03158	7	0	11	0	Inf	1	1
g04400	7	0	11	0	Inf	1	1
g01588	7	0	11	0	Inf	1	1
g02712	7	0	11	0	Inf	1	1
g02144	7	0	11	0	Inf	1	1
g02252	7	0	11	0	Inf	1	1
g02360	7	0	11	0	Inf	1	1
g02509	7	0	11	0	Inf	1	1
g02429	7	0	11	0	Inf	1	1
g02836	7	0	11	0	Inf	1	1
g02019	7	0	11	0	Inf	1	1
g00968	7	0	11	0	Inf	1	1
g02268	7	0	11	0	Inf	1	1
g02661	7	0	11	0	Inf	1	1
g04503	7	0	11	0	Inf	1	1
g04529	7	0	11	0	Inf	1	1
g00729	7	0	11	0	Inf	1	1
g02407	7	0	11	0	Inf	1	1
g01670	7	0	11	0	Inf	1	1
g01589	7	0	11	0	Inf	1	1
g02710	7	0	11	0	Inf	1	1
g01127	7	0	11	0	Inf	1	1
g00724	7	0	11	0	Inf	1	1
g02841	7	0	11	0	Inf	1	1
g01086	7	0	11	0	Inf	1	1
g02244	7	0	11	0	Inf	1	1
g03254	7	0	11	0	Inf	1	1
g03270	7	0	11	0	Inf	1	1
g03832	7	0	11	0	Inf	1	1
g02944	7	0	11	0	Inf	1	1
g00353	7	0	11	0	Inf	1	1
g02568	7	0	11	0	Inf	1	1
g01619	7	0	11	0	Inf	1	1
g04013	7	0	11	0	Inf	1	1
g01451	7	0	11	0	Inf	1	1
g02051	7	0	11	0	Inf	1	1
g04303	7	0	11	0	Inf	1	1
g01281	7	0	11	0	Inf	1	1
g03332	7	0	11	0	Inf	1	1
g01984	7	0	11	0	Inf	1	1
g02852	7	0	11	0	Inf	1	1
g04286	7	0	11	0	Inf	1	1
g02520	7	0	11	0	Inf	1	1
g04322	7	0	11	0	Inf	1	1
g01981	7	0	11	0	Inf	1	1
g02737	7	0	11	0	Inf	1	1
g00440	7	0	11	0	Inf	1	1
g00656	7	0	11	0	Inf	1	1
g02967	7	0	11	0	Inf	1	1
g00243	7	0	11	0	Inf	1	1
g01878	7	0	11	0	Inf	1	1
g03551	7	0	11	0	Inf	1	1
g00922	7	0	11	0	Inf	1	1
g02856	7	0	11	0	Inf	1	1
g00380	7	0	11	0	Inf	1	1
g02038	7	0	11	0	Inf	1	1
g00430	7	0	11	0	Inf	1	1
g01327	7	0	11	0	Inf	1	1
g00234	7	0	11	0	Inf	1	1
g01156	7	0	11	0	Inf	1	1
g02898	7	0	11	0	Inf	1	1
g03008	7	0	11	0	Inf	1	1
g03111	7	0	11	0	Inf	1	1
g02468	7	0	11	0	Inf	1	1
g01822	7	0	11	0	Inf	1	1
g03696	7	0	11	0	Inf	1	1
g01226	7	0	11	0	Inf	1	1
g00032	7	0	11	0	Inf	1	1
g02503	7	0	11	0	Inf	1	1
g02631	7	0	11	0	Inf	1	1
g02725	7	0	11	0	Inf	1	1
g02656	7	0	11	0	Inf	1	1
g03343	7	0	11	0	Inf	1	1
g00902	7	0	11	0	Inf	1	1
g00469	7	0	11	0	Inf	1	1
g00460	7	0	11	0	Inf	1	1
g01396	7	0	11	0	Inf	1	1
g03459	7	0	11	0	Inf	1	1
g01615	7	0	11	0	Inf	1	1
g01504	7	0	11	0	Inf	1	1
g01123	7	0	11	0	Inf	1	1
g02128	7	0	11	0	Inf	1	1
g03596	7	0	11	0	Inf	1	1
g01334	7	0	11	0	Inf	1	1
g01962	7	0	11	0	Inf	1	1
g04352	7	0	11	0	Inf	1	1
g00827	7	0	11	0	Inf	1	1
g00296	7	0	11	0	Inf	1	1
g00114	7	0	11	0	Inf	1	1
g00186	7	0	11	0	Inf	1	1
g02062	7	0	11	0	Inf	1	1
g00633	7	0	11	0	Inf	1	1
g00607	7	0	11	0	Inf	1	1
g01549	7	0	11	0	Inf	1	1
g04454	7	0	11	0	Inf	1	1
g02623	7	0	11	0	Inf	1	1
g04293	7	0	11	0	Inf	1	1
g00932	7	0	11	0	Inf	1	1
g02201	7	0	11	0	Inf	1	1
g00395	7	0	11	0	Inf	1	1
g01684	7	0	11	0	Inf	1	1
g00424	7	0	11	0	Inf	1	1
g02848	7	0	11	0	Inf	1	1
g02484	7	0	11	0	Inf	1	1
g01490	7	0	11	0	Inf	1	1
g00057	7	0	11	0	Inf	1	1
g01395	7	0	11	0	Inf	1	1
g00473	7	0	11	0	Inf	1	1
g02192	7	0	11	0	Inf	1	1
g02550	7	0	11	0	Inf	1	1
g03667	7	0	11	0	Inf	1	1
g03878	7	0	11	0	Inf	1	1
g02154	7	0	11	0	Inf	1	1
g02448	7	0	11	0	Inf	1	1
g01610	7	0	11	0	Inf	1	1
g02336	7	0	11	0	Inf	1	1
g04468	7	0	11	0	Inf	1	1
g02200	7	0	11	0	Inf	1	1
g03836	7	0	11	0	Inf	1	1
g00533	7	0	11	0	Inf	1	1
g02380	7	0	11	0	Inf	1	1
g03564	7	0	11	0	Inf	1	1
g01913	7	0	11	0	Inf	1	1
g04432	7	0	11	0	Inf	1	1
g01897	7	0	11	0	Inf	1	1
g00349	7	0	11	0	Inf	1	1
g00837	7	0	11	0	Inf	1	1
g01172	7	0	11	0	Inf	1	1
g00055	7	0	11	0	Inf	1	1
g00699	7	0	11	0	Inf	1	1
g02665	7	0	11	0	Inf	1	1
g01477	7	0	11	0	Inf	1	1
g00626	7	0	11	0	Inf	1	1
g01440	7	0	11	0	Inf	1	1
g01301	7	0	11	0	Inf	1	1
g00337	7	0	11	0	Inf	1	1
g00249	7	0	11	0	Inf	1	1
g02501	7	0	11	0	Inf	1	1
g03680	7	0	11	0	Inf	1	1
g00225	7	0	11	0	Inf	1	1
g00076	7	0	11	0	Inf	1	1
g01452	7	0	11	0	Inf	1	1
g00237	7	0	11	0	Inf	1	1
g02187	7	0	11	0	Inf	1	1
g01969	7	0	11	0	Inf	1	1
g01200	7	0	11	0	Inf	1	1
g00499	7	0	11	0	Inf	1	1
g00019	7	0	11	0	Inf	1	1
g00711	7	0	11	0	Inf	1	1
g00869	7	0	11	0	Inf	1	1
g00054	7	0	11	0	Inf	1	1
g00407	7	0	11	0	Inf	1	1
g01948	7	0	11	0	Inf	1	1
g00678	7	0	11	0	Inf	1	1
g00190	7	0	11	0	Inf	1	1
g00092	7	0	11	0	Inf	1	1
g02072	7	0	11	0	Inf	1	1
g00467	7	0	11	0	Inf	1	1
g00284	7	0	11	0	Inf	1	1
g02698	7	0	11	0	Inf	1	1
g00649	7	0	11	0	Inf	1	1
g00209	7	0	11	0	Inf	1	1
g00642	7	0	11	0	Inf	1	1
g02830	7	0	11	0	Inf	1	1
g01492	7	0	11	0	Inf	1	1
g02125	7	0	11	0	Inf	1	1
g01365	7	0	11	0	Inf	1	1
g01436	7	0	11	0	Inf	1	1
g01766	7	0	11	0	Inf	1	1
g03635	7	0	11	0	Inf	1	1
g04166	7	0	11	0	Inf	1	1
g03587	7	0	11	0	Inf	1	1
g00205	7	0	11	0	Inf	1	1
g00523	7	0	11	0	Inf	1	1
g09185	7	0	11	0	Inf	1	1
g02303	7	0	11	0	Inf	1	1
g01694	7	0	11	0	Inf	1	1
g02456	7	0	11	0	Inf	1	1
g00520	7	0	11	0	Inf	1	1
g02420	7	0	11	0	Inf	1	1
g04392	7	0	11	0	Inf	1	1
g01489	7	0	11	0	Inf	1	1
g02785	7	0	11	0	Inf	1	1
g04398	7	0	11	0	Inf	1	1
g01235	7	0	11	0	Inf	1	1
g02308	7	0	11	0	Inf	1	1
g04302	7	0	11	0	Inf	1	1
g03291	7	0	11	0	Inf	1	1
g02728	7	0	11	0	Inf	1	1
g03334	7	0	11	0	Inf	1	1
g04589	7	0	11	0	Inf	1	1
g03027	7	0	11	0	Inf	1	1
g01091	7	0	11	0	Inf	1	1
g01090	7	0	11	0	Inf	1	1
g02408	7	0	11	0	Inf	1	1
g01874	7	0	11	0	Inf	1	1
g02625	7	0	11	0	Inf	1	1
g01482	7	0	11	0	Inf	1	1
g00848	7	0	11	0	Inf	1	1
g03715	7	0	11	0	Inf	1	1
g01632	7	0	11	0	Inf	1	1
g02645	7	0	11	0	Inf	1	1
g04240	7	0	11	0	Inf	1	1
g03382	7	0	11	0	Inf	1	1
g02632	7	0	11	0	Inf	1	1
g02548	7	0	11	0	Inf	1	1
g02791	7	0	11	0	Inf	1	1
g01227	7	0	11	0	Inf	1	1
g01204	7	0	11	0	Inf	1	1
g04087	7	0	11	0	Inf	1	1
g00878	7	0	11	0	Inf	1	1
g02588	7	0	11	0	Inf	1	1
g01241	7	0	11	0	Inf	1	1
g01942	7	0	11	0	Inf	1	1
g03563	7	0	11	0	Inf	1	1
g02586	7	0	11	0	Inf	1	1
g03498	7	0	11	0	Inf	1	1
g02078	7	0	11	0	Inf	1	1
g03005	7	0	11	0	Inf	1	1
g03709	7	0	11	0	Inf	1	1
g03011	7	0	11	0	Inf	1	1
g01900	7	0	11	0	Inf	1	1
g02288	7	0	11	0	Inf	1	1
g00796	7	0	11	0	Inf	1	1
g02542	7	0	11	0	Inf	1	1
g00812	7	0	11	0	Inf	1	1
g03806	7	0	11	0	Inf	1	1
g02004	7	0	11	0	Inf	1	1
g00737	7	0	11	0	Inf	1	1
g01176	7	0	11	0	Inf	1	1
g01325	7	0	11	0	Inf	1	1
g01322	7	0	11	0	Inf	1	1
g01344	7	0	11	0	Inf	1	1
g05983	7	0	11	0	Inf	1	1
g01693	7	0	11	0	Inf	1	1
g02840	7	0	11	0	Inf	1	1
g02966	7	0	11	0	Inf	1	1
g02402	7	0	11	0	Inf	1	1
g02885	7	0	11	0	Inf	1	1
g00229	7	0	11	0	Inf	1	1
g00308	7	0	11	0	Inf	1	1
g00876	7	0	11	0	Inf	1	1
g01887	7	0	11	0	Inf	1	1
g02145	7	0	11	0	Inf	1	1
g03706	7	0	11	0	Inf	1	1
g03010	7	0	11	0	Inf	1	1
g04361	7	0	11	0	Inf	1	1
g02105	7	0	11	0	Inf	1	1
g01882	7	0	11	0	Inf	1	1
g01502	7	0	11	0	Inf	1	1
g02488	7	0	11	0	Inf	1	1
g02887	7	0	11	0	Inf	1	1
g03753	7	0	11	0	Inf	1	1
g03774	7	0	11	0	Inf	1	1
g02562	7	0	11	0	Inf	1	1
g02282	7	0	11	0	Inf	1	1
g00805	7	0	11	0	Inf	1	1
g00510	7	0	11	0	Inf	1	1
g02975	7	0	11	0	Inf	1	1
g02933	7	0	11	0	Inf	1	1
g02743	7	0	11	0	Inf	1	1
g01537	7	0	11	0	Inf	1	1
g01554	7	0	11	0	Inf	1	1
g03622	7	0	11	0	Inf	1	1
g03739	7	0	11	0	Inf	1	1
g00446	7	0	11	0	Inf	1	1
g01385	7	0	11	0	Inf	1	1
g02211	7	0	11	0	Inf	1	1
g01992	7	0	11	0	Inf	1	1
g03738	7	0	11	0	Inf	1	1
g02859	7	0	11	0	Inf	1	1
g03597	7	0	11	0	Inf	1	1
g02167	7	0	11	0	Inf	1	1
g02057	7	0	11	0	Inf	1	1
g04461	7	0	11	0	Inf	1	1
g00409	7	0	11	0	Inf	1	1
g01791	7	0	11	0	Inf	1	1
g02011	7	0	11	0	Inf	1	1
g01509	7	0	11	0	Inf	1	1
g02954	7	0	11	0	Inf	1	1
g01779	7	0	11	0	Inf	1	1
g01068	7	0	11	0	Inf	1	1
g03527	7	0	11	0	Inf	1	1
g03495	7	0	11	0	Inf	1	1
g03328	7	0	11	0	Inf	1	1
g02493	7	0	11	0	Inf	1	1
g02024	7	0	11	0	Inf	1	1
g02422	7	0	11	0	Inf	1	1
g03337	7	0	11	0	Inf	1	1
g04441	7	0	11	0	Inf	1	1
g04519	7	0	11	0	Inf	1	1
g01461	7	0	11	0	Inf	1	1
g04277	7	0	11	0	Inf	1	1
g02240	7	0	11	0	Inf	1	1
g00486	7	0	11	0	Inf	1	1
g00381	7	0	11	0	Inf	1	1
g01491	7	0	11	0	Inf	1	1
g02092	7	0	11	0	Inf	1	1
g01876	7	0	11	0	Inf	1	1
g01067	7	0	11	0	Inf	1	1
g04080	7	0	11	0	Inf	1	1
g02692	7	0	11	0	Inf	1	1
g02546	7	0	11	0	Inf	1	1
g04059	7	0	11	0	Inf	1	1
g01787	7	0	11	0	Inf	1	1
g01433	7	0	11	0	Inf	1	1
g00132	7	0	11	0	Inf	1	1
g01899	7	0	11	0	Inf	1	1
g02370	7	0	11	0	Inf	1	1
g01298	7	0	11	0	Inf	1	1
g00276	7	0	11	0	Inf	1	1
g01164	7	0	11	0	Inf	1	1
g00150	7	0	11	0	Inf	1	1
g00890	7	0	11	0	Inf	1	1
g00001	7	0	11	0	Inf	1	1
g02970	7	0	11	0	Inf	1	1
g02679	7	0	11	0	Inf	1	1
g00531	7	0	11	0	Inf	1	1
g01120	7	0	11	0	Inf	1	1
g00442	7	0	11	0	Inf	1	1
g00571	7	0	11	0	Inf	1	1
g01379	7	0	11	0	Inf	1	1
g00418	7	0	11	0	Inf	1	1
g03718	7	0	11	0	Inf	1	1
g03575	7	0	11	0	Inf	1	1
g01239	7	0	11	0	Inf	1	1
g01420	7	0	11	0	Inf	1	1
g02189	7	0	11	0	Inf	1	1
g00104	7	0	11	0	Inf	1	1
g00850	7	0	11	0	Inf	1	1
g02823	7	0	11	0	Inf	1	1
g03791	7	0	11	0	Inf	1	1
g01431	7	0	11	0	Inf	1	1
g03006	7	0	11	0	Inf	1	1
g02359	7	0	11	0	Inf	1	1
g01179	7	0	11	0	Inf	1	1
g02561	7	0	11	0	Inf	1	1
g01264	7	0	11	0	Inf	1	1
g04282	7	0	11	0	Inf	1	1
g00786	7	0	11	0	Inf	1	1
g00487	7	0	11	0	Inf	1	1
g00942	7	0	11	0	Inf	1	1
g02293	7	0	11	0	Inf	1	1
g02801	7	0	11	0	Inf	1	1
g00287	7	0	11	0	Inf	1	1
g01203	7	0	11	0	Inf	1	1
g04477	7	0	11	0	Inf	1	1
g02938	7	0	11	0	Inf	1	1
g03209	7	0	11	0	Inf	1	1
g04031	7	0	11	0	Inf	1	1
g01634	7	0	11	0	Inf	1	1
g04465	7	0	11	0	Inf	1	1
g00662	7	0	11	0	Inf	1	1
g01107	7	0	11	0	Inf	1	1
g01236	7	0	11	0	Inf	1	1
g01282	7	0	11	0	Inf	1	1
g00147	7	0	11	0	Inf	1	1
g02059	7	0	11	0	Inf	1	1
g01723	7	0	11	0	Inf	1	1
g02396	7	0	11	0	Inf	1	1
g03132	7	0	11	0	Inf	1	1
g01259	7	0	11	0	Inf	1	1
g02980	7	0	11	0	Inf	1	1
g04559	7	0	11	0	Inf	1	1
g01682	7	0	11	0	Inf	1	1
g02845	7	0	11	0	Inf	1	1
g02328	7	0	11	0	Inf	1	1
g01150	7	0	11	0	Inf	1	1
g02170	7	0	11	0	Inf	1	1
g00316	7	0	11	0	Inf	1	1
g01475	7	0	11	0	Inf	1	1
g00452	7	0	11	0	Inf	1	1
g01851	7	0	11	0	Inf	1	1
g01302	7	0	11	0	Inf	1	1
g01103	7	0	11	0	Inf	1	1
g01576	7	0	11	0	Inf	1	1
g02323	7	0	11	0	Inf	1	1
g04073	7	0	11	0	Inf	1	1
g04039	7	0	11	0	Inf	1	1
g00913	7	0	11	0	Inf	1	1
g00483	7	0	11	0	Inf	1	1
g01064	7	0	11	0	Inf	1	1
g01332	7	0	11	0	Inf	1	1
g00757	7	0	11	0	Inf	1	1
g01936	7	0	11	0	Inf	1	1
g01754	7	0	11	0	Inf	1	1
g02258	7	0	11	0	Inf	1	1
g01406	7	0	11	0	Inf	1	1
g00701	7	0	11	0	Inf	1	1
g00685	7	0	11	0	Inf	1	1
g01559	7	0	11	0	Inf	1	1
g00854	7	0	11	0	Inf	1	1
g01444	7	0	11	0	Inf	1	1
g01219	7	0	11	0	Inf	1	1
g01517	7	0	11	0	Inf	1	1
g01513	7	0	11	0	Inf	1	1
g02134	7	0	11	0	Inf	1	1
g01260	7	0	11	0	Inf	1	1
g01990	7	0	11	0	Inf	1	1
g01060	7	0	11	0	Inf	1	1
g01577	7	0	11	0	Inf	1	1
g01108	7	0	11	0	Inf	1	1
g01042	7	0	11	0	Inf	1	1
g04153	7	0	11	0	Inf	1	1
g00622	7	0	11	0	Inf	1	1
g04256	7	0	11	0	Inf	1	1
g01351	7	0	11	0	Inf	1	1
g02543	7	0	11	0	Inf	1	1
g02228	7	0	11	0	Inf	1	1
g02095	7	0	11	0	Inf	1	1
g01462	7	0	11	0	Inf	1	1
g02960	7	0	11	0	Inf	1	1
g02858	7	0	11	0	Inf	1	1
g01902	7	0	11	0	Inf	1	1
g00363	7	0	11	0	Inf	1	1
g04171	7	0	11	0	Inf	1	1
g02874	7	0	11	0	Inf	1	1
g03532	7	0	11	0	Inf	1	1
g01132	7	0	11	0	Inf	1	1
g00871	7	0	11	0	Inf	1	1
g02621	7	0	11	0	Inf	1	1
g02940	7	0	11	0	Inf	1	1
g04337	7	0	11	0	Inf	1	1
g01521	7	0	11	0	Inf	1	1
g02522	7	0	11	0	Inf	1	1
g01894	7	0	11	0	Inf	1	1
g02732	7	0	11	0	Inf	1	1
g02666	7	0	11	0	Inf	1	1
g02911	7	0	11	0	Inf	1	1
g02981	7	0	11	0	Inf	1	1
g00629	7	0	11	0	Inf	1	1
g00670	7	0	11	0	Inf	1	1
g03307	7	0	11	0	Inf	1	1
g03861	7	0	11	0	Inf	1	1
g00181	7	0	11	0	Inf	1	1
g00972	7	0	11	0	Inf	1	1
g01213	7	0	11	0	Inf	1	1
g01038	7	0	11	0	Inf	1	1
g00212	7	0	11	0	Inf	1	1
g01366	7	0	11	0	Inf	1	1
g00374	7	0	11	0	Inf	1	1
g00723	7	0	11	0	Inf	1	1
g01323	7	0	11	0	Inf	1	1
g03907	7	0	11	0	Inf	1	1
g01880	7	0	11	0	Inf	1	1
g00798	7	0	11	0	Inf	1	1
g00058	7	0	11	0	Inf	1	1
g03656	7	0	11	0	Inf	1	1
g01816	7	0	11	0	Inf	1	1
g01911	7	0	11	0	Inf	1	1
g01085	7	0	11	0	Inf	1	1
g00966	7	0	11	0	Inf	1	1
g01857	7	0	11	0	Inf	1	1
g03988	7	0	11	0	Inf	1	1
g03815	7	0	11	0	Inf	1	1
g08570	7	0	11	0	Inf	1	1
g01337	7	0	11	0	Inf	1	1
g00657	7	0	11	0	Inf	1	1
g01908	7	0	11	0	Inf	1	1
g01262	7	0	11	0	Inf	1	1
g00277	7	0	11	0	Inf	1	1
g00273	7	0	11	0	Inf	1	1
g01725	7	0	11	0	Inf	1	1
g01649	7	0	11	0	Inf	1	1
g00586	7	0	11	0	Inf	1	1
g00785	7	0	11	0	Inf	1	1
g00146	7	0	11	0	Inf	1	1
g03294	7	0	11	0	Inf	1	1
g01245	7	0	11	0	Inf	1	1
g00625	7	0	11	0	Inf	1	1
g01326	7	0	11	0	Inf	1	1
g01661	7	0	11	0	Inf	1	1
g04459	7	0	11	0	Inf	1	1
g03243	7	0	11	0	Inf	1	1
g00335	7	0	11	0	Inf	1	1
g02430	7	0	11	0	Inf	1	1
g01084	7	0	11	0	Inf	1	1
g02871	7	0	11	0	Inf	1	1
g02298	7	0	11	0	Inf	1	1
g01652	7	0	11	0	Inf	1	1
g01143	7	0	11	0	Inf	1	1
g02052	7	0	11	0	Inf	1	1
g02775	7	0	11	0	Inf	1	1
g00696	7	0	11	0	Inf	1	1
g00262	7	0	11	0	Inf	1	1
g00525	7	0	11	0	Inf	1	1
g00693	7	0	11	0	Inf	1	1
g04525	7	0	11	0	Inf	1	1
g01405	7	0	11	0	Inf	1	1
g00160	7	0	11	0	Inf	1	1
g00949	7	0	11	0	Inf	1	1
g00522	7	0	11	0	Inf	1	1
g03071	7	0	11	0	Inf	1	1
g00988	7	0	11	0	Inf	1	1
g02269	7	0	11	0	Inf	1	1
g00507	7	0	11	0	Inf	1	1
g01286	7	0	11	0	Inf	1	1
g03871	7	0	11	0	Inf	1	1
g00574	7	0	11	0	Inf	1	1
g00793	7	0	11	0	Inf	1	1
g02690	7	0	11	0	Inf	1	1
g00509	7	0	11	0	Inf	1	1
g00728	7	0	11	0	Inf	1	1
g00482	7	0	11	0	Inf	1	1
g00475	7	0	11	0	Inf	1	1
g01563	7	0	11	0	Inf	1	1
g02009	7	0	11	0	Inf	1	1
g02563	7	0	11	0	Inf	1	1
g01308	7	0	11	0	Inf	1	1
g00946	7	0	11	0	Inf	1	1
g00073	7	0	11	0	Inf	1	1
g00588	7	0	11	0	Inf	1	1
g00428	7	0	11	0	Inf	1	1
g03278	7	0	11	0	Inf	1	1
g03261	7	0	11	0	Inf	1	1
g01458	7	0	11	0	Inf	1	1
g02117	7	0	11	0	Inf	1	1
g01794	7	0	11	0	Inf	1	1
g03554	7	0	11	0	Inf	1	1
g03057	7	0	11	0	Inf	1	1
g04344	7	0	11	0	Inf	1	1
g01963	7	0	11	0	Inf	1	1
g03647	7	0	11	0	Inf	1	1
g02077	7	0	11	0	Inf	1	1
g02688	7	0	11	0	Inf	1	1
g03368	7	0	11	0	Inf	1	1
g01341	7	0	11	0	Inf	1	1
g03695	7	0	11	0	Inf	1	1
g03393	7	0	11	0	Inf	1	1
g00545	7	0	11	0	Inf	1	1
g04347	7	0	11	0	Inf	1	1
g04218	7	0	11	0	Inf	1	1
g02444	7	0	11	0	Inf	1	1
g02639	7	0	11	0	Inf	1	1
g01137	7	0	11	0	Inf	1	1
g04318	7	0	11	0	Inf	1	1
g02524	7	0	11	0	Inf	1	1
g04055	7	0	11	0	Inf	1	1
g01159	7	0	11	0	Inf	1	1
g02376	7	0	11	0	Inf	1	1
g02194	7	0	11	0	Inf	1	1
g01699	7	0	11	0	Inf	1	1
g00823	7	0	11	0	Inf	1	1
g00943	7	0	11	0	Inf	1	1
g01877	7	0	11	0	Inf	1	1
g00679	7	0	11	0	Inf	1	1
g01952	7	0	11	0	Inf	1	1
g03991	7	0	11	0	Inf	1	1
g03802	7	0	11	0	Inf	1	1
g02218	7	0	11	0	Inf	1	1
g03136	7	0	11	0	Inf	1	1
g03079	7	0	11	0	Inf	1	1
g02627	7	0	11	0	Inf	1	1
g03222	7	0	11	0	Inf	1	1
g02601	7	0	11	0	Inf	1	1
g03401	7	0	11	0	Inf	1	1
g03640	7	0	11	0	Inf	1	1
g02635	7	0	11	0	Inf	1	1
g04502	7	0	11	0	Inf	1	1
g03708	7	0	11	0	Inf	1	1
g03967	7	0	11	0	Inf	1	1
g03157	7	0	11	0	Inf	1	1
g03281	7	0	11	0	Inf	1	1
g02598	7	0	11	0	Inf	1	1
g01007	7	0	11	0	Inf	1	1
g01449	7	0	11	0	Inf	1	1
g03373	7	0	11	0	Inf	1	1
g03364	7	0	11	0	Inf	1	1
g01276	7	0	11	0	Inf	1	1
g03604	7	0	11	0	Inf	1	1
g02173	7	0	11	0	Inf	1	1
g02080	7	0	11	0	Inf	1	1
g03864	7	0	11	0	Inf	1	1
g02094	7	0	11	0	Inf	1	1
g00610	7	0	11	0	Inf	1	1
g03411	7	0	11	0	Inf	1	1
g04532	7	0	11	0	Inf	1	1
g01796	7	0	11	0	Inf	1	1
g04266	7	0	11	0	Inf	1	1
g03148	7	0	11	0	Inf	1	1
g03220	7	0	11	0	Inf	1	1
g02910	7	0	11	0	Inf	1	1
g02756	7	0	11	0	Inf	1	1
g02850	7	0	11	0	Inf	1	1
g02913	7	0	11	0	Inf	1	1
g03646	7	0	11	0	Inf	1	1
g02283	7	0	11	0	Inf	1	1
g03973	7	0	11	0	Inf	1	1
g03327	7	0	11	0	Inf	1	1
g02620	7	0	11	0	Inf	1	1
g02060	7	0	11	0	Inf	1	1
g03036	7	0	11	0	Inf	1	1
g02386	7	0	11	0	Inf	1	1
g01639	7	0	11	0	Inf	1	1
g02781	7	0	11	0	Inf	1	1
g04568	7	0	11	0	Inf	1	1
g04424	7	0	11	0	Inf	1	1
g03237	7	0	11	0	Inf	1	1
g04566	7	0	11	0	Inf	1	1
g02549	7	0	11	0	Inf	1	1
g03040	7	0	11	0	Inf	1	1
g01229	7	0	11	0	Inf	1	1
g00112	7	0	11	0	Inf	1	1
g01141	7	0	11	0	Inf	1	1
g01099	7	0	11	0	Inf	1	1
g00013	7	0	11	0	Inf	1	1
g01740	7	0	11	0	Inf	1	1
g00912	7	0	11	0	Inf	1	1
g02965	7	0	11	0	Inf	1	1
g03199	7	0	11	0	Inf	1	1
g03369	7	0	11	0	Inf	1	1
g02161	7	0	11	0	Inf	1	1
g00697	7	0	11	0	Inf	1	1
g00357	7	0	11	0	Inf	1	1
g00415	7	0	11	0	Inf	1	1
g01479	7	0	11	0	Inf	1	1
g00856	7	0	11	0	Inf	1	1
g01130	7	0	11	0	Inf	1	1
g04401	7	0	11	0	Inf	1	1
g02946	7	0	11	0	Inf	1	1
g03479	7	0	11	0	Inf	1	1
g01034	7	0	11	0	Inf	1	1
g01757	7	0	11	0	Inf	1	1
g00423	7	0	11	0	Inf	1	1
g00255	7	0	11	0	Inf	1	1
g00231	7	0	11	0	Inf	1	1
g00202	7	0	11	0	Inf	1	1
g00481	7	0	11	0	Inf	1	1
g02274	7	0	11	0	Inf	1	1
g01847	7	0	11	0	Inf	1	1
g01455	7	0	11	0	Inf	1	1
g01244	7	0	11	0	Inf	1	1
g00899	7	0	11	0	Inf	1	1
g00967	7	0	11	0	Inf	1	1
g00782	7	0	11	0	Inf	1	1
g00500	7	0	11	0	Inf	1	1
g01909	7	0	11	0	Inf	1	1
g00045	7	0	11	0	Inf	1	1
g00216	7	0	11	0	Inf	1	1
g00576	7	0	11	0	Inf	1	1
g00197	7	0	11	0	Inf	1	1
g00074	7	0	11	0	Inf	1	1
g00881	7	0	11	0	Inf	1	1
g02525	7	0	11	0	Inf	1	1
g00668	7	0	11	0	Inf	1	1
g01372	7	0	11	0	Inf	1	1
g00068	7	0	11	0	Inf	1	1
g02039	7	0	11	0	Inf	1	1
g02720	7	0	11	0	Inf	1	1
g01583	7	0	11	0	Inf	1	1
g01024	7	0	11	0	Inf	1	1
g00819	7	0	11	0	Inf	1	1
g00608	7	0	11	0	Inf	1	1
g02446	7	0	11	0	Inf	1	1
g01518	7	0	11	0	Inf	1	1
g00491	7	0	11	0	Inf	1	1
g01572	7	0	11	0	Inf	1	1
g00303	7	0	11	0	Inf	1	1
g00814	7	0	11	0	Inf	1	1
g00400	7	0	11	0	Inf	1	1
g02119	7	0	11	0	Inf	1	1
g01765	7	0	11	0	Inf	1	1
g00655	7	0	11	0	Inf	1	1
g01041	7	0	11	0	Inf	1	1
g00118	7	0	11	0	Inf	1	1
g00066	7	0	11	0	Inf	1	1
g03182	7	0	11	0	Inf	1	1
g01778	7	0	11	0	Inf	1	1
g01391	7	0	11	0	Inf	1	1
g01059	7	0	11	0	Inf	1	1
g00789	7	0	11	0	Inf	1	1
g00456	7	0	11	0	Inf	1	1
g03725	7	0	11	0	Inf	1	1
g01370	7	0	11	0	Inf	1	1
g02207	7	0	11	0	Inf	1	1
g02727	7	0	11	0	Inf	1	1
g02352	7	0	11	0	Inf	1	1
g00123	7	0	11	0	Inf	1	1
g01920	7	0	11	0	Inf	1	1
g04371	7	0	11	0	Inf	1	1
g02482	7	0	11	0	Inf	1	1
g00543	7	0	11	0	Inf	1	1
g01943	7	0	11	0	Inf	1	1
g00707	7	0	11	0	Inf	1	1
g00773	7	0	11	0	Inf	1	1
g02788	7	0	11	0	Inf	1	1
g00594	7	0	11	0	Inf	1	1
g00841	7	0	11	0	Inf	1	1
g00927	7	0	11	0	Inf	1	1
g00874	7	0	11	0	Inf	1	1
g02068	7	0	11	0	Inf	1	1
g01730	7	0	11	0	Inf	1	1
g04029	7	0	11	0	Inf	1	1
g00463	7	0	11	0	Inf	1	1
g04246	7	0	11	0	Inf	1	1
g00618	7	0	11	0	Inf	1	1
g02831	7	0	11	0	Inf	1	1
g00090	7	0	11	0	Inf	1	1
g00261	7	0	11	0	Inf	1	1
g00368	7	0	11	0	Inf	1	1
g03731	7	0	11	0	Inf	1	1
g02186	7	0	11	0	Inf	1	1
g01274	7	0	11	0	Inf	1	1
g02433	7	0	11	0	Inf	1	1
g02158	7	0	11	0	Inf	1	1
g00990	7	0	11	0	Inf	1	1
g04360	7	0	11	0	Inf	1	1
g01708	7	0	11	0	Inf	1	1
g00086	7	0	11	0	Inf	1	1
g01380	7	0	11	0	Inf	1	1
g01501	7	0	11	0	Inf	1	1
g02896	7	0	11	0	Inf	1	1
g01977	7	0	11	0	Inf	1	1
g00199	7	0	11	0	Inf	1	1
g02531	7	0	11	0	Inf	1	1
g00324	7	0	11	0	Inf	1	1
g01377	7	0	11	0	Inf	1	1
g02939	7	0	11	0	Inf	1	1
g01755	7	0	11	0	Inf	1	1
g00971	7	0	11	0	Inf	1	1
g01536	7	0	11	0	Inf	1	1
g01083	7	0	11	0	Inf	1	1
g01040	7	0	11	0	Inf	1	1
g01049	7	0	11	0	Inf	1	1
g00992	7	0	11	0	Inf	1	1
g00497	7	0	11	0	Inf	1	1
g01296	7	0	11	0	Inf	1	1
g01039	7	0	11	0	Inf	1	1
g02314	7	0	11	0	Inf	1	1
g02829	7	0	11	0	Inf	1	1
g03228	7	0	11	0	Inf	1	1
g01368	7	0	11	0	Inf	1	1
g00064	7	0	11	0	Inf	1	1
g01075	7	0	11	0	Inf	1	1
g02400	7	0	11	0	Inf	1	1
g02008	7	0	11	0	Inf	1	1
g01813	7	0	11	0	Inf	1	1
g03169	7	0	11	0	Inf	1	1
g01602	7	0	11	0	Inf	1	1
g01128	7	0	11	0	Inf	1	1
g02580	7	0	11	0	Inf	1	1
g04097	7	0	11	0	Inf	1	1
g03855	7	0	11	0	Inf	1	1
g01986	7	0	11	0	Inf	1	1
g01043	7	0	11	0	Inf	1	1
g01089	7	0	11	0	Inf	1	1
g00133	7	0	11	0	Inf	1	1
g00084	7	0	11	0	Inf	1	1
g01094	7	0	11	0	Inf	1	1
g02126	7	0	11	0	Inf	1	1
g00758	7	0	11	0	Inf	1	1
g00472	7	0	11	0	Inf	1	1
g01575	7	0	11	0	Inf	1	1
g01614	7	0	11	0	Inf	1	1
g00547	7	0	11	0	Inf	1	1
g03959	7	0	11	0	Inf	1	1
g01314	7	0	11	0	Inf	1	1
g02961	7	0	11	0	Inf	1	1
g00004	7	0	11	0	Inf	1	1
g00350	7	0	11	0	Inf	1	1
g00940	7	0	11	0	Inf	1	1
g00818	7	0	11	0	Inf	1	1
g00094	7	0	11	0	Inf	1	1
g00919	7	0	11	0	Inf	1	1
g00334	7	0	11	0	Inf	1	1
g01923	7	0	11	0	Inf	1	1
g00781	7	0	11	0	Inf	1	1
g00005	7	0	11	0	Inf	1	1
g03378	7	0	11	0	Inf	1	1
g01790	7	0	11	0	Inf	1	1
g00592	7	0	11	0	Inf	1	1
g00248	7	0	11	0	Inf	1	1
g02833	7	0	11	0	Inf	1	1
g02347	7	0	11	0	Inf	1	1
g02579	7	0	11	0	Inf	1	1
g00621	7	0	11	0	Inf	1	1
g01027	7	0	11	0	Inf	1	1
g00772	7	0	11	0	Inf	1	1
g00764	7	0	11	0	Inf	1	1
g00200	7	0	11	0	Inf	1	1
g00791	7	0	11	0	Inf	1	1
g00318	7	0	11	0	Inf	1	1
g00412	7	0	11	0	Inf	1	1
g01196	7	0	11	0	Inf	1	1
g01593	7	0	11	0	Inf	1	1
g00518	7	0	11	0	Inf	1	1
g03333	7	0	11	0	Inf	1	1
g00124	7	0	11	0	Inf	1	1
g02184	7	0	11	0	Inf	1	1
g00433	7	0	11	0	Inf	1	1
g00991	7	0	11	0	Inf	1	1
g02804	7	0	11	0	Inf	1	1
g00105	7	0	11	0	Inf	1	1
g00323	7	0	11	0	Inf	1	1
g00490	7	0	11	0	Inf	1	1
g01651	7	0	11	0	Inf	1	1
g03908	7	0	11	0	Inf	1	1
g01786	7	0	11	0	Inf	1	1
g00570	7	0	11	0	Inf	1	1
g00792	7	0	11	0	Inf	1	1
g04263	7	0	11	0	Inf	1	1
g04509	7	0	11	0	Inf	1	1
g00088	7	0	11	0	Inf	1	1
g02927	7	0	11	0	Inf	1	1
g02018	7	0	11	0	Inf	1	1
g01972	7	0	11	0	Inf	1	1
g01147	7	0	11	0	Inf	1	1
g02389	7	0	11	0	Inf	1	1
g00648	7	0	11	0	Inf	1	1
g00590	7	0	11	0	Inf	1	1
g02868	7	0	11	0	Inf	1	1
g01756	7	0	11	0	Inf	1	1
g04152	7	0	11	0	Inf	1	1
g00705	7	0	11	0	Inf	1	1
g02578	7	0	11	0	Inf	1	1
g02180	7	0	11	0	Inf	1	1
g03258	7	0	11	0	Inf	1	1
g02035	7	0	11	0	Inf	1	1
g00282	7	0	11	0	Inf	1	1
g00799	7	0	11	0	Inf	1	1
g01763	7	0	11	0	Inf	1	1
g02197	7	0	11	0	Inf	1	1
g01735	7	0	11	0	Inf	1	1
g01604	7	0	11	0	Inf	1	1
g02755	7	0	11	0	Inf	1	1
g00936	7	0	11	0	Inf	1	1
g01445	7	0	11	0	Inf	1	1
g02606	7	0	11	0	Inf	1	1
g02460	7	0	11	0	Inf	1	1
g02477	7	0	11	0	Inf	1	1
g02483	7	0	11	0	Inf	1	1
g01867	7	0	11	0	Inf	1	1
g02130	7	0	11	0	Inf	1	1
g00694	7	0	11	0	Inf	1	1
g02311	7	0	11	0	Inf	1	1
g02506	7	0	11	0	Inf	1	1
g02660	7	0	11	0	Inf	1	1
g03664	7	0	11	0	Inf	1	1
g02622	7	0	11	0	Inf	1	1
g02076	7	0	11	0	Inf	1	1
g02877	7	0	11	0	Inf	1	1
g04380	7	0	11	0	Inf	1	1
g01367	7	0	11	0	Inf	1	1
g02247	7	0	11	0	Inf	1	1
g02949	7	0	11	0	Inf	1	1
g00356	7	0	11	0	Inf	1	1
g02279	7	0	11	0	Inf	1	1
g00857	7	0	11	0	Inf	1	1
g02452	7	0	11	0	Inf	1	1
g01087	7	0	11	0	Inf	1	1
g02857	7	0	11	0	Inf	1	1
g00824	7	0	11	0	Inf	1	1
g00840	7	0	11	0	Inf	1	1
g04528	7	0	11	0	Inf	1	1
g04364	7	0	11	0	Inf	1	1
g03795	7	0	11	0	Inf	1	1
g03092	7	0	11	0	Inf	1	1
g02907	7	0	11	0	Inf	1	1
g01082	7	0	11	0	Inf	1	1
g00327	7	0	11	0	Inf	1	1
g00569	7	0	11	0	Inf	1	1
g01069	7	0	11	0	Inf	1	1
g00835	7	0	11	0	Inf	1	1
g00959	7	0	11	0	Inf	1	1
g00691	7	0	11	0	Inf	1	1
g00996	7	0	11	0	Inf	1	1
g00778	7	0	11	0	Inf	1	1
g02225	7	0	11	0	Inf	1	1
g01946	7	0	11	0	Inf	1	1
g00640	7	0	11	0	Inf	1	1
g02087	7	0	11	0	Inf	1	1
g01570	7	0	11	0	Inf	1	1
g01254	7	0	11	0	Inf	1	1
g01287	7	0	11	0	Inf	1	1
g01304	7	0	11	0	Inf	1	1
g00030	7	0	11	0	Inf	1	1
g02919	7	0	11	0	Inf	1	1
g01663	7	0	11	0	Inf	1	1
g01015	7	0	11	0	Inf	1	1
g01352	7	0	11	0	Inf	1	1
g04243	7	0	11	0	Inf	1	1
g04548	7	0	11	0	Inf	1	1
g01818	7	0	11	0	Inf	1	1
g01890	7	0	11	0	Inf	1	1
g02413	7	0	11	0	Inf	1	1
g02603	7	0	11	0	Inf	1	1
g02015	7	0	11	0	Inf	1	1
g02164	7	0	11	0	Inf	1	1
g03536	7	0	11	0	Inf	1	1
g04092	7	0	11	0	Inf	1	1
g04248	7	0	11	0	Inf	1	1
g00901	7	0	11	0	Inf	1	1
g00489	7	0	11	0	Inf	1	1
g02248	7	0	11	0	Inf	1	1
g02034	7	0	11	0	Inf	1	1
g00903	7	0	11	0	Inf	1	1
g00049	7	0	11	0	Inf	1	1
g01073	7	0	11	0	Inf	1	1
g01289	7	0	11	0	Inf	1	1
g00410	7	0	11	0	Inf	1	1
g00654	7	0	11	0	Inf	1	1
g00455	7	0	11	0	Inf	1	1
g00897	7	0	11	0	Inf	1	1
g00526	7	0	11	0	Inf	1	1
g00062	7	0	11	0	Inf	1	1
g00042	7	0	11	0	Inf	1	1
g00038	7	0	11	0	Inf	1	1
g00362	7	0	11	0	Inf	1	1
g00305	7	0	11	0	Inf	1	1
g00984	7	0	11	0	Inf	1	1
g01871	7	0	11	0	Inf	1	1
g02641	7	0	11	0	Inf	1	1
g02869	7	0	11	0	Inf	1	1
g02406	7	0	11	0	Inf	1	1
g03538	7	0	11	0	Inf	1	1
g01330	7	0	11	0	Inf	1	1
g03120	7	0	11	0	Inf	1	1
g01295	7	0	11	0	Inf	1	1
g00682	7	0	11	0	Inf	1	1
g04140	7	0	11	0	Inf	1	1
g02055	7	0	11	0	Inf	1	1
g00536	7	0	11	0	Inf	1	1
g01569	7	0	11	0	Inf	1	1
g00151	7	0	11	0	Inf	1	1
g00851	7	0	11	0	Inf	1	1
g02748	7	0	11	0	Inf	1	1
g02492	7	0	11	0	Inf	1	1
g03913	7	0	11	0	Inf	1	1
g02489	7	0	11	0	Inf	1	1
g01927	7	0	11	0	Inf	1	1
g03309	7	0	11	0	Inf	1	1
g02332	7	0	11	0	Inf	1	1
g00554	7	0	11	0	Inf	1	1
g03074	7	0	11	0	Inf	1	1
g03181	7	0	11	0	Inf	1	1
g03267	7	0	11	0	Inf	1	1
g04460	7	0	11	0	Inf	1	1
g04327	7	0	11	0	Inf	1	1
g01437	7	0	11	0	Inf	1	1
g01231	7	0	11	0	Inf	1	1
g00078	7	0	11	0	Inf	1	1
g02478	7	0	11	0	Inf	1	1
g02803	7	0	11	0	Inf	1	1
g01726	7	0	11	0	Inf	1	1
g04483	7	0	11	0	Inf	1	1
g02936	7	0	11	0	Inf	1	1
g03363	7	0	11	0	Inf	1	1
g01189	7	0	11	0	Inf	1	1
g01853	7	0	11	0	Inf	1	1
g02156	7	0	11	0	Inf	1	1
g04070	7	0	11	0	Inf	1	1
g00811	7	0	11	0	Inf	1	1
g00505	7	0	11	0	Inf	1	1
g00766	7	0	11	0	Inf	1	1
g03997	7	0	11	0	Inf	1	1
g03787	7	0	11	0	Inf	1	1
g00663	7	0	11	0	Inf	1	1
g00664	7	0	11	0	Inf	1	1
g01581	7	0	11	0	Inf	1	1
g01626	7	0	11	0	Inf	1	1
g01638	7	0	11	0	Inf	1	1
g03578	7	0	11	0	Inf	1	1
g01729	7	0	11	0	Inf	1	1
g00875	7	0	11	0	Inf	1	1
g01547	7	0	11	0	Inf	1	1
g04330	7	0	11	0	Inf	1	1
g00769	7	0	11	0	Inf	1	1
g02814	7	0	11	0	Inf	1	1
g02010	7	0	11	0	Inf	1	1
g02722	7	0	11	0	Inf	1	1
g00559	7	0	11	0	Inf	1	1
g03480	7	0	11	0	Inf	1	1
g02343	7	0	11	0	Inf	1	1
g02099	7	0	11	0	Inf	1	1
g01146	7	0	11	0	Inf	1	1
g02462	7	0	11	0	Inf	1	1
g01811	7	0	11	0	Inf	1	1
g01860	7	0	11	0	Inf	1	1
g00435	7	0	11	0	Inf	1	1
g02206	7	0	11	0	Inf	1	1
g02411	7	0	11	0	Inf	1	1
g01006	7	0	11	0	Inf	1	1
g00637	7	0	11	0	Inf	1	1
g00366	7	0	11	0	Inf	1	1
g00794	7	0	11	0	Inf	1	1
g01541	7	0	11	0	Inf	1	1
g01833	7	0	11	0	Inf	1	1
g01866	7	0	11	0	Inf	1	1
g00925	7	0	11	0	Inf	1	1
g03770	7	0	11	0	Inf	1	1
g00544	7	0	11	0	Inf	1	1
g02812	7	0	11	0	Inf	1	1
g00402	7	0	11	0	Inf	1	1
g00002	7	0	11	0	Inf	1	1
g01535	7	0	11	0	Inf	1	1
g00718	7	0	11	0	Inf	1	1
g02714	7	0	11	0	Inf	1	1
g01072	7	0	11	0	Inf	1	1
g02223	7	0	11	0	Inf	1	1
g01949	7	0	11	0	Inf	1	1
g00853	7	0	11	0	Inf	1	1
g02647	7	0	11	0	Inf	1	1
g00168	7	0	11	0	Inf	1	1
g03990	7	0	11	0	Inf	1	1
g00634	7	0	11	0	Inf	1	1
g02108	7	0	11	0	Inf	1	1
g00989	7	0	11	0	Inf	1	1
g00755	7	0	11	0	Inf	1	1
g01288	7	0	11	0	Inf	1	1
g01237	7	0	11	0	Inf	1	1
g04576	7	0	11	0	Inf	1	1
g00742	7	0	11	0	Inf	1	1
g01938	7	0	11	0	Inf	1	1
g02159	7	0	11	0	Inf	1	1
g00763	7	0	11	0	Inf	1	1
g04377	7	0	11	0	Inf	1	1
g02001	7	0	11	0	Inf	1	1
g00595	7	0	11	0	Inf	1	1
g02294	7	0	11	0	Inf	1	1
g03671	7	0	11	0	Inf	1	1
g01648	7	0	11	0	Inf	1	1
g02023	7	0	11	0	Inf	1	1
g01618	7	0	11	0	Inf	1	1
g01125	7	0	11	0	Inf	1	1
g01807	7	0	11	0	Inf	1	1
g03638	7	0	11	0	Inf	1	1
g02512	7	0	11	0	Inf	1	1
g03188	7	0	11	0	Inf	1	1
g02500	7	0	11	0	Inf	1	1
g02959	7	0	11	0	Inf	1	1
g00651	7	0	11	0	Inf	1	1
g03413	7	0	11	0	Inf	1	1
g03324	7	0	11	0	Inf	1	1
g01896	7	0	11	0	Inf	1	1
g00948	7	0	11	0	Inf	1	1
g00298	7	0	11	0	Inf	1	1
g01515	7	0	11	0	Inf	1	1
g04450	7	0	11	0	Inf	1	1
g02909	7	0	11	0	Inf	1	1
g00565	7	0	11	0	Inf	1	1
g00488	7	0	11	0	Inf	1	1
g01702	7	0	11	0	Inf	1	1
g03322	7	0	11	0	Inf	1	1
g02923	7	0	11	0	Inf	1	1
g04563	7	0	11	0	Inf	1	1
g00221	7	0	11	0	Inf	1	1
g01544	7	0	11	0	Inf	1	1
g01409	7	0	11	0	Inf	1	1
g00046	7	0	11	0	Inf	1	1
g02556	7	0	11	0	Inf	1	1
g02450	7	0	11	0	Inf	1	1
g00039	7	0	11	0	Inf	1	1
g01628	7	0	11	0	Inf	1	1
g03116	7	0	11	0	Inf	1	1
g04412	7	0	11	0	Inf	1	1
g01728	7	0	11	0	Inf	1	1
g03898	7	0	11	0	Inf	1	1
g02873	7	0	11	0	Inf	1	1
g02163	7	0	11	0	Inf	1	1
g03945	7	0	11	0	Inf	1	1
g02378	7	0	11	0	Inf	1	1
g03211	7	0	11	0	Inf	1	1
g01364	7	0	11	0	Inf	1	1
g02934	7	0	11	0	Inf	1	1
g02843	7	0	11	0	Inf	1	1
g04515	7	0	11	0	Inf	1	1
g02319	7	0	11	0	Inf	1	1
g02908	7	0	11	0	Inf	1	1
g01353	7	0	11	0	Inf	1	1
g00270	7	0	11	0	Inf	1	1
g01631	7	0	11	0	Inf	1	1
g03381	7	0	11	0	Inf	1	1
g02638	7	0	11	0	Inf	1	1
g02273	7	0	11	0	Inf	1	1
g00127	7	0	11	0	Inf	1	1
g00993	7	0	11	0	Inf	1	1
g01831	7	0	11	0	Inf	1	1
g01206	7	0	11	0	Inf	1	1
g04028	7	0	11	0	Inf	1	1
g01044	7	0	11	0	Inf	1	1
g00348	7	0	11	0	Inf	1	1
g02572	7	0	11	0	Inf	1	1
g04431	7	0	11	0	Inf	1	1
g02153	7	0	11	0	Inf	1	1
g03658	7	0	11	0	Inf	1	1
g02486	7	0	11	0	Inf	1	1
g01662	7	0	11	0	Inf	1	1
g03075	7	0	11	0	Inf	1	1
g03547	7	0	11	0	Inf	1	1
g01162	7	0	11	0	Inf	1	1
g00413	7	0	11	0	Inf	1	1
g01354	7	0	11	0	Inf	1	1
g02825	7	0	11	0	Inf	1	1
g01988	7	0	11	0	Inf	1	1
g02428	7	0	11	0	Inf	1	1
g01566	7	0	11	0	Inf	1	1
g01149	7	0	11	0	Inf	1	1
g01095	7	0	11	0	Inf	1	1
g00028	7	0	11	0	Inf	1	1
g00891	7	0	11	0	Inf	1	1
g01907	7	0	11	0	Inf	1	1
g03138	7	0	11	0	Inf	1	1
g01531	7	0	11	0	Inf	1	1
g00816	7	0	11	0	Inf	1	1
g02236	7	0	11	0	Inf	1	1
g02350	7	0	11	0	Inf	1	1
g02215	7	0	11	0	Inf	1	1
g02886	7	0	11	0	Inf	1	1
g03746	7	0	11	0	Inf	1	1
g03031	7	0	11	0	Inf	1	1
g01594	7	0	11	0	Inf	1	1
g02921	7	0	11	0	Inf	1	1
g01232	7	0	11	0	Inf	1	1
g02968	7	0	11	0	Inf	1	1
g01228	7	0	11	0	Inf	1	1
g01875	7	0	11	0	Inf	1	1
g01678	7	0	11	0	Inf	1	1
g02453	7	0	11	0	Inf	1	1
g01407	7	0	11	0	Inf	1	1
g01622	7	0	11	0	Inf	1	1
g02455	7	0	11	0	Inf	1	1
g02808	7	0	11	0	Inf	1	1
g04287	7	0	11	0	Inf	1	1
g01408	7	0	11	0	Inf	1	1
g01511	7	0	11	0	Inf	1	1
g00017	7	0	11	0	Inf	1	1
g01739	7	0	11	0	Inf	1	1
g02752	7	0	11	0	Inf	1	1
g01342	7	0	11	0	Inf	1	1
g02480	7	0	11	0	Inf	1	1
g01870	7	0	11	0	Inf	1	1
g02047	7	0	11	0	Inf	1	1
g00247	7	0	11	0	Inf	1	1
g04544	7	0	11	0	Inf	1	1
g01542	7	0	11	0	Inf	1	1
g04088	7	0	11	0	Inf	1	1
g02307	7	0	11	0	Inf	1	1
g03066	7	0	11	0	Inf	1	1
g00048	7	0	11	0	Inf	1	1
g02216	7	0	11	0	Inf	1	1
g03475	7	0	11	0	Inf	1	1
g01266	7	0	11	0	Inf	1	1
g01585	7	0	11	0	Inf	1	1
g02142	7	0	11	0	Inf	1	1
g04537	7	0	11	0	Inf	1	1
g01005	7	0	11	0	Inf	1	1
g01781	7	0	11	0	Inf	1	1
g01687	7	0	11	0	Inf	1	1
g04079	7	0	11	0	Inf	1	1
g04427	7	0	11	0	Inf	1	1
g02750	7	0	11	0	Inf	1	1
g03955	7	0	11	0	Inf	1	1
g02020	7	0	11	0	Inf	1	1
g00684	7	0	11	0	Inf	1	1
g03142	7	0	11	0	Inf	1	1
g01376	7	0	11	0	Inf	1	1
g02890	7	0	11	0	Inf	1	1
g03444	7	0	11	0	Inf	1	1
g03987	7	0	11	0	Inf	1	1
g02897	7	0	11	0	Inf	1	1
g03648	7	0	11	0	Inf	1	1
g00760	7	0	11	0	Inf	1	1
g02049	7	0	11	0	Inf	1	1
g01055	7	0	11	0	Inf	1	1
g02329	7	0	11	0	Inf	1	1
g01810	7	0	11	0	Inf	1	1
g01088	7	0	11	0	Inf	1	1
g04267	7	0	11	0	Inf	1	1
g00457	7	0	11	0	Inf	1	1
g01363	7	0	11	0	Inf	1	1
g01415	7	0	11	0	Inf	1	1
g00961	7	0	11	0	Inf	1	1
g02362	7	0	11	0	Inf	1	1
g00587	7	0	11	0	Inf	1	1
g02191	7	0	11	0	Inf	1	1
g02875	7	0	11	0	Inf	1	1
g02594	7	0	11	0	Inf	1	1
g02097	7	0	11	0	Inf	1	1
g03933	7	0	11	0	Inf	1	1
g01135	7	0	11	0	Inf	1	1
g02502	7	0	11	0	Inf	1	1
g02022	7	0	11	0	Inf	1	1
g01889	7	0	11	0	Inf	1	1
g02204	7	0	11	0	Inf	1	1
g02667	7	0	11	0	Inf	1	1
g03352	7	0	11	0	Inf	1	1
g03060	7	0	11	0	Inf	1	1
g02110	7	0	11	0	Inf	1	1
g01582	7	0	11	0	Inf	1	1
g01640	7	0	11	0	Inf	1	1
g00879	7	0	11	0	Inf	1	1
g02554	7	0	11	0	Inf	1	1
g01636	7	0	11	0	Inf	1	1
g00980	7	0	11	0	Inf	1	1
g02826	7	0	11	0	Inf	1	1
g00916	7	0	11	0	Inf	1	1
g00550	7	0	11	0	Inf	1	1
g04208	7	0	11	0	Inf	1	1
g01573	7	0	11	0	Inf	1	1
g02637	7	0	11	0	Inf	1	1
g01844	7	0	11	0	Inf	1	1
g00513	7	0	11	0	Inf	1	1
g01633	7	0	11	0	Inf	1	1
g04499	7	0	11	0	Inf	1	1
g00934	7	0	11	0	Inf	1	1
g01679	7	0	11	0	Inf	1	1
g04139	7	0	11	0	Inf	1	1
g03397	7	0	11	0	Inf	1	1
g04147	7	0	11	0	Inf	1	1
g04269	7	0	11	0	Inf	1	1
g02065	7	0	11	0	Inf	1	1
g04260	7	0	11	0	Inf	1	1
g04163	7	0	11	0	Inf	1	1
g02751	7	0	11	0	Inf	1	1
g03523	7	0	11	0	Inf	1	1
g03239	7	0	11	0	Inf	1	1
g02837	7	0	11	0	Inf	1	1
g02590	7	0	11	0	Inf	1	1
g02251	7	0	11	0	Inf	1	1
g02853	7	0	11	0	Inf	1	1
g00053	7	0	11	0	Inf	1	1
g02029	7	0	11	0	Inf	1	1
g01953	7	0	11	0	Inf	1	1
g01724	7	0	11	0	Inf	1	1
g00616	7	0	11	0	Inf	1	1
g00597	7	0	11	0	Inf	1	1
g01019	7	0	11	0	Inf	1	1
g00553	7	0	11	0	Inf	1	1
g00877	7	0	11	0	Inf	1	1
g00211	7	0	11	0	Inf	1	1
g02277	7	0	11	0	Inf	1	1
g00172	7	0	11	0	Inf	1	1
g01650	7	0	11	0	Inf	1	1
g01595	7	0	11	0	Inf	1	1
g00886	7	0	11	0	Inf	1	1
g01659	7	0	11	0	Inf	1	1
g02607	7	0	11	0	Inf	1	1
g01976	7	0	11	0	Inf	1	1
g00753	7	0	11	0	Inf	1	1
g00437	7	0	11	0	Inf	1	1
g01830	7	0	11	0	Inf	1	1
g01402	7	0	11	0	Inf	1	1
g03529	7	0	11	0	Inf	1	1
g02950	7	0	11	0	Inf	1	1
g04305	7	0	11	0	Inf	1	1
g02363	7	0	11	0	Inf	1	1
g01557	7	0	11	0	Inf	1	1
g01104	7	0	11	0	Inf	1	1
g00849	7	0	11	0	Inf	1	1
g04046	7	0	11	0	Inf	1	1
g00189	7	0	11	0	Inf	1	1
g01115	7	0	11	0	Inf	1	1
g01110	7	0	11	0	Inf	1	1
g03879	7	0	11	0	Inf	1	1
g00390	7	0	11	0	Inf	1	1
g00140	7	0	11	0	Inf	1	1
g02552	7	0	11	0	Inf	1	1
g01339	7	0	11	0	Inf	1	1
g02263	7	0	11	0	Inf	1	1
g03367	7	0	11	0	Inf	1	1
g00863	7	0	11	0	Inf	1	1
g01530	7	0	11	0	Inf	1	1
g01293	7	0	11	0	Inf	1	1
g00445	7	0	11	0	Inf	1	1
g00286	7	0	11	0	Inf	1	1
g01191	7	0	11	0	Inf	1	1
g01672	7	0	11	0	Inf	1	1
g01441	7	0	11	0	Inf	1	1
g00603	7	0	11	0	Inf	1	1
g00301	7	0	11	0	Inf	1	1
g02628	7	0	11	0	Inf	1	1
g01731	7	0	11	0	Inf	1	1
g01062	7	0	11	0	Inf	1	1
g01982	7	0	11	0	Inf	1	1
g00195	7	0	11	0	Inf	1	1
g00330	7	0	11	0	Inf	1	1
g01958	7	0	11	0	Inf	1	1
g02084	7	0	11	0	Inf	1	1
g00667	7	0	11	0	Inf	1	1
g03418	7	0	11	0	Inf	1	1
g01750	7	0	11	0	Inf	1	1
g01872	7	0	11	0	Inf	1	1
g01263	7	0	11	0	Inf	1	1
g01507	7	0	11	0	Inf	1	1
g03374	7	0	11	0	Inf	1	1
g01439	7	0	11	0	Inf	1	1
g04354	7	0	11	0	Inf	1	1
g02708	7	0	11	0	Inf	1	1
g02339	7	0	11	0	Inf	1	1
g00582	7	0	11	0	Inf	1	1
g00257	7	0	11	0	Inf	1	1
g00314	7	0	11	0	Inf	1	1
g01845	7	0	11	0	Inf	1	1
g02261	7	0	11	0	Inf	1	1
g00732	7	0	11	0	Inf	1	1
g01329	7	0	11	0	Inf	1	1
g00111	7	0	11	0	Inf	1	1
g00561	7	0	11	0	Inf	1	1
g01873	7	0	11	0	Inf	1	1
g01485	7	0	11	0	Inf	1	1
g04472	7	0	11	0	Inf	1	1
g03320	7	0	11	0	Inf	1	1
g00326	7	0	11	0	Inf	1	1
g02633	7	0	11	0	Inf	1	1
g00109	7	0	11	0	Inf	1	1
g00983	7	0	11	0	Inf	1	1
g02199	7	0	11	0	Inf	1	1
g00322	7	0	11	0	Inf	1	1
g00970	7	0	11	0	Inf	1	1
g01403	7	0	11	0	Inf	1	1
g01527	7	0	11	0	Inf	1	1
g02551	7	0	11	0	Inf	1	1
g03068	7	0	11	0	Inf	1	1
g02619	7	0	11	0	Inf	1	1
g02000	7	0	11	0	Inf	1	1
g03963	7	0	11	0	Inf	1	1
g04002	7	0	11	0	Inf	1	1
g03380	7	0	11	0	Inf	1	1
g02005	7	0	11	0	Inf	1	1
g02629	7	0	11	0	Inf	1	1
g02904	7	0	11	0	Inf	1	1
g02399	7	0	11	0	Inf	1	1
g01374	7	0	11	0	Inf	1	1
g03602	7	0	11	0	Inf	1	1
g00029	7	0	11	0	Inf	1	1
g01675	7	0	11	0	Inf	1	1
g00015	7	0	11	0	Inf	1	1
g01221	7	0	11	0	Inf	1	1
g03095	7	0	11	0	Inf	1	1
g02735	7	0	11	0	Inf	1	1
g00712	7	0	11	0	Inf	1	1
g01430	7	0	11	0	Inf	1	1
g01399	7	0	11	0	Inf	1	1
g00313	7	0	11	0	Inf	1	1
g01046	7	0	11	0	Inf	1	1
g04312	7	0	11	0	Inf	1	1
g08661	7	0	11	0	Inf	1	1
g02780	7	0	11	0	Inf	1	1
g03801	7	0	11	0	Inf	1	1
g02685	7	0	11	0	Inf	1	1
g02591	7	0	11	0	Inf	1	1
g04373	7	0	11	0	Inf	1	1
g04449	7	0	11	0	Inf	1	1
g03016	7	0	11	0	Inf	1	1
g04423	7	0	11	0	Inf	1	1
g02596	7	0	11	0	Inf	1	1
g03325	7	0	11	0	Inf	1	1
g03819	7	0	11	0	Inf	1	1
g03884	7	0	11	0	Inf	1	1
g00242	7	0	11	0	Inf	1	1
g01855	7	0	11	0	Inf	1	1
g02733	7	0	11	0	Inf	1	1
g02671	7	0	11	0	Inf	1	1
g04378	7	0	11	0	Inf	1	1
g00464	7	0	11	0	Inf	1	1
g02230	7	0	11	0	Inf	1	1
g02021	7	0	11	0	Inf	1	1
g04473	7	0	11	0	Inf	1	1
g01707	7	0	11	0	Inf	1	1
g03857	7	0	11	0	Inf	1	1
g00397	7	0	11	0	Inf	1	1
g01144	7	0	11	0	Inf	1	1
g02786	7	0	11	0	Inf	1	1
g01265	7	0	11	0	Inf	1	1
g01270	7	0	11	0	Inf	1	1
g01526	7	0	11	0	Inf	1	1
g04083	7	0	11	0	Inf	1	1
g03097	7	0	11	0	Inf	1	1
g02326	7	0	11	0	Inf	1	1
g04482	7	0	11	0	Inf	1	1
g01505	7	0	11	0	Inf	1	1
g03663	7	0	11	0	Inf	1	1
g00846	7	0	11	0	Inf	1	1
g00345	7	0	11	0	Inf	1	1
g00426	7	0	11	0	Inf	1	1
g00658	7	0	11	0	Inf	1	1
g00082	7	0	11	0	Inf	1	1
g01803	7	0	11	0	Inf	1	1
g00203	7	0	11	0	Inf	1	1
g03860	7	0	11	0	Inf	1	1
g01508	7	0	11	0	Inf	1	1
g00726	7	0	11	0	Inf	1	1
g01250	7	0	11	0	Inf	1	1
g00011	7	0	11	0	Inf	1	1
g01543	7	0	11	0	Inf	1	1
g03703	7	0	11	0	Inf	1	1
g04452	7	0	11	0	Inf	1	1
g00921	7	0	11	0	Inf	1	1
g01713	7	0	11	0	Inf	1	1
g03149	7	0	11	0	Inf	1	1
g03571	7	0	11	0	Inf	1	1
g02597	7	0	11	0	Inf	1	1
g01680	7	0	11	0	Inf	1	1
g01814	7	0	11	0	Inf	1	1
g00738	7	0	11	0	Inf	1	1
g01793	7	0	11	0	Inf	1	1
g00920	7	0	11	0	Inf	1	1
g02818	7	0	11	0	Inf	1	1
g01674	7	0	11	0	Inf	1	1
g03297	7	0	11	0	Inf	1	1
g02219	7	0	11	0	Inf	1	1
g02354	7	0	11	0	Inf	1	1
g02320	7	0	11	0	Inf	1	1
g01956	7	0	11	0	Inf	1	1
g02495	7	0	11	0	Inf	1	1
g01695	7	0	11	0	Inf	1	1
g00825	7	0	11	0	Inf	1	1
g00429	7	0	11	0	Inf	1	1
g02696	7	0	11	0	Inf	1	1
g01879	7	0	11	0	Inf	1	1
g02870	7	0	11	0	Inf	1	1
g02553	7	0	11	0	Inf	1	1
g00100	7	0	11	0	Inf	1	1
g03779	7	0	11	0	Inf	1	1
g02003	7	0	11	0	Inf	1	1
g02834	7	0	11	0	Inf	1	1
g02208	7	0	11	0	Inf	1	1
g01935	7	0	11	0	Inf	1	1
g03869	7	0	11	0	Inf	1	1
g01961	7	0	11	0	Inf	1	1
g02151	7	0	11	0	Inf	1	1
g03818	7	0	11	0	Inf	1	1
g03308	7	0	11	0	Inf	1	1
g01993	7	0	11	0	Inf	1	1
g02006	7	0	11	0	Inf	1	1
g01656	7	0	11	0	Inf	1	1
g02265	7	0	11	0	Inf	1	1
g02802	7	0	11	0	Inf	1	1
g01117	7	0	11	0	Inf	1	1
g01348	7	0	11	0	Inf	1	1
g03639	7	0	11	0	Inf	1	1
g04197	7	0	11	0	Inf	1	1
g04258	7	0	11	0	Inf	1	1
g02226	7	0	11	0	Inf	1	1
g02945	7	0	11	0	Inf	1	1
g01102	7	0	11	0	Inf	1	1
g02884	7	0	11	0	Inf	1	1
g02044	7	0	11	0	Inf	1	1
g03537	7	0	11	0	Inf	1	1
g00162	7	0	11	0	Inf	1	1
g01989	7	0	11	0	Inf	1	1
g04225	7	0	11	0	Inf	1	1
g04348	7	0	11	0	Inf	1	1
g01928	7	0	11	0	Inf	1	1
g00976	7	0	11	0	Inf	1	1
g00815	7	0	11	0	Inf	1	1
g00551	7	0	11	0	Inf	1	1
g03549	7	0	11	0	Inf	1	1
g00692	7	0	11	0	Inf	1	1
g00675	7	0	11	0	Inf	1	1
g00795	7	0	11	0	Inf	1	1
g02256	7	0	11	0	Inf	1	1
g01291	7	0	11	0	Inf	1	1
g02205	7	0	11	0	Inf	1	1
g03439	7	0	11	0	Inf	1	1
g00698	7	0	11	0	Inf	1	1
g00052	7	0	11	0	Inf	1	1
g02297	7	0	11	0	Inf	1	1
g01312	7	0	11	0	Inf	1	1
g00252	7	0	11	0	Inf	1	1
g01904	7	0	11	0	Inf	1	1
g01590	7	0	11	0	Inf	1	1
g02957	7	0	11	0	Inf	1	1
g00228	7	0	11	0	Inf	1	1
g00271	7	0	11	0	Inf	1	1
g00347	7	0	11	0	Inf	1	1
g00746	7	0	11	0	Inf	1	1
g01553	7	0	11	0	Inf	1	1
g04285	7	0	11	0	Inf	1	1
g03483	7	0	11	0	Inf	1	1
g01761	7	0	11	0	Inf	1	1
g00351	7	0	11	0	Inf	1	1
g01934	7	0	11	0	Inf	1	1
g04333	7	0	11	0	Inf	1	1
g02146	7	0	11	0	Inf	1	1
g00113	7	0	11	0	Inf	1	1
g00161	7	0	11	0	Inf	1	1
g02232	7	0	11	0	Inf	1	1
g01345	7	0	11	0	Inf	1	1
g02414	7	0	11	0	Inf	1	1
g03153	7	0	11	0	Inf	1	1
g00521	7	0	11	0	Inf	1	1
g02797	7	0	11	0	Inf	1	1
g02916	7	0	11	0	Inf	1	1
g02166	7	0	11	0	Inf	1	1
g02527	7	0	11	0	Inf	1	1
g04250	7	0	11	0	Inf	1	1
g02276	7	0	11	0	Inf	1	1
g03145	7	0	11	0	Inf	1	1
g03085	7	0	11	0	Inf	1	1
g00611	7	0	11	0	Inf	1	1
g03202	7	0	11	0	Inf	1	1
g01163	7	0	11	0	Inf	1	1
g00095	7	0	11	0	Inf	1	1
g02229	7	0	11	0	Inf	1	1
g02760	7	0	11	0	Inf	1	1
g01538	7	0	11	0	Inf	1	1
g02839	7	0	11	0	Inf	1	1
g01112	7	0	11	0	Inf	1	1
g00022	7	0	11	0	Inf	1	1
g02390	7	0	11	0	Inf	1	1
g00283	7	0	11	0	Inf	1	1
g02254	7	0	11	0	Inf	1	1
g02209	7	0	11	0	Inf	1	1
g02754	7	0	11	0	Inf	1	1
g04370	7	0	11	0	Inf	1	1
g04280	7	0	11	0	Inf	1	1
g03277	7	0	11	0	Inf	1	1
g03938	7	0	11	0	Inf	1	1
g02421	7	0	11	0	Inf	1	1
g03160	7	0	11	0	Inf	1	1
g04390	7	0	11	0	Inf	1	1
g02973	7	0	11	0	Inf	1	1
g00546	7	0	11	0	Inf	1	1
g00352	7	0	11	0	Inf	1	1
g03902	7	0	11	0	Inf	1	1
g01676	7	0	11	0	Inf	1	1
g01859	7	0	11	0	Inf	1	1
g01003	7	0	11	0	Inf	1	1
g00244	7	0	11	0	Inf	1	1
g01184	7	0	11	0	Inf	1	1
g00502	7	0	11	0	Inf	1	1
g00191	7	0	11	0	Inf	1	1
g01642	7	0	11	0	Inf	1	1
g00741	7	0	11	0	Inf	1	1
g01690	7	0	11	0	Inf	1	1
g02262	7	0	11	0	Inf	1	1
g01665	7	0	11	0	Inf	1	1
g03814	7	0	11	0	Inf	1	1
g02369	7	0	11	0	Inf	1	1
g00213	7	0	11	0	Inf	1	1
g00761	7	0	11	0	Inf	1	1
g01712	7	0	11	0	Inf	1	1
g02932	7	0	11	0	Inf	1	1
g01987	7	0	11	0	Inf	1	1
g01654	7	0	11	0	Inf	1	1
g02150	7	0	11	0	Inf	1	1
g04578	7	0	11	0	Inf	1	1
g02304	7	0	11	0	Inf	1	1
g01835	7	0	11	0	Inf	1	1
g02699	7	0	11	0	Inf	1	1
g01319	7	0	11	0	Inf	1	1
g00266	7	0	11	0	Inf	1	1
g01054	7	0	11	0	Inf	1	1
g01689	7	0	11	0	Inf	1	1
g01869	7	0	11	0	Inf	1	1
g02090	7	0	11	0	Inf	1	1
g02832	7	0	11	0	Inf	1	1
g01355	7	0	11	0	Inf	1	1
g01419	7	0	11	0	Inf	1	1
g00332	7	0	11	0	Inf	1	1
g00645	7	0	11	0	Inf	1	1
g00120	7	0	11	0	Inf	1	1
g00138	7	0	11	0	Inf	1	1
g00495	7	0	11	0	Inf	1	1
g02790	7	0	11	0	Inf	1	1
g00416	7	0	11	0	Inf	1	1
g04316	7	0	11	0	Inf	1	1
g04106	7	0	11	0	Inf	1	1
g02937	7	0	11	0	Inf	1	1
g02155	7	0	11	0	Inf	1	1
g03286	7	0	11	0	Inf	1	1
g02575	7	0	11	0	Inf	1	1
g09416	7	0	11	0	Inf	1	1
g00620	7	0	11	0	Inf	1	1
g00776	7	0	11	0	Inf	1	1
g01081	7	0	11	0	Inf	1	1
g03391	7	0	11	0	Inf	1	1
g04523	7	0	11	0	Inf	1	1
g02776	7	0	11	0	Inf	1	1
g01706	7	0	11	0	Inf	1	1
g01349	7	0	11	0	Inf	1	1
g03612	7	0	11	0	Inf	1	1
g02707	7	0	11	0	Inf	1	1
g00451	7	0	11	0	Inf	1	1
g03354	7	0	11	0	Inf	1	1
g03119	7	0	11	0	Inf	1	1
g03046	7	0	11	0	Inf	1	1
g01785	7	0	11	0	Inf	1	1
g02138	7	0	11	0	Inf	1	1
g00627	7	0	11	0	Inf	1	1
g00647	7	0	11	0	Inf	1	1
g00528	7	0	11	0	Inf	1	1
g02822	7	0	11	0	Inf	1	1
g04440	7	0	11	0	Inf	1	1
g02883	7	0	11	0	Inf	1	1
g00855	7	0	11	0	Inf	1	1
g00749	7	0	11	0	Inf	1	1
g02067	7	0	11	0	Inf	1	1
g03682	7	0	11	0	Inf	1	1
g00566	7	0	11	0	Inf	1	1
g01777	7	0	11	0	Inf	1	1
g00083	7	0	11	0	Inf	1	1
g03366	7	0	11	0	Inf	1	1
g02102	7	0	11	0	Inf	1	1
g00119	7	0	11	0	Inf	1	1
g02302	7	0	11	0	Inf	1	1
g03421	7	0	11	0	Inf	1	1
g03152	7	0	11	0	Inf	1	1
g03516	7	0	11	0	Inf	1	1
g02758	7	0	11	0	Inf	1	1
g01748	7	0	11	0	Inf	1	1
g03467	7	0	11	0	Inf	1	1
g03403	7	0	11	0	Inf	1	1
g04512	7	0	11	0	Inf	1	1
g03803	7	0	11	0	Inf	1	1
g02651	7	0	11	0	Inf	1	1
g03924	7	0	11	0	Inf	1	1
g02567	7	0	11	0	Inf	1	1
g01465	7	0	11	0	Inf	1	1
g03114	7	0	11	0	Inf	1	1
g03210	7	0	11	0	Inf	1	1
g04091	7	0	11	0	Inf	1	1
g04014	7	0	11	0	Inf	1	1
g02171	7	0	11	0	Inf	1	1
g01422	7	0	11	0	Inf	1	1
g00838	7	0	11	0	Inf	1	1
g02111	7	0	11	0	Inf	1	1
g01500	7	0	11	0	Inf	1	1
g02338	7	0	11	0	Inf	1	1
g01991	7	0	11	0	Inf	1	1
g02133	7	0	11	0	Inf	1	1
g03390	7	0	11	0	Inf	1	1
g01646	7	0	11	0	Inf	1	1
g01209	7	0	11	0	Inf	1	1
g02175	7	0	11	0	Inf	1	1
g02203	7	0	11	0	Inf	1	1
g01285	7	0	11	0	Inf	1	1
g08881	7	0	11	0	Inf	1	1
g00503	7	0	11	0	Inf	1	1
g02523	7	0	11	0	Inf	1	1
g02984	7	0	11	0	Inf	1	1
g00985	7	0	11	0	Inf	1	1
g02778	7	0	11	0	Inf	1	1
g01655	7	0	11	0	Inf	1	1
g04145	7	0	11	0	Inf	1	1
g01623	7	0	11	0	Inf	1	1
g04158	7	0	11	0	Inf	1	1
g01496	7	0	11	0	Inf	1	1
g00519	7	0	11	0	Inf	1	1
g02431	7	0	11	0	Inf	1	1
g01487	7	0	11	0	Inf	1	1
g02149	7	0	11	0	Inf	1	1
g04021	7	0	11	0	Inf	1	1
g02340	7	0	11	0	Inf	1	1
g04235	7	0	11	0	Inf	1	1
g04521	7	0	11	0	Inf	1	1
g02682	7	0	11	0	Inf	1	1
g01133	7	0	11	0	Inf	1	1
g02782	7	0	11	0	Inf	1	1
g02183	7	0	11	0	Inf	1	1
g02179	7	0	11	0	Inf	1	1
g03151	7	0	11	0	Inf	1	1
g00845	7	0	11	0	Inf	1	1
g04561	7	0	11	0	Inf	1	1
g02584	7	0	11	0	Inf	1	1
g02442	7	0	11	0	Inf	1	1
g01279	7	0	11	0	Inf	1	1
g01168	7	0	11	0	Inf	1	1
g02759	7	0	11	0	Inf	1	1
g02334	7	0	11	0	Inf	1	1
g03701	7	0	11	0	Inf	1	1
g04127	7	0	11	0	Inf	1	1
g02947	7	0	11	0	Inf	1	1
g03295	7	0	11	0	Inf	1	1
g03476	7	0	11	0	Inf	1	1
g02899	7	0	11	0	Inf	1	1
g02903	7	0	11	0	Inf	1	1
g01423	7	0	11	0	Inf	1	1
g03062	7	0	11	0	Inf	1	1
g04573	7	0	11	0	Inf	1	1
g00034	7	0	11	0	Inf	1	1
g01246	7	0	11	0	Inf	1	1
g00905	7	0	11	0	Inf	1	1
g01020	7	0	11	0	Inf	1	1
g01392	7	0	11	0	Inf	1	1
g02417	7	0	11	0	Inf	1	1
g00018	7	0	11	0	Inf	1	1
g01142	7	0	11	0	Inf	1	1
g00188	7	0	11	0	Inf	1	1
g00895	7	0	11	0	Inf	1	1
g02066	7	0	11	0	Inf	1	1
g01647	7	0	11	0	Inf	1	1
g02662	7	0	11	0	Inf	1	1
g02388	7	0	11	0	Inf	1	1
g02618	7	0	11	0	Inf	1	1
g00174	7	0	11	0	Inf	1	1
g01170	7	0	11	0	Inf	1	1
g00067	7	0	11	0	Inf	1	1
g00479	7	0	11	0	Inf	1	1
g02313	7	0	11	0	Inf	1	1
g01970	7	0	11	0	Inf	1	1
g01980	7	0	11	0	Inf	1	1
g02221	7	0	11	0	Inf	1	1
g00468	7	0	11	0	Inf	1	1
g03930	7	0	11	0	Inf	1	1
g03574	7	0	11	0	Inf	1	1
g00918	7	0	11	0	Inf	1	1
g01450	7	0	11	0	Inf	1	1
g02649	7	0	11	0	Inf	1	1
g01998	7	0	11	0	Inf	1	1
g03661	7	0	11	0	Inf	1	1
g02469	7	0	11	0	Inf	1	1
g01919	7	0	11	0	Inf	1	1
g01190	7	0	11	0	Inf	1	1
g02439	7	0	11	0	Inf	1	1
g00462	7	0	11	0	Inf	1	1
g02541	7	0	11	0	Inf	1	1
g01429	7	0	11	0	Inf	1	1
g02007	7	0	11	0	Inf	1	1
g02312	7	0	11	0	Inf	1	1
g00226	7	0	11	0	Inf	1	1
g03542	7	0	11	0	Inf	1	1
g02678	7	0	11	0	Inf	1	1
g01613	7	0	11	0	Inf	1	1
g02653	7	0	11	0	Inf	1	1
g02989	7	0	11	0	Inf	1	1
g02573	7	0	11	0	Inf	1	1
g01727	7	0	11	0	Inf	1	1
g03598	7	0	11	0	Inf	1	1
g02835	7	0	11	0	Inf	1	1
g01215	7	0	11	0	Inf	1	1
g02103	7	0	11	0	Inf	1	1
g03221	7	0	11	0	Inf	1	1
g01514	7	0	11	0	Inf	1	1
g02069	7	0	11	0	Inf	1	1
g04217	7	0	11	0	Inf	1	1
g04403	7	0	11	0	Inf	1	1
g02993	7	0	11	0	Inf	1	1
g03530	7	0	11	0	Inf	1	1
g01071	7	0	11	0	Inf	1	1
g02463	7	0	11	0	Inf	1	1
g00797	7	0	11	0	Inf	1	1
g03875	7	0	11	0	Inf	1	1
g02168	7	0	11	0	Inf	1	1
g03269	7	0	11	0	Inf	1	1
g02027	7	0	11	0	Inf	1	1
g03679	7	0	11	0	Inf	1	1
g02193	7	0	11	0	Inf	1	1
g00236	7	0	11	0	Inf	1	1
g03357	7	0	11	0	Inf	1	1
g02377	7	0	11	0	Inf	1	1
g03670	7	0	11	0	Inf	1	1
g01782	7	0	11	0	Inf	1	1
g00359	7	0	11	0	Inf	1	1
g02539	7	0	11	0	Inf	1	1
g03407	7	0	11	0	Inf	1	1
g01843	7	0	11	0	Inf	1	1
g02491	7	0	11	0	Inf	1	1
g01711	7	0	11	0	Inf	1	1
g01864	7	0	11	0	Inf	1	1
g01552	7	0	11	0	Inf	1	1
g02419	7	0	11	0	Inf	1	1
g00320	7	0	11	0	Inf	1	1
g01373	7	0	11	0	Inf	1	1
g01673	7	0	11	0	Inf	1	1
g04393	7	0	11	0	Inf	1	1
g01230	7	0	11	0	Inf	1	1
g04399	7	0	11	0	Inf	1	1
g02604	7	0	11	0	Inf	1	1
g01009	7	0	11	0	Inf	1	1
g00787	7	0	11	0	Inf	1	1
g01770	7	0	11	0	Inf	1	1
g01808	7	0	11	0	Inf	1	1
g01997	7	0	11	0	Inf	1	1
g01447	7	0	11	0	Inf	1	1
g02819	7	0	11	0	Inf	1	1
g00346	7	0	11	0	Inf	1	1
g02317	7	0	11	0	Inf	1	1
g01812	7	0	11	0	Inf	1	1
g00177	7	0	11	0	Inf	1	1
g01321	7	0	11	0	Inf	1	1
g02695	7	0	11	0	Inf	1	1
g01167	7	0	11	0	Inf	1	1
g01297	7	0	11	0	Inf	1	1
g03289	7	0	11	0	Inf	1	1
g00907	7	0	11	0	Inf	1	1
g00524	7	0	11	0	Inf	1	1
g00631	7	0	11	0	Inf	1	1
g00024	7	0	11	0	Inf	1	1
g02991	7	0	11	0	Inf	1	1
g00739	7	0	11	0	Inf	1	1
g04480	7	0	11	0	Inf	1	1
g00007	7	0	11	0	Inf	1	1
g01664	7	0	11	0	Inf	1	1
g07080	7	0	11	0	Inf	1	1
g00591	7	0	11	0	Inf	1	1
g04396	7	0	11	0	Inf	1	1
g00690	7	0	11	0	Inf	1	1
g02434	7	0	11	0	Inf	1	1
g00575	7	0	11	0	Inf	1	1
g01658	7	0	11	0	Inf	1	1
g02528	7	0	11	0	Inf	1	1
g00532	7	0	11	0	Inf	1	1
g02587	7	0	11	0	Inf	1	1
g03716	7	0	11	0	Inf	1	1
g02441	7	0	11	0	Inf	1	1
g00774	7	0	11	0	Inf	1	1
g01013	7	0	11	0	Inf	1	1
g00288	7	0	11	0	Inf	1	1
g08484	7	0	11	0	Inf	1	1
g03137	7	0	11	0	Inf	1	1
g04514	7	0	11	0	Inf	1	1
g02505	7	0	11	0	Inf	1	1
g01136	7	0	11	0	Inf	1	1
g00820	7	0	11	0	Inf	1	1
g02533	7	0	11	0	Inf	1	1
g01201	7	0	11	0	Inf	1	1
g00558	7	0	11	0	Inf	1	1
g02257	7	0	11	0	Inf	1	1
g00143	7	0	11	0	Inf	1	1
g02401	7	0	11	0	Inf	1	1
g01303	7	0	11	0	Inf	1	1
g00888	7	0	11	0	Inf	1	1
g02255	7	0	11	0	Inf	1	1
g02729	7	0	11	0	Inf	1	1
g02593	7	0	11	0	Inf	1	1
g02730	7	0	11	0	Inf	1	1
g02609	7	0	11	0	Inf	1	1
g02404	7	0	11	0	Inf	1	1
g01467	7	0	11	0	Inf	1	1
g03514	7	0	11	0	Inf	1	1
g04577	7	0	11	0	Inf	1	1
g02074	7	0	11	0	Inf	1	1
g00492	7	0	11	0	Inf	1	1
g03616	7	0	11	0	Inf	1	1
g00279	7	0	11	0	Inf	1	1
g01732	7	0	11	0	Inf	1	1
g02291	7	0	11	0	Inf	1	1
g01825	7	0	11	0	Inf	1	1
g01267	7	0	11	0	Inf	1	1
g02538	7	0	11	0	Inf	1	1
g01809	7	0	11	0	Inf	1	1
g01404	7	0	11	0	Inf	1	1
g01562	7	0	11	0	Inf	1	1
g00639	7	0	11	0	Inf	1	1
g01412	7	0	11	0	Inf	1	1
g01414	7	0	11	0	Inf	1	1
g04214	7	0	11	0	Inf	1	1
g02738	7	0	11	0	Inf	1	1
g02476	7	0	11	0	Inf	1	1
g02717	7	0	11	0	Inf	1	1
g01789	7	0	11	0	Inf	1	1
g02246	7	0	11	0	Inf	1	1
g02894	7	0	11	0	Inf	1	1
g03462	7	0	11	0	Inf	1	1
g04520	7	0	11	0	Inf	1	1
g02605	7	0	11	0	Inf	1	1
g00515	7	0	11	0	Inf	1	1
g00688	7	0	11	0	Inf	1	1
g01257	7	0	11	0	Inf	1	1
g00417	7	0	11	0	Inf	1	1
g00997	7	0	11	0	Inf	1	1
g03094	7	0	11	0	Inf	1	1
g02241	7	0	11	0	Inf	1	1
g01828	7	0	11	0	Inf	1	1
g00235	7	0	11	0	Inf	1	1
g01930	7	0	11	0	Inf	1	1
g01340	7	0	11	0	Inf	1	1
g03084	7	0	11	0	Inf	1	1
g03349	7	0	11	0	Inf	1	1
g03677	7	0	11	0	Inf	1	1
g03147	7	0	11	0	Inf	1	1
g02828	7	0	11	0	Inf	1	1
g04530	7	0	11	0	Inf	1	1
g01856	7	0	11	0	Inf	1	1
g01111	7	0	11	0	Inf	1	1
g02418	7	0	11	0	Inf	1	1
g03001	7	0	11	0	Inf	1	1
g02614	7	0	11	0	Inf	1	1
g01629	7	0	11	0	Inf	1	1
g00615	7	0	11	0	Inf	1	1
g00715	7	0	11	0	Inf	1	1
g00198	7	0	11	0	Inf	1	1
g02091	7	0	11	0	Inf	1	1
g01985	7	0	11	0	Inf	1	1
g02783	7	0	11	0	Inf	1	1
g01621	7	0	11	0	Inf	1	1
g02779	7	0	11	0	Inf	1	1
g01546	7	0	11	0	Inf	1	1
g01251	7	0	11	0	Inf	1	1
g01472	7	0	11	0	Inf	1	1
g02127	7	0	11	0	Inf	1	1
g00059	7	0	11	0	Inf	1	1
g00164	7	0	11	0	Inf	1	1
g00973	7	0	11	0	Inf	1	1
g00098	7	0	11	0	Inf	1	1
g01338	7	0	11	0	Inf	1	1
g02978	7	0	11	0	Inf	1	1
g01773	7	0	11	0	Inf	1	1
g02893	7	0	11	0	Inf	1	1
g01066	7	0	11	0	Inf	1	1
g01481	7	0	11	0	Inf	1	1
g04416	7	0	11	0	Inf	1	1
g01307	7	0	11	0	Inf	1	1
g03146	7	0	11	0	Inf	1	1
g03087	7	0	11	0	Inf	1	1
g02135	7	0	11	0	Inf	1	1
g03509	7	0	11	0	Inf	1	1
g00458	7	0	11	0	Inf	1	1
g00687	7	0	11	0	Inf	1	1
g00447	7	0	11	0	Inf	1	1
g00958	7	0	11	0	Inf	1	1
g00459	7	0	11	0	Inf	1	1
g00047	7	0	11	0	Inf	1	1
g00995	7	0	11	0	Inf	1	1
g00859	7	0	11	0	Inf	1	1
g00208	7	0	11	0	Inf	1	1
g01478	7	0	11	0	Inf	1	1
g02361	7	0	11	0	Inf	1	1
g02325	7	0	11	0	Inf	1	1
g01435	7	0	11	0	Inf	1	1
g00604	7	0	11	0	Inf	1	1
g02813	7	0	11	0	Inf	1	1
g02214	7	0	11	0	Inf	1	1
g03235	7	0	11	0	Inf	1	1
g01950	7	0	11	0	Inf	1	1
g00844	7	0	11	0	Inf	1	1
g00703	7	0	11	0	Inf	1	1
g01624	7	0	11	0	Inf	1	1
g00839	7	0	11	0	Inf	1	1
g00166	7	0	11	0	Inf	1	1
g04446	7	0	11	0	Inf	1	1
g03026	7	0	11	0	Inf	1	1
g03676	7	0	11	0	Inf	1	1
g02331	7	0	11	0	Inf	1	1
g03820	7	0	11	0	Inf	1	1
g02765	7	0	11	0	Inf	1	1
g03379	7	0	11	0	Inf	1	1
g03346	7	0	11	0	Inf	1	1
g01994	7	0	11	0	Inf	1	1
g03133	7	0	11	0	Inf	1	1
g02942	7	0	11	0	Inf	1	1
g03110	7	0	11	0	Inf	1	1
g01080	7	0	11	0	Inf	1	1
g02992	7	0	11	0	Inf	1	1
g04506	7	0	11	0	Inf	1	1
g03582	7	0	11	0	Inf	1	1
g02747	7	0	11	0	Inf	1	1
g02409	7	0	11	0	Inf	1	1
g03276	7	0	11	0	Inf	1	1
g04351	7	0	11	0	Inf	1	1
g02058	7	0	11	0	Inf	1	1
g02351	7	0	11	0	Inf	1	1
g03189	7	0	11	0	Inf	1	1
g01484	7	0	11	0	Inf	1	1
g02742	7	0	11	0	Inf	1	1
g03919	7	0	11	0	Inf	1	1
g02109	7	0	11	0	Inf	1	1
g01119	7	0	11	0	Inf	1	1
g02100	7	0	11	0	Inf	1	1
g03399	7	0	11	0	Inf	1	1
g02697	7	0	11	0	Inf	1	1
g03626	7	0	11	0	Inf	1	1
g03072	7	0	11	0	Inf	1	1
g04463	7	0	11	0	Inf	1	1
g01964	7	0	11	0	Inf	1	1
g03740	7	0	11	0	Inf	1	1
g02876	7	0	11	0	Inf	1	1
g01886	7	0	11	0	Inf	1	1
g00250	7	0	11	0	Inf	1	1
g02089	7	0	11	0	Inf	1	1
g02342	7	0	11	0	Inf	1	1
g04475	7	0	11	0	Inf	1	1
g02672	7	0	11	0	Inf	1	1
g00365	7	0	11	0	Inf	1	1
g04406	7	0	11	0	Inf	1	1
g02101	7	0	11	0	Inf	1	1
g03279	7	0	11	0	Inf	1	1
g00572	7	0	11	0	Inf	1	1
g00450	7	0	11	0	Inf	1	1
g01704	7	0	11	0	Inf	1	1
g03699	7	0	11	0	Inf	1	1
g01097	7	0	11	0	Inf	1	1
g03225	7	0	11	0	Inf	1	1
g01686	7	0	11	0	Inf	1	1
g00517	7	0	11	0	Inf	1	1
g02301	7	0	11	0	Inf	1	1
g00801	7	0	11	0	Inf	1	1
g00187	7	0	11	0	Inf	1	1
g00538	7	0	11	0	Inf	1	1
g00321	7	0	11	0	Inf	1	1
g02222	7	0	11	0	Inf	1	1
g03339	7	0	11	0	Inf	1	1
g01008	7	0	11	0	Inf	1	1
g01271	7	0	11	0	Inf	1	1
g01242	7	0	11	0	Inf	1	1
g00040	7	0	11	0	Inf	1	1
g01951	7	0	11	0	Inf	1	1
g00638	7	0	11	0	Inf	1	1
g02157	7	0	11	0	Inf	1	1
g02971	7	0	11	0	Inf	1	1
g02914	7	0	11	0	Inf	1	1
g02600	7	0	11	0	Inf	1	1
g01945	7	0	11	0	Inf	1	1
g02608	7	0	11	0	Inf	1	1
g01233	7	0	11	0	Inf	1	1
g03086	7	0	11	0	Inf	1	1
g03191	7	0	11	0	Inf	1	1
g02655	7	0	11	0	Inf	1	1
g03452	7	0	11	0	Inf	1	1
g02793	7	0	11	0	Inf	1	1
g02864	7	0	11	0	Inf	1	1
g03713	7	0	11	0	Inf	1	1
g03054	7	0	11	0	Inf	1	1
g00653	7	0	11	0	Inf	1	1
g03777	7	0	11	0	Inf	1	1
g01243	7	0	11	0	Inf	1	1
g04408	7	0	11	0	Inf	1	1
g02106	7	0	11	0	Inf	1	1
g02516	7	0	11	0	Inf	1	1
g01153	7	0	11	0	Inf	1	1
g01797	7	0	11	0	Inf	1	1
g01916	7	0	11	0	Inf	1	1
g00372	7	0	11	0	Inf	1	1
g01134	7	0	11	0	Inf	1	1
g01883	7	0	11	0	Inf	1	1
g00006	7	0	11	0	Inf	1	1
g01698	7	0	11	0	Inf	1	1
g00493	7	0	11	0	Inf	1	1
g00514	7	0	11	0	Inf	1	1
g00911	7	0	11	0	Inf	1	1
g03284	7	0	11	0	Inf	1	1
g02800	7	0	11	0	Inf	1	1
g02073	7	0	11	0	Inf	1	1
g04409	7	0	11	0	Inf	1	1
g01850	7	0	11	0	Inf	1	1
g04061	7	0	11	0	Inf	1	1
g01443	7	0	11	0	Inf	1	1
g03175	7	0	11	0	Inf	1	1
g01688	7	0	11	0	Inf	1	1
g03789	7	0	11	0	Inf	1	1
g02777	7	0	11	0	Inf	1	1
g02210	7	0	11	0	Inf	1	1
g02582	7	0	11	0	Inf	1	1
g02403	7	0	11	0	Inf	1	1
g02958	7	0	11	0	Inf	1	1
g01016	7	0	11	0	Inf	1	1
g00784	7	0	11	0	Inf	1	1
g01121	7	0	11	0	Inf	1	1
g02098	7	0	11	0	Inf	1	1
g04331	7	0	11	0	Inf	1	1
g01400	7	0	11	0	Inf	1	1
g02741	7	0	11	0	Inf	1	1
g01305	7	0	11	0	Inf	1	1
g00391	7	0	11	0	Inf	1	1
g01498	7	0	11	0	Inf	1	1
g03506	7	0	11	0	Inf	1	1
g03115	7	0	11	0	Inf	1	1
g03700	7	0	11	0	Inf	1	1
g03468	7	0	11	0	Inf	1	1
g02395	7	0	11	0	Inf	1	1
g03728	7	0	11	0	Inf	1	1
g02494	7	0	11	0	Inf	1	1
g02879	7	0	11	0	Inf	1	1
g03131	7	0	11	0	Inf	1	1
g02807	7	0	11	0	Inf	1	1
g04276	7	0	11	0	Inf	1	1
g04535	7	0	11	0	Inf	1	1
g04271	7	0	11	0	Inf	1	1
g02394	7	0	11	0	Inf	1	1
g01974	7	0	11	0	Inf	1	1
g03350	7	0	11	0	Inf	1	1
g03338	7	0	11	0	Inf	1	1
g02810	7	0	11	0	Inf	1	1
g04469	7	0	11	0	Inf	1	1
g00829	7	0	11	0	Inf	1	1
g02384	7	0	11	0	Inf	1	1
g01973	7	0	11	0	Inf	1	1
g01258	7	0	11	0	Inf	1	1
g02703	7	0	11	0	Inf	1	1
g03773	7	0	11	0	Inf	1	1
g01387	7	0	11	0	Inf	1	1
g03968	7	0	11	0	Inf	1	1
g01126	7	0	11	0	Inf	1	1
g01906	7	0	11	0	Inf	1	1
g02912	7	0	11	0	Inf	1	1
g04242	7	0	11	0	Inf	1	1
g04198	7	0	11	0	Inf	1	1
g02630	7	0	11	0	Inf	1	1
g04490	7	0	11	0	Inf	1	1
g02866	7	0	11	0	Inf	1	1
g01155	7	0	11	0	Inf	1	1
g02663	7	0	11	0	Inf	1	1
g02821	7	0	11	0	Inf	1	1
g02287	7	0	11	0	Inf	1	1
g01743	7	0	11	0	Inf	1	1
g02083	7	0	11	0	Inf	1	1
g01036	7	0	11	0	Inf	1	1
g00938	7	0	11	0	Inf	1	1
g00613	7	0	11	0	Inf	1	1
g01519	7	0	11	0	Inf	1	1
g00717	7	0	11	0	Inf	1	1
g01564	7	0	11	0	Inf	1	1
g02438	7	0	11	0	Inf	1	1
g03416	7	0	11	0	Inf	1	1
g04249	7	0	11	0	Inf	1	1
g03521	7	0	11	0	Inf	1	1
g04037	7	0	11	0	Inf	1	1
g03055	7	0	11	0	Inf	1	1
g03127	7	0	11	0	Inf	1	1
g03340	7	0	11	0	Inf	1	1
g02426	7	0	11	0	Inf	1	1
g04584	7	0	11	0	Inf	1	1
g03829	7	0	11	0	Inf	1	1
g02412	7	0	11	0	Inf	1	1
g04071	7	0	11	0	Inf	1	1
g03226	7	0	11	0	Inf	1	1
g02093	7	0	11	0	Inf	1	1
g03077	7	0	11	0	Inf	1	1
g03004	7	0	11	0	Inf	1	1
g03028	7	0	11	0	Inf	1	1
g02956	7	0	11	0	Inf	1	1
g02169	7	0	11	0	Inf	1	1
g00060	7	0	11	0	Inf	1	1
g03135	7	0	11	0	Inf	1	1
g02461	7	0	11	0	Inf	1	1
g02964	7	0	11	0	Inf	1	1
g04462	7	0	11	0	Inf	1	1
g02953	7	0	11	0	Inf	1	1
g02969	7	0	11	0	Inf	1	1
g01603	7	0	11	0	Inf	1	1
g04540	7	0	11	0	Inf	1	1
g02700	7	0	11	0	Inf	1	1
g03042	7	0	11	0	Inf	1	1
g00915	7	0	11	0	Inf	1	1
g02749	7	0	11	0	Inf	1	1
g02112	7	0	11	0	Inf	1	1
g01842	7	0	11	0	Inf	1	1
g04367	7	0	11	0	Inf	1	1
g01917	7	0	11	0	Inf	1	1
g03129	7	0	11	0	Inf	1	1
g04358	7	0	11	0	Inf	1	1
g03710	7	0	11	0	Inf	1	1
g01272	7	0	11	0	Inf	1	1
g02716	7	0	11	0	Inf	1	1
g02626	7	0	11	0	Inf	1	1
g03112	7	0	11	0	Inf	1	1
g03331	7	0	11	0	Inf	1	1
g01653	7	0	11	0	Inf	1	1
g02985	7	0	11	0	Inf	1	1
g03862	7	0	11	0	Inf	1	1
g00163	7	0	11	0	Inf	1	1
g01035	7	0	11	0	Inf	1	1
g02079	7	0	11	0	Inf	1	1
g01979	7	0	11	0	Inf	1	1
g00182	7	0	11	0	Inf	1	1
g00065	7	0	11	0	Inf	1	1
g00292	7	0	11	0	Inf	1	1
g01384	7	0	11	0	Inf	1	1
g01299	7	0	11	0	Inf	1	1
g00494	7	0	11	0	Inf	1	1
g04391	7	0	11	0	Inf	1	1
g01292	7	0	11	0	Inf	1	1
g00219	7	0	11	0	Inf	1	1
g02121	7	0	11	0	Inf	1	1
g00596	7	0	11	0	Inf	1	1
g00767	7	0	11	0	Inf	1	1
g00192	7	0	11	0	Inf	1	1
g01199	7	0	11	0	Inf	1	1
g01771	7	0	11	0	Inf	1	1
g03600	7	0	11	0	Inf	1	1
g01383	7	0	11	0	Inf	1	1
g03556	7	0	11	0	Inf	1	1
g00091	7	0	11	0	Inf	1	1
g03986	7	0	11	0	Inf	1	1
g01362	7	0	11	0	Inf	1	1
g02773	7	0	11	0	Inf	1	1
g02770	7	0	11	0	Inf	1	1
g04042	7	0	11	0	Inf	1	1
g04119	7	0	11	0	Inf	1	1
g01010	7	0	11	0	Inf	1	1
g01965	7	0	11	0	Inf	1	1
g01903	7	0	11	0	Inf	1	1
g03000	7	0	11	0	Inf	1	1
g02972	7	0	11	0	Inf	1	1
g00340	7	0	11	0	Inf	1	1
g00031	7	0	11	0	Inf	1	1
g02513	7	0	11	0	Inf	1	1
g02861	7	0	11	0	Inf	1	1
g02508	7	0	11	0	Inf	1	1
g03852	7	0	11	0	Inf	1	1
g01438	7	0	11	0	Inf	1	1
g02371	7	0	11	0	Inf	1	1
g00293	7	0	11	0	Inf	1	1
g01022	7	0	11	0	Inf	1	1
g01788	7	0	11	0	Inf	1	1
g01895	7	0	11	0	Inf	1	1
g01733	7	0	11	0	Inf	1	1
g02260	7	0	11	0	Inf	1	1
g02718	7	0	11	0	Inf	1	1
g00061	7	0	11	0	Inf	1	1
g03839	7	0	11	0	Inf	1	1
g03610	7	0	11	0	Inf	1	1
g01122	7	0	11	0	Inf	1	1
g01884	7	0	11	0	Inf	1	1
g04395	7	0	11	0	Inf	1	1
g04435	7	0	11	0	Inf	1	1
g03555	7	0	11	0	Inf	1	1
g02855	7	0	11	0	Inf	1	1
g04309	7	0	11	0	Inf	1	1
g04588	7	0	11	0	Inf	1	1
g01028	7	0	11	0	Inf	1	1
g02860	7	0	11	0	Inf	1	1
g03388	7	0	11	0	Inf	1	1
g02680	7	0	11	0	Inf	1	1
g03037	7	0	11	0	Inf	1	1
g03662	7	0	11	0	Inf	1	1
g03250	7	0	11	0	Inf	1	1
g03704	7	0	11	0	Inf	1	1
g02160	7	0	11	0	Inf	1	1
g01105	7	0	11	0	Inf	1	1
g01637	7	0	11	0	Inf	1	1
g01070	7	0	11	0	Inf	1	1
g00652	7	0	11	0	Inf	1	1
g02659	7	0	11	0	Inf	1	1
g03918	7	0	11	0	Inf	1	1
g03929	7	0	11	0	Inf	1	1
g02705	7	0	11	0	Inf	1	1
g02131	7	0	11	0	Inf	1	1
g03618	7	0	11	0	Inf	1	1
g03478	7	0	11	0	Inf	1	1
g02962	7	0	11	0	Inf	1	1
g01486	7	0	11	0	Inf	1	1
g02734	7	0	11	0	Inf	1	1
g03484	7	0	11	0	Inf	1	1
g03177	7	0	11	0	Inf	1	1
g02227	7	0	11	0	Inf	1	1
g03159	7	0	11	0	Inf	1	1
g03104	7	0	11	0	Inf	1	1
g00436	7	0	11	0	Inf	1	1
g01238	7	0	11	0	Inf	1	1
g03641	7	0	11	0	Inf	1	1
g02415	7	0	11	0	Inf	1	1
g03014	7	0	11	0	Inf	1	1
g04436	7	0	11	0	Inf	1	1
g03245	7	0	11	0	Inf	1	1
g03049	7	0	11	0	Inf	1	1
g03932	7	0	11	0	Inf	1	1
g00477	7	0	11	0	Inf	1	1
g01207	7	0	11	0	Inf	1	1
g02846	7	0	11	0	Inf	1	1
g01522	7	0	11	0	Inf	1	1
g00593	7	0	11	0	Inf	1	1
g01657	7	0	11	0	Inf	1	1
g00862	7	0	11	0	Inf	1	1
g01336	7	0	11	0	Inf	1	1
g01827	7	0	11	0	Inf	1	1
g00155	7	0	11	0	Inf	1	1
g00577	7	0	11	0	Inf	1	1
g00358	7	0	11	0	Inf	1	1
g01361	7	0	11	0	Inf	1	1
g02295	7	0	11	0	Inf	1	1
g01503	7	0	11	0	Inf	1	1
g02162	7	0	11	0	Inf	1	1
g01463	7	0	11	0	Inf	1	1
g01283	7	0	11	0	Inf	1	1
g00325	7	0	11	0	Inf	1	1
g00364	7	0	11	0	Inf	1	1
g00080	7	0	11	0	Inf	1	1
g00453	7	0	11	0	Inf	1	1
g00369	7	0	11	0	Inf	1	1
g00070	7	0	11	0	Inf	1	1
g00783	7	0	11	0	Inf	1	1
g00116	7	0	11	0	Inf	1	1
g01901	7	0	11	0	Inf	1	1
g02045	7	0	11	0	Inf	1	1
g01784	7	0	11	0	Inf	1	1
g03681	7	0	11	0	Inf	1	1
g00585	7	0	11	0	Inf	1	1
g03844	7	0	11	0	Inf	1	1
g02569	7	0	11	0	Inf	1	1
g01417	7	0	11	0	Inf	1	1
g00661	7	0	11	0	Inf	1	1
g04131	7	0	11	0	Inf	1	1
g02368	7	0	11	0	Inf	1	1
g00743	7	0	11	0	Inf	1	1
g01356	7	0	11	0	Inf	1	1
g01534	7	0	11	0	Inf	1	1
g00541	7	0	11	0	Inf	1	1
g03881	7	0	11	0	Inf	1	1
g02310	7	0	11	0	Inf	1	1
g03018	7	0	11	0	Inf	1	1
g03063	7	0	11	0	Inf	1	1
g02534	7	0	11	0	Inf	1	1
g02796	7	0	11	0	Inf	1	1
g00184	7	0	11	0	Inf	1	1
g02017	7	0	11	0	Inf	1	1
g01705	7	0	11	0	Inf	1	1
g01284	7	0	11	0	Inf	1	1
g03351	7	0	11	0	Inf	1	1
g04052	7	0	11	0	Inf	1	1
g03022	7	0	11	0	Inf	1	1
g03406	7	0	11	0	Inf	1	1
g03195	7	0	11	0	Inf	1	1
g03275	7	0	11	0	Inf	1	1
g02053	7	0	11	0	Inf	1	1
g08864	7	0	11	0	Inf	1	1
g01195	7	0	11	0	Inf	1	1
g01300	7	0	11	0	Inf	1	1
g02243	7	0	11	0	Inf	1	1
g02140	7	0	11	0	Inf	1	1
g02771	7	0	11	0	Inf	1	1
g03652	7	0	11	0	Inf	1	1
g04365	7	0	11	0	Inf	1	1
g03812	7	0	11	0	Inf	1	1
g02118	7	0	11	0	Inf	1	1
g00230	7	0	11	0	Inf	1	1
g04264	7	0	11	0	Inf	1	1
g02982	7	0	11	0	Inf	1	1
g03216	7	0	11	0	Inf	1	1
g03234	7	0	11	0	Inf	1	1
g02767	7	0	11	0	Inf	1	1
g01584	7	0	11	0	Inf	1	1
g02356	7	0	11	0	Inf	1	1
g02123	7	0	11	0	Inf	1	1
g00953	7	0	11	0	Inf	1	1
g02046	7	0	11	0	Inf	1	1
g01601	7	0	11	0	Inf	1	1
g03358	7	0	11	0	Inf	1	1
g03021	7	0	11	0	Inf	1	1
g03949	7	0	11	0	Inf	1	1
g02772	7	0	11	0	Inf	1	1
g01483	7	0	11	0	Inf	1	1
g01426	7	0	11	0	Inf	1	1
g02652	7	0	11	0	Inf	1	1
g01940	7	0	11	0	Inf	1	1
g03615	7	0	11	0	Inf	1	1
g01898	7	0	11	0	Inf	1	1
g04418	7	0	11	0	Inf	1	1
g04317	7	0	11	0	Inf	1	1
g04585	7	0	11	0	Inf	1	1
g02309	7	0	11	0	Inf	1	1
g04346	7	0	11	0	Inf	1	1
g02763	7	0	11	0	Inf	1	1
g04534	7	0	11	0	Inf	1	1
g03185	7	0	11	0	Inf	1	1
g02385	7	0	11	0	Inf	1	1
g01683	7	0	11	0	Inf	1	1
g00511	7	0	11	0	Inf	1	1
g03608	7	0	11	0	Inf	1	1
g04582	7	0	11	0	Inf	1	1
g00836	7	0	11	0	Inf	1	1
g02086	7	0	11	0	Inf	1	1
g01852	7	0	11	0	Inf	1	1
g03099	7	0	11	0	Inf	1	1
g03922	7	0	11	0	Inf	1	1
g04241	7	0	11	0	Inf	1	1
g04019	7	0	11	0	Inf	1	1
g00136	7	0	11	0	Inf	1	1
g03335	7	0	11	0	Inf	1	1
g01591	7	0	11	0	Inf	1	1
g01045	7	0	11	0	Inf	1	1
g00900	7	0	11	0	Inf	1	1
g01941	7	0	11	0	Inf	1	1
g04104	7	0	11	0	Inf	1	1
g02906	7	0	11	0	Inf	1	1
g03124	7	0	11	0	Inf	1	1
g01701	7	0	11	0	Inf	1	1
g03427	7	0	11	0	Inf	1	1
g02882	7	0	11	0	Inf	1	1
g00240	7	0	11	0	Inf	1	1
g00157	7	0	11	0	Inf	1	1
g00896	7	0	11	0	Inf	1	1
g00108	7	0	11	0	Inf	1	1
g00263	7	0	11	0	Inf	1	1
g02723	7	0	11	0	Inf	1	1
g02721	7	0	11	0	Inf	1	1
g00023	7	0	11	0	Inf	1	1
g02013	7	0	11	0	Inf	1	1
g01198	7	0	11	0	Inf	1	1
g03760	7	0	11	0	Inf	1	1
g01717	7	0	11	0	Inf	1	1
g02674	7	0	11	0	Inf	1	1
g02113	7	0	11	0	Inf	1	1
g00144	7	0	11	0	Inf	1	1
g02075	7	0	11	0	Inf	1	1
g03206	7	0	11	0	Inf	1	1
g02811	7	0	11	0	Inf	1	1
g00167	7	0	11	0	Inf	1	1
g00254	7	0	11	0	Inf	1	1
g02986	7	0	11	0	Inf	1	1
g00831	7	0	11	0	Inf	1	1
g00672	7	0	11	0	Inf	1	1
g00759	7	0	11	0	Inf	1	1
g02650	7	0	11	0	Inf	1	1
g00299	7	0	11	0	Inf	1	1
g02610	7	0	11	0	Inf	1	1
g00220	7	0	11	0	Inf	1	1
g01214	7	0	11	0	Inf	1	1
g00887	7	0	11	0	Inf	1	1
g01371	7	0	11	0	Inf	1	1
g03474	7	0	11	0	Inf	1	1
g02592	7	0	11	0	Inf	1	1
g01294	7	0	11	0	Inf	1	1
g02349	7	0	11	0	Inf	1	1
g02393	7	0	11	0	Inf	1	1
g02239	7	0	11	0	Inf	1	1
g02719	7	0	11	0	Inf	1	1
g02799	7	0	11	0	Inf	1	1
g02330	7	0	11	0	Inf	1	1
g02172	7	0	11	0	Inf	1	1
g02471	7	0	11	0	Inf	1	1
g04336	7	0	11	0	Inf	1	1
g02664	7	0	11	0	Inf	1	1
g02948	7	0	11	0	Inf	1	1
g04065	7	0	11	0	Inf	1	1
g03025	7	0	11	0	Inf	1	1
g03134	7	0	11	0	Inf	1	1
g04404	7	0	11	0	Inf	1	1
g02615	7	0	11	0	Inf	1	1
g01598	7	0	11	0	Inf	1	1
g00677	7	0	11	0	Inf	1	1
g02481	7	0	11	0	Inf	1	1
g04320	7	0	11	0	Inf	1	1
g00432	7	0	11	0	Inf	1	1
g02926	7	0	11	0	Inf	1	1
g01858	7	0	11	0	Inf	1	1
g00704	7	0	11	0	Inf	1	1
g00291	7	0	11	0	Inf	1	1
g01545	7	0	11	0	Inf	1	1
g01599	7	0	11	0	Inf	1	1
g02702	7	0	11	0	Inf	1	1
g04484	7	0	11	0	Inf	1	1
g02922	7	0	11	0	Inf	1	1
g03436	7	0	11	0	Inf	1	1
g01347	7	0	11	0	Inf	1	1
g01033	7	0	11	0	Inf	1	1
g01216	7	0	11	0	Inf	1	1
g01792	7	0	11	0	Inf	1	1
g00788	7	0	11	0	Inf	1	1
g02224	7	0	11	0	Inf	1	1
g02061	7	0	11	0	Inf	1	1
g02624	7	0	11	0	Inf	1	1
g00826	7	0	11	0	Inf	1	1
g00280	7	0	11	0	Inf	1	1
g02530	7	0	11	0	Inf	1	1
g03624	7	0	11	0	Inf	1	1
g01983	7	0	11	0	Inf	1	1
g03830	7	0	11	0	Inf	1	1
g03171	7	0	11	0	Inf	1	1
g01540	7	0	11	0	Inf	1	1
g02881	7	0	11	0	Inf	1	1
g00720	7	0	11	0	Inf	1	1
g00619	7	0	11	0	Inf	1	1
g00371	7	0	11	0	Inf	1	1
g00770	7	0	11	0	Inf	1	1
g02642	7	0	11	0	Inf	1	1
g04443	7	0	11	0	Inf	1	1
g02724	7	0	11	0	Inf	1	1
g02736	7	0	11	0	Inf	1	1
g01063	7	0	11	0	Inf	1	1
g01413	7	0	11	0	Inf	1	1
g02040	7	0	11	0	Inf	1	1
g03355	7	0	11	0	Inf	1	1
g03341	7	0	11	0	Inf	1	1
g03224	7	0	11	0	Inf	1	1
g02355	7	0	11	0	Inf	1	1
g03078	7	0	11	0	Inf	1	1
g04177	7	0	11	0	Inf	1	1
g02925	7	0	11	0	Inf	1	1
g02185	7	0	11	0	Inf	1	1
g02147	7	0	11	0	Inf	1	1
g00367	7	0	11	0	Inf	1	1
g00406	7	0	11	0	Inf	1	1
g00868	7	0	11	0	Inf	1	1
g01394	7	0	11	0	Inf	1	1
g02458	7	0	11	0	Inf	1	1
g00126	7	0	11	0	Inf	1	1
g01240	7	0	11	0	Inf	1	1
g02043	7	0	11	0	Inf	1	1
g00735	7	0	11	0	Inf	1	1
g01428	7	0	11	0	Inf	1	1
g00387	7	0	11	0	Inf	1	1
g02107	7	0	11	0	Inf	1	1
g00965	7	0	11	0	Inf	1	1
g00085	7	0	11	0	Inf	1	1
g01722	7	0	11	0	Inf	1	1
g01821	7	0	11	0	Inf	1	1
g00496	7	0	11	0	Inf	1	1
g00107	7	0	11	0	Inf	1	1
g01048	7	0	11	0	Inf	1	1
g02358	7	0	11	0	Inf	1	1
g04295	7	0	11	0	Inf	1	1
g02979	7	0	11	0	Inf	1	1
g01000	7	0	11	0	Inf	1	1
g03106	7	0	11	0	Inf	1	1
g03144	7	0	11	0	Inf	1	1
g00756	7	0	11	0	Inf	1	1
g03051	7	0	11	0	Inf	1	1
g02673	7	0	11	0	Inf	1	1
g02706	7	0	11	0	Inf	1	1
g04325	7	0	11	0	Inf	1	1
g02280	7	0	11	0	Inf	1	1
g03546	7	0	11	0	Inf	1	1
g02532	7	0	11	0	Inf	1	1
g04362	7	0	11	0	Inf	1	1
g01685	7	0	11	0	Inf	1	1
g01516	7	0	11	0	Inf	1	1
g01208	7	0	11	0	Inf	1	1
g01101	7	0	11	0	Inf	1	1
g01074	7	0	11	0	Inf	1	1
g03747	7	0	11	0	Inf	1	1
g01369	7	0	11	0	Inf	1	1
g01616	7	0	11	0	Inf	1	1
g04332	7	0	11	0	Inf	1	1
g03970	7	0	11	0	Inf	1	1
g01234	7	0	11	0	Inf	1	1
g01078	7	0	11	0	Inf	1	1
g01960	7	0	11	0	Inf	1	1
g03056	7	0	11	0	Inf	1	1
g01139	7	0	11	0	Inf	1	1
g00540	7	0	11	0	Inf	1	1
g03118	7	0	11	0	Inf	1	1
g01106	7	0	11	0	Inf	1	1
g00954	7	0	11	0	Inf	1	1
g01182	7	0	11	0	Inf	1	1
g02847	7	0	11	0	Inf	1	1
g02122	7	0	11	0	Inf	1	1
g02032	7	0	11	0	Inf	1	1
g02365	7	0	11	0	Inf	1	1
g02176	7	0	11	0	Inf	1	1
g00939	7	0	11	0	Inf	1	1
g04402	7	0	11	0	Inf	1	1
g02198	7	0	11	0	Inf	1	1
g03384	7	0	11	0	Inf	1	1
g02976	7	0	11	0	Inf	1	1
g03091	7	0	11	0	Inf	1	1
g03409	7	0	11	0	Inf	1	1
g01617	7	0	11	0	Inf	1	1
g01427	7	0	11	0	Inf	1	1
g01077	7	0	11	0	Inf	1	1
g02085	7	0	11	0	Inf	1	1
g01050	7	0	11	0	Inf	1	1
g02152	7	0	11	0	Inf	1	1
g01223	7	0	11	0	Inf	1	1
g04353	7	0	11	0	Inf	1	1
g02424	7	0	11	0	Inf	1	1
g03285	7	0	11	0	Inf	1	1
g03102	7	0	11	0	Inf	1	1
g07882	7	0	11	0	Inf	1	1
g02259	7	0	11	0	Inf	1	1
g03628	7	0	11	0	Inf	1	1
g03501	7	0	11	0	Inf	1	1
g02373	7	0	11	0	Inf	1	1
g02333	7	0	11	0	Inf	1	1
g01888	7	0	11	0	Inf	1	1
g03020	7	0	11	0	Inf	1	1
g02952	7	0	11	0	Inf	1	1
g02026	7	0	11	0	Inf	1	1
g03607	7	0	11	0	Inf	1	1
g03880	7	0	11	0	Inf	1	1
g01269	7	0	11	0	Inf	1	1
g02585	7	0	11	0	Inf	1	1
g01318	7	0	11	0	Inf	1	1
g01116	7	0	11	0	Inf	1	1
g01320	7	0	11	0	Inf	1	1
g01529	7	0	11	0	Inf	1	1
g02686	7	0	11	0	Inf	1	1
g02132	7	0	11	0	Inf	1	1
g04338	7	0	11	0	Inf	1	1
g02806	7	0	11	0	Inf	1	1
g01959	7	0	11	0	Inf	1	1
g02701	7	0	11	0	Inf	1	1
g02669	7	0	11	0	Inf	1	1
g04300	7	0	11	0	Inf	1	1
g00185	7	0	11	0	Inf	1	1
g00894	7	0	11	0	Inf	1	1
g00246	7	0	11	0	Inf	1	1
g00275	7	0	11	0	Inf	1	1
g00498	7	0	11	0	Inf	1	1
g00480	7	0	11	0	Inf	1	1
g01328	7	0	11	0	Inf	1	1
g01315	7	0	11	0	Inf	1	1
g00780	7	0	11	0	Inf	1	1
g00768	7	0	11	0	Inf	1	1
g01218	7	0	11	0	Inf	1	1
g00036	7	0	11	0	Inf	1	1
g00173	7	0	11	0	Inf	1	1
g00267	7	0	11	0	Inf	1	1
g00929	7	0	11	0	Inf	1	1
g02116	7	0	11	0	Inf	1	1
g00169	7	0	11	0	Inf	1	1
g03038	7	0	11	0	Inf	1	1
g03264	7	0	11	0	Inf	1	1
g02182	7	0	11	0	Inf	1	1
g02272	7	0	11	0	Inf	1	1
g02844	7	0	11	0	Inf	1	1
g00071	7	0	11	0	Inf	1	1
g04533	7	0	11	0	Inf	1	1
g01178	7	0	11	0	Inf	1	1
g00134	7	0	11	0	Inf	1	1
g01539	7	0	11	0	Inf	1	1
g00830	7	0	11	0	Inf	1	1
g01051	7	0	11	0	Inf	1	1
g01668	7	0	11	0	Inf	1	1
g03650	7	0	11	0	Inf	1	1
g02928	7	0	11	0	Inf	1	1
g03260	7	0	11	0	Inf	1	1
g03240	7	0	11	0	Inf	1	1
g02529	7	0	11	0	Inf	1	1
g00443	7	0	11	0	Inf	1	1
g03466	7	0	11	0	Inf	1	1
g00180	7	0	11	0	Inf	1	1
g04255	7	0	11	0	Inf	1	1
g04470	7	0	11	0	Inf	1	1
g01249	7	0	11	0	Inf	1	1
g00370	7	0	11	0	Inf	1	1
g01220	7	0	11	0	Inf	1	1
g03784	7	0	11	0	Inf	1	1
g01183	7	0	11	0	Inf	1	1
g00253	7	0	11	0	Inf	1	1
g00037	7	0	11	0	Inf	1	1
g01278	7	0	11	0	Inf	1	1
g00461	7	0	11	0	Inf	1	1
g00306	7	0	11	0	Inf	1	1
g00175	7	0	11	0	Inf	1	1
g00506	7	0	11	0	Inf	1	1
g03184	7	0	11	0	Inf	1	1
g02999	7	0	11	0	Inf	1	1
g03154	7	0	11	0	Inf	1	1
g03342	7	0	11	0	Inf	1	1
g03821	7	0	11	0	Inf	1	1
g04272	7	0	11	0	Inf	1	1
g02851	7	0	11	0	Inf	1	1
g02757	7	0	11	0	Inf	1	1
g01148	7	0	11	0	Inf	1	1
g04479	7	0	11	0	Inf	1	1
g00665	7	0	11	0	Inf	1	1
g00924	7	0	11	0	Inf	1	1
g01510	7	0	11	0	Inf	1	1
g01324	7	0	11	0	Inf	1	1
g02816	7	0	11	0	Inf	1	1
g03247	7	0	11	0	Inf	1	1
g06001	7	0	11	0	Inf	1	1
g03117	7	0	11	0	Inf	1	1
g03461	7	0	11	0	Inf	1	1
g03345	7	0	11	0	Inf	1	1
g03139	7	0	11	0	Inf	1	1
g02683	7	0	11	0	Inf	1	1
g03163	7	0	11	0	Inf	1	1
g03203	7	0	11	0	Inf	1	1
g03143	7	0	11	0	Inf	1	1
g03233	7	0	11	0	Inf	1	1
g02996	7	0	11	0	Inf	1	1
g02995	7	0	11	0	Inf	1	1
g03098	7	0	11	0	Inf	1	1
g04200	7	0	11	0	Inf	1	1
g03494	7	0	11	0	Inf	1	1
g09528	7	0	11	0	Inf	1	1
g03248	7	0	11	0	Inf	1	1
g03214	7	0	11	0	Inf	1	1
g04527	7	0	11	0	Inf	1	1
g03067	7	0	11	0	Inf	1	1
g07225	7	0	11	0	Inf	1	1
g03653	7	0	11	0	Inf	1	1
g00399	7	0	11	0	Inf	1	1
g03911	7	0	11	0	Inf	1	1
g08947	7	0	11	0	Inf	1	1
g03310	7	0	11	0	Inf	1	1
g04324	7	0	11	0	Inf	1	1
g01863	7	0	11	0	Inf	1	1
g04550	7	0	11	0	Inf	1	1
g09221	7	0	10	1	Inf	1	1
g05873	7	0	10	1	Inf	1	1
g05503	7	0	10	1	Inf	1	1
g08573	7	0	10	1	Inf	1	1
g07414	7	0	10	1	Inf	1	1
g06847	7	0	10	1	Inf	1	1
g05245	7	0	10	1	Inf	1	1
g07960	7	0	10	1	Inf	1	1
g05925	7	0	10	1	Inf	1	1
g08666	7	0	10	1	Inf	1	1
g05681	7	0	10	1	Inf	1	1
g06198	7	0	10	1	Inf	1	1
g06822	7	0	10	1	Inf	1	1
g05723	7	0	10	1	Inf	1	1
g07511	7	0	10	1	Inf	1	1
g09385	7	0	10	1	Inf	1	1
g06533	7	0	10	1	Inf	1	1
g06290	7	0	10	1	Inf	1	1
g08205	7	0	10	1	Inf	1	1
g04675	7	0	10	1	Inf	1	1
g09437	7	0	10	1	Inf	1	1
g08753	7	0	10	1	Inf	1	1
g06035	7	0	10	1	Inf	1	1
g08191	7	0	10	1	Inf	1	1
g04375	7	0	10	1	Inf	1	1
g05448	7	0	10	1	Inf	1	1
g07152	7	0	10	1	Inf	1	1
g08380	7	0	10	1	Inf	1	1
g07871	7	0	10	1	Inf	1	1
g09228	7	0	10	1	Inf	1	1
g09043	6	1	11	0	0	0.388888888888889	1
g08401	6	1	11	0	0	0.388888888888889	1
g08415	6	1	11	0	0	0.388888888888889	1
g03194	6	1	11	0	0	0.388888888888889	1
g03196	6	1	11	0	0	0.388888888888889	1
g04761	6	1	11	0	0	0.388888888888889	1
g05108	6	1	11	0	0	0.388888888888889	1
g08403	6	1	11	0	0	0.388888888888889	1
g03737	6	1	11	0	0	0.388888888888889	1
g04188	6	1	11	0	0	0.388888888888889	1
g08354	6	1	11	0	0	0.388888888888889	1
g08988	6	1	11	0	0	0.388888888888889	1
g05769	6	1	11	0	0	0.388888888888889	1
g03920	6	1	11	0	0	0.388888888888889	1
g09337	6	1	11	0	0	0.388888888888889	1
g05016	6	1	11	0	0	0.388888888888889	1
g08195	6	1	11	0	0	0.388888888888889	1
g07429	6	1	11	0	0	0.388888888888889	1
g09467	6	1	11	0	0	0.388888888888889	1
g05554	6	1	11	0	0	0.388888888888889	1
g08930	6	1	11	0	0	0.388888888888889	1
g07431	6	1	11	0	0	0.388888888888889	1
g08327	6	1	11	0	0	0.388888888888889	1
g08860	6	1	11	0	0	0.388888888888889	1
g03771	6	1	11	0	0	0.388888888888889	1
g04605	6	1	11	0	0	0.388888888888889	1
g07158	6	1	11	0	0	0.388888888888889	1
g07079	6	1	11	0	0	0.388888888888889	1
g09489	6	1	11	0	0	0.388888888888889	1
g06744	6	1	11	0	0	0.388888888888889	1
g05096	6	1	11	0	0	0.388888888888889	1
g07055	6	1	11	0	0	0.388888888888889	1
g07031	6	1	11	0	0	0.388888888888889	1
g09456	6	1	11	0	0	0.388888888888889	1
g04944	6	1	11	0	0	0.388888888888889	1
g08096	6	1	11	0	0	0.388888888888889	1
g05675	6	1	11	0	0	0.388888888888889	1
g07446	6	1	11	0	0	0.388888888888889	1
g08807	7	0	10	1	Inf	1	1
g05444	7	0	10	1	Inf	1	1
g08700	7	0	10	1	Inf	1	1
g07921	7	0	10	1	Inf	1	1
g06633	7	0	10	1	Inf	1	1
g05948	7	0	10	1	Inf	1	1
g07130	7	0	10	1	Inf	1	1
g07402	7	0	10	1	Inf	1	1
g06611	7	0	10	1	Inf	1	1
g06191	7	0	10	1	Inf	1	1
g06036	7	0	10	1	Inf	1	1
g03035	7	0	10	1	Inf	1	1
g03029	7	0	10	1	Inf	1	1
g03083	7	0	10	1	Inf	1	1
g04478	6	1	11	0	0	0.388888888888889	1
g09375	6	1	11	0	0	0.388888888888889	1
g07136	6	1	11	0	0	0.388888888888889	1
g04410	7	0	10	1	Inf	1	1
g03050	7	0	10	1	Inf	1	1
g03180	7	0	10	1	Inf	1	1
g03082	7	0	10	1	Inf	1	1
g03900	7	0	10	1	Inf	1	1
g07916	7	0	10	1	Inf	1	1
g04581	7	0	10	1	Inf	1	1
g09414	7	0	10	1	Inf	1	1
g03103	6	1	11	0	0	0.388888888888889	1
g03205	6	1	11	0	0	0.388888888888889	1
g06055	6	1	11	0	0	0.388888888888889	1
g09387	6	1	11	0	0	0.388888888888889	1
g08458	7	0	11	0	Inf	1	1
g03039	6	1	11	0	0	0.388888888888889	1
g05204	7	0	10	1	Inf	1	1
g05099	7	0	10	1	Inf	1	1
g03088	7	0	10	1	Inf	1	1
g04195	7	0	10	1	Inf	1	1
g03581	7	0	10	1	Inf	1	1
g03013	7	0	10	1	Inf	1	1
g03749	7	0	10	1	Inf	1	1
g03560	7	0	10	1	Inf	1	1
g03576	7	0	10	1	Inf	1	1
g03539	6	1	11	0	0	0.388888888888889	1
g04297	7	0	10	1	Inf	1	1
g07059	7	0	10	1	Inf	1	1
g04749	6	1	11	0	0	0.388888888888889	1
g09222	6	1	11	0	0	0.388888888888889	1
g03633	7	0	10	1	Inf	1	1
g05581	6	1	11	0	0	0.388888888888889	1
g07253	7	0	10	1	Inf	1	1
g03463	7	0	9	2	Inf	0.496732026143791	1
g03316	7	0	9	2	Inf	0.496732026143791	1
g06922	7	0	9	2	Inf	0.496732026143791	1
g05431	7	0	9	2	Inf	0.496732026143791	1
g09508	7	0	9	2	Inf	0.496732026143791	1
g05970	7	0	9	2	Inf	0.496732026143791	1
g07006	7	0	9	2	Inf	0.496732026143791	1
g07394	7	0	9	2	Inf	0.496732026143791	1
g06267	7	0	9	2	Inf	0.496732026143791	1
g07054	7	0	9	2	Inf	0.496732026143791	1
g03599	7	0	9	2	Inf	0.496732026143791	1
g07935	7	0	9	2	Inf	0.496732026143791	1
g06295	7	0	9	2	Inf	0.496732026143791	1
g04948	7	0	9	2	Inf	0.496732026143791	1
g07052	7	0	9	2	Inf	0.496732026143791	1
g03073	7	0	9	2	Inf	0.496732026143791	1
g09451	6	1	11	0	0	0.388888888888889	1
g07481	6	1	11	0	0	0.388888888888889	1
g09546	6	1	11	0	0	0.388888888888889	1
g03892	6	1	11	0	0	0.388888888888889	1
g04134	6	1	11	0	0	0.388888888888889	1
g03712	6	1	11	0	0	0.388888888888889	1
g03241	6	1	11	0	0	0.388888888888889	1
g03015	6	1	11	0	0	0.388888888888889	1
g03772	6	1	11	0	0	0.388888888888889	1
g03061	6	1	11	0	0	0.388888888888889	1
g03400	6	1	10	1	0.61793838400661	1	1
g03107	6	1	10	1	0.61793838400661	1	1
g03187	6	1	10	1	0.61793838400661	1	1
g03059	6	1	10	1	0.61793838400661	1	1
g07336	7	0	9	2	Inf	0.496732026143791	1
g07832	7	0	9	2	Inf	0.496732026143791	1
g08038	7	0	9	2	Inf	0.496732026143791	1
g05633	7	0	9	2	Inf	0.496732026143791	1
g07291	7	0	9	2	Inf	0.496732026143791	1
g08373	6	1	11	0	0	0.388888888888889	1
g07881	7	0	9	2	Inf	0.496732026143791	1
g06559	6	1	10	1	0.61793838400661	1	1
g03213	6	1	10	1	0.61793838400661	1	1
g08132	6	1	10	1	0.61793838400661	1	1
g04213	6	1	11	0	0	0.388888888888889	1
g04232	7	0	9	2	Inf	0.496732026143791	1
g03198	7	0	9	2	Inf	0.496732026143791	1
g03045	6	1	10	1	0.61793838400661	1	1
g04356	6	1	11	0	0	0.388888888888889	1
g03419	6	1	10	1	0.61793838400661	1	1
g03033	7	0	9	2	Inf	0.496732026143791	1
g03992	6	1	11	0	0	0.388888888888889	1
g07319	7	0	9	2	Inf	0.496732026143791	1
g05470	7	0	8	3	Inf	0.245098039215686	1
g06281	7	0	8	3	Inf	0.245098039215686	1
g08072	7	0	8	3	Inf	0.245098039215686	1
g04751	7	0	8	3	Inf	0.245098039215686	1
g06040	7	0	8	3	Inf	0.245098039215686	1
g04251	7	0	8	3	Inf	0.245098039215686	1
g04808	7	0	8	3	Inf	0.245098039215686	1
g07734	7	0	8	3	Inf	0.245098039215686	1
g09315	7	0	8	3	Inf	0.245098039215686	1
g07188	7	0	8	3	Inf	0.245098039215686	1
g08018	7	0	8	3	Inf	0.245098039215686	1
g05636	7	0	8	3	Inf	0.245098039215686	1
g08733	7	0	8	3	Inf	0.245098039215686	1
g04562	7	0	8	3	Inf	0.245098039215686	1
g08501	7	0	8	3	Inf	0.245098039215686	1
g04384	7	0	8	3	Inf	0.245098039215686	1
g08597	7	0	8	3	Inf	0.245098039215686	1
g04247	7	0	8	3	Inf	0.245098039215686	1
g05920	7	0	8	3	Inf	0.245098039215686	1
g05417	7	0	8	3	Inf	0.245098039215686	1
g06019	7	0	8	3	Inf	0.245098039215686	1
g04797	7	0	8	3	Inf	0.245098039215686	1
g04558	7	0	8	3	Inf	0.245098039215686	1
g03711	6	1	9	2	1.31269924649531	1	1
g03609	6	1	9	2	1.31269924649531	1	1
g05665	6	1	9	2	1.31269924649531	1	1
g08218	6	1	9	2	1.31269924649531	1	1
g09191	6	1	9	2	1.31269924649531	1	1
g04212	4	3	11	0	0	0.0428921568627451	1
g08292	4	3	11	0	0	0.0428921568627451	1
g07685	4	3	11	0	0	0.0428921568627451	1
g08478	6	1	9	2	1.31269924649531	1	1
g08261	6	1	9	2	1.31269924649531	1	1
g04368	7	0	8	3	Inf	0.245098039215686	1
g03012	7	0	8	3	Inf	0.245098039215686	1
g04357	7	0	8	3	Inf	0.245098039215686	1
g03764	7	0	8	3	Inf	0.245098039215686	1
g04074	6	1	9	2	1.31269924649531	1	1
g03935	6	1	9	2	1.31269924649531	1	1
g03543	4	3	11	0	0	0.0428921568627451	1
g03125	6	1	9	2	1.31269924649531	1	1
g03251	6	1	9	2	1.31269924649531	1	1
g07767	6	1	10	1	0.61793838400661	1	1
g03593	6	1	9	2	1.31269924649531	1	1
g03722	6	1	10	1	0.61793838400661	1	1
g08865	6	1	10	1	0.61793838400661	1	1
g09080	7	0	8	3	Inf	0.245098039215686	1
g03155	6	1	9	2	1.31269924649531	1	1
g02997	6	1	9	2	1.31269924649531	1	1
g02994	7	0	8	3	Inf	0.245098039215686	1
g03726	6	1	9	2	1.31269924649531	1	1
g03257	7	0	8	3	Inf	0.245098039215686	1
g03280	4	3	11	0	0	0.0428921568627451	1
g03306	7	0	8	3	Inf	0.245098039215686	1
g05332	6	1	8	3	2.15649277465676	1	1
g06861	6	1	8	3	2.15649277465676	1	1
g04387	6	1	8	3	2.15649277465676	1	1
g03249	6	1	8	3	2.15649277465676	1	1
g03828	6	1	8	3	2.15649277465676	1	1
g04265	6	1	8	3	2.15649277465676	1	1
g04659	6	1	8	3	2.15649277465676	1	1
g03347	6	1	8	3	2.15649277465676	1	1
g04175	6	1	8	3	2.15649277465676	1	1
g07540	6	1	8	3	2.15649277465676	1	1
g04237	6	1	8	3	2.15649277465676	1	1
g03323	6	1	8	3	2.15649277465676	1	1
g03778	6	1	8	3	2.15649277465676	1	1
g03360	6	1	8	3	2.15649277465676	1	1
g03655	5	2	9	2	0.574705627623365	1	1
g03076	5	2	9	2	0.574705627623365	1	1
g03230	6	1	8	3	2.15649277465676	1	1
g09300	6	1	8	3	2.15649277465676	1	1
g03081	5	2	9	2	0.574705627623365	1	1
g03043	6	1	8	3	2.15649277465676	1	1
g08412	4	3	10	1	0.151377488173773	0.245098039215686	1
g02998	4	3	10	1	0.151377488173773	0.245098039215686	1
g04072	6	1	8	3	2.15649277465676	1	1
g07620	6	1	8	3	2.15649277465676	1	1
g03113	7	0	7	4	Inf	0.119281045751634	1
g03215	6	1	8	3	2.15649277465676	1	1
g07003	4	3	10	1	0.151377488173773	0.245098039215686	1
g03162	6	1	8	3	2.15649277465676	1	1
g04994	6	1	8	3	2.15649277465676	1	1
g08958	4	3	10	1	0.151377488173773	0.245098039215686	1
g08547	7	0	7	4	Inf	0.119281045751634	1
g03273	7	0	6	5	Inf	0.101307189542484	1
g03420	7	0	6	5	Inf	0.101307189542484	1
g03724	7	0	6	5	Inf	0.101307189542484	1
g03644	5	2	9	2	0.574705627623365	1	1
g03435	5	2	9	2	0.574705627623365	1	1
g03007	7	0	6	5	Inf	0.101307189542484	1
g03567	6	1	7	4	3.21542363836758	0.595588235294118	1
g03197	5	2	8	3	0.940879421897323	1	1
g03274	6	1	8	3	2.15649277465676	1	1
g04959	5	2	9	2	0.574705627623365	1	1
g08209	5	2	8	3	0.940879421897323	1	1
g03065	6	1	7	4	3.21542363836758	0.595588235294118	1
g06582	6	1	8	3	2.15649277465676	1	1
g07575	7	0	6	5	Inf	0.101307189542484	1
g03070	6	1	7	4	3.21542363836758	0.595588235294118	1
g03305	6	1	7	4	3.21542363836758	0.595588235294118	1
g03675	6	1	6	5	4.58928687859412	0.315610859728507	1
g03666	6	1	6	5	4.58928687859412	0.315610859728507	1
g03630	7	0	5	6	Inf	0.0377073906485671	1
g03660	7	0	5	6	Inf	0.0377073906485671	1
g07449	5	2	7	4	1.400856162804	1	1
g03493	7	0	5	6	Inf	0.0377073906485671	1
g03891	7	0	5	6	Inf	0.0377073906485671	1
g03252	7	0	5	6	Inf	0.0377073906485671	1
g03365	7	0	5	6	Inf	0.0377073906485671	1
g03032	6	1	6	5	4.58928687859412	0.315610859728507	1
g03344	7	0	5	6	Inf	0.0377073906485671	1
g03019	4	3	8	3	0.52041658252146	0.626696832579185	1
g03080	6	1	6	5	4.58928687859412	0.315610859728507	1
g08396	5	2	8	3	0.940879421897323	1	1
g03982	7	0	5	6	Inf	0.0377073906485671	1
g03229	7	0	5	6	Inf	0.0377073906485671	1
g03128	7	0	5	6	Inf	0.0377073906485671	1
g03288	7	0	5	6	Inf	0.0377073906485671	1
g04474	7	0	5	6	Inf	0.0377073906485671	1
g03552	7	0	5	6	Inf	0.0377073906485671	1
g03442	7	0	5	6	Inf	0.0377073906485671	1
g03217	7	0	5	6	Inf	0.0377073906485671	1
g03636	7	0	5	6	Inf	0.0377073906485671	1
g03707	7	0	5	6	Inf	0.0377073906485671	1
g03954	6	1	6	5	4.58928687859412	0.315610859728507	1
g03768	5	2	8	3	0.940879421897323	1	1
g03093	7	0	5	6	Inf	0.0377073906485671	1
g03651	7	0	5	6	Inf	0.0377073906485671	1
g04115	7	0	5	6	Inf	0.0377073906485671	1
g05222	7	0	5	6	Inf	0.0377073906485671	1
g04182	7	0	5	6	Inf	0.0377073906485671	1
g04259	7	0	5	6	Inf	0.0377073906485671	1
g03568	6	1	7	4	3.21542363836758	0.595588235294118	1
g03376	7	0	5	6	Inf	0.0377073906485671	1
g03752	7	0	5	6	Inf	0.0377073906485671	1
g03758	7	0	5	6	Inf	0.0377073906485671	1
g06061	7	0	4	7	Inf	0.0128205128205128	1
g09037	7	0	4	7	Inf	0.0128205128205128	1
g05333	7	0	4	7	Inf	0.0128205128205128	1
g04110	7	0	4	7	Inf	0.0128205128205128	1
g04066	7	0	4	7	Inf	0.0128205128205128	1
g07855	6	1	5	6	6.44752723728181	0.150735294117647	1
g06625	6	1	5	6	6.44752723728181	0.150735294117647	1
g05206	6	1	5	6	6.44752723728181	0.150735294117647	1
g03090	4	3	8	3	0.52041658252146	0.626696832579185	1
g03488	4	3	8	3	0.52041658252146	0.626696832579185	1
g04023	7	0	4	7	Inf	0.0128205128205128	1
g03121	6	1	5	6	6.44752723728181	0.150735294117647	1
g08051	5	2	7	4	1.400856162804	1	1
g03694	7	0	4	7	Inf	0.0128205128205128	1
g06213	5	2	6	5	2.00058868403573	0.637066365007541	1
g03975	7	0	4	7	Inf	0.0128205128205128	1
g03318	7	0	4	7	Inf	0.0128205128205128	1
g03069	6	1	5	6	6.44752723728181	0.150735294117647	1
g08387	6	1	6	5	4.58928687859412	0.315610859728507	1
g03428	4	3	8	3	0.52041658252146	0.626696832579185	1
g03166	6	1	6	5	4.58928687859412	0.315610859728507	1
g03946	7	0	4	7	Inf	0.0128205128205128	1
g04075	7	0	4	7	Inf	0.0128205128205128	1
g04183	3	4	8	3	0.303700981459232	0.332202111613876	1
g03888	6	1	5	6	6.44752723728181	0.150735294117647	1
g08404	7	0	4	7	Inf	0.0128205128205128	1
g03505	5	2	6	5	2.00058868403573	0.637066365007541	1
g04919	7	0	4	7	Inf	0.0128205128205128	1
g08587	3	4	9	2	0.18723359248362	0.141402714932127	1
g08451	6	1	6	5	4.58928687859412	0.315610859728507	1
g05757	7	0	4	7	Inf	0.0128205128205128	1
g07983	7	0	3	8	Inf	0.00402212166918049	1
g06252	7	0	3	8	Inf	0.00402212166918049	1
g04952	7	0	3	8	Inf	0.00402212166918049	1
g05019	7	0	3	8	Inf	0.00402212166918049	1
g04987	7	0	3	8	Inf	0.00402212166918049	1
g05574	7	0	3	8	Inf	0.00402212166918049	1
g07473	7	0	3	8	Inf	0.00402212166918049	1
g08207	7	0	3	8	Inf	0.00402212166918049	1
g06136	7	0	3	8	Inf	0.00402212166918049	1
g06934	7	0	3	8	Inf	0.00402212166918049	1
g05812	7	0	3	8	Inf	0.00402212166918049	1
g06647	7	0	3	8	Inf	0.00402212166918049	1
g09247	7	0	3	8	Inf	0.00402212166918049	1
g07365	7	0	3	8	Inf	0.00402212166918049	1
g08100	7	0	3	8	Inf	0.00402212166918049	1
g04165	3	4	7	4	0.45000195000951	0.630467571644042	1
g04883	3	4	7	4	0.45000195000951	0.630467571644042	1
g03965	3	4	7	4	0.45000195000951	0.630467571644042	1
g04456	3	4	7	4	0.45000195000951	0.630467571644042	1
g09017	5	2	6	5	2.00058868403573	0.637066365007541	1
g07820	5	2	6	5	2.00058868403573	0.637066365007541	1
g05008	5	2	6	5	2.00058868403573	0.637066365007541	1
g07667	4	3	6	5	1.10463220267483	1	1
g07823	4	3	6	5	1.10463220267483	1	1
g08663	7	0	3	8	Inf	0.00402212166918049	1
g05912	7	0	3	8	Inf	0.00402212166918049	1
g08670	4	3	6	5	1.10463220267483	1	1
g04199	4	3	6	5	1.10463220267483	1	1
g03492	4	3	7	4	0.77362476125234	1	1
g04219	3	4	7	4	0.45000195000951	0.630467571644042	1
g03041	5	2	5	6	2.81869603570888	0.366515837104072	1
g03579	6	1	5	6	6.44752723728181	0.150735294117647	1
g03161	5	2	6	5	2.00058868403573	0.637066365007541	1
g03190	4	3	7	4	0.77362476125234	1	1
g03415	4	3	7	4	0.77362476125234	1	1
g03561	4	3	7	4	0.77362476125234	1	1
g06967	7	0	3	8	Inf	0.00402212166918049	1
g05923	3	4	7	4	0.45000195000951	0.630467571644042	1
g07053	3	4	7	4	0.45000195000951	0.630467571644042	1
g04765	3	4	7	4	0.45000195000951	0.630467571644042	1
g08197	3	4	7	4	0.45000195000951	0.630467571644042	1
g07344	3	4	7	4	0.45000195000951	0.630467571644042	1
g04600	3	4	7	4	0.45000195000951	0.630467571644042	1
g08638	3	4	7	4	0.45000195000951	0.630467571644042	1
g06519	3	4	7	4	0.45000195000951	0.630467571644042	1
g04870	3	4	7	4	0.45000195000951	0.630467571644042	1
g04254	3	4	7	4	0.45000195000951	0.630467571644042	1
g08001	2	5	7	4	0.249613637415443	0.334841628959276	1
g03372	2	5	7	4	0.249613637415443	0.334841628959276	1
g07423	2	5	7	4	0.249613637415443	0.334841628959276	1
g06171	2	5	7	4	0.249613637415443	0.334841628959276	1
g09507	2	5	7	4	0.249613637415443	0.334841628959276	1
g03566	4	3	6	5	1.10463220267483	1	1
g03847	4	3	6	5	1.10463220267483	1	1
g03520	4	3	6	5	1.10463220267483	1	1
g03266	4	3	6	5	1.10463220267483	1	1
g07108	4	3	5	6	1.5584126252832	1	1
g03105	3	4	6	5	0.641678579713941	1	1
g04226	5	2	4	7	4.00619136980747	0.334841628959276	1
g09443	2	5	7	4	0.249613637415443	0.334841628959276	1
g03255	4	3	6	5	1.10463220267483	1	1
g04374	3	4	6	5	0.641678579713941	1	1
g03833	7	0	2	9	Inf	0.00226244343891403	1
g07153	1	6	8	3	0.0754493411866327	0.0497737556561086	1
g03204	5	2	4	7	4.00619136980747	0.334841628959276	1
g03377	4	3	6	5	1.10463220267483	1	1
g07746	5	2	5	6	2.81869603570888	0.366515837104072	1
g03109	4	3	6	5	1.10463220267483	1	1
g03395	4	3	5	6	1.5584126252832	1	1
g03790	4	3	6	5	1.10463220267483	1	1
g05189	6	1	4	7	9.10754410469849	0.0656108597285068	1
g04433	4	3	5	6	1.5584126252832	1	1
g03486	4	3	6	5	1.10463220267483	1	1
g04086	4	3	6	5	1.10463220267483	1	1
g05919	7	0	1	10	Inf	0.000251382604323781	0.160147477794537
g05909	7	0	1	10	Inf	0.000251382604323781	0.160147477794537
g09134	7	0	1	10	Inf	0.000251382604323781	0.160147477794537
g08047	7	0	1	10	Inf	0.000251382604323781	0.160147477794537
g09492	7	0	1	10	Inf	0.000251382604323781	0.160147477794537
g08513	7	0	1	10	Inf	0.000251382604323781	0.160147477794537
g07762	7	0	1	10	Inf	0.000251382604323781	0.160147477794537
g07515	7	0	1	10	Inf	0.000251382604323781	0.160147477794537
g06476	7	0	1	10	Inf	0.000251382604323781	0.160147477794537
g09055	7	0	1	10	Inf	0.000251382604323781	0.160147477794537
g03782	4	3	5	6	1.5584126252832	1	1
g03423	4	3	5	6	1.5584126252832	1	1
g03692	4	3	5	6	1.5584126252832	1	1
g03678	4	3	5	6	1.5584126252832	1	1
g04328	4	3	5	6	1.5584126252832	1	1
g03643	4	3	5	6	1.5584126252832	1	1
g07412	4	3	5	6	1.5584126252832	1	1
g08168	4	3	5	6	1.5584126252832	1	1
g06815	4	3	5	6	1.5584126252832	1	1
g06469	4	3	5	6	1.5584126252832	1	1
g07793	4	3	5	6	1.5584126252832	1	1
g05780	4	3	5	6	1.5584126252832	1	1
g04161	4	3	5	6	1.5584126252832	1	1
g07877	4	3	5	6	1.5584126252832	1	1
g03813	3	4	6	5	0.641678579713941	1	1
g04565	3	4	6	5	0.641678579713941	1	1
g04349	3	4	6	5	0.641678579713941	1	1
g06535	1	6	8	3	0.0754493411866327	0.0497737556561086	1
g04167	1	6	8	3	0.0754493411866327	0.0497737556561086	1
g08542	1	6	8	3	0.0754493411866327	0.0497737556561086	1
g06428	3	4	5	6	0.905278696002647	1	1
g04388	3	4	5	6	0.905278696002647	1	1
g04274	2	5	6	5	0.354773976097962	0.366515837104072	1
g03317	2	5	6	5	0.354773976097962	0.366515837104072	1
g05418	2	5	6	5	0.354773976097962	0.366515837104072	1
g03577	4	3	5	6	1.5584126252832	1	1
g05487	5	2	4	7	4.00619136980747	0.334841628959276	1
g03207	6	1	2	9	20.6716205525827	0.0128205128205128	1
g06523	7	0	1	10	Inf	0.000251382604323781	0.160147477794537
g04231	4	3	4	7	2.22221259258736	0.630467571644042	1
g05664	2	5	6	5	0.354773976097962	0.366515837104072	1
g05730	5	2	4	7	4.00619136980747	0.334841628959276	1
g03453	6	1	2	9	20.6716205525827	0.0128205128205128	1
g03512	4	3	5	6	1.5584126252832	1	1
g03958	6	1	2	9	20.6716205525827	0.0128205128205128	1
g03504	2	5	6	5	0.354773976097962	0.366515837104072	1
g04093	2	5	6	5	0.354773976097962	0.366515837104072	1
g03315	6	1	2	9	20.6716205525827	0.0128205128205128	1
g04048	5	2	4	7	4.00619136980747	0.334841628959276	1
g03172	6	1	2	9	20.6716205525827	0.0128205128205128	1
g05766	4	3	5	6	1.5584126252832	1	1
g03034	2	5	6	5	0.354773976097962	0.366515837104072	1
g03168	2	5	6	5	0.354773976097962	0.366515837104072	1
g05231	2	5	6	5	0.354773976097962	0.366515837104072	1
g03804	4	3	5	6	1.5584126252832	1	1
g03619	4	3	5	6	1.5584126252832	1	1
g04311	4	3	5	6	1.5584126252832	1	1
g06736	1	6	8	3	0.0754493411866327	0.0497737556561086	1
g04931	3	4	5	6	0.905278696002647	1	1
g07578	4	3	5	6	1.5584126252832	1	1
g03246	4	3	5	6	1.5584126252832	1	1
g06268	6	1	3	8	13.2539262009775	0.0497737556561086	1
g04184	2	5	6	5	0.354773976097962	0.366515837104072	1
g03300	3	4	6	5	0.641678579713941	1	1
g03394	4	3	5	6	1.5584126252832	1	1
g03496	5	2	4	7	4.00619136980747	0.334841628959276	1
g04133	4	3	4	7	2.22221259258736	0.630467571644042	1
g03629	3	4	6	5	0.641678579713941	1	1
g04016	4	3	4	7	2.22221259258736	0.630467571644042	1
g03533	4	3	5	6	1.5584126252832	1	1
g03123	2	5	6	5	0.354773976097962	0.366515837104072	1
g03761	5	2	4	7	4.00619136980747	0.334841628959276	1
g03580	2	5	6	5	0.354773976097962	0.366515837104072	1
g03165	4	3	5	6	1.5584126252832	1	1
g04222	2	5	6	5	0.354773976097962	0.366515837104072	1
g05428	4	3	5	6	1.5584126252832	1	1
g03534	2	5	6	5	0.354773976097962	0.366515837104072	1
g03485	2	5	6	5	0.354773976097962	0.366515837104072	1
g03183	4	3	4	7	2.22221259258736	0.630467571644042	1
g07720	7	0	0	11	Inf	3.14228255404726e-05	0.075069130216189
g06662	7	0	0	11	Inf	3.14228255404726e-05	0.075069130216189
g07221	7	0	0	11	Inf	3.14228255404726e-05	0.075069130216189
g07679	7	0	0	11	Inf	3.14228255404726e-05	0.075069130216189
g07900	4	3	4	7	2.22221259258736	0.630467571644042	1
g06333	4	3	4	7	2.22221259258736	0.630467571644042	1
g05070	4	3	4	7	2.22221259258736	0.630467571644042	1
g04810	4	3	4	7	2.22221259258736	0.630467571644042	1
g05368	5	2	2	9	9.44780946880554	0.0491138763197587	1
g03594	5	2	2	9	9.44780946880554	0.0491138763197587	1
g04511	5	2	2	9	9.44780946880554	0.0491138763197587	1
g03659	5	2	2	9	9.44780946880554	0.0491138763197587	1
g03489	4	3	4	7	2.22221259258736	0.630467571644042	1
g03292	4	3	4	7	2.22221259258736	0.630467571644042	1
g03176	4	3	4	7	2.22221259258736	0.630467571644042	1
g07193	2	5	5	6	0.499852872296932	0.637066365007541	1
g05307	2	5	5	6	0.499852872296932	0.637066365007541	1
g03732	2	5	5	6	0.499852872296932	0.637066365007541	1
g07582	3	4	5	6	0.905278696002647	1	1
g06083	3	4	5	6	0.905278696002647	1	1
g04487	4	3	4	7	2.22221259258736	0.630467571644042	1
g08545	4	3	4	7	2.22221259258736	0.630467571644042	1
g04745	5	2	2	9	9.44780946880554	0.0491138763197587	1
g03691	5	2	2	9	9.44780946880554	0.0491138763197587	1
g04141	1	6	7	4	0.109799083979633	0.0656108597285069	1
g04098	1	6	7	4	0.109799083979633	0.0656108597285069	1
g03438	2	5	6	5	0.354773976097962	0.366515837104072	1
g09428	2	5	6	5	0.354773976097962	0.366515837104072	1
g03096	2	5	6	5	0.354773976097962	0.366515837104072	1
g03361	2	5	6	5	0.354773976097962	0.366515837104072	1
g03108	5	2	2	9	9.44780946880554	0.0491138763197587	1
g03544	0	7	8	3	0	0.00402212166918049	1
g03126	1	6	6	5	0.155098220325097	0.150735294117647	1
g07461	4	3	4	7	2.22221259258736	0.630467571644042	1
g04049	4	3	4	7	2.22221259258736	0.630467571644042	1
g08973	5	2	2	9	9.44780946880554	0.0491138763197587	1
g03386	2	5	6	5	0.354773976097962	0.366515837104072	1
g06088	4	3	4	7	2.22221259258736	0.630467571644042	1
g06271	5	2	2	9	9.44780946880554	0.0491138763197587	1
g03238	4	3	4	7	2.22221259258736	0.630467571644042	1
g03282	6	1	1	10	38.4324480780203	0.00245098039215686	1
g03912	3	4	5	6	0.905278696002647	1	1
g04445	1	6	7	4	0.109799083979633	0.0656108597285069	1
g03321	3	4	5	6	0.905278696002647	1	1
g03298	2	5	6	5	0.354773976097962	0.366515837104072	1
g03796	5	2	2	9	9.44780946880554	0.0491138763197587	1
g03502	4	3	4	7	2.22221259258736	0.630467571644042	1
g04851	4	3	3	8	3.29271244101738	0.332202111613876	1
g04137	2	5	5	6	0.499852872296932	0.637066365007541	1
g03265	2	5	6	5	0.354773976097962	0.366515837104072	1
g07642	3	4	4	7	1.29261633040443	1	1
g05328	4	3	3	8	3.29271244101738	0.332202111613876	1
g06722	4	3	3	8	3.29271244101738	0.332202111613876	1
g08991	4	3	4	7	2.22221259258736	0.630467571644042	1
g03535	2	5	5	6	0.499852872296932	0.637066365007541	1
g03017	1	6	6	5	0.155098220325097	0.150735294117647	1
g03385	5	2	2	9	9.44780946880554	0.0491138763197587	1
g03370	5	2	3	8	5.89913171950696	0.144796380090498	1
g03558	3	4	4	7	1.29261633040443	1	1
g05463	4	3	4	7	2.22221259258736	0.630467571644042	1
g03178	1	6	7	4	0.109799083979633	0.0656108597285069	1
g06335	4	3	4	7	2.22221259258736	0.630467571644042	1
g03302	4	3	4	7	2.22221259258736	0.630467571644042	1
g08796	4	3	4	7	2.22221259258736	0.630467571644042	1
g07589	2	5	6	5	0.354773976097962	0.366515837104072	1
g07381	2	5	5	6	0.499852872296932	0.637066365007541	1
g04032	3	4	4	7	1.29261633040443	1	1
g06887	5	2	2	9	9.44780946880554	0.0491138763197587	1
g04504	4	3	4	7	2.22221259258736	0.630467571644042	1
g03614	1	6	6	5	0.155098220325097	0.150735294117647	1
g07736	4	3	4	7	2.22221259258736	0.630467571644042	1
g03714	2	5	5	6	0.499852872296932	0.637066365007541	1
g09050	2	5	5	6	0.499852872296932	0.637066365007541	1
g09356	2	5	5	6	0.499852872296932	0.637066365007541	1
g08411	2	5	5	6	0.499852872296932	0.637066365007541	1
g09367	2	5	5	6	0.499852872296932	0.637066365007541	1
g08037	2	5	5	6	0.499852872296932	0.637066365007541	1
g04108	2	5	5	6	0.499852872296932	0.637066365007541	1
g07558	2	5	5	6	0.499852872296932	0.637066365007541	1
g08334	2	5	5	6	0.499852872296932	0.637066365007541	1
g05615	2	5	5	6	0.499852872296932	0.637066365007541	1
g05313	2	5	5	6	0.499852872296932	0.637066365007541	1
g04760	2	5	5	6	0.499852872296932	0.637066365007541	1
g08098	2	5	5	6	0.499852872296932	0.637066365007541	1
g06131	2	5	5	6	0.499852872296932	0.637066365007541	1
g07255	2	5	5	6	0.499852872296932	0.637066365007541	1
g08064	2	5	5	6	0.499852872296932	0.637066365007541	1
g07444	2	5	5	6	0.499852872296932	0.637066365007541	1
g04650	2	5	5	6	0.499852872296932	0.637066365007541	1
g06180	2	5	5	6	0.499852872296932	0.637066365007541	1
g04940	2	5	5	6	0.499852872296932	0.637066365007541	1
g06806	2	5	5	6	0.499852872296932	0.637066365007541	1
g04575	2	5	5	6	0.499852872296932	0.637066365007541	1
g05240	2	5	5	6	0.499852872296932	0.637066365007541	1
g05362	2	5	5	6	0.499852872296932	0.637066365007541	1
g06862	2	5	5	6	0.499852872296932	0.637066365007541	1
g05450	2	5	5	6	0.499852872296932	0.637066365007541	1
g06541	2	5	5	6	0.499852872296932	0.637066365007541	1
g04203	2	5	5	6	0.499852872296932	0.637066365007541	1
g09085	2	5	5	6	0.499852872296932	0.637066365007541	1
g03993	2	5	5	6	0.499852872296932	0.637066365007541	1
g04054	2	5	5	6	0.499852872296932	0.637066365007541	1
g07018	2	5	5	6	0.499852872296932	0.637066365007541	1
g03742	2	5	5	6	0.499852872296932	0.637066365007541	1
g04708	2	5	5	6	0.499852872296932	0.637066365007541	1
g04439	2	5	5	6	0.499852872296932	0.637066365007541	1
g06425	2	5	5	6	0.499852872296932	0.637066365007541	1
g08859	2	5	5	6	0.499852872296932	0.637066365007541	1
g04929	2	5	5	6	0.499852872296932	0.637066365007541	1
g06492	2	5	5	6	0.499852872296932	0.637066365007541	1
g09054	2	5	5	6	0.499852872296932	0.637066365007541	1
g03572	2	5	5	6	0.499852872296932	0.637066365007541	1
g04653	2	5	5	6	0.499852872296932	0.637066365007541	1
g07039	2	5	5	6	0.499852872296932	0.637066365007541	1
g05288	1	6	6	5	0.155098220325097	0.150735294117647	1
g05221	1	6	6	5	0.155098220325097	0.150735294117647	1
g04768	1	6	6	5	0.155098220325097	0.150735294117647	1
g08528	1	6	6	5	0.155098220325097	0.150735294117647	1
g05330	1	6	6	5	0.155098220325097	0.150735294117647	1
g06675	0	7	7	4	0	0.0128205128205128	1
g05728	0	7	7	4	0	0.0128205128205128	1
g04835	0	7	7	4	0	0.0128205128205128	1
g09028	0	7	7	4	0	0.0128205128205128	1
g06539	2	5	5	6	0.499852872296932	0.637066365007541	1
g09075	2	5	5	6	0.499852872296932	0.637066365007541	1
g04872	2	5	5	6	0.499852872296932	0.637066365007541	1
g04651	2	5	5	6	0.499852872296932	0.637066365007541	1
g03684	3	4	4	7	1.29261633040443	1	1
g03632	3	4	4	7	1.29261633040443	1	1
g04579	3	4	4	7	1.29261633040443	1	1
g03455	3	4	4	7	1.29261633040443	1	1
g03513	3	4	4	7	1.29261633040443	1	1
g03863	1	6	5	6	0.217898777403591	0.315610859728507	1
g03491	1	6	5	6	0.217898777403591	0.315610859728507	1
g03454	2	5	4	7	0.713849163498962	1	1
g03481	2	5	4	7	0.713849163498962	1	1
g08466	4	3	3	8	3.29271244101738	0.332202111613876	1
g06643	4	3	3	8	3.29271244101738	0.332202111613876	1
g06616	3	4	3	8	1.92153754047367	0.626696832579186	1
g03283	3	4	3	8	1.92153754047367	0.626696832579186	1
g03296	3	4	4	7	1.29261633040443	1	1
g03424	5	2	2	9	9.44780946880554	0.0491138763197587	1
g05972	1	6	5	6	0.217898777403591	0.315610859728507	1
g08836	1	6	6	5	0.155098220325097	0.150735294117647	1
g09408	4	3	2	9	5.34092192931396	0.141402714932127	1
g07208	4	3	2	9	5.34092192931396	0.141402714932127	1
g03631	1	6	6	5	0.155098220325097	0.150735294117647	1
g03402	4	3	3	8	3.29271244101738	0.332202111613876	1
g03894	4	3	3	8	3.29271244101738	0.332202111613876	1
g08131	1	6	5	6	0.217898777403591	0.315610859728507	1
g03227	1	6	5	6	0.217898777403591	0.315610859728507	1
g04244	1	6	6	5	0.155098220325097	0.150735294117647	1
g03272	5	2	2	9	9.44780946880554	0.0491138763197587	1
g03433	2	5	5	6	0.499852872296932	0.637066365007541	1
g05694	1	6	6	5	0.155098220325097	0.150735294117647	1
g04210	1	6	6	5	0.155098220325097	0.150735294117647	1
g03457	4	3	3	8	3.29271244101738	0.332202111613876	1
g03179	1	6	6	5	0.155098220325097	0.150735294117647	1
g03164	3	4	3	8	1.92153754047367	0.626696832579186	1
g03242	1	6	6	5	0.155098220325097	0.150735294117647	1
g05652	1	6	6	5	0.155098220325097	0.150735294117647	1
g07980	1	6	5	6	0.217898777403591	0.315610859728507	1
g03193	1	6	6	5	0.155098220325097	0.150735294117647	1
g03330	3	4	4	7	1.29261633040443	1	1
g03192	1	6	6	5	0.155098220325097	0.150735294117647	1
g05758	1	6	6	5	0.155098220325097	0.150735294117647	1
g03979	4	3	3	8	3.29271244101738	0.332202111613876	1
g04136	2	5	4	7	0.713849163498962	1	1
g04278	1	6	5	6	0.217898777403591	0.315610859728507	1
g09417	2	5	5	6	0.499852872296932	0.637066365007541	1
g04176	1	6	5	6	0.217898777403591	0.315610859728507	1
g06682	4	3	2	9	5.34092192931396	0.141402714932127	1
g04142	2	5	4	7	0.713849163498962	1	1
g05334	4	3	2	9	5.34092192931396	0.141402714932127	1
g07585	4	3	2	9	5.34092192931396	0.141402714932127	1
g07211	4	3	2	9	5.34092192931396	0.141402714932127	1
g04109	4	3	2	9	5.34092192931396	0.141402714932127	1
g05657	4	3	2	9	5.34092192931396	0.141402714932127	1
g04613	4	3	2	9	5.34092192931396	0.141402714932127	1
g03903	4	3	2	9	5.34092192931396	0.141402714932127	1
g07908	4	3	2	9	5.34092192931396	0.141402714932127	1
g05770	4	3	2	9	5.34092192931396	0.141402714932127	1
g08337	4	3	2	9	5.34092192931396	0.141402714932127	1
g06368	4	3	2	9	5.34092192931396	0.141402714932127	1
g07723	4	3	2	9	5.34092192931396	0.141402714932127	1
g07719	4	3	2	9	5.34092192931396	0.141402714932127	1
g05763	1	6	5	6	0.217898777403591	0.315610859728507	1
g05762	1	6	5	6	0.217898777403591	0.315610859728507	1
g04190	1	6	5	6	0.217898777403591	0.315610859728507	1
g04790	1	6	5	6	0.217898777403591	0.315610859728507	1
g06402	1	6	5	6	0.217898777403591	0.315610859728507	1
g05910	1	6	5	6	0.217898777403591	0.315610859728507	1
g04308	1	6	5	6	0.217898777403591	0.315610859728507	1
g04796	1	6	5	6	0.217898777403591	0.315610859728507	1
g06241	1	6	5	6	0.217898777403591	0.315610859728507	1
g07222	1	6	5	6	0.217898777403591	0.315610859728507	1
g05594	1	6	5	6	0.217898777403591	0.315610859728507	1
g09474	1	6	5	6	0.217898777403591	0.315610859728507	1
g08895	1	6	4	7	0.311001010276731	0.595588235294118	1
g08848	1	6	4	7	0.311001010276731	0.595588235294118	1
g06587	1	6	4	7	0.311001010276731	0.595588235294118	1
g06515	3	4	2	9	3.13524983017656	0.325980392156863	1
g06869	3	4	2	9	3.13524983017656	0.325980392156863	1
g03263	2	5	4	7	0.713849163498962	1	1
g03268	2	5	3	8	1.06283544599526	1	1
g04096	2	5	4	7	0.713849163498962	1	1
g03290	2	5	4	7	0.713849163498962	1	1
g08505	4	3	2	9	5.34092192931396	0.141402714932127	1
g04125	5	2	0	11	Inf	0.00245098039215686	1
g03665	1	6	5	6	0.217898777403591	0.315610859728507	1
g04743	3	4	2	9	3.13524983017656	0.325980392156863	1
g06855	2	5	4	7	0.713849163498962	1	1
g03589	1	6	5	6	0.217898777403591	0.315610859728507	1
g03550	1	6	5	6	0.217898777403591	0.315610859728507	1
g03186	1	6	5	6	0.217898777403591	0.315610859728507	1
g03456	2	5	3	8	1.06283544599526	1	1
g03299	1	6	5	6	0.217898777403591	0.315610859728507	1
g03591	3	4	3	8	1.92153754047367	0.626696832579186	1
g06401	1	6	5	6	0.217898777403591	0.315610859728507	1
g06961	1	6	5	6	0.217898777403591	0.315610859728507	1
g03883	4	3	2	9	5.34092192931396	0.141402714932127	1
g03312	2	5	4	7	0.713849163498962	1	1
g09524	1	6	5	6	0.217898777403591	0.315610859728507	1
g04172	4	3	2	9	5.34092192931396	0.141402714932127	1
g03313	1	6	5	6	0.217898777403591	0.315610859728507	1
g04068	2	5	4	7	0.713849163498962	1	1
g04855	2	5	4	7	0.713849163498962	1	1
g04335	2	5	4	7	0.713849163498962	1	1
g03562	1	6	4	7	0.311001010276731	0.595588235294118	1
g03329	1	6	4	7	0.311001010276731	0.595588235294118	1
g04430	1	6	5	6	0.217898777403591	0.315610859728507	1
g03642	1	6	5	6	0.217898777403591	0.315610859728507	1
g04275	1	6	4	7	0.311001010276731	0.595588235294118	1
g03383	3	4	3	8	1.92153754047367	0.626696832579186	1
g09309	0	7	6	5	0	0.0377073906485671	1
g03426	1	6	5	6	0.217898777403591	0.315610859728507	1
g04405	2	5	4	7	0.713849163498962	1	1
g03259	2	5	3	8	1.06283544599526	1	1
g03446	2	5	3	8	1.06283544599526	1	1
g07359	3	4	3	8	1.92153754047367	0.626696832579186	1
g04089	4	3	2	9	5.34092192931396	0.141402714932127	1
g03212	1	6	5	6	0.217898777403591	0.315610859728507	1
g03469	2	5	3	8	1.06283544599526	1	1
g04022	1	6	5	6	0.217898777403591	0.315610859728507	1
g05025	3	4	3	8	1.92153754047367	0.626696832579186	1
g03719	1	6	5	6	0.217898777403591	0.315610859728507	1
g04298	2	5	4	7	0.713849163498962	1	1
g03470	3	4	3	8	1.92153754047367	0.626696832579186	1
g03477	2	5	3	8	1.06283544599526	1	1
g03417	4	3	1	10	11.1386151548425	0.0473856209150327	1
g07295	3	4	2	9	3.13524983017656	0.325980392156863	1
g09349	3	4	2	9	3.13524983017656	0.325980392156863	1
g09057	3	4	2	9	3.13524983017656	0.325980392156863	1
g07520	3	4	2	9	3.13524983017656	0.325980392156863	1
g04970	3	4	2	9	3.13524983017656	0.325980392156863	1
g08228	3	4	2	9	3.13524983017656	0.325980392156863	1
g07490	3	4	2	9	3.13524983017656	0.325980392156863	1
g07488	3	4	2	9	3.13524983017656	0.325980392156863	1
g05112	3	4	2	9	3.13524983017656	0.325980392156863	1
g04826	3	4	2	9	3.13524983017656	0.325980392156863	1
g06434	3	4	2	9	3.13524983017656	0.325980392156863	1
g08183	3	4	2	9	3.13524983017656	0.325980392156863	1
g06391	3	4	2	9	3.13524983017656	0.325980392156863	1
g08572	3	4	2	9	3.13524983017656	0.325980392156863	1
g07275	3	4	2	9	3.13524983017656	0.325980392156863	1
g05066	3	4	2	9	3.13524983017656	0.325980392156863	1
g04770	3	4	2	9	3.13524983017656	0.325980392156863	1
g09077	3	4	2	9	3.13524983017656	0.325980392156863	1
g07094	3	4	2	9	3.13524983017656	0.325980392156863	1
g07114	3	4	2	9	3.13524983017656	0.325980392156863	1
g05382	3	4	2	9	3.13524983017656	0.325980392156863	1
g05198	3	4	2	9	3.13524983017656	0.325980392156863	1
g05640	3	4	2	9	3.13524983017656	0.325980392156863	1
g08996	3	4	2	9	3.13524983017656	0.325980392156863	1
g04442	3	4	2	9	3.13524983017656	0.325980392156863	1
g09435	3	4	2	9	3.13524983017656	0.325980392156863	1
g07244	3	4	2	9	3.13524983017656	0.325980392156863	1
g05293	3	4	2	9	3.13524983017656	0.325980392156863	1
g04407	3	4	2	9	3.13524983017656	0.325980392156863	1
g04339	3	4	2	9	3.13524983017656	0.325980392156863	1
g03783	3	4	2	9	3.13524983017656	0.325980392156863	1
g07716	3	4	2	9	3.13524983017656	0.325980392156863	1
g05150	3	4	2	9	3.13524983017656	0.325980392156863	1
g06380	3	4	2	9	3.13524983017656	0.325980392156863	1
g04383	3	4	2	9	3.13524983017656	0.325980392156863	1
g04294	3	4	2	9	3.13524983017656	0.325980392156863	1
g09175	3	4	2	9	3.13524983017656	0.325980392156863	1
g07628	3	4	2	9	3.13524983017656	0.325980392156863	1
g05732	3	4	2	9	3.13524983017656	0.325980392156863	1
g08656	3	4	2	9	3.13524983017656	0.325980392156863	1
g04549	3	4	2	9	3.13524983017656	0.325980392156863	1
g08609	3	4	2	9	3.13524983017656	0.325980392156863	1
g09479	3	4	2	9	3.13524983017656	0.325980392156863	1
g03846	3	4	2	9	3.13524983017656	0.325980392156863	1
g04143	3	4	2	9	3.13524983017656	0.325980392156863	1
g08479	3	4	2	9	3.13524983017656	0.325980392156863	1
g04590	3	4	2	9	3.13524983017656	0.325980392156863	1
g03842	3	4	2	9	3.13524983017656	0.325980392156863	1
g03917	3	4	2	9	3.13524983017656	0.325980392156863	1
g08242	3	4	2	9	3.13524983017656	0.325980392156863	1
g07731	3	4	2	9	3.13524983017656	0.325980392156863	1
g06554	3	4	2	9	3.13524983017656	0.325980392156863	1
g03625	4	3	1	10	11.1386151548425	0.0473856209150327	1
g03617	4	3	1	10	11.1386151548425	0.0473856209150327	1
g03611	4	3	1	10	11.1386151548425	0.0473856209150327	1
g03809	3	4	2	9	3.13524983017656	0.325980392156863	1
g08694	3	4	2	9	3.13524983017656	0.325980392156863	1
g09126	3	4	2	9	3.13524983017656	0.325980392156863	1
g04148	1	6	4	7	0.311001010276731	0.595588235294118	1
g04114	1	6	4	7	0.311001010276731	0.595588235294118	1
g05601	1	6	4	7	0.311001010276731	0.595588235294118	1
g06222	2	5	2	9	1.74002124206682	1	1
g04938	2	5	2	9	1.74002124206682	1	1
g08477	3	4	2	9	3.13524983017656	0.325980392156863	1
g04985	3	4	2	9	3.13524983017656	0.325980392156863	1
g06829	3	4	2	9	3.13524983017656	0.325980392156863	1
g04076	1	6	4	7	0.311001010276731	0.595588235294118	1
g07143	0	7	5	6	0	0.101307189542484	1
g07066	0	7	5	6	0	0.101307189542484	1
g04993	1	6	4	7	0.311001010276731	0.595588235294118	1
g05821	1	6	4	7	0.311001010276731	0.595588235294118	1
g03792	2	5	2	9	1.74002124206682	1	1
g03886	1	6	4	7	0.311001010276731	0.595588235294118	1
g03425	2	5	2	9	1.74002124206682	1	1
g03654	2	5	2	9	1.74002124206682	1	1
g05527	1	6	3	8	0.463715905637183	1	1
g03915	1	6	3	8	0.463715905637183	1	1
g04112	1	6	3	8	0.463715905637183	1	1
g04009	3	4	2	9	3.13524983017656	0.325980392156863	1
g03540	1	6	4	7	0.311001010276731	0.595588235294118	1
g04024	3	4	2	9	3.13524983017656	0.325980392156863	1
g03541	1	6	4	7	0.311001010276731	0.595588235294118	1
g06097	3	4	2	9	3.13524983017656	0.325980392156863	1
g05809	3	4	2	9	3.13524983017656	0.325980392156863	1
g08365	4	3	1	10	11.1386151548425	0.0473856209150327	1
g04545	2	5	3	8	1.06283544599526	1	1
g03256	0	7	5	6	0	0.101307189542484	1
g05427	2	5	3	8	1.06283544599526	1	1
g07438	0	7	5	6	0	0.101307189542484	1
g03687	3	4	2	9	3.13524983017656	0.325980392156863	1
g03404	1	6	4	7	0.311001010276731	0.595588235294118	1
g04531	3	4	2	9	3.13524983017656	0.325980392156863	1
g07342	3	4	2	9	3.13524983017656	0.325980392156863	1
g07990	0	7	5	6	0	0.101307189542484	1
g05040	3	4	2	9	3.13524983017656	0.325980392156863	1
g09129	3	4	2	9	3.13524983017656	0.325980392156863	1
g03669	1	6	4	7	0.311001010276731	0.595588235294118	1
g03487	2	5	3	8	1.06283544599526	1	1
g04428	0	7	5	6	0	0.101307189542484	1
g03720	2	5	3	8	1.06283544599526	1	1
g04215	1	6	4	7	0.311001010276731	0.595588235294118	1
g03926	1	6	4	7	0.311001010276731	0.595588235294118	1
g04385	2	5	2	9	1.74002124206682	1	1
g04003	2	5	2	9	1.74002124206682	1	1
g03735	3	4	2	9	3.13524983017656	0.325980392156863	1
g07005	1	6	4	7	0.311001010276731	0.595588235294118	1
g03524	1	6	3	8	0.463715905637183	1	1
g04053	1	6	4	7	0.311001010276731	0.595588235294118	1
g04447	1	6	4	7	0.311001010276731	0.595588235294118	1
g03851	4	3	0	11	Inf	0.011437908496732	1
g08955	3	4	2	9	3.13524983017656	0.325980392156863	1
g04426	2	5	2	9	1.74002124206682	1	1
g09283	3	4	2	9	3.13524983017656	0.325980392156863	1
g05903	3	4	2	9	3.13524983017656	0.325980392156863	1
g03931	2	5	2	9	1.74002124206682	1	1
g04178	1	6	4	7	0.311001010276731	0.595588235294118	1
g03798	3	4	2	9	3.13524983017656	0.325980392156863	1
g03895	2	5	3	8	1.06283544599526	1	1
g03882	1	6	4	7	0.311001010276731	0.595588235294118	1
g03311	0	7	5	6	0	0.101307189542484	1
g05982	1	6	4	7	0.311001010276731	0.595588235294118	1
g04159	2	5	2	9	1.74002124206682	1	1
g04207	5	2	0	11	Inf	0.00245098039215686	1
g04223	3	4	2	9	3.13524983017656	0.325980392156863	1
g08296	2	5	2	9	1.74002124206682	1	1
g08522	1	6	4	7	0.311001010276731	0.595588235294118	1
g07538	1	6	4	7	0.311001010276731	0.595588235294118	1
g07526	1	6	3	8	0.463715905637183	1	1
g03688	2	5	3	8	1.06283544599526	1	1
g03928	3	4	2	9	3.13524983017656	0.325980392156863	1
g09336	0	7	4	7	0	0.119281045751634	1
g05320	0	7	4	7	0	0.119281045751634	1
g06474	0	7	4	7	0	0.119281045751634	1
g08459	0	7	4	7	0	0.119281045751634	1
g06387	0	7	4	7	0	0.119281045751634	1
g08555	0	7	4	7	0	0.119281045751634	1
g09239	0	7	4	7	0	0.119281045751634	1
g05564	0	7	4	7	0	0.119281045751634	1
g05386	0	7	4	7	0	0.119281045751634	1
g06049	0	7	4	7	0	0.119281045751634	1
g08165	0	7	4	7	0	0.119281045751634	1
g08642	0	7	4	7	0	0.119281045751634	1
g04977	0	7	4	7	0	0.119281045751634	1
g08843	0	7	4	7	0	0.119281045751634	1
g06612	0	7	4	7	0	0.119281045751634	1
g08179	0	7	4	7	0	0.119281045751634	1
g08840	0	7	4	7	0	0.119281045751634	1
g05257	0	7	4	7	0	0.119281045751634	1
g06516	0	7	4	7	0	0.119281045751634	1
g05446	0	7	4	7	0	0.119281045751634	1
g05129	0	7	4	7	0	0.119281045751634	1
g04705	0	7	4	7	0	0.119281045751634	1
g08266	0	7	4	7	0	0.119281045751634	1
g06480	0	7	4	7	0	0.119281045751634	1
g07518	0	7	4	7	0	0.119281045751634	1
g06831	0	7	4	7	0	0.119281045751634	1
g05796	0	7	4	7	0	0.119281045751634	1
g09357	0	7	4	7	0	0.119281045751634	1
g09016	0	7	4	7	0	0.119281045751634	1
g04877	0	7	4	7	0	0.119281045751634	1
g08280	0	7	4	7	0	0.119281045751634	1
g05277	0	7	4	7	0	0.119281045751634	1
g07497	0	7	4	7	0	0.119281045751634	1
g05839	0	7	4	7	0	0.119281045751634	1
g06077	0	7	4	7	0	0.119281045751634	1
g07090	0	7	4	7	0	0.119281045751634	1
g05635	0	7	4	7	0	0.119281045751634	1
g04950	0	7	4	7	0	0.119281045751634	1
g05389	0	7	4	7	0	0.119281045751634	1
g06639	0	7	4	7	0	0.119281045751634	1
g05062	0	7	4	7	0	0.119281045751634	1
g07899	0	7	4	7	0	0.119281045751634	1
g05676	0	7	4	7	0	0.119281045751634	1
g06659	0	7	4	7	0	0.119281045751634	1
g06770	1	6	3	8	0.463715905637183	1	1
g07596	1	6	3	8	0.463715905637183	1	1
g08822	1	6	3	8	0.463715905637183	1	1
g04425	1	6	3	8	0.463715905637183	1	1
g04517	1	6	3	8	0.463715905637183	1	1
g05764	1	6	3	8	0.463715905637183	1	1
g08509	1	6	3	8	0.463715905637183	1	1
g05167	1	6	3	8	0.463715905637183	1	1
g08056	1	6	3	8	0.463715905637183	1	1
g04728	1	6	3	8	0.463715905637183	1	1
g08097	1	6	3	8	0.463715905637183	1	1
g06689	1	6	3	8	0.463715905637183	1	1
g03586	1	6	3	8	0.463715905637183	1	1
g03447	1	6	3	8	0.463715905637183	1	1
g04912	1	6	3	8	0.463715905637183	1	1
g04924	1	6	3	8	0.463715905637183	1	1
g08652	1	6	3	8	0.463715905637183	1	1
g04123	2	5	2	9	1.74002124206682	1	1
g06525	2	5	2	9	1.74002124206682	1	1
g03645	2	5	2	9	1.74002124206682	1	1
g05089	2	5	2	9	1.74002124206682	1	1
g08903	2	5	2	9	1.74002124206682	1	1
g08941	2	5	2	9	1.74002124206682	1	1
g03896	2	5	2	9	1.74002124206682	1	1
g06606	2	5	2	9	1.74002124206682	1	1
g04999	2	5	2	9	1.74002124206682	1	1
g09174	2	5	2	9	1.74002124206682	1	1
g08966	2	5	2	9	1.74002124206682	1	1
g03440	2	5	2	9	1.74002124206682	1	1
g03613	2	5	2	9	1.74002124206682	1	1
g04340	2	5	2	9	1.74002124206682	1	1
g04491	2	5	2	9	1.74002124206682	1	1
g03811	2	5	2	9	1.74002124206682	1	1
g03531	2	5	2	9	1.74002124206682	1	1
g03981	2	5	2	9	1.74002124206682	1	1
g06804	2	5	2	9	1.74002124206682	1	1
g04221	2	5	2	9	1.74002124206682	1	1
g06500	2	5	2	9	1.74002124206682	1	1
g05649	2	5	2	9	1.74002124206682	1	1
g06096	2	5	2	9	1.74002124206682	1	1
g06761	2	5	2	9	1.74002124206682	1	1
g03472	2	5	2	9	1.74002124206682	1	1
g04555	2	5	2	9	1.74002124206682	1	1
g03901	2	5	2	9	1.74002124206682	1	1
g03526	2	5	2	9	1.74002124206682	1	1
g04319	2	5	2	9	1.74002124206682	1	1
g08287	3	4	1	10	6.60600206849815	0.245098039215686	1
g04975	3	4	1	10	6.60600206849815	0.245098039215686	1
g09379	3	4	1	10	6.60600206849815	0.245098039215686	1
g09520	3	4	1	10	6.60600206849815	0.245098039215686	1
g05111	3	4	1	10	6.60600206849815	0.245098039215686	1
g09145	3	4	1	10	6.60600206849815	0.245098039215686	1
g08145	3	4	1	10	6.60600206849815	0.245098039215686	1
g08128	3	4	1	10	6.60600206849815	0.245098039215686	1
g06242	3	4	1	10	6.60600206849815	0.245098039215686	1
g07796	3	4	1	10	6.60600206849815	0.245098039215686	1
g07000	3	4	1	10	6.60600206849815	0.245098039215686	1
g07964	3	4	1	10	6.60600206849815	0.245098039215686	1
g06627	0	7	4	7	0	0.119281045751634	1
g04689	0	7	4	7	0	0.119281045751634	1
g05915	0	7	4	7	0	0.119281045751634	1
g06386	0	7	4	7	0	0.119281045751634	1
g06894	0	7	4	7	0	0.119281045751634	1
g07711	0	7	4	7	0	0.119281045751634	1
g08426	0	7	4	7	0	0.119281045751634	1
g08333	0	7	4	7	0	0.119281045751634	1
g05181	0	7	4	7	0	0.119281045751634	1
g08433	0	7	4	7	0	0.119281045751634	1
g04635	0	7	4	7	0	0.119281045751634	1
g05003	2	5	2	9	1.74002124206682	1	1
g07897	2	5	2	9	1.74002124206682	1	1
g03866	2	5	2	9	1.74002124206682	1	1
g06657	2	5	2	9	1.74002124206682	1	1
g04417	2	5	2	9	1.74002124206682	1	1
g05823	2	5	2	9	1.74002124206682	1	1
g09099	2	5	2	9	1.74002124206682	1	1
g05779	2	5	1	10	3.68244308279805	0.528186274509804	1
g07096	2	5	1	10	3.68244308279805	0.528186274509804	1
g04505	2	5	1	10	3.68244308279805	0.528186274509804	1
g08816	2	5	1	10	3.68244308279805	0.528186274509804	1
g05828	2	5	1	10	3.68244308279805	0.528186274509804	1
g03763	2	5	1	10	3.68244308279805	0.528186274509804	1
g04516	2	5	1	10	3.68244308279805	0.528186274509804	1
g07525	2	5	2	9	1.74002124206682	1	1
g03465	2	5	2	9	1.74002124206682	1	1
g03953	2	5	2	9	1.74002124206682	1	1
g07120	2	5	2	9	1.74002124206682	1	1
g04129	2	5	2	9	1.74002124206682	1	1
g08742	2	5	2	9	1.74002124206682	1	1
g06495	1	6	3	8	0.463715905637183	1	1
g08902	1	6	3	8	0.463715905637183	1	1
g04570	1	6	3	8	0.463715905637183	1	1
g04343	1	6	3	8	0.463715905637183	1	1
g03807	1	6	3	8	0.463715905637183	1	1
g04862	1	6	3	8	0.463715905637183	1	1
g04828	1	6	3	8	0.463715905637183	1	1
g08117	1	6	3	8	0.463715905637183	1	1
g06783	1	6	3	8	0.463715905637183	1	1
g03797	1	6	3	8	0.463715905637183	1	1
g04081	1	6	2	9	0.761789117095814	1	1
g04239	1	6	2	9	0.761789117095814	1	1
g05130	1	6	2	9	0.761789117095814	1	1
g06146	1	6	2	9	0.761789117095814	1	1
g04547	1	6	2	9	0.761789117095814	1	1
g08685	1	6	3	8	0.463715905637183	1	1
g06370	1	6	3	8	0.463715905637183	1	1
g08146	1	6	3	8	0.463715905637183	1	1
g07184	1	6	3	8	0.463715905637183	1	1
g07744	1	6	3	8	0.463715905637183	1	1
g05755	4	3	0	11	Inf	0.011437908496732	1
g08069	4	3	0	11	Inf	0.011437908496732	1
g09554	4	3	0	11	Inf	0.011437908496732	1
g06225	4	3	0	11	Inf	0.011437908496732	1
g07933	4	3	0	11	Inf	0.011437908496732	1
g07804	1	6	3	8	0.463715905637183	1	1
g06459	1	6	3	8	0.463715905637183	1	1
g05575	1	6	3	8	0.463715905637183	1	1
g09117	1	6	3	8	0.463715905637183	1	1
g04306	2	5	1	10	3.68244308279805	0.528186274509804	1
g05447	2	5	1	10	3.68244308279805	0.528186274509804	1
g03934	2	5	1	10	3.68244308279805	0.528186274509804	1
g04580	2	5	1	10	3.68244308279805	0.528186274509804	1
g03697	2	5	2	9	1.74002124206682	1	1
g05430	2	5	2	9	1.74002124206682	1	1
g03422	2	5	2	9	1.74002124206682	1	1
g08368	2	5	2	9	1.74002124206682	1	1
g08366	1	6	3	8	0.463715905637183	1	1
g07049	1	6	3	8	0.463715905637183	1	1
g05572	1	6	3	8	0.463715905637183	1	1
g05654	1	6	3	8	0.463715905637183	1	1
g04067	1	6	2	9	0.761789117095814	1	1
g04099	1	6	2	9	0.761789117095814	1	1
g06299	1	6	2	9	0.761789117095814	1	1
g04510	1	6	2	9	0.761789117095814	1	1
g07002	3	4	1	10	6.60600206849815	0.245098039215686	1
g05490	3	4	1	10	6.60600206849815	0.245098039215686	1
g05226	3	4	1	10	6.60600206849815	0.245098039215686	1
g09471	3	4	1	10	6.60600206849815	0.245098039215686	1
g04739	3	4	1	10	6.60600206849815	0.245098039215686	1
g06412	3	4	1	10	6.60600206849815	0.245098039215686	1
g06513	3	4	1	10	6.60600206849815	0.245098039215686	1
g07277	3	4	1	10	6.60600206849815	0.245098039215686	1
g06648	4	3	0	11	Inf	0.011437908496732	1
g05672	4	3	0	11	Inf	0.011437908496732	1
g04842	4	3	0	11	Inf	0.011437908496732	1
g05026	4	3	0	11	Inf	0.011437908496732	1
g03570	1	6	3	8	0.463715905637183	1	1
g04553	1	6	3	8	0.463715905637183	1	1
g04069	1	6	3	8	0.463715905637183	1	1
g03603	1	6	3	8	0.463715905637183	1	1
g05628	3	4	1	10	6.60600206849815	0.245098039215686	1
g08460	3	4	1	10	6.60600206849815	0.245098039215686	1
g09173	3	4	1	10	6.60600206849815	0.245098039215686	1
g09153	2	5	2	9	1.74002124206682	1	1
g06938	2	5	2	9	1.74002124206682	1	1
g04366	2	5	2	9	1.74002124206682	1	1
g03766	4	3	0	11	Inf	0.011437908496732	1
g04288	4	3	0	11	Inf	0.011437908496732	1
g04369	4	3	0	11	Inf	0.011437908496732	1
g03834	2	5	2	9	1.74002124206682	1	1
g04187	2	5	2	9	1.74002124206682	1	1
g07643	2	5	2	9	1.74002124206682	1	1
g09517	3	4	1	10	6.60600206849815	0.245098039215686	1
g08659	3	4	1	10	6.60600206849815	0.245098039215686	1
g06808	3	4	1	10	6.60600206849815	0.245098039215686	1
g03637	2	5	2	9	1.74002124206682	1	1
g08775	2	5	2	9	1.74002124206682	1	1
g04493	2	5	2	9	1.74002124206682	1	1
g03507	1	6	3	8	0.463715905637183	1	1
g03657	1	6	3	8	0.463715905637183	1	1
g04118	2	5	2	9	1.74002124206682	1	1
g07207	2	5	2	9	1.74002124206682	1	1
g06955	3	4	1	10	6.60600206849815	0.245098039215686	1
g07699	3	4	1	10	6.60600206849815	0.245098039215686	1
g06095	2	5	2	9	1.74002124206682	1	1
g05752	2	5	2	9	1.74002124206682	1	1
g04094	1	6	2	9	0.761789117095814	1	1
g05626	3	4	1	10	6.60600206849815	0.245098039215686	1
g04766	4	3	0	11	Inf	0.011437908496732	1
g07619	4	3	0	11	Inf	0.011437908496732	1
g04204	0	7	4	7	0	0.119281045751634	1
g03927	0	7	4	7	0	0.119281045751634	1
g07847	2	5	1	10	3.68244308279805	0.528186274509804	1
g04538	2	5	1	10	3.68244308279805	0.528186274509804	1
g06796	2	5	2	9	1.74002124206682	1	1
g04321	2	5	2	9	1.74002124206682	1	1
g05139	0	7	4	7	0	0.119281045751634	1
g05715	0	7	4	7	0	0.119281045751634	1
g04830	2	5	2	9	1.74002124206682	1	1
g04844	2	5	2	9	1.74002124206682	1	1
g03410	2	5	1	10	3.68244308279805	0.528186274509804	1
g03693	2	5	1	10	3.68244308279805	0.528186274509804	1
g06794	3	4	1	10	6.60600206849815	0.245098039215686	1
g09388	3	4	1	10	6.60600206849815	0.245098039215686	1
g03584	1	6	3	8	0.463715905637183	1	1
g04026	1	6	3	8	0.463715905637183	1	1
g04560	2	5	2	9	1.74002124206682	1	1
g08960	2	5	2	9	1.74002124206682	1	1
g03473	2	5	1	10	3.68244308279805	0.528186274509804	1
g05744	1	6	3	8	0.463715905637183	1	1
g04138	1	6	2	9	0.761789117095814	1	1
g05836	3	4	1	10	6.60600206849815	0.245098039215686	1
g06253	1	6	3	8	0.463715905637183	1	1
g06230	1	6	3	8	0.463715905637183	1	1
g04130	2	5	2	9	1.74002124206682	1	1
g03445	2	5	1	10	3.68244308279805	0.528186274509804	1
g03835	2	5	2	9	1.74002124206682	1	1
g03375	2	5	1	10	3.68244308279805	0.528186274509804	1
g05338	1	6	3	8	0.463715905637183	1	1
g06065	2	5	2	9	1.74002124206682	1	1
g05249	1	6	3	8	0.463715905637183	1	1
g05339	2	5	2	9	1.74002124206682	1	1
g04180	2	5	2	9	1.74002124206682	1	1
g07070	3	4	1	10	6.60600206849815	0.245098039215686	1
g04194	0	7	4	7	0	0.119281045751634	1
g04117	1	6	3	8	0.463715905637183	1	1
g04100	1	6	3	8	0.463715905637183	1	1
g03450	2	5	1	10	3.68244308279805	0.528186274509804	1
g09487	0	7	4	7	0	0.119281045751634	1
g06852	2	5	1	10	3.68244308279805	0.528186274509804	1
g03167	1	6	3	8	0.463715905637183	1	1
g07268	2	5	2	9	1.74002124206682	1	1
g03887	3	4	1	10	6.60600206849815	0.245098039215686	1
g09377	1	6	3	8	0.463715905637183	1	1
g09269	1	6	2	9	0.761789117095814	1	1
g03856	1	6	3	8	0.463715905637183	1	1
g04078	1	6	3	8	0.463715905637183	1	1
g04160	2	5	2	9	1.74002124206682	1	1
g09114	3	4	1	10	6.60600206849815	0.245098039215686	1
g04186	1	6	3	8	0.463715905637183	1	1
g03889	4	3	0	11	Inf	0.011437908496732	1
g03950	3	4	1	10	6.60600206849815	0.245098039215686	1
g03525	1	6	3	8	0.463715905637183	1	1
g07486	1	6	2	9	0.761789117095814	1	1
g04379	2	5	2	9	1.74002124206682	1	1
g08851	3	4	1	10	6.60600206849815	0.245098039215686	1
g04211	0	7	4	7	0	0.119281045751634	1
g04661	3	4	1	10	6.60600206849815	0.245098039215686	1
g06152	1	6	3	8	0.463715905637183	1	1
g04018	1	6	3	8	0.463715905637183	1	1
g07385	1	6	3	8	0.463715905637183	1	1
g03867	1	6	2	9	0.761789117095814	1	1
g03705	2	5	1	10	3.68244308279805	0.528186274509804	1
g03122	1	6	3	8	0.463715905637183	1	1
g03553	2	5	2	9	1.74002124206682	1	1
g07898	3	4	0	11	Inf	0.0428921568627451	1
g03515	1	6	3	8	0.463715905637183	1	1
g08906	1	6	3	8	0.463715905637183	1	1
g03759	1	6	2	9	0.761789117095814	1	1
g07661	1	6	2	9	0.761789117095814	1	1
g03977	1	6	2	9	0.761789117095814	1	1
g04164	0	7	4	7	0	0.119281045751634	1
g04012	4	3	0	11	Inf	0.011437908496732	1
g08126	1	6	3	8	0.463715905637183	1	1
g04281	1	6	2	9	0.761789117095814	1	1
g08006	0	7	4	7	0	0.119281045751634	1
g08679	1	6	3	8	0.463715905637183	1	1
g04150	2	5	2	9	1.74002124206682	1	1
g03517	1	6	3	8	0.463715905637183	1	1
g04111	4	3	0	11	Inf	0.011437908496732	1
g06481	1	6	3	8	0.463715905637183	1	1
g09182	1	6	3	8	0.463715905637183	1	1
g04880	1	6	2	9	0.761789117095814	1	1
g08801	0	7	4	7	0	0.119281045751634	1
g04688	3	4	1	10	6.60600206849815	0.245098039215686	1
g05443	3	4	1	10	6.60600206849815	0.245098039215686	1
g04015	1	6	3	8	0.463715905637183	1	1
g03590	0	7	4	7	0	0.119281045751634	1
g07434	3	4	1	10	6.60600206849815	0.245098039215686	1
g03482	0	7	4	7	0	0.119281045751634	1
g03605	2	5	2	9	1.74002124206682	1	1
g03448	1	6	3	8	0.463715905637183	1	1
g05749	2	5	1	10	3.68244308279805	0.528186274509804	1
g09495	2	5	1	10	3.68244308279805	0.528186274509804	1
g04077	1	6	3	8	0.463715905637183	1	1
g05442	1	6	3	8	0.463715905637183	1	1
g03785	1	6	3	8	0.463715905637183	1	1
g03548	2	5	2	9	1.74002124206682	1	1
g03443	2	5	2	9	1.74002124206682	1	1
g03398	1	6	2	9	0.761789117095814	1	1
g03890	0	7	4	7	0	0.119281045751634	1
g03689	2	5	1	10	3.68244308279805	0.528186274509804	1
g04102	1	6	2	9	0.761789117095814	1	1
g07507	3	4	0	11	Inf	0.0428921568627451	1
g06498	3	4	0	11	Inf	0.0428921568627451	1
g06644	3	4	0	11	Inf	0.0428921568627451	1
g07670	3	4	0	11	Inf	0.0428921568627451	1
g06002	3	4	0	11	Inf	0.0428921568627451	1
g06842	3	4	0	11	Inf	0.0428921568627451	1
g05522	3	4	0	11	Inf	0.0428921568627451	1
g09216	3	4	0	11	Inf	0.0428921568627451	1
g07190	3	4	0	11	Inf	0.0428921568627451	1
g06343	3	4	0	11	Inf	0.0428921568627451	1
g09042	3	4	0	11	Inf	0.0428921568627451	1
g08184	3	4	0	11	Inf	0.0428921568627451	1
g08773	3	4	0	11	Inf	0.0428921568627451	1
g08849	3	4	0	11	Inf	0.0428921568627451	1
g09006	3	4	0	11	Inf	0.0428921568627451	1
g05383	3	4	0	11	Inf	0.0428921568627451	1
g05404	3	4	0	11	Inf	0.0428921568627451	1
g04981	3	4	0	11	Inf	0.0428921568627451	1
g06773	3	4	0	11	Inf	0.0428921568627451	1
g07691	3	4	0	11	Inf	0.0428921568627451	1
g06782	3	4	0	11	Inf	0.0428921568627451	1
g04868	3	4	0	11	Inf	0.0428921568627451	1
g08309	3	4	0	11	Inf	0.0428921568627451	1
g04593	3	4	0	11	Inf	0.0428921568627451	1
g06720	3	4	0	11	Inf	0.0428921568627451	1
g06260	3	4	0	11	Inf	0.0428921568627451	1
g08582	3	4	0	11	Inf	0.0428921568627451	1
g08768	3	4	0	11	Inf	0.0428921568627451	1
g08189	3	4	0	11	Inf	0.0428921568627451	1
g05209	3	4	0	11	Inf	0.0428921568627451	1
g06162	3	4	0	11	Inf	0.0428921568627451	1
g07369	3	4	0	11	Inf	0.0428921568627451	1
g09072	3	4	0	11	Inf	0.0428921568627451	1
g09136	3	4	0	11	Inf	0.0428921568627451	1
g08939	3	4	0	11	Inf	0.0428921568627451	1
g08525	3	4	0	11	Inf	0.0428921568627451	1
g06819	3	4	0	11	Inf	0.0428921568627451	1
g07931	3	4	0	11	Inf	0.0428921568627451	1
g06395	3	4	0	11	Inf	0.0428921568627451	1
g08159	3	4	0	11	Inf	0.0428921568627451	1
g08398	3	4	0	11	Inf	0.0428921568627451	1
g06966	1	6	2	9	0.761789117095814	1	1
g04769	1	6	2	9	0.761789117095814	1	1
g06950	1	6	2	9	0.761789117095814	1	1
g06767	1	6	2	9	0.761789117095814	1	1
g05474	1	6	2	9	0.761789117095814	1	1
g06557	1	6	2	9	0.761789117095814	1	1
g07595	1	6	2	9	0.761789117095814	1	1
g05889	1	6	2	9	0.761789117095814	1	1
g05281	1	6	2	9	0.761789117095814	1	1
g05453	1	6	2	9	0.761789117095814	1	1
g05317	1	6	2	9	0.761789117095814	1	1
g06734	1	6	2	9	0.761789117095814	1	1
g05822	1	6	2	9	0.761789117095814	1	1
g06685	1	6	2	9	0.761789117095814	1	1
g05710	1	6	2	9	0.761789117095814	1	1
g05343	1	6	2	9	0.761789117095814	1	1
g06649	1	6	2	9	0.761789117095814	1	1
g06497	3	4	0	11	Inf	0.0428921568627451	1
g04754	3	4	0	11	Inf	0.0428921568627451	1
g06578	3	4	0	11	Inf	0.0428921568627451	1
g09254	3	4	0	11	Inf	0.0428921568627451	1
g04711	3	4	0	11	Inf	0.0428921568627451	1
g06081	3	4	0	11	Inf	0.0428921568627451	1
g07837	3	4	0	11	Inf	0.0428921568627451	1
g05285	3	4	0	11	Inf	0.0428921568627451	1
g06959	3	4	0	11	Inf	0.0428921568627451	1
g06126	3	4	0	11	Inf	0.0428921568627451	1
g09439	3	4	0	11	Inf	0.0428921568627451	1
g06588	3	4	0	11	Inf	0.0428921568627451	1
g07180	3	4	0	11	Inf	0.0428921568627451	1
g06974	3	4	0	11	Inf	0.0428921568627451	1
g06520	3	4	0	11	Inf	0.0428921568627451	1
g08356	3	4	0	11	Inf	0.0428921568627451	1
g08474	0	7	3	8	0	0.245098039215686	1
g09360	0	7	3	8	0	0.245098039215686	1
g06405	0	7	3	8	0	0.245098039215686	1
g09022	0	7	3	8	0	0.245098039215686	1
g04606	0	7	3	8	0	0.245098039215686	1
g05351	0	7	3	8	0	0.245098039215686	1
g05959	0	7	3	8	0	0.245098039215686	1
g05260	0	7	3	8	0	0.245098039215686	1
g07784	0	7	3	8	0	0.245098039215686	1
g05239	0	7	3	8	0	0.245098039215686	1
g06440	0	7	3	8	0	0.245098039215686	1
g06354	0	7	3	8	0	0.245098039215686	1
g07465	0	7	3	8	0	0.245098039215686	1
g05964	0	7	3	8	0	0.245098039215686	1
g07392	0	7	3	8	0	0.245098039215686	1
g09423	0	7	3	8	0	0.245098039215686	1
g08673	0	7	3	8	0	0.245098039215686	1
g09132	0	7	3	8	0	0.245098039215686	1
g04752	0	7	3	8	0	0.245098039215686	1
g07450	0	7	3	8	0	0.245098039215686	1
g05291	0	7	3	8	0	0.245098039215686	1
g05364	0	7	3	8	0	0.245098039215686	1
g06457	0	7	3	8	0	0.245098039215686	1
g08085	0	7	3	8	0	0.245098039215686	1
g08710	0	7	3	8	0	0.245098039215686	1
g05650	0	7	3	8	0	0.245098039215686	1
g09257	0	7	3	8	0	0.245098039215686	1
g05556	3	4	0	11	Inf	0.0428921568627451	1
g08416	3	4	0	11	Inf	0.0428921568627451	1
g06733	3	4	0	11	Inf	0.0428921568627451	1
g08163	3	4	0	11	Inf	0.0428921568627451	1
g08562	3	4	0	11	Inf	0.0428921568627451	1
g08325	3	4	0	11	Inf	0.0428921568627451	1
g07522	3	4	0	11	Inf	0.0428921568627451	1
g07366	3	4	0	11	Inf	0.0428921568627451	1
g05052	3	4	0	11	Inf	0.0428921568627451	1
g06234	3	4	0	11	Inf	0.0428921568627451	1
g07256	3	4	0	11	Inf	0.0428921568627451	1
g07111	3	4	0	11	Inf	0.0428921568627451	1
g09219	3	4	0	11	Inf	0.0428921568627451	1
g07403	3	4	0	11	Inf	0.0428921568627451	1
g07282	3	4	0	11	Inf	0.0428921568627451	1
g07380	3	4	0	11	Inf	0.0428921568627451	1
g07104	3	4	0	11	Inf	0.0428921568627451	1
g05297	3	4	0	11	Inf	0.0428921568627451	1
g04913	3	4	0	11	Inf	0.0428921568627451	1
g05586	3	4	0	11	Inf	0.0428921568627451	1
g04923	3	4	0	11	Inf	0.0428921568627451	1
g06306	3	4	0	11	Inf	0.0428921568627451	1
g05279	3	4	0	11	Inf	0.0428921568627451	1
g09329	1	6	1	10	1.61828432394208	1	1
g05472	1	6	1	10	1.61828432394208	1	1
g07035	1	6	1	10	1.61828432394208	1	1
g07133	1	6	1	10	1.61828432394208	1	1
g07174	1	6	1	10	1.61828432394208	1	1
g08220	1	6	1	10	1.61828432394208	1	1
g06367	1	6	1	10	1.61828432394208	1	1
g09215	1	6	1	10	1.61828432394208	1	1
g07939	1	6	1	10	1.61828432394208	1	1
g06312	1	6	1	10	1.61828432394208	1	1
g06542	1	6	1	10	1.61828432394208	1	1
g08344	1	6	1	10	1.61828432394208	1	1
g06506	1	6	1	10	1.61828432394208	1	1
g08690	1	6	1	10	1.61828432394208	1	1
g06508	1	6	1	10	1.61828432394208	1	1
g08027	1	6	1	10	1.61828432394208	1	1
g06345	1	6	1	10	1.61828432394208	1	1
g07970	1	6	1	10	1.61828432394208	1	1
g07802	1	6	1	10	1.61828432394208	1	1
g06881	1	6	1	10	1.61828432394208	1	1
g09070	1	6	1	10	1.61828432394208	1	1
g08079	3	4	0	11	Inf	0.0428921568627451	1
g05798	3	4	0	11	Inf	0.0428921568627451	1
g06204	3	4	0	11	Inf	0.0428921568627451	1
g06958	3	4	0	11	Inf	0.0428921568627451	1
g08844	3	4	0	11	Inf	0.0428921568627451	1
g07437	3	4	0	11	Inf	0.0428921568627451	1
g05441	3	4	0	11	Inf	0.0428921568627451	1
g07113	3	4	0	11	Inf	0.0428921568627451	1
g06730	3	4	0	11	Inf	0.0428921568627451	1
g05707	3	4	0	11	Inf	0.0428921568627451	1
g03983	0	7	3	8	0	0.245098039215686	1
g08307	0	7	3	8	0	0.245098039215686	1
g04310	0	7	3	8	0	0.245098039215686	1
g07197	0	7	3	8	0	0.245098039215686	1
g07930	0	7	3	8	0	0.245098039215686	1
g05935	0	7	3	8	0	0.245098039215686	1
g04261	0	7	3	8	0	0.245098039215686	1
g04522	0	7	3	8	0	0.245098039215686	1
g06642	0	7	3	8	0	0.245098039215686	1
g07913	3	4	0	11	Inf	0.0428921568627451	1
g07787	3	4	0	11	Inf	0.0428921568627451	1
g08716	3	4	0	11	Inf	0.0428921568627451	1
g06046	3	4	0	11	Inf	0.0428921568627451	1
g07833	3	4	0	11	Inf	0.0428921568627451	1
g08571	3	4	0	11	Inf	0.0428921568627451	1
g06725	3	4	0	11	Inf	0.0428921568627451	1
g05477	3	4	0	11	Inf	0.0428921568627451	1
g07792	3	4	0	11	Inf	0.0428921568627451	1
g07163	1	6	2	9	0.761789117095814	1	1
g08926	1	6	2	9	0.761789117095814	1	1
g04170	1	6	2	9	0.761789117095814	1	1
g05259	1	6	2	9	0.761789117095814	1	1
g08771	1	6	2	9	0.761789117095814	1	1
g03966	1	6	2	9	0.761789117095814	1	1
g03947	1	6	2	9	0.761789117095814	1	1
g05000	1	6	2	9	0.761789117095814	1	1
g05612	1	6	2	9	0.761789117095814	1	1
g06255	1	6	2	9	0.761789117095814	1	1
g08395	1	6	2	9	0.761789117095814	1	1
g05445	1	6	2	9	0.761789117095814	1	1
g07607	1	6	2	9	0.761789117095814	1	1
g06298	1	6	2	9	0.761789117095814	1	1
g09543	1	6	2	9	0.761789117095814	1	1
g06665	1	6	2	9	0.761789117095814	1	1
g05045	3	4	0	11	Inf	0.0428921568627451	1
g09280	3	4	0	11	Inf	0.0428921568627451	1
g05314	3	4	0	11	Inf	0.0428921568627451	1
g06880	3	4	0	11	Inf	0.0428921568627451	1
g09272	3	4	0	11	Inf	0.0428921568627451	1
g07379	3	4	0	11	Inf	0.0428921568627451	1
g07971	3	4	0	11	Inf	0.0428921568627451	1
g09531	0	7	3	8	0	0.245098039215686	1
g07780	0	7	3	8	0	0.245098039215686	1
g09203	0	7	3	8	0	0.245098039215686	1
g08783	0	7	3	8	0	0.245098039215686	1
g05169	0	7	3	8	0	0.245098039215686	1
g04224	0	7	3	8	0	0.245098039215686	1
g07287	2	5	0	11	Inf	0.137254901960784	1
g05010	2	5	0	11	Inf	0.137254901960784	1
g04967	2	5	0	11	Inf	0.137254901960784	1
g05272	2	5	0	11	Inf	0.137254901960784	1
g09084	2	5	0	11	Inf	0.137254901960784	1
g06149	2	5	0	11	Inf	0.137254901960784	1
g07237	3	4	0	11	Inf	0.0428921568627451	1
g04832	3	4	0	11	Inf	0.0428921568627451	1
g05529	3	4	0	11	Inf	0.0428921568627451	1
g06056	3	4	0	11	Inf	0.0428921568627451	1
g04767	3	4	0	11	Inf	0.0428921568627451	1
g08872	3	4	0	11	Inf	0.0428921568627451	1
g08135	2	5	0	11	Inf	0.137254901960784	1
g03721	2	5	0	11	Inf	0.137254901960784	1
g08752	2	5	0	11	Inf	0.137254901960784	1
g06200	2	5	0	11	Inf	0.137254901960784	1
g08523	2	5	0	11	Inf	0.137254901960784	1
g07314	2	5	0	11	Inf	0.137254901960784	1
g06073	3	4	0	11	Inf	0.0428921568627451	1
g08615	3	4	0	11	Inf	0.0428921568627451	1
g07764	3	4	0	11	Inf	0.0428921568627451	1
g08002	3	4	0	11	Inf	0.0428921568627451	1
g09359	3	4	0	11	Inf	0.0428921568627451	1
g09281	3	4	0	11	Inf	0.0428921568627451	1
g07046	0	7	3	8	0	0.245098039215686	1
g08664	0	7	3	8	0	0.245098039215686	1
g05456	0	7	3	8	0	0.245098039215686	1
g05197	0	7	3	8	0	0.245098039215686	1
g07017	0	7	3	8	0	0.245098039215686	1
g07968	3	4	0	11	Inf	0.0428921568627451	1
g07425	3	4	0	11	Inf	0.0428921568627451	1
g09364	3	4	0	11	Inf	0.0428921568627451	1
g08041	3	4	0	11	Inf	0.0428921568627451	1
g07512	3	4	0	11	Inf	0.0428921568627451	1
g08063	0	7	3	8	0	0.245098039215686	1
g08473	0	7	3	8	0	0.245098039215686	1
g05725	0	7	3	8	0	0.245098039215686	1
g09481	0	7	3	8	0	0.245098039215686	1
g04488	0	7	3	8	0	0.245098039215686	1
g08640	1	6	2	9	0.761789117095814	1	1
g06749	1	6	2	9	0.761789117095814	1	1
g05659	1	6	2	9	0.761789117095814	1	1
g06844	1	6	2	9	0.761789117095814	1	1
g05153	1	6	2	9	0.761789117095814	1	1
g09123	1	6	2	9	0.761789117095814	1	1
g08677	1	6	2	9	0.761789117095814	1	1
g07157	1	6	2	9	0.761789117095814	1	1
g08758	1	6	2	9	0.761789117095814	1	1
g08061	1	6	2	9	0.761789117095814	1	1
g07427	1	6	2	9	0.761789117095814	1	1
g09327	1	6	2	9	0.761789117095814	1	1
g07401	1	6	2	9	0.761789117095814	1	1
g07261	1	6	2	9	0.761789117095814	1	1
g07115	1	6	2	9	0.761789117095814	1	1
g05021	3	4	0	11	Inf	0.0428921568627451	1
g07273	3	4	0	11	Inf	0.0428921568627451	1
g07782	3	4	0	11	Inf	0.0428921568627451	1
g06545	3	4	0	11	Inf	0.0428921568627451	1
g09157	3	4	0	11	Inf	0.0428921568627451	1
g06622	0	7	3	8	0	0.245098039215686	1
g04121	0	7	3	8	0	0.245098039215686	1
g03392	0	7	3	8	0	0.245098039215686	1
g04508	0	7	3	8	0	0.245098039215686	1
g09504	3	4	0	11	Inf	0.0428921568627451	1
g06579	3	4	0	11	Inf	0.0428921568627451	1
g09151	3	4	0	11	Inf	0.0428921568627451	1
g09150	3	4	0	11	Inf	0.0428921568627451	1
g07041	1	6	2	9	0.761789117095814	1	1
g04927	1	6	2	9	0.761789117095814	1	1
g08357	1	6	2	9	0.761789117095814	1	1
g07803	1	6	2	9	0.761789117095814	1	1
g08500	1	6	2	9	0.761789117095814	1	1
g07246	1	6	2	9	0.761789117095814	1	1
g07705	1	6	2	9	0.761789117095814	1	1
g06074	1	6	2	9	0.761789117095814	1	1
g09335	1	6	2	9	0.761789117095814	1	1
g09491	1	6	2	9	0.761789117095814	1	1
g08887	1	6	2	9	0.761789117095814	1	1
g07703	1	6	2	9	0.761789117095814	1	1
g09326	0	7	3	8	0	0.245098039215686	1
g07956	0	7	3	8	0	0.245098039215686	1
g07418	0	7	3	8	0	0.245098039215686	1
g05971	0	7	3	8	0	0.245098039215686	1
g06747	3	4	0	11	Inf	0.0428921568627451	1
g07082	3	4	0	11	Inf	0.0428921568627451	1
g07229	3	4	0	11	Inf	0.0428921568627451	1
g06217	3	4	0	11	Inf	0.0428921568627451	1
g07179	1	6	1	10	1.61828432394208	1	1
g06361	1	6	1	10	1.61828432394208	1	1
g07384	1	6	1	10	1.61828432394208	1	1
g06981	1	6	1	10	1.61828432394208	1	1
g08846	0	7	3	8	0	0.245098039215686	1
g04642	0	7	3	8	0	0.245098039215686	1
g08538	0	7	3	8	0	0.245098039215686	1
g07625	0	7	3	8	0	0.245098039215686	1
g08313	1	6	2	9	0.761789117095814	1	1
g07869	1	6	2	9	0.761789117095814	1	1
g06310	1	6	2	9	0.761789117095814	1	1
g05549	1	6	2	9	0.761789117095814	1	1
g05944	3	4	0	11	Inf	0.0428921568627451	1
g06931	3	4	0	11	Inf	0.0428921568627451	1
g06963	3	4	0	11	Inf	0.0428921568627451	1
g06989	3	4	0	11	Inf	0.0428921568627451	1
g06307	3	4	0	11	Inf	0.0428921568627451	1
g09176	3	4	0	11	Inf	0.0428921568627451	1
g08171	3	4	0	11	Inf	0.0428921568627451	1
g05380	1	6	2	9	0.761789117095814	1	1
g07696	1	6	2	9	0.761789117095814	1	1
g05228	1	6	2	9	0.761789117095814	1	1
g04040	1	6	2	9	0.761789117095814	1	1
g06168	1	6	2	9	0.761789117095814	1	1
g07801	1	6	2	9	0.761789117095814	1	1
g05704	3	4	0	11	Inf	0.0428921568627451	1
g06445	3	4	0	11	Inf	0.0428921568627451	1
g07162	3	4	0	11	Inf	0.0428921568627451	1
g06972	1	6	2	9	0.761789117095814	1	1
g08274	1	6	2	9	0.761789117095814	1	1
g06259	1	6	2	9	0.761789117095814	1	1
g09171	1	6	2	9	0.761789117095814	1	1
g07629	1	6	2	9	0.761789117095814	1	1
g04949	1	6	2	9	0.761789117095814	1	1
g06971	3	4	0	11	Inf	0.0428921568627451	1
g05488	3	4	0	11	Inf	0.0428921568627451	1
g06771	3	4	0	11	Inf	0.0428921568627451	1
g07729	3	4	0	11	Inf	0.0428921568627451	1
g06656	3	4	0	11	Inf	0.0428921568627451	1
g08382	3	4	0	11	Inf	0.0428921568627451	1
g06447	1	6	2	9	0.761789117095814	1	1
g04641	1	6	2	9	0.761789117095814	1	1
g06433	1	6	2	9	0.761789117095814	1	1
g05533	1	6	2	9	0.761789117095814	1	1
g06160	1	6	2	9	0.761789117095814	1	1
g05464	1	6	2	9	0.761789117095814	1	1
g08429	1	6	2	9	0.761789117095814	1	1
g07257	1	6	2	9	0.761789117095814	1	1
g09462	1	6	2	9	0.761789117095814	1	1
g08355	0	7	3	8	0	0.245098039215686	1
g06655	0	7	3	8	0	0.245098039215686	1
g05200	0	7	3	8	0	0.245098039215686	1
g04476	1	6	2	9	0.761789117095814	1	1
g08381	1	6	2	9	0.761789117095814	1	1
g07192	1	6	2	9	0.761789117095814	1	1
g08521	1	6	2	9	0.761789117095814	1	1
g04690	1	6	2	9	0.761789117095814	1	1
g08871	1	6	2	9	0.761789117095814	1	1
g07235	3	4	0	11	Inf	0.0428921568627451	1
g05687	3	4	0	11	Inf	0.0428921568627451	1
g05968	3	4	0	11	Inf	0.0428921568627451	1
g03921	0	7	3	8	0	0.245098039215686	1
g04113	0	7	3	8	0	0.245098039215686	1
g06324	0	7	3	8	0	0.245098039215686	1
g07105	3	4	0	11	Inf	0.0428921568627451	1
g08140	3	4	0	11	Inf	0.0428921568627451	1
g07471	3	4	0	11	Inf	0.0428921568627451	1
g04583	1	6	2	9	0.761789117095814	1	1
g04536	1	6	2	9	0.761789117095814	1	1
g04526	1	6	2	9	0.761789117095814	1	1
g09090	1	6	2	9	0.761789117095814	1	1
g09261	1	6	2	9	0.761789117095814	1	1
g09179	1	6	2	9	0.761789117095814	1	1
g06567	3	4	0	11	Inf	0.0428921568627451	1
g08335	3	4	0	11	Inf	0.0428921568627451	1
g07061	3	4	0	11	Inf	0.0428921568627451	1
g05188	1	6	2	9	0.761789117095814	1	1
g06952	1	6	2	9	0.761789117095814	1	1
g07603	0	7	3	8	0	0.245098039215686	1
g04869	0	7	3	8	0	0.245098039215686	1
g04350	0	7	3	8	0	0.245098039215686	1
g03672	0	7	3	8	0	0.245098039215686	1
g09538	3	4	0	11	Inf	0.0428921568627451	1
g08709	3	4	0	11	Inf	0.0428921568627451	1
g06377	3	4	0	11	Inf	0.0428921568627451	1
g07528	3	4	0	11	Inf	0.0428921568627451	1
g04639	1	6	2	9	0.761789117095814	1	1
g07922	0	7	3	8	0	0.245098039215686	1
g05985	0	7	3	8	0	0.245098039215686	1
g05595	1	6	2	9	0.761789117095814	1	1
g04201	0	7	3	8	0	0.245098039215686	1
g06175	0	7	3	8	0	0.245098039215686	1
g05194	3	4	0	11	Inf	0.0428921568627451	1
g09205	3	4	0	11	Inf	0.0428921568627451	1
g06717	1	6	2	9	0.761789117095814	1	1
g03906	1	6	2	9	0.761789117095814	1	1
g05814	2	5	1	10	3.68244308279805	0.528186274509804	1
g05930	0	7	3	8	0	0.245098039215686	1
g04299	0	7	3	8	0	0.245098039215686	1
g08052	0	7	3	8	0	0.245098039215686	1
g06811	1	6	2	9	0.761789117095814	1	1
g06439	1	6	2	9	0.761789117095814	1	1
g09532	1	6	2	9	0.761789117095814	1	1
g06389	1	6	2	9	0.761789117095814	1	1
g03741	0	7	3	8	0	0.245098039215686	1
g04185	0	7	3	8	0	0.245098039215686	1
g03429	0	7	3	8	0	0.245098039215686	1
g03948	1	6	2	9	0.761789117095814	1	1
g08815	3	4	0	11	Inf	0.0428921568627451	1
g08425	3	4	0	11	Inf	0.0428921568627451	1
g08231	1	6	2	9	0.761789117095814	1	1
g07099	1	6	2	9	0.761789117095814	1	1
g07521	1	6	2	9	0.761789117095814	1	1
g09098	1	6	2	9	0.761789117095814	1	1
g07788	0	7	3	8	0	0.245098039215686	1
g08877	0	7	3	8	0	0.245098039215686	1
g08129	1	6	2	9	0.761789117095814	1	1
g06128	1	6	2	9	0.761789117095814	1	1
g04742	1	6	2	9	0.761789117095814	1	1
g04715	1	6	2	9	0.761789117095814	1	1
g04891	1	6	2	9	0.761789117095814	1	1
g08441	1	6	2	9	0.761789117095814	1	1
g07151	3	4	0	11	Inf	0.0428921568627451	1
g07821	3	4	0	11	Inf	0.0428921568627451	1
g04389	0	7	3	8	0	0.245098039215686	1
g04557	0	7	3	8	0	0.245098039215686	1
g06843	0	7	3	8	0	0.245098039215686	1
g05958	0	7	3	8	0	0.245098039215686	1
g06728	3	4	0	11	Inf	0.0428921568627451	1
g05035	3	4	0	11	Inf	0.0428921568627451	1
g04017	1	6	2	9	0.761789117095814	1	1
g03788	1	6	2	9	0.761789117095814	1	1
g04928	0	7	3	8	0	0.245098039215686	1
g08904	0	7	3	8	0	0.245098039215686	1
g08115	1	6	2	9	0.761789117095814	1	1
g09189	1	6	2	9	0.761789117095814	1	1
g08109	1	6	2	9	0.761789117095814	1	1
g08190	1	6	2	9	0.761789117095814	1	1
g08853	3	4	0	11	Inf	0.0428921568627451	1
g05177	3	4	0	11	Inf	0.0428921568627451	1
g05887	2	5	0	11	Inf	0.137254901960784	1
g04656	2	5	0	11	Inf	0.137254901960784	1
g03793	2	5	0	11	Inf	0.137254901960784	1
g06098	1	6	1	10	1.61828432394208	1	1
g05804	1	6	2	9	0.761789117095814	1	1
g07483	1	6	2	9	0.761789117095814	1	1
g03825	0	7	3	8	0	0.245098039215686	1
g04434	1	6	2	9	0.761789117095814	1	1
g06070	1	6	1	10	1.61828432394208	1	1
g04884	1	6	1	10	1.61828432394208	1	1
g05745	1	6	2	9	0.761789117095814	1	1
g07991	1	6	2	9	0.761789117095814	1	1
g06969	3	4	0	11	Inf	0.0428921568627451	1
g06978	0	7	3	8	0	0.245098039215686	1
g05844	3	4	0	11	Inf	0.0428921568627451	1
g03683	0	7	3	8	0	0.245098039215686	1
g07848	1	6	2	9	0.761789117095814	1	1
g07941	0	7	3	8	0	0.245098039215686	1
g03451	0	7	3	8	0	0.245098039215686	1
g04234	0	7	3	8	0	0.245098039215686	1
g04233	0	7	3	8	0	0.245098039215686	1
g06973	1	6	2	9	0.761789117095814	1	1
g07858	1	6	2	9	0.761789117095814	1	1
g06013	1	6	2	9	0.761789117095814	1	1
g05933	1	6	2	9	0.761789117095814	1	1
g03518	0	7	3	8	0	0.245098039215686	1
g09404	3	4	0	11	Inf	0.0428921568627451	1
g06104	1	6	2	9	0.761789117095814	1	1
g05700	0	7	3	8	0	0.245098039215686	1
g07098	0	7	3	8	0	0.245098039215686	1
g03794	1	6	1	10	1.61828432394208	1	1
g04313	1	6	1	10	1.61828432394208	1	1
g03961	1	6	2	9	0.761789117095814	1	1
g03873	0	7	3	8	0	0.245098039215686	1
g04209	1	6	1	10	1.61828432394208	1	1
g03837	1	6	2	9	0.761789117095814	1	1
g06424	0	7	3	8	0	0.245098039215686	1
g05120	3	4	0	11	Inf	0.0428921568627451	1
g06031	2	5	1	10	3.68244308279805	0.528186274509804	1
g07681	3	4	0	11	Inf	0.0428921568627451	1
g04064	0	7	3	8	0	0.245098039215686	1
g05561	1	6	2	9	0.761789117095814	1	1
g04567	0	7	3	8	0	0.245098039215686	1
g04296	0	7	3	8	0	0.245098039215686	1
g04229	1	6	1	10	1.61828432394208	1	1
g04001	2	5	0	11	Inf	0.137254901960784	1
g04168	1	6	2	9	0.761789117095814	1	1
g04084	1	6	1	10	1.61828432394208	1	1
g09547	3	4	0	11	Inf	0.0428921568627451	1
g03936	0	7	3	8	0	0.245098039215686	1
g06005	1	6	1	10	1.61828432394208	1	1
g03905	1	6	1	10	1.61828432394208	1	1
g04467	0	7	3	8	0	0.245098039215686	1
g07714	3	4	0	11	Inf	0.0428921568627451	1
g06110	1	6	2	9	0.761789117095814	1	1
g08526	3	4	0	11	Inf	0.0428921568627451	1
g04257	1	6	2	9	0.761789117095814	1	1
g06024	3	4	0	11	Inf	0.0428921568627451	1
g05460	1	6	2	9	0.761789117095814	1	1
g09548	1	6	2	9	0.761789117095814	1	1
g07238	1	6	1	10	1.61828432394208	1	1
g05708	1	6	2	9	0.761789117095814	1	1
g07927	3	4	0	11	Inf	0.0428921568627451	1
g07665	0	7	3	8	0	0.245098039215686	1
g08959	1	6	2	9	0.761789117095814	1	1
g03937	0	7	3	8	0	0.245098039215686	1
g06317	2	5	1	10	3.68244308279805	0.528186274509804	1
g06201	1	6	2	9	0.761789117095814	1	1
g07279	1	6	2	9	0.761789117095814	1	1
g04268	0	7	3	8	0	0.245098039215686	1
g03845	1	6	1	10	1.61828432394208	1	1
g08199	1	6	2	9	0.761789117095814	1	1
g08791	3	4	0	11	Inf	0.0428921568627451	1
g04571	3	4	0	11	Inf	0.0428921568627451	1
g04227	0	7	3	8	0	0.245098039215686	1
g07904	3	4	0	11	Inf	0.0428921568627451	1
g04518	0	7	3	8	0	0.245098039215686	1
g04421	2	5	0	11	Inf	0.137254901960784	1
g03841	0	7	3	8	0	0.245098039215686	1
g05356	1	6	1	10	1.61828432394208	1	1
g03816	0	7	3	8	0	0.245098039215686	1
g03754	1	6	2	9	0.761789117095814	1	1
g03519	3	4	0	11	Inf	0.0428921568627451	1
g03877	1	6	2	9	0.761789117095814	1	1
g08317	1	6	2	9	0.761789117095814	1	1
g08911	1	6	2	9	0.761789117095814	1	1
g03751	1	6	2	9	0.761789117095814	1	1
g08121	2	5	1	10	3.68244308279805	0.528186274509804	1
g07067	2	5	1	10	3.68244308279805	0.528186274509804	1
g09415	3	4	0	11	Inf	0.0428921568627451	1
g07398	1	6	1	10	1.61828432394208	1	1
g07395	3	4	0	11	Inf	0.0428921568627451	1
g04500	1	6	2	9	0.761789117095814	1	1
g05042	1	6	2	9	0.761789117095814	1	1
g03998	1	6	1	10	1.61828432394208	1	1
g07688	1	6	2	9	0.761789117095814	1	1
g05658	3	4	0	11	Inf	0.0428921568627451	1
g06646	3	4	0	11	Inf	0.0428921568627451	1
g03458	1	6	2	9	0.761789117095814	1	1
g06930	3	4	0	11	Inf	0.0428921568627451	1
g07161	1	6	2	9	0.761789117095814	1	1
g07938	2	5	0	11	Inf	0.137254901960784	1
g07516	3	4	0	11	Inf	0.0428921568627451	1
g04095	1	6	1	10	1.61828432394208	1	1
g05737	3	4	0	11	Inf	0.0428921568627451	1
g04592	0	7	3	8	0	0.245098039215686	1
g04888	1	6	2	9	0.761789117095814	1	1
g04292	1	6	2	9	0.761789117095814	1	1
g03387	1	6	2	9	0.761789117095814	1	1
g08886	0	7	3	8	0	0.245098039215686	1
g03962	3	4	0	11	Inf	0.0428921568627451	1
g07269	1	6	2	9	0.761789117095814	1	1
g07404	3	4	0	11	Inf	0.0428921568627451	1
g07508	2	5	0	11	Inf	0.137254901960784	1
g03840	0	7	3	8	0	0.245098039215686	1
g08502	1	6	2	9	0.761789117095814	1	1
g04103	1	6	2	9	0.761789117095814	1	1
g03909	0	7	3	8	0	0.245098039215686	1
g03838	1	6	2	9	0.761789117095814	1	1
g04397	2	5	0	11	Inf	0.137254901960784	1
g03849	0	7	3	8	0	0.245098039215686	1
g08621	2	5	0	11	Inf	0.137254901960784	1
g06824	3	4	0	11	Inf	0.0428921568627451	1
g03432	1	6	2	9	0.761789117095814	1	1
g03634	0	7	3	8	0	0.245098039215686	1
g07302	3	4	0	11	Inf	0.0428921568627451	1
g05819	1	6	2	9	0.761789117095814	1	1
g03971	1	6	1	10	1.61828432394208	1	1
g06719	1	6	2	9	0.761789117095814	1	1
g03976	2	5	0	11	Inf	0.137254901960784	1
g03674	0	7	3	8	0	0.245098039215686	1
g04644	2	5	0	11	Inf	0.137254901960784	1
g03964	1	6	2	9	0.761789117095814	1	1
g07669	1	6	2	9	0.761789117095814	1	1
g04492	0	7	3	8	0	0.245098039215686	1
g05888	0	7	3	8	0	0.245098039215686	1
g08214	1	6	2	9	0.761789117095814	1	1
g09483	0	7	3	8	0	0.245098039215686	1
g05648	3	4	0	11	Inf	0.0428921568627451	1
g06692	3	4	0	11	Inf	0.0428921568627451	1
g04008	0	7	3	8	0	0.245098039215686	1
g06251	1	6	2	9	0.761789117095814	1	1
g09095	0	7	3	8	0	0.245098039215686	1
g06366	1	6	2	9	0.761789117095814	1	1
g04033	2	5	0	11	Inf	0.137254901960784	1
g03858	0	7	3	8	0	0.245098039215686	1
g06913	3	4	0	11	Inf	0.0428921568627451	1
g06196	0	7	3	8	0	0.245098039215686	1
g04192	0	7	3	8	0	0.245098039215686	1
g07727	0	7	3	8	0	0.245098039215686	1
g08974	3	4	0	11	Inf	0.0428921568627451	1
g06672	3	4	0	11	Inf	0.0428921568627451	1
g06936	1	6	1	10	1.61828432394208	1	1
g03405	1	6	2	9	0.761789117095814	1	1
g04230	1	6	2	9	0.761789117095814	1	1
g04569	0	7	3	8	0	0.245098039215686	1
g04481	0	7	3	8	0	0.245098039215686	1
g07029	1	6	2	9	0.761789117095814	1	1
g05092	1	6	2	9	0.761789117095814	1	1
g06678	1	6	2	9	0.761789117095814	1	1
g04495	0	7	3	8	0	0.245098039215686	1
g04173	3	4	0	11	Inf	0.0428921568627451	1
g07853	0	7	3	8	0	0.245098039215686	1
g05709	3	4	0	11	Inf	0.0428921568627451	1
g05571	1	6	2	9	0.761789117095814	1	1
g03999	2	5	0	11	Inf	0.137254901960784	1
g04020	2	5	0	11	Inf	0.137254901960784	1
g08682	3	4	0	11	Inf	0.0428921568627451	1
g07346	0	7	3	8	0	0.245098039215686	1
g04179	2	5	1	10	3.68244308279805	0.528186274509804	1
g08603	3	4	0	11	Inf	0.0428921568627451	1
g07233	1	6	2	9	0.761789117095814	1	1
g08599	2	5	1	10	3.68244308279805	0.528186274509804	1
g09023	3	4	0	11	Inf	0.0428921568627451	1
g05988	0	7	3	8	0	0.245098039215686	1
g04619	3	4	0	11	Inf	0.0428921568627451	1
g05714	0	7	3	8	0	0.245098039215686	1
g03690	1	6	2	9	0.761789117095814	1	1
g04448	2	5	0	11	Inf	0.137254901960784	1
g04679	0	7	2	9	0	0.496732026143791	1
g04772	0	7	2	9	0	0.496732026143791	1
g09217	0	7	2	9	0	0.496732026143791	1
g06838	0	7	2	9	0	0.496732026143791	1
g08987	0	7	2	9	0	0.496732026143791	1
g09127	0	7	2	9	0	0.496732026143791	1
g08739	0	7	2	9	0	0.496732026143791	1
g08918	0	7	2	9	0	0.496732026143791	1
g08802	0	7	2	9	0	0.496732026143791	1
g06937	0	7	2	9	0	0.496732026143791	1
g06363	0	7	2	9	0	0.496732026143791	1
g07684	0	7	2	9	0	0.496732026143791	1
g06496	0	7	2	9	0	0.496732026143791	1
g05452	0	7	2	9	0	0.496732026143791	1
g07622	0	7	2	9	0	0.496732026143791	1
g08223	0	7	2	9	0	0.496732026143791	1
g07106	0	7	2	9	0	0.496732026143791	1
g06471	0	7	2	9	0	0.496732026143791	1
g08303	0	7	2	9	0	0.496732026143791	1
g07664	0	7	2	9	0	0.496732026143791	1
g06907	0	7	2	9	0	0.496732026143791	1
g06942	0	7	2	9	0	0.496732026143791	1
g06999	0	7	2	9	0	0.496732026143791	1
g06257	0	7	2	9	0	0.496732026143791	1
g09518	0	7	2	9	0	0.496732026143791	1
g05611	0	7	2	9	0	0.496732026143791	1
g07148	0	7	2	9	0	0.496732026143791	1
g07025	0	7	2	9	0	0.496732026143791	1
g05081	0	7	2	9	0	0.496732026143791	1
g06595	0	7	2	9	0	0.496732026143791	1
g08312	0	7	2	9	0	0.496732026143791	1
g05412	0	7	2	9	0	0.496732026143791	1
g06650	0	7	2	9	0	0.496732026143791	1
g05969	0	7	2	9	0	0.496732026143791	1
g04694	0	7	2	9	0	0.496732026143791	1
g06510	0	7	2	9	0	0.496732026143791	1
g05826	0	7	2	9	0	0.496732026143791	1
g04718	0	7	2	9	0	0.496732026143791	1
g08923	0	7	2	9	0	0.496732026143791	1
g04881	0	7	2	9	0	0.496732026143791	1
g04747	0	7	2	9	0	0.496732026143791	1
g07606	0	7	2	9	0	0.496732026143791	1
g05336	0	7	2	9	0	0.496732026143791	1
g05866	0	7	2	9	0	0.496732026143791	1
g09234	0	7	2	9	0	0.496732026143791	1
g04856	0	7	2	9	0	0.496732026143791	1
g06174	0	7	2	9	0	0.496732026143791	1
g06045	0	7	2	9	0	0.496732026143791	1
g05057	0	7	2	9	0	0.496732026143791	1
g05449	0	7	2	9	0	0.496732026143791	1
g09516	0	7	2	9	0	0.496732026143791	1
g07496	0	7	2	9	0	0.496732026143791	1
g05927	0	7	2	9	0	0.496732026143791	1
g07280	0	7	2	9	0	0.496732026143791	1
g09033	0	7	2	9	0	0.496732026143791	1
g07592	0	7	2	9	0	0.496732026143791	1
g09087	0	7	2	9	0	0.496732026143791	1
g05897	0	7	2	9	0	0.496732026143791	1
g05232	0	7	2	9	0	0.496732026143791	1
g05491	0	7	2	9	0	0.496732026143791	1
g09020	0	7	2	9	0	0.496732026143791	1
g09162	0	7	2	9	0	0.496732026143791	1
g08320	0	7	2	9	0	0.496732026143791	1
g05018	0	7	2	9	0	0.496732026143791	1
g06465	0	7	2	9	0	0.496732026143791	1
g07506	0	7	2	9	0	0.496732026143791	1
g06060	0	7	2	9	0	0.496732026143791	1
g05735	0	7	2	9	0	0.496732026143791	1
g05560	0	7	2	9	0	0.496732026143791	1
g07127	0	7	2	9	0	0.496732026143791	1
g07730	0	7	2	9	0	0.496732026143791	1
g05080	0	7	2	9	0	0.496732026143791	1
g06090	0	7	2	9	0	0.496732026143791	1
g07563	0	7	2	9	0	0.496732026143791	1
g08388	0	7	2	9	0	0.496732026143791	1
g06420	0	7	2	9	0	0.496732026143791	1
g07056	0	7	2	9	0	0.496732026143791	1
g05059	0	7	2	9	0	0.496732026143791	1
g04723	0	7	2	9	0	0.496732026143791	1
g07167	0	7	2	9	0	0.496732026143791	1
g07175	0	7	2	9	0	0.496732026143791	1
g05559	0	7	2	9	0	0.496732026143791	1
g07816	0	7	2	9	0	0.496732026143791	1
g06287	0	7	2	9	0	0.496732026143791	1
g06003	0	7	2	9	0	0.496732026143791	1
g07452	0	7	2	9	0	0.496732026143791	1
g07800	0	7	2	9	0	0.496732026143791	1
g05344	0	7	2	9	0	0.496732026143791	1
g09362	0	7	2	9	0	0.496732026143791	1
g07323	0	7	2	9	0	0.496732026143791	1
g05578	0	7	2	9	0	0.496732026143791	1
g05127	0	7	2	9	0	0.496732026143791	1
g06163	0	7	2	9	0	0.496732026143791	1
g06262	1	6	0	11	Inf	0.388888888888889	1
g07610	1	6	0	11	Inf	0.388888888888889	1
g06330	1	6	0	11	Inf	0.388888888888889	1
g05218	1	6	0	11	Inf	0.388888888888889	1
g05366	1	6	0	11	Inf	0.388888888888889	1
g04686	1	6	0	11	Inf	0.388888888888889	1
g06621	1	6	0	11	Inf	0.388888888888889	1
g04750	1	6	0	11	Inf	0.388888888888889	1
g04700	1	6	0	11	Inf	0.388888888888889	1
g07073	1	6	0	11	Inf	0.388888888888889	1
g09509	1	6	0	11	Inf	0.388888888888889	1
g06099	1	6	0	11	Inf	0.388888888888889	1
g07478	1	6	0	11	Inf	0.388888888888889	1
g06338	1	6	0	11	Inf	0.388888888888889	1
g06965	1	6	0	11	Inf	0.388888888888889	1
g09407	1	6	0	11	Inf	0.388888888888889	1
g08367	1	6	0	11	Inf	0.388888888888889	1
g04756	1	6	0	11	Inf	0.388888888888889	1
g08281	1	6	0	11	Inf	0.388888888888889	1
g08246	1	6	0	11	Inf	0.388888888888889	1
g08450	1	6	0	11	Inf	0.388888888888889	1
g08359	1	6	0	11	Inf	0.388888888888889	1
g06573	1	6	0	11	Inf	0.388888888888889	1
g06758	1	6	0	11	Inf	0.388888888888889	1
g06598	1	6	0	11	Inf	0.388888888888889	1
g06820	1	6	0	11	Inf	0.388888888888889	1
g08593	1	6	0	11	Inf	0.388888888888889	1
g05831	1	6	0	11	Inf	0.388888888888889	1
g09342	1	6	0	11	Inf	0.388888888888889	1
g04655	1	6	0	11	Inf	0.388888888888889	1
g05885	1	6	0	11	Inf	0.388888888888889	1
g08832	1	6	0	11	Inf	0.388888888888889	1
g09000	1	6	0	11	Inf	0.388888888888889	1
g06800	1	6	0	11	Inf	0.388888888888889	1
g06700	1	6	0	11	Inf	0.388888888888889	1
g06378	1	6	0	11	Inf	0.388888888888889	1
g06836	1	6	0	11	Inf	0.388888888888889	1
g08553	1	6	0	11	Inf	0.388888888888889	1
g05587	0	7	2	9	0	0.496732026143791	1
g06896	0	7	2	9	0	0.496732026143791	1
g04969	0	7	2	9	0	0.496732026143791	1
g06451	0	7	2	9	0	0.496732026143791	1
g08681	0	7	2	9	0	0.496732026143791	1
g07531	0	7	2	9	0	0.496732026143791	1
g05869	0	7	2	9	0	0.496732026143791	1
g08185	0	7	2	9	0	0.496732026143791	1
g06276	0	7	2	9	0	0.496732026143791	1
g06456	0	7	2	9	0	0.496732026143791	1
g09441	0	7	2	9	0	0.496732026143791	1
g07829	0	7	2	9	0	0.496732026143791	1
g06856	0	7	2	9	0	0.496732026143791	1
g07348	0	7	2	9	0	0.496732026143791	1
g09248	0	7	2	9	0	0.496732026143791	1
g04866	0	7	2	9	0	0.496732026143791	1
g06441	0	7	2	9	0	0.496732026143791	1
g05773	0	7	2	9	0	0.496732026143791	1
g05808	0	7	2	9	0	0.496732026143791	1
g06834	0	7	2	9	0	0.496732026143791	1
g05711	0	7	2	9	0	0.496732026143791	1
g05691	0	7	2	9	0	0.496732026143791	1
g04697	0	7	2	9	0	0.496732026143791	1
g05496	0	7	2	9	0	0.496732026143791	1
g06755	0	7	2	9	0	0.496732026143791	1
g07704	0	7	2	9	0	0.496732026143791	1
g07020	0	7	2	9	0	0.496732026143791	1
g09553	0	7	2	9	0	0.496732026143791	1
g06738	0	7	2	9	0	0.496732026143791	1
g05378	0	7	2	9	0	0.496732026143791	1
g06818	0	7	2	9	0	0.496732026143791	1
g06908	0	7	2	9	0	0.496732026143791	1
g07024	0	7	2	9	0	0.496732026143791	1
g05531	1	6	0	11	Inf	0.388888888888889	1
g04838	1	6	0	11	Inf	0.388888888888889	1
g09207	1	6	0	11	Inf	0.388888888888889	1
g07864	1	6	0	11	Inf	0.388888888888889	1
g07026	1	6	0	11	Inf	0.388888888888889	1
g09369	1	6	0	11	Inf	0.388888888888889	1
g04846	1	6	0	11	Inf	0.388888888888889	1
g06898	1	6	0	11	Inf	0.388888888888889	1
g08486	1	6	0	11	Inf	0.388888888888889	1
g04737	1	6	0	11	Inf	0.388888888888889	1
g08494	1	6	0	11	Inf	0.388888888888889	1
g08735	1	6	0	11	Inf	0.388888888888889	1
g09390	1	6	0	11	Inf	0.388888888888889	1
g05680	1	6	0	11	Inf	0.388888888888889	1
g07689	1	6	0	11	Inf	0.388888888888889	1
g05143	1	6	0	11	Inf	0.388888888888889	1
g08295	1	6	0	11	Inf	0.388888888888889	1
g06383	1	6	0	11	Inf	0.388888888888889	1
g09220	1	6	0	11	Inf	0.388888888888889	1
g07301	1	6	0	11	Inf	0.388888888888889	1
g08804	1	6	0	11	Inf	0.388888888888889	1
g08418	1	6	0	11	Inf	0.388888888888889	1
g06322	1	6	0	11	Inf	0.388888888888889	1
g05140	1	6	0	11	Inf	0.388888888888889	1
g07186	1	6	0	11	Inf	0.388888888888889	1
g06289	1	6	0	11	Inf	0.388888888888889	1
g06240	1	6	0	11	Inf	0.388888888888889	1
g09107	1	6	0	11	Inf	0.388888888888889	1
g08789	1	6	0	11	Inf	0.388888888888889	1
g04678	1	6	0	11	Inf	0.388888888888889	1
g05945	0	7	2	9	0	0.496732026143791	1
g07199	0	7	2	9	0	0.496732026143791	1
g07773	0	7	2	9	0	0.496732026143791	1
g06775	0	7	2	9	0	0.496732026143791	1
g06780	0	7	2	9	0	0.496732026143791	1
g06687	0	7	2	9	0	0.496732026143791	1
g09358	0	7	2	9	0	0.496732026143791	1
g05318	0	7	2	9	0	0.496732026143791	1
g05212	0	7	2	9	0	0.496732026143791	1
g08838	0	7	2	9	0	0.496732026143791	1
g07851	0	7	2	9	0	0.496732026143791	1
g09088	0	7	2	9	0	0.496732026143791	1
g06962	0	7	2	9	0	0.496732026143791	1
g05999	0	7	2	9	0	0.496732026143791	1
g07371	0	7	2	9	0	0.496732026143791	1
g06172	0	7	2	9	0	0.496732026143791	1
g09464	0	7	2	9	0	0.496732026143791	1
g06064	0	7	2	9	0	0.496732026143791	1
g06785	0	7	2	9	0	0.496732026143791	1
g05478	0	7	2	9	0	0.496732026143791	1
g06886	0	7	2	9	0	0.496732026143791	1
g08349	0	7	2	9	0	0.496732026143791	1
g07504	0	7	2	9	0	0.496732026143791	1
g07338	0	7	2	9	0	0.496732026143791	1
g05792	0	7	2	9	0	0.496732026143791	1
g08692	0	7	2	9	0	0.496732026143791	1
g05432	0	7	2	9	0	0.496732026143791	1
g04897	0	7	2	9	0	0.496732026143791	1
g08529	0	7	2	9	0	0.496732026143791	1
g04914	0	7	2	9	0	0.496732026143791	1
g04764	0	7	2	9	0	0.496732026143791	1
g06048	0	7	2	9	0	0.496732026143791	1
g07549	0	7	2	9	0	0.496732026143791	1
g06223	0	7	2	9	0	0.496732026143791	1
g07086	0	7	2	9	0	0.496732026143791	1
g05145	0	7	2	9	0	0.496732026143791	1
g07119	0	7	2	9	0	0.496732026143791	1
g09460	0	7	2	9	0	0.496732026143791	1
g07045	0	7	2	9	0	0.496732026143791	1
g07875	0	7	2	9	0	0.496732026143791	1
g06696	0	7	2	9	0	0.496732026143791	1
g07739	0	7	2	9	0	0.496732026143791	1
g06921	0	7	2	9	0	0.496732026143791	1
g05843	0	7	2	9	0	0.496732026143791	1
g04965	0	7	2	9	0	0.496732026143791	1
g09389	0	7	2	9	0	0.496732026143791	1
g07979	0	7	2	9	0	0.496732026143791	1
g06729	0	7	2	9	0	0.496732026143791	1
g07850	0	7	2	9	0	0.496732026143791	1
g08082	0	7	2	9	0	0.496732026143791	1
g08583	0	7	2	9	0	0.496732026143791	1
g09013	0	7	2	9	0	0.496732026143791	1
g05160	0	7	2	9	0	0.496732026143791	1
g06183	0	7	2	9	0	0.496732026143791	1
g07142	0	7	2	9	0	0.496732026143791	1
g09110	0	7	2	9	0	0.496732026143791	1
g04865	0	7	2	9	0	0.496732026143791	1
g08611	0	7	2	9	0	0.496732026143791	1
g05851	0	7	2	9	0	0.496732026143791	1
g08105	0	7	2	9	0	0.496732026143791	1
g05246	0	7	2	9	0	0.496732026143791	1
g08270	0	7	2	9	0	0.496732026143791	1
g07217	0	7	2	9	0	0.496732026143791	1
g07102	0	7	2	9	0	0.496732026143791	1
g06759	0	7	2	9	0	0.496732026143791	1
g07101	0	7	2	9	0	0.496732026143791	1
g05263	0	7	2	9	0	0.496732026143791	1
g05236	0	7	2	9	0	0.496732026143791	1
g08847	0	7	2	9	0	0.496732026143791	1
g07959	0	7	2	9	0	0.496732026143791	1
g07513	0	7	2	9	0	0.496732026143791	1
g05354	0	7	2	9	0	0.496732026143791	1
g09101	0	7	2	9	0	0.496732026143791	1
g06605	0	7	2	9	0	0.496732026143791	1
g06995	0	7	2	9	0	0.496732026143791	1
g07397	0	7	2	9	0	0.496732026143791	1
g06350	0	7	2	9	0	0.496732026143791	1
g04634	0	7	2	9	0	0.496732026143791	1
g08089	0	7	2	9	0	0.496732026143791	1
g05518	0	7	2	9	0	0.496732026143791	1
g07372	0	7	2	9	0	0.496732026143791	1
g06059	0	7	2	9	0	0.496732026143791	1
g07154	0	7	2	9	0	0.496732026143791	1
g09345	0	7	2	9	0	0.496732026143791	1
g07630	0	7	2	9	0	0.496732026143791	1
g05614	0	7	2	9	0	0.496732026143791	1
g08084	0	7	2	9	0	0.496732026143791	1
g08810	0	7	2	9	0	0.496732026143791	1
g05794	0	7	2	9	0	0.496732026143791	1
g06900	0	7	2	9	0	0.496732026143791	1
g05011	0	7	2	9	0	0.496732026143791	1
g05467	0	7	2	9	0	0.496732026143791	1
g07078	0	7	2	9	0	0.496732026143791	1
g09424	0	7	2	9	0	0.496732026143791	1
g08561	0	7	2	9	0	0.496732026143791	1
g08869	0	7	2	9	0	0.496732026143791	1
g07657	0	7	2	9	0	0.496732026143791	1
g06551	0	7	2	9	0	0.496732026143791	1
g05256	0	7	2	9	0	0.496732026143791	1
g07559	0	7	2	9	0	0.496732026143791	1
g08885	0	7	2	9	0	0.496732026143791	1
g05213	0	7	2	9	0	0.496732026143791	1
g06249	0	7	2	9	0	0.496732026143791	1
g05892	0	7	2	9	0	0.496732026143791	1
g07292	0	7	2	9	0	0.496732026143791	1
g07698	0	7	2	9	0	0.496732026143791	1
g06872	0	7	2	9	0	0.496732026143791	1
g08177	0	7	2	9	0	0.496732026143791	1
g06374	0	7	2	9	0	0.496732026143791	1
g07656	0	7	2	9	0	0.496732026143791	1
g07065	0	7	2	9	0	0.496732026143791	1
g08993	0	7	2	9	0	0.496732026143791	1
g07532	0	7	2	9	0	0.496732026143791	1
g09397	0	7	2	9	0	0.496732026143791	1
g07978	0	7	2	9	0	0.496732026143791	1
g07651	0	7	2	9	0	0.496732026143791	1
g06507	0	7	2	9	0	0.496732026143791	1
g08898	0	7	2	9	0	0.496732026143791	1
g04834	0	7	2	9	0	0.496732026143791	1
g06946	0	7	2	9	0	0.496732026143791	1
g07772	0	7	2	9	0	0.496732026143791	1
g07556	0	7	2	9	0	0.496732026143791	1
g09394	0	7	2	9	0	0.496732026143791	1
g04779	0	7	2	9	0	0.496732026143791	1
g07426	0	7	2	9	0	0.496732026143791	1
g07639	0	7	2	9	0	0.496732026143791	1
g05922	0	7	2	9	0	0.496732026143791	1
g08591	0	7	2	9	0	0.496732026143791	1
g08662	0	7	2	9	0	0.496732026143791	1
g05718	0	7	2	9	0	0.496732026143791	1
g05617	0	7	2	9	0	0.496732026143791	1
g05391	0	7	2	9	0	0.496732026143791	1
g04637	0	7	2	9	0	0.496732026143791	1
g08639	0	7	2	9	0	0.496732026143791	1
g09328	0	7	2	9	0	0.496732026143791	1
g05748	0	7	2	9	0	0.496732026143791	1
g07795	0	7	2	9	0	0.496732026143791	1
g08934	0	7	2	9	0	0.496732026143791	1
g07087	0	7	2	9	0	0.496732026143791	1
g07482	0	7	2	9	0	0.496732026143791	1
g09198	0	7	2	9	0	0.496732026143791	1
g09419	0	7	2	9	0	0.496732026143791	1
g06145	0	7	2	9	0	0.496732026143791	1
g04701	0	7	2	9	0	0.496732026143791	1
g05217	0	7	2	9	0	0.496732026143791	1
g07915	0	7	2	9	0	0.496732026143791	1
g07918	0	7	2	9	0	0.496732026143791	1
g05789	0	7	2	9	0	0.496732026143791	1
g09154	0	7	2	9	0	0.496732026143791	1
g06101	0	7	2	9	0	0.496732026143791	1
g08469	0	7	2	9	0	0.496732026143791	1
g07797	0	7	2	9	0	0.496732026143791	1
g06610	0	7	2	9	0	0.496732026143791	1
g05158	0	7	2	9	0	0.496732026143791	1
g05164	0	7	2	9	0	0.496732026143791	1
g07759	0	7	2	9	0	0.496732026143791	1
g06987	0	7	2	9	0	0.496732026143791	1
g08427	0	7	2	9	0	0.496732026143791	1
g04607	0	7	2	9	0	0.496732026143791	1
g08173	0	7	2	9	0	0.496732026143791	1
g08453	0	7	2	9	0	0.496732026143791	1
g09497	0	7	2	9	0	0.496732026143791	1
g05483	0	7	2	9	0	0.496732026143791	1
g08539	0	7	2	9	0	0.496732026143791	1
g07569	0	7	2	9	0	0.496732026143791	1
g05739	0	7	2	9	0	0.496732026143791	1
g08875	0	7	2	9	0	0.496732026143791	1
g08574	0	7	2	9	0	0.496732026143791	1
g07948	0	7	2	9	0	0.496732026143791	1
g06047	0	7	2	9	0	0.496732026143791	1
g05685	0	7	2	9	0	0.496732026143791	1
g09403	0	7	2	9	0	0.496732026143791	1
g06315	0	7	2	9	0	0.496732026143791	1
g09061	0	7	2	9	0	0.496732026143791	1
g08697	0	7	2	9	0	0.496732026143791	1
g05295	0	7	2	9	0	0.496732026143791	1
g06082	0	7	2	9	0	0.496732026143791	1
g07774	0	7	2	9	0	0.496732026143791	1
g06007	0	7	2	9	0	0.496732026143791	1
g04964	0	7	2	9	0	0.496732026143791	1
g06124	0	7	2	9	0	0.496732026143791	1
g07695	0	7	2	9	0	0.496732026143791	1
g08870	0	7	2	9	0	0.496732026143791	1
g08154	0	7	2	9	0	0.496732026143791	1
g07660	0	7	2	9	0	0.496732026143791	1
g08020	0	7	2	9	0	0.496732026143791	1
g06076	0	7	2	9	0	0.496732026143791	1
g09325	0	7	2	9	0	0.496732026143791	1
g09513	0	7	2	9	0	0.496732026143791	1
g09311	1	6	0	11	Inf	0.388888888888889	1
g05375	1	6	0	11	Inf	0.388888888888889	1
g04591	1	6	0	11	Inf	0.388888888888889	1
g08116	1	6	0	11	Inf	0.388888888888889	1
g06873	1	6	0	11	Inf	0.388888888888889	1
g08130	1	6	0	11	Inf	0.388888888888889	1
g05255	1	6	0	11	Inf	0.388888888888889	1
g04867	1	6	0	11	Inf	0.388888888888889	1
g08784	1	6	0	11	Inf	0.388888888888889	1
g05363	1	6	0	11	Inf	0.388888888888889	1
g08628	1	6	0	11	Inf	0.388888888888889	1
g09059	1	6	0	11	Inf	0.388888888888889	1
g09112	1	6	0	11	Inf	0.388888888888889	1
g08300	1	6	0	11	Inf	0.388888888888889	1
g09512	0	7	2	9	0	0.496732026143791	1
g04625	0	7	2	9	0	0.496732026143791	1
g05244	0	7	2	9	0	0.496732026143791	1
g09160	0	7	2	9	0	0.496732026143791	1
g08658	0	7	2	9	0	0.496732026143791	1
g07943	0	7	2	9	0	0.496732026143791	1
g04900	0	7	2	9	0	0.496732026143791	1
g06569	0	7	2	9	0	0.496732026143791	1
g09475	0	7	2	9	0	0.496732026143791	1
g06275	0	7	2	9	0	0.496732026143791	1
g04836	0	7	2	9	0	0.496732026143791	1
g08644	0	7	2	9	0	0.496732026143791	1
g08067	0	7	2	9	0	0.496732026143791	1
g05273	0	7	2	9	0	0.496732026143791	1
g08951	0	7	2	9	0	0.496732026143791	1
g05906	0	7	2	9	0	0.496732026143791	1
g05061	0	7	2	9	0	0.496732026143791	1
g09510	0	7	2	9	0	0.496732026143791	1
g04717	0	7	2	9	0	0.496732026143791	1
g07263	0	7	2	9	0	0.496732026143791	1
g09302	0	7	2	9	0	0.496732026143791	1
g05342	0	7	2	9	0	0.496732026143791	1
g07700	0	7	2	9	0	0.496732026143791	1
g04730	0	7	2	9	0	0.496732026143791	1
g04857	0	7	2	9	0	0.496732026143791	1
g08981	0	7	2	9	0	0.496732026143791	1
g07209	0	7	2	9	0	0.496732026143791	1
g08050	0	7	2	9	0	0.496732026143791	1
g07083	0	7	2	9	0	0.496732026143791	1
g09139	0	7	2	9	0	0.496732026143791	1
g07765	0	7	2	9	0	0.496732026143791	1
g09515	0	7	2	9	0	0.496732026143791	1
g08186	0	7	2	9	0	0.496732026143791	1
g05037	0	7	2	9	0	0.496732026143791	1
g07095	0	7	2	9	0	0.496732026143791	1
g08711	0	7	2	9	0	0.496732026143791	1
g08386	0	7	2	9	0	0.496732026143791	1
g05638	0	7	2	9	0	0.496732026143791	1
g09550	0	7	2	9	0	0.496732026143791	1
g07867	1	6	0	11	Inf	0.388888888888889	1
g04800	1	6	0	11	Inf	0.388888888888889	1
g09106	1	6	0	11	Inf	0.388888888888889	1
g05563	1	6	0	11	Inf	0.388888888888889	1
g08066	1	6	0	11	Inf	0.388888888888889	1
g07825	1	6	0	11	Inf	0.388888888888889	1
g06450	1	6	0	11	Inf	0.388888888888889	1
g06156	1	6	0	11	Inf	0.388888888888889	1
g09212	1	6	0	11	Inf	0.388888888888889	1
g06089	1	6	0	11	Inf	0.388888888888889	1
g07448	1	6	0	11	Inf	0.388888888888889	1
g08532	1	6	0	11	Inf	0.388888888888889	1
g08316	1	6	0	11	Inf	0.388888888888889	1
g04683	1	6	0	11	Inf	0.388888888888889	1
g06918	1	6	0	11	Inf	0.388888888888889	1
g07537	1	6	0	11	Inf	0.388888888888889	1
g09180	1	6	0	11	Inf	0.388888888888889	1
g04603	1	6	0	11	Inf	0.388888888888889	1
g04947	1	6	0	11	Inf	0.388888888888889	1
g07924	1	6	0	11	Inf	0.388888888888889	1
g06404	1	6	0	11	Inf	0.388888888888889	1
g05644	1	6	0	11	Inf	0.388888888888889	1
g06305	1	6	0	11	Inf	0.388888888888889	1
g09156	1	6	0	11	Inf	0.388888888888889	1
g08541	0	7	2	9	0	0.496732026143791	1
g08527	0	7	2	9	0	0.496732026143791	1
g09484	0	7	2	9	0	0.496732026143791	1
g09169	0	7	2	9	0	0.496732026143791	1
g05835	0	7	2	9	0	0.496732026143791	1
g09032	0	7	2	9	0	0.496732026143791	1
g05599	0	7	2	9	0	0.496732026143791	1
g08879	0	7	2	9	0	0.496732026143791	1
g08083	0	7	2	9	0	0.496732026143791	1
g08764	0	7	2	9	0	0.496732026143791	1
g08728	0	7	2	9	0	0.496732026143791	1
g05027	0	7	2	9	0	0.496732026143791	1
g06435	0	7	2	9	0	0.496732026143791	1
g04811	0	7	2	9	0	0.496732026143791	1
g05088	0	7	2	9	0	0.496732026143791	1
g06737	0	7	2	9	0	0.496732026143791	1
g05973	0	7	2	9	0	0.496732026143791	1
g08953	0	7	2	9	0	0.496732026143791	1
g08724	0	7	2	9	0	0.496732026143791	1
g09141	0	7	2	9	0	0.496732026143791	1
g05185	0	7	2	9	0	0.496732026143791	1
g08462	0	7	2	9	0	0.496732026143791	1
g07974	0	7	2	9	0	0.496732026143791	1
g08125	0	7	2	9	0	0.496732026143791	1
g05192	0	7	2	9	0	0.496732026143791	1
g08437	0	7	2	9	0	0.496732026143791	1
g07495	0	7	2	9	0	0.496732026143791	1
g09409	0	7	2	9	0	0.496732026143791	1
g09506	0	7	2	9	0	0.496732026143791	1
g09213	0	7	2	9	0	0.496732026143791	1
g05437	0	7	2	9	0	0.496732026143791	1
g09438	0	7	2	9	0	0.496732026143791	1
g05385	0	7	2	9	0	0.496732026143791	1
g07581	1	6	0	11	Inf	0.388888888888889	1
g08763	1	6	0	11	Inf	0.388888888888889	1
g04672	1	6	0	11	Inf	0.388888888888889	1
g04740	1	6	0	11	Inf	0.388888888888889	1
g09069	1	6	0	11	Inf	0.388888888888889	1
g08746	1	6	0	11	Inf	0.388888888888889	1
g05459	1	6	0	11	Inf	0.388888888888889	1
g07942	1	6	0	11	Inf	0.388888888888889	1
g04831	1	6	0	11	Inf	0.388888888888889	1
g09457	1	6	0	11	Inf	0.388888888888889	1
g06112	0	7	2	9	0	0.496732026143791	1
g09018	0	7	2	9	0	0.496732026143791	1
g08241	0	7	2	9	0	0.496732026143791	1
g07671	0	7	2	9	0	0.496732026143791	1
g05701	0	7	2	9	0	0.496732026143791	1
g07408	0	7	2	9	0	0.496732026143791	1
g05219	0	7	2	9	0	0.496732026143791	1
g06986	0	7	2	9	0	0.496732026143791	1
g09431	0	7	2	9	0	0.496732026143791	1
g05861	0	7	2	9	0	0.496732026143791	1
g06501	0	7	2	9	0	0.496732026143791	1
g07750	0	7	2	9	0	0.496732026143791	1
g09251	0	7	2	9	0	0.496732026143791	1
g08708	0	7	2	9	0	0.496732026143791	1
g06356	0	7	2	9	0	0.496732026143791	1
g07818	0	7	2	9	0	0.496732026143791	1
g05421	0	7	2	9	0	0.496732026143791	1
g07351	0	7	2	9	0	0.496732026143791	1
g08624	1	6	1	10	1.61828432394208	1	1
g04727	1	6	1	10	1.61828432394208	1	1
g07648	1	6	1	10	1.61828432394208	1	1
g06683	1	6	1	10	1.61828432394208	1	1
g08408	1	6	1	10	1.61828432394208	1	1
g08216	1	6	1	10	1.61828432394208	1	1
g08550	1	6	1	10	1.61828432394208	1	1
g06832	1	6	1	10	1.61828432394208	1	1
g06850	1	6	1	10	1.61828432394208	1	1
g07480	1	6	0	11	Inf	0.388888888888889	1
g06776	1	6	0	11	Inf	0.388888888888889	1
g06851	1	6	0	11	Inf	0.388888888888889	1
g08245	1	6	0	11	Inf	0.388888888888889	1
g08944	1	6	0	11	Inf	0.388888888888889	1
g06118	1	6	0	11	Inf	0.388888888888889	1
g05280	1	6	0	11	Inf	0.388888888888889	1
g09096	1	6	0	11	Inf	0.388888888888889	1
g06130	1	6	0	11	Inf	0.388888888888889	1
g08393	0	7	2	9	0	0.496732026143791	1
g09304	0	7	2	9	0	0.496732026143791	1
g05596	0	7	2	9	0	0.496732026143791	1
g08931	0	7	2	9	0	0.496732026143791	1
g07093	0	7	2	9	0	0.496732026143791	1
g08054	0	7	2	9	0	0.496732026143791	1
g04827	0	7	2	9	0	0.496732026143791	1
g09148	0	7	2	9	0	0.496732026143791	1
g06745	0	7	2	9	0	0.496732026143791	1
g08674	0	7	2	9	0	0.496732026143791	1
g06220	0	7	2	9	0	0.496732026143791	1
g08863	0	7	2	9	0	0.496732026143791	1
g06184	0	7	2	9	0	0.496732026143791	1
g05591	0	7	2	9	0	0.496732026143791	1
g07906	0	7	2	9	0	0.496732026143791	1
g04738	0	7	2	9	0	0.496732026143791	1
g08430	0	7	2	9	0	0.496732026143791	1
g05767	0	7	2	9	0	0.496732026143791	1
g08772	0	7	2	9	0	0.496732026143791	1
g04922	0	7	2	9	0	0.496732026143791	1
g06157	0	7	2	9	0	0.496732026143791	1
g06294	0	7	2	9	0	0.496732026143791	1
g07216	0	7	2	9	0	0.496732026143791	1
g07965	0	7	2	9	0	0.496732026143791	1
g06556	0	7	2	9	0	0.496732026143791	1
g04937	0	7	2	9	0	0.496732026143791	1
g06893	0	7	2	9	0	0.496732026143791	1
g04720	0	7	2	9	0	0.496732026143791	1
g07062	0	7	2	9	0	0.496732026143791	1
g06030	0	7	2	9	0	0.496732026143791	1
g04815	0	7	2	9	0	0.496732026143791	1
g06010	0	7	2	9	0	0.496732026143791	1
g06617	0	7	2	9	0	0.496732026143791	1
g08760	0	7	2	9	0	0.496732026143791	1
g07912	0	7	2	9	0	0.496732026143791	1
g07242	0	7	2	9	0	0.496732026143791	1
g06491	0	7	2	9	0	0.496732026143791	1
g08983	0	7	2	9	0	0.496732026143791	1
g09142	0	7	2	9	0	0.496732026143791	1
g05742	0	7	2	9	0	0.496732026143791	1
g07597	0	7	2	9	0	0.496732026143791	1
g07920	0	7	2	9	0	0.496732026143791	1
g05411	0	7	2	9	0	0.496732026143791	1
g04984	0	7	2	9	0	0.496732026143791	1
g08747	0	7	2	9	0	0.496732026143791	1
g05631	0	7	2	9	0	0.496732026143791	1
g09076	0	7	2	9	0	0.496732026143791	1
g05726	0	7	2	9	0	0.496732026143791	1
g07109	0	7	2	9	0	0.496732026143791	1
g09259	1	6	0	11	Inf	0.388888888888889	1
g09494	1	6	0	11	Inf	0.388888888888889	1
g06079	1	6	0	11	Inf	0.388888888888889	1
g08060	1	6	0	11	Inf	0.388888888888889	1
g05820	1	6	0	11	Inf	0.388888888888889	1
g07485	1	6	0	11	Inf	0.388888888888889	1
g07505	1	6	0	11	Inf	0.388888888888889	1
g05258	1	6	0	11	Inf	0.388888888888889	1
g09003	0	7	2	9	0	0.496732026143791	1
g09545	0	7	2	9	0	0.496732026143791	1
g05545	0	7	2	9	0	0.496732026143791	1
g07771	0	7	2	9	0	0.496732026143791	1
g06103	0	7	2	9	0	0.496732026143791	1
g09062	0	7	2	9	0	0.496732026143791	1
g06752	0	7	2	9	0	0.496732026143791	1
g08053	0	7	2	9	0	0.496732026143791	1
g08062	0	7	2	9	0	0.496732026143791	1
g07888	0	7	2	9	0	0.496732026143791	1
g07755	0	7	2	9	0	0.496732026143791	1
g05537	0	7	2	9	0	0.496732026143791	1
g04775	0	7	2	9	0	0.496732026143791	1
g08257	0	7	2	9	0	0.496732026143791	1
g05306	0	7	2	9	0	0.496732026143791	1
g08552	0	7	2	9	0	0.496732026143791	1
g04494	2	5	0	11	Inf	0.137254901960784	1
g06947	2	5	0	11	Inf	0.137254901960784	1
g03957	2	5	0	11	Inf	0.137254901960784	1
g03914	2	5	0	11	Inf	0.137254901960784	1
g03974	2	5	0	11	Inf	0.137254901960784	1
g03969	2	5	0	11	Inf	0.137254901960784	1
g03854	2	5	0	11	Inf	0.137254901960784	1
g03899	2	5	0	11	Inf	0.137254901960784	1
g04833	0	7	2	9	0	0.496732026143791	1
g07683	0	7	2	9	0	0.496732026143791	1
g06499	0	7	2	9	0	0.496732026143791	1
g07459	0	7	2	9	0	0.496732026143791	1
g06212	0	7	2	9	0	0.496732026143791	1
g05507	0	7	2	9	0	0.496732026143791	1
g07290	0	7	2	9	0	0.496732026143791	1
g07076	0	7	2	9	0	0.496732026143791	1
g06068	2	5	0	11	Inf	0.137254901960784	1
g09463	2	5	0	11	Inf	0.137254901960784	1
g04894	2	5	0	11	Inf	0.137254901960784	1
g08514	2	5	0	11	Inf	0.137254901960784	1
g08683	2	5	0	11	Inf	0.137254901960784	1
g06054	2	5	0	11	Inf	0.137254901960784	1
g08876	2	5	0	11	Inf	0.137254901960784	1
g05543	0	7	2	9	0	0.496732026143791	1
g08240	0	7	2	9	0	0.496732026143791	1
g05349	0	7	2	9	0	0.496732026143791	1
g08134	0	7	2	9	0	0.496732026143791	1
g05316	0	7	2	9	0	0.496732026143791	1
g05827	0	7	2	9	0	0.496732026143791	1
g08826	0	7	2	9	0	0.496732026143791	1
g06270	0	7	2	9	0	0.496732026143791	1
g07458	0	7	2	9	0	0.496732026143791	1
g08143	0	7	2	9	0	0.496732026143791	1
g08308	0	7	2	9	0	0.496732026143791	1
g05298	0	7	2	9	0	0.496732026143791	1
g09249	0	7	2	9	0	0.496732026143791	1
g06385	0	7	2	9	0	0.496732026143791	1
g04629	0	7	2	9	0	0.496732026143791	1
g06787	0	7	2	9	0	0.496732026143791	1
g06245	0	7	2	9	0	0.496732026143791	1
g05592	0	7	2	9	0	0.496732026143791	1
g05860	0	7	2	9	0	0.496732026143791	1
g06189	0	7	2	9	0	0.496732026143791	1
g05850	0	7	2	9	0	0.496732026143791	1
g07584	1	6	0	11	Inf	0.388888888888889	1
g08147	1	6	0	11	Inf	0.388888888888889	1
g08648	1	6	0	11	Inf	0.388888888888889	1
g06244	1	6	0	11	Inf	0.388888888888889	1
g05876	1	6	0	11	Inf	0.388888888888889	1
g08792	1	6	0	11	Inf	0.388888888888889	1
g06109	1	6	0	11	Inf	0.388888888888889	1
g07206	0	7	2	9	0	0.496732026143791	1
g05868	0	7	2	9	0	0.496732026143791	1
g06417	0	7	2	9	0	0.496732026143791	1
g06985	0	7	2	9	0	0.496732026143791	1
g05838	0	7	2	9	0	0.496732026143791	1
g09511	0	7	2	9	0	0.496732026143791	1
g04598	0	7	2	9	0	0.496732026143791	1
g06004	0	7	2	9	0	0.496732026143791	1
g06006	0	7	2	9	0	0.496732026143791	1
g06250	0	7	2	9	0	0.496732026143791	1
g04596	0	7	2	9	0	0.496732026143791	1
g08030	0	7	2	9	0	0.496732026143791	1
g06658	0	7	2	9	0	0.496732026143791	1
g04729	0	7	2	9	0	0.496732026143791	1
g03730	1	6	1	10	1.61828432394208	1	1
g05523	1	6	1	10	1.61828432394208	1	1
g05778	1	6	1	10	1.61828432394208	1	1
g06419	1	6	1	10	1.61828432394208	1	1
g06661	1	6	1	10	1.61828432394208	1	1
g04887	1	6	1	10	1.61828432394208	1	1
g05190	1	6	1	10	1.61828432394208	1	1
g08264	0	7	2	9	0	0.496732026143791	1
g09245	0	7	2	9	0	0.496732026143791	1
g07514	0	7	2	9	0	0.496732026143791	1
g06190	0	7	2	9	0	0.496732026143791	1
g06883	0	7	2	9	0	0.496732026143791	1
g08581	0	7	2	9	0	0.496732026143791	1
g04746	0	7	2	9	0	0.496732026143791	1
g08253	1	6	0	11	Inf	0.388888888888889	1
g05102	1	6	0	11	Inf	0.388888888888889	1
g05858	1	6	0	11	Inf	0.388888888888889	1
g09071	1	6	0	11	Inf	0.388888888888889	1
g07475	1	6	0	11	Inf	0.388888888888889	1
g06540	1	6	0	11	Inf	0.388888888888889	1
g07230	1	6	0	11	Inf	0.388888888888889	1
g06957	0	7	2	9	0	0.496732026143791	1
g08854	0	7	2	9	0	0.496732026143791	1
g08188	0	7	2	9	0	0.496732026143791	1
g08606	0	7	2	9	0	0.496732026143791	1
g05486	0	7	2	9	0	0.496732026143791	1
g06863	0	7	2	9	0	0.496732026143791	1
g09380	0	7	2	9	0	0.496732026143791	1
g07779	0	7	2	9	0	0.496732026143791	1
g04788	0	7	2	9	0	0.496732026143791	1
g06063	0	7	2	9	0	0.496732026143791	1
g04732	0	7	2	9	0	0.496732026143791	1
g07577	0	7	2	9	0	0.496732026143791	1
g08584	0	7	2	9	0	0.496732026143791	1
g06034	0	7	2	9	0	0.496732026143791	1
g08095	0	7	2	9	0	0.496732026143791	1
g05947	0	7	2	9	0	0.496732026143791	1
g05253	0	7	2	9	0	0.496732026143791	1
g06397	0	7	2	9	0	0.496732026143791	1
g07874	0	7	2	9	0	0.496732026143791	1
g06895	0	7	2	9	0	0.496732026143791	1
g07715	0	7	2	9	0	0.496732026143791	1
g05621	0	7	2	9	0	0.496732026143791	1
g05567	0	7	2	9	0	0.496732026143791	1
g04599	0	7	2	9	0	0.496732026143791	1
g08226	0	7	2	9	0	0.496732026143791	1
g05943	0	7	2	9	0	0.496732026143791	1
g07320	0	7	2	9	0	0.496732026143791	1
g07245	0	7	2	9	0	0.496732026143791	1
g05667	0	7	2	9	0	0.496732026143791	1
g06167	0	7	2	9	0	0.496732026143791	1
g07790	0	7	2	9	0	0.496732026143791	1
g04986	1	6	1	10	1.61828432394208	1	1
g07887	1	6	1	10	1.61828432394208	1	1
g09395	1	6	1	10	1.61828432394208	1	1
g06977	1	6	1	10	1.61828432394208	1	1
g06314	1	6	1	10	1.61828432394208	1	1
g05331	1	6	1	10	1.61828432394208	1	1
g07421	0	7	2	9	0	0.496732026143791	1
g05902	0	7	2	9	0	0.496732026143791	1
g09271	0	7	2	9	0	0.496732026143791	1
g06463	0	7	2	9	0	0.496732026143791	1
g07963	0	7	2	9	0	0.496732026143791	1
g08152	0	7	2	9	0	0.496732026143791	1
g06778	0	7	2	9	0	0.496732026143791	1
g07564	0	7	2	9	0	0.496732026143791	1
g08556	0	7	2	9	0	0.496732026143791	1
g06537	0	7	2	9	0	0.496732026143791	1
g08855	0	7	2	9	0	0.496732026143791	1
g08005	0	7	2	9	0	0.496732026143791	1
g07580	0	7	2	9	0	0.496732026143791	1
g08244	0	7	2	9	0	0.496732026143791	1
g06211	0	7	2	9	0	0.496732026143791	1
g06889	0	7	2	9	0	0.496732026143791	1
g04956	0	7	2	9	0	0.496732026143791	1
g07763	1	6	0	11	Inf	0.388888888888889	1
g06041	1	6	0	11	Inf	0.388888888888889	1
g06406	1	6	0	11	Inf	0.388888888888889	1
g08080	1	6	0	11	Inf	0.388888888888889	1
g04903	1	6	0	11	Inf	0.388888888888889	1
g08511	1	6	0	11	Inf	0.388888888888889	1
g06348	1	6	0	11	Inf	0.388888888888889	1
g06371	1	6	0	11	Inf	0.388888888888889	1
g08288	1	6	0	11	Inf	0.388888888888889	1
g08456	1	6	0	11	Inf	0.388888888888889	1
g09131	0	7	2	9	0	0.496732026143791	1
g07107	0	7	2	9	0	0.496732026143791	1
g04699	0	7	2	9	0	0.496732026143791	1
g06765	0	7	2	9	0	0.496732026143791	1
g09118	0	7	2	9	0	0.496732026143791	1
g08482	1	6	0	11	Inf	0.388888888888889	1
g07297	1	6	0	11	Inf	0.388888888888889	1
g05233	1	6	0	11	Inf	0.388888888888889	1
g04726	1	6	0	11	Inf	0.388888888888889	1
g08088	1	6	0	11	Inf	0.388888888888889	1
g06715	1	6	0	11	Inf	0.388888888888889	1
g06790	1	6	0	11	Inf	0.388888888888889	1
g07865	1	6	0	11	Inf	0.388888888888889	1
g07587	1	6	0	11	Inf	0.388888888888889	1
g08077	1	6	0	11	Inf	0.388888888888889	1
g06231	1	6	0	11	Inf	0.388888888888889	1
g08899	1	6	0	11	Inf	0.388888888888889	1
g07476	1	6	0	11	Inf	0.388888888888889	1
g06085	1	6	0	11	Inf	0.388888888888889	1
g08019	1	6	0	11	Inf	0.388888888888889	1
g07568	1	6	0	11	Inf	0.388888888888889	1
g05975	1	6	0	11	Inf	0.388888888888889	1
g05168	1	6	0	11	Inf	0.388888888888889	1
g04706	1	6	0	11	Inf	0.388888888888889	1
g07856	1	6	0	11	Inf	0.388888888888889	1
g08059	0	7	2	9	0	0.496732026143791	1
g06349	0	7	2	9	0	0.496732026143791	1
g07604	0	7	2	9	0	0.496732026143791	1
g06976	0	7	2	9	0	0.496732026143791	1
g09340	0	7	2	9	0	0.496732026143791	1
g08239	1	6	0	11	Inf	0.388888888888889	1
g08706	1	6	0	11	Inf	0.388888888888889	1
g08201	1	6	0	11	Inf	0.388888888888889	1
g05135	1	6	0	11	Inf	0.388888888888889	1
g07615	1	6	0	11	Inf	0.388888888888889	1
g05593	0	7	2	9	0	0.496732026143791	1
g07839	0	7	2	9	0	0.496732026143791	1
g07393	0	7	2	9	0	0.496732026143791	1
g06237	0	7	2	9	0	0.496732026143791	1
g09125	0	7	2	9	0	0.496732026143791	1
g06618	1	6	0	11	Inf	0.388888888888889	1
g04614	1	6	0	11	Inf	0.388888888888889	1
g05905	1	6	0	11	Inf	0.388888888888889	1
g08328	1	6	0	11	Inf	0.388888888888889	1
g09539	1	6	0	11	Inf	0.388888888888889	1
g06823	0	7	2	9	0	0.496732026143791	1
g07389	0	7	2	9	0	0.496732026143791	1
g04791	0	7	2	9	0	0.496732026143791	1
g04736	0	7	2	9	0	0.496732026143791	1
g07733	0	7	2	9	0	0.496732026143791	1
g09552	0	7	2	9	0	0.496732026143791	1
g09243	0	7	2	9	0	0.496732026143791	1
g06351	0	7	2	9	0	0.496732026143791	1
g04889	0	7	2	9	0	0.496732026143791	1
g07081	0	7	2	9	0	0.496732026143791	1
g07023	1	6	0	11	Inf	0.388888888888889	1
g07140	1	6	0	11	Inf	0.388888888888889	1
g08492	1	6	0	11	Inf	0.388888888888889	1
g07967	1	6	0	11	Inf	0.388888888888889	1
g08238	1	6	0	11	Inf	0.388888888888889	1
g05058	0	7	2	9	0	0.496732026143791	1
g07145	0	7	2	9	0	0.496732026143791	1
g07330	0	7	2	9	0	0.496732026143791	1
g08759	0	7	2	9	0	0.496732026143791	1
g09012	0	7	2	9	0	0.496732026143791	1
g06207	1	6	1	10	1.61828432394208	1	1
g09290	1	6	1	10	1.61828432394208	1	1
g08017	1	6	1	10	1.61828432394208	1	1
g07198	1	6	1	10	1.61828432394208	1	1
g05321	1	6	1	10	1.61828432394208	1	1
g06949	0	7	2	9	0	0.496732026143791	1
g06712	0	7	2	9	0	0.496732026143791	1
g06273	0	7	2	9	0	0.496732026143791	1
g09279	0	7	2	9	0	0.496732026143791	1
g07498	0	7	2	9	0	0.496732026143791	1
g04755	0	7	2	9	0	0.496732026143791	1
g05433	0	7	2	9	0	0.496732026143791	1
g09258	0	7	2	9	0	0.496732026143791	1
g05083	0	7	2	9	0	0.496732026143791	1
g04823	0	7	2	9	0	0.496732026143791	1
g06664	0	7	2	9	0	0.496732026143791	1
g08982	0	7	2	9	0	0.496732026143791	1
g09401	0	7	2	9	0	0.496732026143791	1
g06258	0	7	2	9	0	0.496732026143791	1
g07355	0	7	2	9	0	0.496732026143791	1
g06828	0	7	2	9	0	0.496732026143791	1
g05890	0	7	2	9	0	0.496732026143791	1
g06328	0	7	2	9	0	0.496732026143791	1
g05402	0	7	2	9	0	0.496732026143791	1
g05082	0	7	2	9	0	0.496732026143791	1
g09544	0	7	2	9	0	0.496732026143791	1
g05953	0	7	2	9	0	0.496732026143791	1
g06342	0	7	2	9	0	0.496732026143791	1
g07232	1	6	0	11	Inf	0.388888888888889	1
g08577	1	6	0	11	Inf	0.388888888888889	1
g08078	1	6	0	11	Inf	0.388888888888889	1
g06848	1	6	0	11	Inf	0.388888888888889	1
g08749	0	7	2	9	0	0.496732026143791	1
g06553	0	7	2	9	0	0.496732026143791	1
g06690	0	7	2	9	0	0.496732026143791	1
g07923	0	7	2	9	0	0.496732026143791	1
g07998	0	7	2	9	0	0.496732026143791	1
g05276	0	7	2	9	0	0.496732026143791	1
g05060	0	7	2	9	0	0.496732026143791	1
g04982	0	7	2	9	0	0.496732026143791	1
g03762	2	5	0	11	Inf	0.137254901960784	1
g07309	2	5	0	11	Inf	0.137254901960784	1
g05234	2	5	0	11	Inf	0.137254901960784	1
g08452	2	5	0	11	Inf	0.137254901960784	1
g05670	0	7	2	9	0	0.496732026143791	1
g04852	0	7	2	9	0	0.496732026143791	1
g05462	0	7	2	9	0	0.496732026143791	1
g07961	0	7	2	9	0	0.496732026143791	1
g05761	1	6	0	11	Inf	0.388888888888889	1
g07636	1	6	0	11	Inf	0.388888888888889	1
g09238	1	6	0	11	Inf	0.388888888888889	1
g06561	1	6	0	11	Inf	0.388888888888889	1
g07836	0	7	2	9	0	0.496732026143791	1
g08702	0	7	2	9	0	0.496732026143791	1
g07666	0	7	2	9	0	0.496732026143791	1
g04455	1	6	1	10	1.61828432394208	1	1
g04289	1	6	1	10	1.61828432394208	1	1
g03755	1	6	1	10	1.61828432394208	1	1
g08208	0	7	2	9	0	0.496732026143791	1
g09195	0	7	2	9	0	0.496732026143791	1
g05597	0	7	2	9	0	0.496732026143791	1
g06906	0	7	2	9	0	0.496732026143791	1
g08336	0	7	2	9	0	0.496732026143791	1
g05482	0	7	2	9	0	0.496732026143791	1
g04382	1	6	1	10	1.61828432394208	1	1
g04191	1	6	1	10	1.61828432394208	1	1
g04216	1	6	1	10	1.61828432394208	1	1
g08721	1	6	1	10	1.61828432394208	1	1
g08374	1	6	1	10	1.61828432394208	1	1
g08322	1	6	1	10	1.61828432394208	1	1
g05157	2	5	0	11	Inf	0.137254901960784	1
g07074	2	5	0	11	Inf	0.137254901960784	1
g04174	2	5	0	11	Inf	0.137254901960784	1
g08447	0	7	2	9	0	0.496732026143791	1
g06141	0	7	2	9	0	0.496732026143791	1
g07276	0	7	2	9	0	0.496732026143791	1
g06448	0	7	2	9	0	0.496732026143791	1
g06702	0	7	2	9	0	0.496732026143791	1
g06421	0	7	2	9	0	0.496732026143791	1
g06858	0	7	2	9	0	0.496732026143791	1
g07068	0	7	2	9	0	0.496732026143791	1
g09242	0	7	2	9	0	0.496732026143791	1
g06210	1	6	0	11	Inf	0.388888888888889	1
g09109	1	6	0	11	Inf	0.388888888888889	1
g07251	1	6	0	11	Inf	0.388888888888889	1
g07972	1	6	1	10	1.61828432394208	1	1
g07541	1	6	1	10	1.61828432394208	1	1
g05361	1	6	1	10	1.61828432394208	1	1
g04886	0	7	2	9	0	0.496732026143791	1
g08620	0	7	2	9	0	0.496732026143791	1
g08363	0	7	2	9	0	0.496732026143791	1
g09004	0	7	2	9	0	0.496732026143791	1
g06667	0	7	2	9	0	0.496732026143791	1
g05208	0	7	2	9	0	0.496732026143791	1
g08345	0	7	2	9	0	0.496732026143791	1
g07690	0	7	2	9	0	0.496732026143791	1
g06916	0	7	2	9	0	0.496732026143791	1
g07117	0	7	2	9	0	0.496732026143791	1
g06695	0	7	2	9	0	0.496732026143791	1
g08141	0	7	2	9	0	0.496732026143791	1
g04895	1	6	0	11	Inf	0.388888888888889	1
g08665	1	6	0	11	Inf	0.388888888888889	1
g06864	1	6	0	11	Inf	0.388888888888889	1
g08065	0	7	2	9	0	0.496732026143791	1
g06084	0	7	2	9	0	0.496732026143791	1
g07214	0	7	2	9	0	0.496732026143791	1
g04640	0	7	2	9	0	0.496732026143791	1
g07343	0	7	2	9	0	0.496732026143791	1
g05287	0	7	2	9	0	0.496732026143791	1
g05017	0	7	2	9	0	0.496732026143791	1
g09147	0	7	2	9	0	0.496732026143791	1
g05600	0	7	2	9	0	0.496732026143791	1
g08215	0	7	2	9	0	0.496732026143791	1
g08302	0	7	2	9	0	0.496732026143791	1
g07761	0	7	2	9	0	0.496732026143791	1
g04861	1	6	1	10	1.61828432394208	1	1
g08731	1	6	1	10	1.61828432394208	1	1
g08045	1	6	1	10	1.61828432394208	1	1
g09365	1	6	0	11	Inf	0.388888888888889	1
g06303	1	6	0	11	Inf	0.388888888888889	1
g06123	1	6	0	11	Inf	0.388888888888889	1
g04489	2	5	0	11	Inf	0.137254901960784	1
g07021	2	5	0	11	Inf	0.137254901960784	1
g06514	2	5	0	11	Inf	0.137254901960784	1
g05797	0	7	2	9	0	0.496732026143791	1
g08546	0	7	2	9	0	0.496732026143791	1
g09202	0	7	2	9	0	0.496732026143791	1
g08487	0	7	2	9	0	0.496732026143791	1
g08767	0	7	2	9	0	0.496732026143791	1
g09041	0	7	2	9	0	0.496732026143791	1
g05679	1	6	0	11	Inf	0.388888888888889	1
g04763	1	6	0	11	Inf	0.388888888888889	1
g09551	1	6	0	11	Inf	0.388888888888889	1
g04273	1	6	1	10	1.61828432394208	1	1
g06826	1	6	1	10	1.61828432394208	1	1
g09190	0	7	2	9	0	0.496732026143791	1
g06681	0	7	2	9	0	0.496732026143791	1
g04283	0	7	2	9	0	0.496732026143791	1
g04355	0	7	2	9	0	0.496732026143791	1
g06197	0	7	2	9	0	0.496732026143791	1
g08439	0	7	2	9	0	0.496732026143791	1
g04657	0	7	2	9	0	0.496732026143791	1
g08531	0	7	2	9	0	0.496732026143791	1
g09237	1	6	0	11	Inf	0.388888888888889	1
g06666	1	6	0	11	Inf	0.388888888888889	1
g09383	1	6	0	11	Inf	0.388888888888889	1
g05498	1	6	0	11	Inf	0.388888888888889	1
g06069	1	6	0	11	Inf	0.388888888888889	1
g09092	1	6	0	11	Inf	0.388888888888889	1
g07128	0	7	2	9	0	0.496732026143791	1
g08680	0	7	2	9	0	0.496732026143791	1
g09303	0	7	2	9	0	0.496732026143791	1
g08833	0	7	2	9	0	0.496732026143791	1
g08294	0	7	2	9	0	0.496732026143791	1
g06503	0	7	2	9	0	0.496732026143791	1
g07315	0	7	2	9	0	0.496732026143791	1
g07722	0	7	2	9	0	0.496732026143791	1
g07361	0	7	2	9	0	0.496732026143791	1
g04669	0	7	2	9	0	0.496732026143791	1
g07399	1	6	1	10	1.61828432394208	1	1
g04908	1	6	1	10	1.61828432394208	1	1
g06699	1	6	1	10	1.61828432394208	1	1
g05350	1	6	1	10	1.61828432394208	1	1
g08590	0	7	2	9	0	0.496732026143791	1
g08894	0	7	2	9	0	0.496732026143791	1
g08893	0	7	2	9	0	0.496732026143791	1
g05393	0	7	2	9	0	0.496732026143791	1
g06023	0	7	2	9	0	0.496732026143791	1
g04789	0	7	2	9	0	0.496732026143791	1
g04572	2	5	0	11	Inf	0.137254901960784	1
g04574	2	5	0	11	Inf	0.137254901960784	1
g07316	1	6	1	10	1.61828432394208	1	1
g05284	1	6	1	10	1.61828432394208	1	1
g05996	0	7	2	9	0	0.496732026143791	1
g08138	0	7	2	9	0	0.496732026143791	1
g05932	0	7	2	9	0	0.496732026143791	1
g07626	1	6	1	10	1.61828432394208	1	1
g09065	1	6	0	11	Inf	0.388888888888889	1
g09405	1	6	0	11	Inf	0.388888888888889	1
g06517	1	6	0	11	Inf	0.388888888888889	1
g08440	1	6	0	11	Inf	0.388888888888889	1
g07732	0	7	2	9	0	0.496732026143791	1
g08769	0	7	2	9	0	0.496732026143791	1
g06093	0	7	2	9	0	0.496732026143791	1
g06121	0	7	2	9	0	0.496732026143791	1
g06899	0	7	2	9	0	0.496732026143791	1
g06410	0	7	2	9	0	0.496732026143791	1
g06137	2	5	0	11	Inf	0.137254901960784	1
g04496	2	5	0	11	Inf	0.137254901960784	1
g04205	0	7	2	9	0	0.496732026143791	1
g03980	0	7	2	9	0	0.496732026143791	1
g07350	1	6	0	11	Inf	0.388888888888889	1
g04885	1	6	0	11	Inf	0.388888888888889	1
g05146	2	5	0	11	Inf	0.137254901960784	1
g04920	2	5	0	11	Inf	0.137254901960784	1
g07594	0	7	2	9	0	0.496732026143791	1
g08699	0	7	2	9	0	0.496732026143791	1
g03826	0	7	2	9	0	0.496732026143791	1
g03876	0	7	2	9	0	0.496732026143791	1
g06140	0	7	2	9	0	0.496732026143791	1
g09194	0	7	2	9	0	0.496732026143791	1
g06026	1	6	0	11	Inf	0.388888888888889	1
g05806	1	6	0	11	Inf	0.388888888888889	1
g06544	0	7	2	9	0	0.496732026143791	1
g04762	0	7	2	9	0	0.496732026143791	1
g05325	0	7	2	9	0	0.496732026143791	1
g06686	0	7	2	9	0	0.496732026143791	1
g05693	0	7	2	9	0	0.496732026143791	1
g09527	0	7	2	9	0	0.496732026143791	1
g08891	0	7	2	9	0	0.496732026143791	1
g05162	0	7	2	9	0	0.496732026143791	1
g06543	2	5	0	11	Inf	0.137254901960784	1
g04801	2	5	0	11	Inf	0.137254901960784	1
g04636	1	6	1	10	1.61828432394208	1	1
g07675	1	6	1	10	1.61828432394208	1	1
g07363	0	7	2	9	0	0.496732026143791	1
g08687	0	7	2	9	0	0.496732026143791	1
g03956	1	6	1	10	1.61828432394208	1	1
g06706	1	6	1	10	1.61828432394208	1	1
g04618	1	6	1	10	1.61828432394208	1	1
g07653	1	6	1	10	1.61828432394208	1	1
g04011	2	5	0	11	Inf	0.137254901960784	1
g03748	1	6	1	10	1.61828432394208	1	1
g04667	0	7	2	9	0	0.496732026143791	1
g08945	0	7	2	9	0	0.496732026143791	1
g04486	0	7	2	9	0	0.496732026143791	1
g06919	0	7	2	9	0	0.496732026143791	1
g05065	0	7	2	9	0	0.496732026143791	1
g07741	0	7	2	9	0	0.496732026143791	1
g07063	0	7	2	9	0	0.496732026143791	1
g03853	0	7	2	9	0	0.496732026143791	1
g04245	1	6	1	10	1.61828432394208	1	1
g07718	1	6	1	10	1.61828432394208	1	1
g08995	1	6	0	11	Inf	0.388888888888889	1
g04122	0	7	2	9	0	0.496732026143791	1
g04652	0	7	2	9	0	0.496732026143791	1
g08033	0	7	2	9	0	0.496732026143791	1
g05492	0	7	2	9	0	0.496732026143791	1
g07905	0	7	2	9	0	0.496732026143791	1
g09206	2	5	0	11	Inf	0.137254901960784	1
g05772	1	6	1	10	1.61828432394208	1	1
g04005	1	6	1	10	1.61828432394208	1	1
g08304	0	7	2	9	0	0.496732026143791	1
g08449	2	5	0	11	Inf	0.137254901960784	1
g09263	1	6	0	11	Inf	0.388888888888889	1
g08806	1	6	0	11	Inf	0.388888888888889	1
g05853	0	7	2	9	0	0.496732026143791	1
g08518	0	7	2	9	0	0.496732026143791	1
g09391	0	7	2	9	0	0.496732026143791	1
g04725	1	6	1	10	1.61828432394208	1	1
g07892	1	6	0	11	Inf	0.388888888888889	1
g08641	0	7	2	9	0	0.496732026143791	1
g07758	1	6	0	11	Inf	0.388888888888889	1
g04342	1	6	1	10	1.61828432394208	1	1
g06892	0	7	2	9	0	0.496732026143791	1
g09523	0	7	2	9	0	0.496732026143791	1
g04038	1	6	1	10	1.61828432394208	1	1
g08399	1	6	1	10	1.61828432394208	1	1
g07678	0	7	2	9	0	0.496732026143791	1
g08167	0	7	2	9	0	0.496732026143791	1
g09165	1	6	0	11	Inf	0.388888888888889	1
g07491	1	6	1	10	1.61828432394208	1	1
g05360	0	7	2	9	0	0.496732026143791	1
g07786	1	6	1	10	1.61828432394208	1	1
g04262	2	5	0	11	Inf	0.137254901960784	1
g06442	1	6	0	11	Inf	0.388888888888889	1
g08225	0	7	2	9	0	0.496732026143791	1
g05223	1	6	1	10	1.61828432394208	1	1
g06795	0	7	2	9	0	0.496732026143791	1
g06568	0	7	2	9	0	0.496732026143791	1
g08144	0	7	2	9	0	0.496732026143791	1
g08937	1	6	0	11	Inf	0.388888888888889	1
g09472	0	7	2	9	0	0.496732026143791	1
g05126	0	7	2	9	0	0.496732026143791	1
g09005	0	7	2	9	0	0.496732026143791	1
g08557	0	7	2	9	0	0.496732026143791	1
g06743	1	6	1	10	1.61828432394208	1	1
g08311	0	7	2	9	0	0.496732026143791	1
g04422	0	7	2	9	0	0.496732026143791	1
g03872	1	6	1	10	1.61828432394208	1	1
g04043	2	5	0	11	Inf	0.137254901960784	1
g04058	0	7	2	9	0	0.496732026143791	1
g04116	0	7	2	9	0	0.496732026143791	1
g07477	1	6	0	11	Inf	0.388888888888889	1
g04411	2	5	0	11	Inf	0.137254901960784	1
g04149	1	6	1	10	1.61828432394208	1	1
g08291	1	6	0	11	Inf	0.388888888888889	1
g06426	2	5	0	11	Inf	0.137254901960784	1
g07987	0	7	2	9	0	0.496732026143791	1
g06318	0	7	2	9	0	0.496732026143791	1
g09505	0	7	2	9	0	0.496732026143791	1
g07097	0	7	2	9	0	0.496732026143791	1
g08668	1	6	1	10	1.61828432394208	1	1
g07339	1	6	1	10	1.61828432394208	1	1
g05009	1	6	1	10	1.61828432394208	1	1
g09422	0	7	2	9	0	0.496732026143791	1
g09368	1	6	0	11	Inf	0.388888888888889	1
g09450	1	6	1	10	1.61828432394208	1	1
g03916	1	6	1	10	1.61828432394208	1	1
g06812	0	7	2	9	0	0.496732026143791	1
g05156	0	7	2	9	0	0.496732026143791	1
g04513	0	7	2	9	0	0.496732026143791	1
g05141	1	6	1	10	1.61828432394208	1	1
g04507	0	7	2	9	0	0.496732026143791	1
g03923	1	6	1	10	1.61828432394208	1	1
g07529	1	6	1	10	1.61828432394208	1	1
g03893	2	5	0	11	Inf	0.137254901960784	1
g05414	1	6	1	10	1.61828432394208	1	1
g07830	1	6	0	11	Inf	0.388888888888889	1
g04345	1	6	1	10	1.61828432394208	1	1
g04155	1	6	1	10	1.61828432394208	1	1
g04154	1	6	1	10	1.61828432394208	1	1
g03827	2	5	0	11	Inf	0.137254901960784	1
g08578	1	6	0	11	Inf	0.388888888888889	1
g07747	1	6	0	11	Inf	0.388888888888889	1
g04279	0	7	2	9	0	0.496732026143791	1
g04181	2	5	0	11	Inf	0.137254901960784	1
g07954	0	7	2	9	0	0.496732026143791	1
g08139	2	5	0	11	Inf	0.137254901960784	1
g06979	0	7	2	9	0	0.496732026143791	1
g04524	0	7	2	9	0	0.496732026143791	1
g03775	2	5	0	11	Inf	0.137254901960784	1
g07810	1	6	1	10	1.61828432394208	1	1
g06173	0	7	2	9	0	0.496732026143791	1
g03942	1	6	1	10	1.61828432394208	1	1
g07424	1	6	1	10	1.61828432394208	1	1
g06604	1	6	1	10	1.61828432394208	1	1
g04359	0	7	2	9	0	0.496732026143791	1
g08722	1	6	1	10	1.61828432394208	1	1
g08819	1	6	1	10	1.61828432394208	1	1
g04685	0	7	2	9	0	0.496732026143791	1
g04471	1	6	1	10	1.61828432394208	1	1
g04193	0	7	2	9	0	0.496732026143791	1
g08834	1	6	1	10	1.61828432394208	1	1
g08119	1	6	0	11	Inf	0.388888888888889	1
g07419	0	7	2	9	0	0.496732026143791	1
g07258	0	7	2	9	0	0.496732026143791	1
g05712	0	7	2	9	0	0.496732026143791	1
g05268	2	5	0	11	Inf	0.137254901960784	1
g04542	0	7	2	9	0	0.496732026143791	1
g05514	0	7	2	9	0	0.496732026143791	1
g08776	0	7	2	9	0	0.496732026143791	1
g09434	0	7	2	9	0	0.496732026143791	1
g04050	0	7	2	9	0	0.496732026143791	1
g06574	1	6	0	11	Inf	0.388888888888889	1
g04315	0	7	2	9	0	0.496732026143791	1
g03985	0	7	2	9	0	0.496732026143791	1
g08732	1	6	0	11	Inf	0.388888888888889	1
g03449	0	7	2	9	0	0.496732026143791	1
g05799	0	7	2	9	0	0.496732026143791	1
g09170	0	7	2	9	0	0.496732026143791	1
g08613	0	7	2	9	0	0.496732026143791	1
g04027	0	7	2	9	0	0.496732026143791	1
g05699	0	7	2	9	0	0.496732026143791	1
g05673	1	6	1	10	1.61828432394208	1	1
g04734	0	7	2	9	0	0.496732026143791	1
g04196	1	6	1	10	1.61828432394208	1	1
g08569	1	6	0	11	Inf	0.388888888888889	1
g04036	0	7	2	9	0	0.496732026143791	1
g06185	1	6	0	11	Inf	0.388888888888889	1
g05765	1	6	0	11	Inf	0.388888888888889	1
g08272	0	7	2	9	0	0.496732026143791	1
g03817	1	6	1	10	1.61828432394208	1	1
g04007	1	6	1	10	1.61828432394208	1	1
g06651	0	7	2	9	0	0.496732026143791	1
g06791	0	7	2	9	0	0.496732026143791	1
g03910	0	7	2	9	0	0.496732026143791	1
g05951	1	6	0	11	Inf	0.388888888888889	1
g08091	0	7	2	9	0	0.496732026143791	1
g07422	1	6	0	11	Inf	0.388888888888889	1
g04304	0	7	2	9	0	0.496732026143791	1
g07880	1	6	0	11	Inf	0.388888888888889	1
g05165	0	7	1	10	0	1	1
g06488	0	7	2	9	0	0.496732026143791	1
g08285	0	7	2	9	0	0.496732026143791	1
g04875	1	6	1	10	1.61828432394208	1	1
g03434	1	6	1	10	1.61828432394208	1	1
g07156	1	6	1	10	1.61828432394208	1	1
g04045	0	7	2	9	0	0.496732026143791	1
g05123	0	7	2	9	0	0.496732026143791	1
g05805	0	7	2	9	0	0.496732026143791	1
g06827	0	7	2	9	0	0.496732026143791	1
g07753	1	6	0	11	Inf	0.388888888888889	1
g05517	0	7	2	9	0	0.496732026143791	1
g09008	0	7	2	9	0	0.496732026143791	1
g04610	0	7	2	9	0	0.496732026143791	1
g06653	0	7	2	9	0	0.496732026143791	1
g03984	0	7	2	9	0	0.496732026143791	1
g08998	0	7	2	9	0	0.496732026143791	1
g04905	1	6	0	11	Inf	0.388888888888889	1
g03757	0	7	2	9	0	0.496732026143791	1
g08950	0	7	2	9	0	0.496732026143791	1
g04041	1	6	1	10	1.61828432394208	1	1
g04485	0	7	2	9	0	0.496732026143791	1
g04314	1	6	1	10	1.61828432394208	1	1
g06859	2	5	0	11	Inf	0.137254901960784	1
g09343	1	6	1	10	1.61828432394208	1	1
g09352	0	7	2	9	0	0.496732026143791	1
g07552	1	6	1	10	1.61828432394208	1	1
g04010	1	6	1	10	1.61828432394208	1	1
g03995	0	7	2	9	0	0.496732026143791	1
g08170	0	7	2	9	0	0.496732026143791	1
g09374	1	6	0	11	Inf	0.388888888888889	1
g06570	1	6	1	10	1.61828432394208	1	1
g04220	0	7	2	9	0	0.496732026143791	1
g06884	0	7	2	9	0	0.496732026143791	1
g08969	1	6	1	10	1.61828432394208	1	1
g05893	0	7	2	9	0	0.496732026143791	1
g06793	0	7	2	9	0	0.496732026143791	1
g07637	1	6	1	10	1.61828432394208	1	1
g07910	1	6	0	11	Inf	0.388888888888889	1
g09353	0	7	2	9	0	0.496732026143791	1
g04004	0	7	2	9	0	0.496732026143791	1
g06188	0	7	2	9	0	0.496732026143791	1
g07649	0	7	2	9	0	0.496732026143791	1
g07659	0	7	2	9	0	0.496732026143791	1
g07860	1	6	0	11	Inf	0.388888888888889	1
g05655	1	6	0	11	Inf	0.388888888888889	1
g05833	0	7	2	9	0	0.496732026143791	1
g04202	1	6	1	10	1.61828432394208	1	1
g09240	1	6	1	10	1.61828432394208	1	1
g04501	0	7	2	9	0	0.496732026143791	1
g09294	1	6	0	11	Inf	0.388888888888889	1
g04326	1	6	0	11	Inf	0.388888888888889	1
g04062	0	7	2	9	0	0.496732026143791	1
g03800	1	6	1	10	1.61828432394208	1	1
g07181	0	7	2	9	0	0.496732026143791	1
g09291	0	7	2	9	0	0.496732026143791	1
g07701	0	7	2	9	0	0.496732026143791	1
g09172	1	6	1	10	1.61828432394208	1	1
g09256	0	7	2	9	0	0.496732026143791	1
g04057	0	7	2	9	0	0.496732026143791	1
g04228	0	7	2	9	0	0.496732026143791	1
g05499	0	7	2	9	0	0.496732026143791	1
g09024	0	7	2	9	0	0.496732026143791	1
g07455	0	7	2	9	0	0.496732026143791	1
g06274	2	5	0	11	Inf	0.137254901960784	1
g06311	0	7	2	9	0	0.496732026143791	1
g04453	1	6	1	10	1.61828432394208	1	1
g07411	0	7	2	9	0	0.496732026143791	1
g08705	0	7	2	9	0	0.496732026143791	1
g09140	1	6	0	11	Inf	0.388888888888889	1
g04144	0	7	2	9	0	0.496732026143791	1
g04798	1	6	1	10	1.61828432394208	1	1
g04169	1	6	1	10	1.61828432394208	1	1
g05216	1	6	0	11	Inf	0.388888888888889	1
g04664	0	7	2	9	0	0.496732026143791	1
g03897	1	6	1	10	1.61828432394208	1	1
g04025	0	7	2	9	0	0.496732026143791	1
g06654	0	7	2	9	0	0.496732026143791	1
g07443	0	7	2	9	0	0.496732026143791	1
g04126	1	6	0	11	Inf	0.388888888888889	1
g09048	1	6	0	11	Inf	0.388888888888889	1
g08975	0	7	1	10	0	1	1
g06066	0	7	1	10	0	1	1
g05093	0	7	1	10	0	1	1
g09079	0	7	1	10	0	1	1
g06158	0	7	1	10	0	1	1
g05241	0	7	1	10	0	1	1
g07131	0	7	1	10	0	1	1
g08883	0	7	1	10	0	1	1
g05534	0	7	1	10	0	1	1
g07405	0	7	1	10	0	1	1
g07463	0	7	1	10	0	1	1
g09500	0	7	1	10	0	1	1
g06254	0	7	1	10	0	1	1
g08986	0	7	1	10	0	1	1
g05397	0	7	1	10	0	1	1
g05029	0	7	1	10	0	1	1
g08726	0	7	1	10	0	1	1
g07717	0	7	1	10	0	1	1
g07333	0	7	1	10	0	1	1
g08142	0	7	1	10	0	1	1
g05577	0	7	1	10	0	1	1
g08174	0	7	1	10	0	1	1
g09158	0	7	1	10	0	1	1
g08915	0	7	1	10	0	1	1
g08567	0	7	1	10	0	1	1
g07806	0	7	1	10	0	1	1
g08698	0	7	1	10	0	1	1
g06502	0	7	1	10	0	1	1
g08576	0	7	1	10	0	1	1
g04896	0	7	1	10	0	1	1
g08315	0	7	1	10	0	1	1
g05118	0	7	1	10	0	1	1
g07123	0	7	1	10	0	1	1
g08155	0	7	1	10	0	1	1
g07337	0	7	1	10	0	1	1
g07647	0	7	1	10	0	1	1
g08136	0	7	1	10	0	1	1
g09273	0	7	1	10	0	1	1
g06608	0	7	1	10	0	1	1
g04684	0	7	1	10	0	1	1
g06202	0	7	1	10	0	1	1
g09459	0	7	1	10	0	1	1
g08892	0	7	1	10	0	1	1
g05105	0	7	1	10	0	1	1
g08736	0	7	1	10	0	1	1
g04957	0	7	1	10	0	1	1
g09525	0	7	1	10	0	1	1
g06102	0	7	1	10	0	1	1
g07103	0	7	1	10	0	1	1
g07547	0	7	1	10	0	1	1
g06365	0	7	1	10	0	1	1
g07894	0	7	1	10	0	1	1
g06901	0	7	1	10	0	1	1
g07777	0	7	1	10	0	1	1
g08787	0	7	1	10	0	1	1
g04783	0	7	1	10	0	1	1
g08684	0	7	1	10	0	1	1
g06740	0	7	1	10	0	1	1
g08554	0	7	1	10	0	1	1
g07573	0	7	1	10	0	1	1
g05550	0	7	1	10	0	1	1
g04812	0	7	1	10	0	1	1
g07370	0	7	1	10	0	1	1
g04906	0	7	1	10	0	1	1
g09411	0	7	1	10	0	1	1
g07975	0	7	1	10	0	1	1
g08924	0	7	1	10	0	1	1
g06436	0	7	1	10	0	1	1
g08372	0	7	1	10	0	1	1
g06779	0	7	1	10	0	1	1
g05038	0	7	1	10	0	1	1
g05613	0	7	1	10	0	1	1
g06216	0	7	1	10	0	1	1
g07396	0	7	1	10	0	1	1
g05878	0	7	1	10	0	1	1
g07265	0	7	1	10	0	1	1
g06688	0	7	1	10	0	1	1
g05032	0	7	1	10	0	1	1
g05155	0	7	1	10	0	1	1
g06078	0	7	1	10	0	1	1
g07632	0	7	1	10	0	1	1
g07973	0	7	1	10	0	1	1
g05501	0	7	1	10	0	1	1
g04876	0	7	1	10	0	1	1
g07896	0	7	1	10	0	1	1
g09393	0	7	1	10	0	1	1
g07997	0	7	1	10	0	1	1
g04998	0	7	1	10	0	1	1
g06282	0	7	1	10	0	1	1
g07907	0	7	1	10	0	1	1
g06460	0	7	1	10	0	1	1
g06849	0	7	1	10	0	1	1
g06011	0	7	1	10	0	1	1
g07027	0	7	1	10	0	1	1
g07936	0	7	1	10	0	1	1
g08422	0	7	1	10	0	1	1
g06548	0	7	1	10	0	1	1
g08643	0	7	1	10	0	1	1
g05526	0	7	1	10	0	1	1
g09448	0	7	1	10	0	1	1
g05553	0	7	1	10	0	1	1
g08948	0	7	1	10	0	1	1
g05051	0	7	1	10	0	1	1
g05054	0	7	1	10	0	1	1
g07654	0	7	1	10	0	1	1
g08874	0	7	1	10	0	1	1
g06853	0	7	1	10	0	1	1
g05929	0	7	1	10	0	1	1
g06147	0	7	1	10	0	1	1
g06813	0	7	1	10	0	1	1
g08718	0	7	1	10	0	1	1
g05074	0	7	1	10	0	1	1
g06526	0	7	1	10	0	1	1
g07546	0	7	1	10	0	1	1
g06521	0	7	1	10	0	1	1
g04892	0	7	1	10	0	1	1
g07599	0	7	1	10	0	1	1
g06940	0	7	1	10	0	1	1
g07304	0	7	1	10	0	1	1
g05358	0	7	1	10	0	1	1
g04960	0	7	1	10	0	1	1
g04854	0	7	1	10	0	1	1
g08900	0	7	1	10	0	1	1
g08448	0	7	1	10	0	1	1
g06980	0	7	1	10	0	1	1
g07334	0	7	1	10	0	1	1
g08811	0	7	1	10	0	1	1
g05911	0	7	1	10	0	1	1
g06600	0	7	1	10	0	1	1
g09149	0	7	1	10	0	1	1
g08419	0	7	1	10	0	1	1
g08025	0	7	1	10	0	1	1
g04682	0	7	1	10	0	1	1
g05832	0	7	1	10	0	1	1
g05954	0	7	1	10	0	1	1
g08619	0	7	1	10	0	1	1
g07770	0	7	1	10	0	1	1
g08206	0	7	1	10	0	1	1
g06062	0	7	1	10	0	1	1
g07085	0	7	1	10	0	1	1
g05666	0	7	1	10	0	1	1
g06360	0	7	1	10	0	1	1
g05036	0	7	1	10	0	1	1
g04633	0	7	1	10	0	1	1
g06816	0	7	1	10	0	1	1
g07600	0	7	1	10	0	1	1
g05006	0	7	1	10	0	1	1
g05825	0	7	1	10	0	1	1
g06292	0	7	1	10	0	1	1
g05740	0	7	1	10	0	1	1
g05753	0	7	1	10	0	1	1
g07862	0	7	1	10	0	1	1
g08101	0	7	1	10	0	1	1
g08916	0	7	1	10	0	1	1
g08043	0	7	1	10	0	1	1
g07966	0	7	1	10	0	1	1
g08861	0	7	1	10	0	1	1
g08517	0	7	1	10	0	1	1
g07878	0	7	1	10	0	1	1
g05292	0	7	1	10	0	1	1
g05788	0	7	1	10	0	1	1
g06668	0	7	1	10	0	1	1
g08896	0	7	1	10	0	1	1
g07089	0	7	1	10	0	1	1
g05558	0	7	1	10	0	1	1
g08346	0	7	1	10	0	1	1
g05663	0	7	1	10	0	1	1
g09233	0	7	1	10	0	1	1
g05991	0	7	1	10	0	1	1
g06443	0	7	1	10	0	1	1
g08637	0	7	1	10	0	1	1
g09209	0	7	1	10	0	1	1
g06194	0	7	1	10	0	1	1
g09373	0	7	1	10	0	1	1
g07817	0	7	1	10	0	1	1
g05097	0	7	1	10	0	1	1
g08198	0	7	1	10	0	1	1
g05269	0	7	1	10	0	1	1
g05405	0	7	1	10	0	1	1
g08933	0	7	1	10	0	1	1
g07781	0	7	1	10	0	1	1
g08362	0	7	1	10	0	1	1
g05048	0	7	1	10	0	1	1
g04807	0	7	1	10	0	1	1
g05207	0	7	1	10	0	1	1
g09501	1	6	0	11	Inf	0.388888888888889	1
g05346	1	6	0	11	Inf	0.388888888888889	1
g06801	1	6	0	11	Inf	0.388888888888889	1
g05289	1	6	0	11	Inf	0.388888888888889	1
g05946	1	6	0	11	Inf	0.388888888888889	1
g07084	1	6	0	11	Inf	0.388888888888889	1
g07662	1	6	0	11	Inf	0.388888888888889	1
g08530	1	6	0	11	Inf	0.388888888888889	1
g06051	1	6	0	11	Inf	0.388888888888889	1
g07447	1	6	0	11	Inf	0.388888888888889	1
g05863	1	6	0	11	Inf	0.388888888888889	1
g08483	1	6	0	11	Inf	0.388888888888889	1
g06902	1	6	0	11	Inf	0.388888888888889	1
g07835	1	6	0	11	Inf	0.388888888888889	1
g09549	1	6	0	11	Inf	0.388888888888889	1
g05619	1	6	0	11	Inf	0.388888888888889	1
g05004	1	6	0	11	Inf	0.388888888888889	1
g05530	1	6	0	11	Inf	0.388888888888889	1
g08686	1	6	0	11	Inf	0.388888888888889	1
g07284	1	6	0	11	Inf	0.388888888888889	1
g05976	1	6	0	11	Inf	0.388888888888889	1
g05967	1	6	0	11	Inf	0.388888888888889	1
g06764	1	6	0	11	Inf	0.388888888888889	1
g06012	1	6	0	11	Inf	0.388888888888889	1
g06560	1	6	0	11	Inf	0.388888888888889	1
g05643	1	6	0	11	Inf	0.388888888888889	1
g07254	1	6	0	11	Inf	0.388888888888889	1
g08503	1	6	0	11	Inf	0.388888888888889	1
g08234	1	6	0	11	Inf	0.388888888888889	1
g05515	1	6	0	11	Inf	0.388888888888889	1
g09143	1	6	0	11	Inf	0.388888888888889	1
g08024	1	6	0	11	Inf	0.388888888888889	1
g05955	1	6	0	11	Inf	0.388888888888889	1
g05094	1	6	0	11	Inf	0.388888888888889	1
g06429	1	6	0	11	Inf	0.388888888888889	1
g06645	1	6	0	11	Inf	0.388888888888889	1
g07984	1	6	0	11	Inf	0.388888888888889	1
g05512	1	6	0	11	Inf	0.388888888888889	1
g05078	1	6	0	11	Inf	0.388888888888889	1
g09124	1	6	0	11	Inf	0.388888888888889	1
g05800	1	6	0	11	Inf	0.388888888888889	1
g06926	1	6	0	11	Inf	0.388888888888889	1
g08193	1	6	0	11	Inf	0.388888888888889	1
g06575	1	6	0	11	Inf	0.388888888888889	1
g07340	1	6	0	11	Inf	0.388888888888889	1
g04757	1	6	0	11	Inf	0.388888888888889	1
g08343	1	6	0	11	Inf	0.388888888888889	1
g05151	1	6	0	11	Inf	0.388888888888889	1
g08510	1	6	0	11	Inf	0.388888888888889	1
g08498	1	6	0	11	Inf	0.388888888888889	1
g09361	1	6	0	11	Inf	0.388888888888889	1
g06753	1	6	0	11	Inf	0.388888888888889	1
g09167	1	6	0	11	Inf	0.388888888888889	1
g08158	1	6	0	11	Inf	0.388888888888889	1
g06027	1	6	0	11	Inf	0.388888888888889	1
g06603	1	6	0	11	Inf	0.388888888888889	1
g08271	1	6	0	11	Inf	0.388888888888889	1
g07776	1	6	0	11	Inf	0.388888888888889	1
g05311	1	6	0	11	Inf	0.388888888888889	1
g05848	1	6	0	11	Inf	0.388888888888889	1
g07034	1	6	0	11	Inf	0.388888888888889	1
g08633	1	6	0	11	Inf	0.388888888888889	1
g06512	1	6	0	11	Inf	0.388888888888889	1
g07149	1	6	0	11	Inf	0.388888888888889	1
g06304	1	6	0	11	Inf	0.388888888888889	1
g08688	1	6	0	11	Inf	0.388888888888889	1
g05407	1	6	0	11	Inf	0.388888888888889	1
g06235	1	6	0	11	Inf	0.388888888888889	1
g05050	1	6	0	11	Inf	0.388888888888889	1
g06660	1	6	0	11	Inf	0.388888888888889	1
g05031	1	6	0	11	Inf	0.388888888888889	1
g06713	1	6	0	11	Inf	0.388888888888889	1
g05625	1	6	0	11	Inf	0.388888888888889	1
g07548	1	6	0	11	Inf	0.388888888888889	1
g05760	1	6	0	11	Inf	0.388888888888889	1
g06344	1	6	0	11	Inf	0.388888888888889	1
g06581	1	6	0	11	Inf	0.388888888888889	1
g05043	1	6	0	11	Inf	0.388888888888889	1
g08827	1	6	0	11	Inf	0.388888888888889	1
g04794	1	6	0	11	Inf	0.388888888888889	1
g05465	1	6	0	11	Inf	0.388888888888889	1
g05854	1	6	0	11	Inf	0.388888888888889	1
g05623	1	6	0	11	Inf	0.388888888888889	1
g05113	1	6	0	11	Inf	0.388888888888889	1
g08793	1	6	0	11	Inf	0.388888888888889	1
g08607	1	6	0	11	Inf	0.388888888888889	1
g07631	1	6	0	11	Inf	0.388888888888889	1
g05308	1	6	0	11	Inf	0.388888888888889	1
g05683	1	6	0	11	Inf	0.388888888888889	1
g09146	1	6	0	11	Inf	0.388888888888889	1
g08014	1	6	0	11	Inf	0.388888888888889	1
g05429	1	6	0	11	Inf	0.388888888888889	1
g05607	1	6	0	11	Inf	0.388888888888889	1
g06208	1	6	0	11	Inf	0.388888888888889	1
g05926	1	6	0	11	Inf	0.388888888888889	1
g05917	1	6	0	11	Inf	0.388888888888889	1
g05121	1	6	0	11	Inf	0.388888888888889	1
g07811	1	6	0	11	Inf	0.388888888888889	1
g06021	1	6	0	11	Inf	0.388888888888889	1
g06423	1	6	0	11	Inf	0.388888888888889	1
g08021	1	6	0	11	Inf	0.388888888888889	1
g09067	1	6	0	11	Inf	0.388888888888889	1
g08250	1	6	0	11	Inf	0.388888888888889	1
g08794	1	6	0	11	Inf	0.388888888888889	1
g08660	1	6	0	11	Inf	0.388888888888889	1
g05864	1	6	0	11	Inf	0.388888888888889	1
g06415	1	6	0	11	Inf	0.388888888888889	1
g09530	1	6	0	11	Inf	0.388888888888889	1
g08075	1	6	0	11	Inf	0.388888888888889	1
g07013	1	6	0	11	Inf	0.388888888888889	1
g07502	1	6	0	11	Inf	0.388888888888889	1
g07445	1	6	0	11	Inf	0.388888888888889	1
g05230	1	6	0	11	Inf	0.388888888888889	1
g07834	1	6	0	11	Inf	0.388888888888889	1
g08111	1	6	0	11	Inf	0.388888888888889	1
g07281	1	6	0	11	Inf	0.388888888888889	1
g05686	1	6	0	11	Inf	0.388888888888889	1
g05992	1	6	0	11	Inf	0.388888888888889	1
g06529	1	6	0	11	Inf	0.388888888888889	1
g05980	1	6	0	11	Inf	0.388888888888889	1
g04933	1	6	0	11	Inf	0.388888888888889	1
g07464	1	6	0	11	Inf	0.388888888888889	1
g06845	1	6	0	11	Inf	0.388888888888889	1
g05696	1	6	0	11	Inf	0.388888888888889	1
g05562	1	6	0	11	Inf	0.388888888888889	1
g08435	1	6	0	11	Inf	0.388888888888889	1
g07177	1	6	0	11	Inf	0.388888888888889	1
g08866	1	6	0	11	Inf	0.388888888888889	1
g05747	1	6	0	11	Inf	0.388888888888889	1
g04627	1	6	0	11	Inf	0.388888888888889	1
g09277	1	6	0	11	Inf	0.388888888888889	1
g08534	1	6	0	11	Inf	0.388888888888889	1
g09522	1	6	0	11	Inf	0.388888888888889	1
g06593	1	6	0	11	Inf	0.388888888888889	1
g08905	1	6	0	11	Inf	0.388888888888889	1
g05720	1	6	0	11	Inf	0.388888888888889	1
g06206	1	6	0	11	Inf	0.388888888888889	1
g07008	1	6	0	11	Inf	0.388888888888889	1
g07617	1	6	0	11	Inf	0.388888888888889	1
g07726	1	6	0	11	Inf	0.388888888888889	1
g08588	1	6	0	11	Inf	0.388888888888889	1
g05020	1	6	0	11	Inf	0.388888888888889	1
g06594	1	6	0	11	Inf	0.388888888888889	1
g09093	1	6	0	11	Inf	0.388888888888889	1
g07583	1	6	0	11	Inf	0.388888888888889	1
g04623	1	6	0	11	Inf	0.388888888888889	1
g06388	1	6	0	11	Inf	0.388888888888889	1
g08696	1	6	0	11	Inf	0.388888888888889	1
g06427	1	6	0	11	Inf	0.388888888888889	1
g05136	1	6	0	11	Inf	0.388888888888889	1
g05544	1	6	0	11	Inf	0.388888888888889	1
g08282	1	6	0	11	Inf	0.388888888888889	1
g04630	1	6	0	11	Inf	0.388888888888889	1
g09045	1	6	0	11	Inf	0.388888888888889	1
g07075	1	6	0	11	Inf	0.388888888888889	1
g08279	1	6	0	11	Inf	0.388888888888889	1
g04979	1	6	0	11	Inf	0.388888888888889	1
g05225	1	6	0	11	Inf	0.388888888888889	1
g08971	1	6	0	11	Inf	0.388888888888889	1
g09159	1	6	0	11	Inf	0.388888888888889	1
g05624	1	6	0	11	Inf	0.388888888888889	1
g08965	1	6	0	11	Inf	0.388888888888889	1
g05022	1	6	0	11	Inf	0.388888888888889	1
g06835	1	6	0	11	Inf	0.388888888888889	1
g08989	1	6	0	11	Inf	0.388888888888889	1
g08262	1	6	0	11	Inf	0.388888888888889	1
g08907	1	6	0	11	Inf	0.388888888888889	1
g04806	1	6	0	11	Inf	0.388888888888889	1
g05845	1	6	0	11	Inf	0.388888888888889	1
g07692	1	6	0	11	Inf	0.388888888888889	1
g09454	1	6	0	11	Inf	0.388888888888889	1
g05513	1	6	0	11	Inf	0.388888888888889	1
g07200	1	6	0	11	Inf	0.388888888888889	1
g04850	1	6	0	11	Inf	0.388888888888889	1
g08182	1	6	0	11	Inf	0.388888888888889	1
g07902	1	6	0	11	Inf	0.388888888888889	1
g06817	1	6	0	11	Inf	0.388888888888889	1
g06256	1	6	0	11	Inf	0.388888888888889	1
g07382	1	6	0	11	Inf	0.388888888888889	1
g05966	1	6	0	11	Inf	0.388888888888889	1
g09310	1	6	0	11	Inf	0.388888888888889	1
g06243	1	6	0	11	Inf	0.388888888888889	1
g06943	0	7	1	10	0	1	1
g09074	0	7	1	10	0	1	1
g05466	0	7	1	10	0	1	1
g05981	0	7	1	10	0	1	1
g04973	0	7	1	10	0	1	1
g05476	0	7	1	10	0	1	1
g07125	0	7	1	10	0	1	1
g05508	0	7	1	10	0	1	1
g04980	0	7	1	10	0	1	1
g06746	0	7	1	10	0	1	1
g05802	0	7	1	10	0	1	1
g06742	0	7	1	10	0	1	1
g05682	0	7	1	10	0	1	1
g08169	0	7	1	10	0	1	1
g06584	0	7	1	10	0	1	1
g06990	0	7	1	10	0	1	1
g08943	0	7	1	10	0	1	1
g06741	0	7	1	10	0	1	1
g05172	0	7	1	10	0	1	1
g08275	0	7	1	10	0	1	1
g09555	0	7	1	10	0	1	1
g06797	0	7	1	10	0	1	1
g07872	0	7	1	10	0	1	1
g05846	0	7	1	10	0	1	1
g06151	0	7	1	10	0	1	1
g06009	0	7	1	10	0	1	1
g05803	0	7	1	10	0	1	1
g05936	0	7	1	10	0	1	1
g05175	0	7	1	10	0	1	1
g08151	0	7	1	10	0	1	1
g08297	0	7	1	10	0	1	1
g04632	0	7	1	10	0	1	1
g07367	0	7	1	10	0	1	1
g07694	0	7	1	10	0	1	1
g05044	0	7	1	10	0	1	1
g05994	0	7	1	10	0	1	1
g06086	0	7	1	10	0	1	1
g07638	0	7	1	10	0	1	1
g06486	0	7	1	10	0	1	1
g06199	0	7	1	10	0	1	1
g09210	0	7	1	10	0	1	1
g06708	0	7	1	10	0	1	1
g06903	0	7	1	10	0	1	1
g08475	0	7	1	10	0	1	1
g07561	0	7	1	10	0	1	1
g08755	0	7	1	10	0	1	1
g08565	0	7	1	10	0	1	1
g06133	0	7	1	10	0	1	1
g07542	0	7	1	10	0	1	1
g08610	0	7	1	10	0	1	1
g07735	0	7	1	10	0	1	1
g08243	0	7	1	10	0	1	1
g05989	0	7	1	10	0	1	1
g05695	0	7	1	10	0	1	1
g08622	0	7	1	10	0	1	1
g09036	0	7	1	10	0	1	1
g05435	0	7	1	10	0	1	1
g06483	0	7	1	10	0	1	1
g09235	0	7	1	10	0	1	1
g07769	0	7	1	10	0	1	1
g04604	0	7	1	10	0	1	1
g09382	0	7	1	10	0	1	1
g07146	0	7	1	10	0	1	1
g09260	0	7	1	10	0	1	1
g07293	0	7	1	10	0	1	1
g05046	0	7	1	10	0	1	1
g08103	0	7	1	10	0	1	1
g05409	0	7	1	10	0	1	1
g09319	0	7	1	10	0	1	1
g08432	0	7	1	10	0	1	1
g09014	0	7	1	10	0	1	1
g06154	1	6	0	11	Inf	0.388888888888889	1
g05855	1	6	0	11	Inf	0.388888888888889	1
g04864	1	6	0	11	Inf	0.388888888888889	1
g04817	1	6	0	11	Inf	0.388888888888889	1
g06166	1	6	0	11	Inf	0.388888888888889	1
g08424	1	6	0	11	Inf	0.388888888888889	1
g08917	1	6	0	11	Inf	0.388888888888889	1
g05731	1	6	0	11	Inf	0.388888888888889	1
g05504	1	6	0	11	Inf	0.388888888888889	1
g07534	1	6	0	11	Inf	0.388888888888889	1
g08845	1	6	0	11	Inf	0.388888888888889	1
g04829	1	6	0	11	Inf	0.388888888888889	1
g05014	1	6	0	11	Inf	0.388888888888889	1
g07737	1	6	0	11	Inf	0.388888888888889	1
g08358	1	6	0	11	Inf	0.388888888888889	1
g06626	1	6	0	11	Inf	0.388888888888889	1
g06505	1	6	0	11	Inf	0.388888888888889	1
g05201	1	6	0	11	Inf	0.388888888888889	1
g05653	1	6	0	11	Inf	0.388888888888889	1
g09128	1	6	0	11	Inf	0.388888888888889	1
g05384	1	6	0	11	Inf	0.388888888888889	1
g07047	1	6	0	11	Inf	0.388888888888889	1
g05278	1	6	0	11	Inf	0.388888888888889	1
g09052	1	6	0	11	Inf	0.388888888888889	1
g09078	1	6	0	11	Inf	0.388888888888889	1
g04792	1	6	0	11	Inf	0.388888888888889	1
g07672	1	6	0	11	Inf	0.388888888888889	1
g05116	1	6	0	11	Inf	0.388888888888889	1
g09392	1	6	0	11	Inf	0.388888888888889	1
g05131	1	6	0	11	Inf	0.388888888888889	1
g07469	1	6	0	11	Inf	0.388888888888889	1
g08007	1	6	0	11	Inf	0.388888888888889	1
g08071	1	6	0	11	Inf	0.388888888888889	1
g08203	1	6	0	11	Inf	0.388888888888889	1
g08961	1	6	0	11	Inf	0.388888888888889	1
g08754	1	6	0	11	Inf	0.388888888888889	1
g09063	1	6	0	11	Inf	0.388888888888889	1
g08632	1	6	0	11	Inf	0.388888888888889	1
g05138	1	6	0	11	Inf	0.388888888888889	1
g09056	1	6	0	11	Inf	0.388888888888889	1
g07844	1	6	0	11	Inf	0.388888888888889	1
g06555	1	6	0	11	Inf	0.388888888888889	1
g06726	1	6	0	11	Inf	0.388888888888889	1
g08329	1	6	0	11	Inf	0.388888888888889	1
g04704	1	6	0	11	Inf	0.388888888888889	1
g08701	1	6	0	11	Inf	0.388888888888889	1
g07278	1	6	0	11	Inf	0.388888888888889	1
g05506	1	6	0	11	Inf	0.388888888888889	1
g08964	1	6	0	11	Inf	0.388888888888889	1
g08910	1	6	0	11	Inf	0.388888888888889	1
g05073	1	6	0	11	Inf	0.388888888888889	1
g08150	1	6	0	11	Inf	0.388888888888889	1
g06788	1	6	0	11	Inf	0.388888888888889	1
g08828	1	6	0	11	Inf	0.388888888888889	1
g04926	1	6	0	11	Inf	0.388888888888889	1
g07687	1	6	0	11	Inf	0.388888888888889	1
g07144	1	6	0	11	Inf	0.388888888888889	1
g07928	1	6	0	11	Inf	0.388888888888889	1
g05627	1	6	0	11	Inf	0.388888888888889	1
g08471	1	6	0	11	Inf	0.388888888888889	1
g05107	1	6	0	11	Inf	0.388888888888889	1
g09252	1	6	0	11	Inf	0.388888888888889	1
g07033	0	7	1	10	0	1	1
g08825	0	7	1	10	0	1	1
g07608	0	7	1	10	0	1	1
g05717	0	7	1	10	0	1	1
g08016	0	7	1	10	0	1	1
g08669	0	7	1	10	0	1	1
g09333	0	7	1	10	0	1	1
g07433	0	7	1	10	0	1	1
g05312	0	7	1	10	0	1	1
g09502	0	7	1	10	0	1	1
g06117	0	7	1	10	0	1	1
g06105	0	7	1	10	0	1	1
g04871	0	7	1	10	0	1	1
g07668	0	7	1	10	0	1	1
g05322	0	7	1	10	0	1	1
g06997	0	7	1	10	0	1	1
g05608	0	7	1	10	0	1	1
g08048	0	7	1	10	0	1	1
g05690	0	7	1	10	0	1	1
g08273	0	7	1	10	0	1	1
g06008	0	7	1	10	0	1	1
g06209	0	7	1	10	0	1	1
g05152	0	7	1	10	0	1	1
g04814	0	7	1	10	0	1	1
g05091	0	7	1	10	0	1	1
g04744	0	7	1	10	0	1	1
g09040	0	7	1	10	0	1	1
g07940	0	7	1	10	0	1	1
g08520	0	7	1	10	0	1	1
g08928	0	7	1	10	0	1	1
g05979	0	7	1	10	0	1	1
g07228	0	7	1	10	0	1	1
g08074	0	7	1	10	0	1	1
g07308	0	7	1	10	0	1	1
g08781	0	7	1	10	0	1	1
g06805	0	7	1	10	0	1	1
g07560	0	7	1	10	0	1	1
g07614	0	7	1	10	0	1	1
g04702	0	7	1	10	0	1	1
g06302	0	7	1	10	0	1	1
g09282	0	7	1	10	0	1	1
g07828	0	7	1	10	0	1	1
g06016	0	7	1	10	0	1	1
g08318	0	7	1	10	0	1	1
g05039	0	7	1	10	0	1	1
g05104	0	7	1	10	0	1	1
g06945	0	7	1	10	0	1	1
g05584	0	7	1	10	0	1	1
g07545	0	7	1	10	0	1	1
g05049	0	7	1	10	0	1	1
g06839	0	7	1	10	0	1	1
g07553	0	7	1	10	0	1	1
g09064	1	6	0	11	Inf	0.388888888888889	1
g07112	1	6	0	11	Inf	0.388888888888889	1
g05795	1	6	0	11	Inf	0.388888888888889	1
g06923	1	6	0	11	Inf	0.388888888888889	1
g05834	1	6	0	11	Inf	0.388888888888889	1
g06592	1	6	0	11	Inf	0.388888888888889	1
g06635	1	6	0	11	Inf	0.388888888888889	1
g09177	1	6	0	11	Inf	0.388888888888889	1
g06596	1	6	0	11	Inf	0.388888888888889	1
g08457	1	6	0	11	Inf	0.388888888888889	1
g05274	1	6	0	11	Inf	0.388888888888889	1
g07962	1	6	0	11	Inf	0.388888888888889	1
g07693	1	6	0	11	Inf	0.388888888888889	1
g07266	1	6	0	11	Inf	0.388888888888889	1
g08774	1	6	0	11	Inf	0.388888888888889	1
g06629	1	6	0	11	Inf	0.388888888888889	1
g09314	1	6	0	11	Inf	0.388888888888889	1
g04972	1	6	0	11	Inf	0.388888888888889	1
g05818	1	6	0	11	Inf	0.388888888888889	1
g08406	1	6	0	11	Inf	0.388888888888889	1
g08592	1	6	0	11	Inf	0.388888888888889	1
g09432	1	6	0	11	Inf	0.388888888888889	1
g05856	1	6	0	11	Inf	0.388888888888889	1
g06534	1	6	0	11	Inf	0.388888888888889	1
g08259	1	6	0	11	Inf	0.388888888888889	1
g07742	1	6	0	11	Inf	0.388888888888889	1
g09323	1	6	0	11	Inf	0.388888888888889	1
g07813	1	6	0	11	Inf	0.388888888888889	1
g06127	1	6	0	11	Inf	0.388888888888889	1
g07417	1	6	0	11	Inf	0.388888888888889	1
g07250	1	6	0	11	Inf	0.388888888888889	1
g08508	1	6	0	11	Inf	0.388888888888889	1
g06464	1	6	0	11	Inf	0.388888888888889	1
g07551	1	6	0	11	Inf	0.388888888888889	1
g04983	1	6	0	11	Inf	0.388888888888889	1
g08756	1	6	0	11	Inf	0.388888888888889	1
g06964	1	6	0	11	Inf	0.388888888888889	1
g08252	1	6	0	11	Inf	0.388888888888889	1
g06327	1	6	0	11	Inf	0.388888888888889	1
g07909	1	6	0	11	Inf	0.388888888888889	1
g04858	1	6	0	11	Inf	0.388888888888889	1
g07007	1	6	0	11	Inf	0.388888888888889	1
g04687	1	6	0	11	Inf	0.388888888888889	1
g08788	1	6	0	11	Inf	0.388888888888889	1
g09034	1	6	0	11	Inf	0.388888888888889	1
g05768	1	6	0	11	Inf	0.388888888888889	1
g09519	1	6	0	11	Inf	0.388888888888889	1
g09204	1	6	0	11	Inf	0.388888888888889	1
g09010	1	6	0	11	Inf	0.388888888888889	1
g07925	1	6	0	11	Inf	0.388888888888889	1
g08805	1	6	0	11	Inf	0.388888888888889	1
g09444	0	7	1	10	0	1	1
g05455	0	7	1	10	0	1	1
g04778	0	7	1	10	0	1	1
g05300	0	7	1	10	0	1	1
g05736	0	7	1	10	0	1	1
g08211	0	7	1	10	0	1	1
g08015	0	7	1	10	0	1	1
g06355	0	7	1	10	0	1	1
g05660	0	7	1	10	0	1	1
g08227	0	7	1	10	0	1	1
g06232	0	7	1	10	0	1	1
g08162	0	7	1	10	0	1	1
g08104	0	7	1	10	0	1	1
g07407	0	7	1	10	0	1	1
g05461	0	7	1	10	0	1	1
g06323	0	7	1	10	0	1	1
g08713	0	7	1	10	0	1	1
g07815	0	7	1	10	0	1	1
g05702	0	7	1	10	0	1	1
g04816	0	7	1	10	0	1	1
g08455	0	7	1	10	0	1	1
g05030	0	7	1	10	0	1	1
g07038	0	7	1	10	0	1	1
g08379	0	7	1	10	0	1	1
g05084	0	7	1	10	0	1	1
g07168	0	7	1	10	0	1	1
g05265	0	7	1	10	0	1	1
g04907	0	7	1	10	0	1	1
g09121	0	7	1	10	0	1	1
g09035	0	7	1	10	0	1	1
g08765	0	7	1	10	0	1	1
g09366	0	7	1	10	0	1	1
g05916	0	7	1	10	0	1	1
g08260	0	7	1	10	0	1	1
g04753	0	7	1	10	0	1	1
g06215	0	7	1	10	0	1	1
g07317	0	7	1	10	0	1	1
g06139	0	7	1	10	0	1	1
g06334	0	7	1	10	0	1	1
g06939	0	7	1	10	0	1	1
g05370	0	7	1	10	0	1	1
g06652	0	7	1	10	0	1	1
g06265	0	7	1	10	0	1	1
g08821	0	7	1	10	0	1	1
g04773	0	7	1	10	0	1	1
g07300	0	7	1	10	0	1	1
g09108	0	7	1	10	0	1	1
g08558	0	7	1	10	0	1	1
g06701	0	7	1	10	0	1	1
g07362	0	7	1	10	0	1	1
g04879	0	7	1	10	0	1	1
g04976	0	7	1	10	0	1	1
g08751	0	7	1	10	0	1	1
g09316	0	7	1	10	0	1	1
g06018	0	7	1	10	0	1	1
g05106	0	7	1	10	0	1	1
g06821	0	7	1	10	0	1	1
g05238	0	7	1	10	0	1	1
g05381	0	7	1	10	0	1	1
g08657	0	7	1	10	0	1	1
g07203	0	7	1	10	0	1	1
g08093	0	7	1	10	0	1	1
g05782	0	7	1	10	0	1	1
g06891	0	7	1	10	0	1	1
g09196	0	7	1	10	0	1	1
g08729	0	7	1	10	0	1	1
g07824	0	7	1	10	0	1	1
g07286	0	7	1	10	0	1	1
g07645	0	7	1	10	0	1	1
g08269	0	7	1	10	0	1	1
g05304	0	7	1	10	0	1	1
g06671	0	7	1	10	0	1	1
g09469	0	7	1	10	0	1	1
g07849	0	7	1	10	0	1	1
g06413	0	7	1	10	0	1	1
g05646	0	7	1	10	0	1	1
g06438	0	7	1	10	0	1	1
g07032	0	7	1	10	0	1	1
g07674	0	7	1	10	0	1	1
g06518	0	7	1	10	0	1	1
g06218	0	7	1	10	0	1	1
g06624	0	7	1	10	0	1	1
g05525	0	7	1	10	0	1	1
g06854	0	7	1	10	0	1	1
g09299	0	7	1	10	0	1	1
g05705	0	7	1	10	0	1	1
g04991	0	7	1	10	0	1	1
g08741	0	7	1	10	0	1	1
g07376	0	7	1	10	0	1	1
g08868	0	7	1	10	0	1	1
g05576	0	7	1	10	0	1	1
g05738	0	7	1	10	0	1	1
g09089	0	7	1	10	0	1	1
g04602	0	7	1	10	0	1	1
g07863	0	7	1	10	0	1	1
g05880	0	7	1	10	0	1	1
g07466	0	7	1	10	0	1	1
g09449	0	7	1	10	0	1	1
g06866	0	7	1	10	0	1	1
g04840	0	7	1	10	0	1	1
g06547	0	7	1	10	0	1	1
g04805	0	7	1	10	0	1	1
g08608	0	7	1	10	0	1	1
g04995	0	7	1	10	0	1	1
g06277	0	7	1	10	0	1	1
g07462	0	7	1	10	0	1	1
g06550	0	7	1	10	0	1	1
g08176	0	7	1	10	0	1	1
g07420	0	7	1	10	0	1	1
g06080	0	7	1	10	0	1	1
g06452	0	7	1	10	0	1	1
g04954	0	7	1	10	0	1	1
g08703	0	7	1	10	0	1	1
g08283	0	7	1	10	0	1	1
g08978	0	7	1	10	0	1	1
g08265	0	7	1	10	0	1	1
g06792	0	7	1	10	0	1	1
g05390	0	7	1	10	0	1	1
g04719	0	7	1	10	0	1	1
g07822	0	7	1	10	0	1	1
g05115	0	7	1	10	0	1	1
g05002	0	7	1	10	0	1	1
g07240	0	7	1	10	0	1	1
g08649	0	7	1	10	0	1	1
g06494	0	7	1	10	0	1	1
g05924	0	7	1	10	0	1	1
g05251	0	7	0	11	Inf	1	1
g04890	0	7	0	11	Inf	1	1
g07757	0	7	0	11	Inf	1	1
g08277	0	7	0	11	Inf	1	1
g07951	0	7	0	11	Inf	1	1
g07805	0	7	0	11	Inf	1	1
g08595	0	7	0	11	Inf	1	1
g07487	0	7	0	11	Inf	1	1
g07658	0	7	0	11	Inf	1	1
g06239	0	7	0	11	Inf	1	1
g08712	0	7	0	11	Inf	1	1
g09398	0	7	0	11	Inf	1	1
g05410	0	7	0	11	Inf	1	1
g06125	0	7	0	11	Inf	1	1
g08153	0	7	0	11	Inf	1	1
g06347	0	7	0	11	Inf	1	1
g06052	0	7	0	11	Inf	1	1
g09161	0	7	0	11	Inf	1	1
g09478	0	7	0	11	Inf	1	1
g05598	0	7	0	11	Inf	1	1
g07708	0	7	0	11	Inf	1	1
g08780	0	7	0	11	Inf	1	1
g08378	0	7	0	11	Inf	1	1
g06382	0	7	0	11	Inf	1	1
g06732	0	7	0	11	Inf	1	1
g05024	0	7	0	11	Inf	1	1
g07322	0	7	1	10	0	1	1
g05510	0	7	1	10	0	1	1
g06138	0	7	1	10	0	1	1
g08631	0	7	1	10	0	1	1
g07957	0	7	1	10	0	1	1
g06670	0	7	1	10	0	1	1
g05509	0	7	1	10	0	1	1
g08596	0	7	1	10	0	1	1
g09477	0	7	1	10	0	1	1
g06924	0	7	1	10	0	1	1
g05865	0	7	1	10	0	1	1
g08339	0	7	1	10	0	1	1
g08464	0	7	1	10	0	1	1
g05101	0	7	1	10	0	1	1
g08305	0	7	1	10	0	1	1
g07307	0	7	1	10	0	1	1
g05857	0	7	1	10	0	1	1
g06025	0	7	1	10	0	1	1
g06638	0	7	1	10	0	1	1
g04668	0	7	1	10	0	1	1
g06341	0	7	1	10	0	1	1
g07227	0	7	1	10	0	1	1
g05573	0	7	1	10	0	1	1
g08028	0	7	1	10	0	1	1
g07591	0	7	1	10	0	1	1
g09009	0	7	1	10	0	1	1
g09278	1	6	0	11	Inf	0.388888888888889	1
g06809	1	6	0	11	Inf	0.388888888888889	1
g06143	1	6	0	11	Inf	0.388888888888889	1
g06910	1	6	0	11	Inf	0.388888888888889	1
g05305	1	6	0	11	Inf	0.388888888888889	1
g05524	1	6	0	11	Inf	0.388888888888889	1
g08990	1	6	0	11	Inf	0.388888888888889	1
g05119	1	6	0	11	Inf	0.388888888888889	1
g05511	1	6	0	11	Inf	0.388888888888889	1
g05267	1	6	0	11	Inf	0.388888888888889	1
g06453	1	6	0	11	Inf	0.388888888888889	1
g06291	1	6	0	11	Inf	0.388888888888889	1
g05931	1	6	0	11	Inf	0.388888888888889	1
g08972	1	6	0	11	Inf	0.388888888888889	1
g07352	1	6	0	11	Inf	0.388888888888889	1
g09347	1	6	0	11	Inf	0.388888888888889	1
g08031	1	6	0	11	Inf	0.388888888888889	1
g08890	1	6	0	11	Inf	0.388888888888889	1
g04878	1	6	0	11	Inf	0.388888888888889	1
g07635	1	6	0	11	Inf	0.388888888888889	1
g09307	1	6	0	11	Inf	0.388888888888889	1
g05604	1	6	0	11	Inf	0.388888888888889	1
g09021	1	6	0	11	Inf	0.388888888888889	1
g05807	1	6	0	11	Inf	0.388888888888889	1
g07368	1	6	0	11	Inf	0.388888888888889	1
g07139	1	6	0	11	Inf	0.388888888888889	1
g07953	1	6	0	11	Inf	0.388888888888889	1
g08707	1	6	0	11	Inf	0.388888888888889	1
g08342	1	6	0	11	Inf	0.388888888888889	1
g08842	1	6	0	11	Inf	0.388888888888889	1
g05495	1	6	0	11	Inf	0.388888888888889	1
g08286	1	6	0	11	Inf	0.388888888888889	1
g06205	1	6	0	11	Inf	0.388888888888889	1
g05357	1	6	0	11	Inf	0.388888888888889	1
g05961	1	6	0	11	Inf	0.388888888888889	1
g06015	1	6	0	11	Inf	0.388888888888889	1
g09470	1	6	0	11	Inf	0.388888888888889	1
g09413	1	6	0	11	Inf	0.388888888888889	1
g08919	1	6	0	11	Inf	0.388888888888889	1
g06487	1	6	0	11	Inf	0.388888888888889	1
g06193	1	6	0	11	Inf	0.388888888888889	1
g06466	1	6	0	11	Inf	0.388888888888889	1
g06107	1	6	0	11	Inf	0.388888888888889	1
g05900	1	6	0	11	Inf	0.388888888888889	1
g05424	1	6	0	11	Inf	0.388888888888889	1
g07775	1	6	0	11	Inf	0.388888888888889	1
g07219	1	6	0	11	Inf	0.388888888888889	1
g07178	1	6	0	11	Inf	0.388888888888889	1
g09306	1	6	0	11	Inf	0.388888888888889	1
g09355	0	7	1	10	0	1	1
g04643	0	7	1	10	0	1	1
g06984	0	7	1	10	0	1	1
g05942	0	7	1	10	0	1	1
g06037	0	7	1	10	0	1	1
g09166	0	7	1	10	0	1	1
g07842	0	7	1	10	0	1	1
g06087	0	7	1	10	0	1	1
g05493	0	7	1	10	0	1	1
g06982	0	7	1	10	0	1	1
g07565	0	7	1	10	0	1	1
g06631	0	7	1	10	0	1	1
g05528	0	7	1	10	0	1	1
g09025	0	7	1	10	0	1	1
g07494	0	7	1	10	0	1	1
g07799	0	7	1	10	0	1	1
g06376	0	7	1	10	0	1	1
g05677	0	7	1	10	0	1	1
g05519	0	7	1	10	0	1	1
g06400	0	7	1	10	0	1	1
g05852	0	7	1	10	0	1	1
g05542	0	7	1	10	0	1	1
g06164	0	7	1	10	0	1	1
g06837	0	7	1	10	0	1	1
g08540	0	7	1	10	0	1	1
g07859	0	7	1	10	0	1	1
g08004	0	7	1	10	0	1	1
g05637	0	7	1	10	0	1	1
g08233	0	7	1	10	0	1	1
g05481	0	7	1	10	0	1	1
g05974	0	7	1	10	0	1	1
g07129	0	7	1	10	0	1	1
g05540	0	7	1	10	0	1	1
g07686	0	7	1	10	0	1	1
g07004	0	7	1	10	0	1	1
g08112	0	7	1	10	0	1	1
g06392	0	7	1	10	0	1	1
g08485	0	7	1	10	0	1	1
g09372	0	7	1	10	0	1	1
g04901	0	7	1	10	0	1	1
g08196	0	7	1	10	0	1	1
g09298	0	7	1	10	0	1	1
g08605	0	7	1	10	0	1	1
g08761	0	7	1	10	0	1	1
g08630	0	7	1	10	0	1	1
g04904	0	7	1	10	0	1	1
g06484	0	7	1	10	0	1	1
g05949	0	7	1	10	0	1	1
g08289	0	7	1	10	0	1	1
g06332	0	7	1	10	0	1	1
g04680	0	7	1	10	0	1	1
g08042	0	7	1	10	0	1	1
g05347	0	7	1	10	0	1	1
g05144	0	7	1	10	0	1	1
g07613	0	7	1	10	0	1	1
g09184	0	7	1	10	0	1	1
g07196	0	7	1	10	0	1	1
g09440	0	7	1	10	0	1	1
g06409	0	7	1	10	0	1	1
g05352	0	7	1	10	0	1	1
g05250	0	7	1	10	0	1	1
g08026	0	7	1	10	0	1	1
g09537	0	7	1	10	0	1	1
g08507	0	7	1	10	0	1	1
g06473	0	7	1	10	0	1	1
g08519	0	7	1	10	0	1	1
g09155	0	7	1	10	0	1	1
g05776	0	7	1	10	0	1	1
g07406	0	7	1	10	0	1	1
g06186	0	7	1	10	0	1	1
g07241	0	7	1	10	0	1	1
g06860	0	7	1	10	0	1	1
g09485	0	7	1	10	0	1	1
g08563	0	7	1	10	0	1	1
g05005	0	7	1	10	0	1	1
g08512	0	7	1	10	0	1	1
g05329	0	7	1	10	0	1	1
g05327	0	7	1	10	0	1	1
g07325	0	7	1	10	0	1	1
g04615	0	7	1	10	0	1	1
g09476	0	7	1	10	0	1	1
g09350	0	7	1	10	0	1	1
g05775	0	7	1	10	0	1	1
g05114	0	7	1	10	0	1	1
g05148	1	6	0	11	Inf	0.388888888888889	1
g06129	1	6	0	11	Inf	0.388888888888889	1
g05842	1	6	0	11	Inf	0.388888888888889	1
g06580	1	6	0	11	Inf	0.388888888888889	1
g06038	1	6	0	11	Inf	0.388888888888889	1
g05962	1	6	0	11	Inf	0.388888888888889	1
g08936	1	6	0	11	Inf	0.388888888888889	1
g04671	1	6	0	11	Inf	0.388888888888889	1
g05186	1	6	0	11	Inf	0.388888888888889	1
g05570	1	6	0	11	Inf	0.388888888888889	1
g07050	1	6	0	11	Inf	0.388888888888889	1
g06613	1	6	0	11	Inf	0.388888888888889	1
g08049	1	6	0	11	Inf	0.388888888888889	1
g05881	1	6	0	11	Inf	0.388888888888889	1
g08321	1	6	0	11	Inf	0.388888888888889	1
g05283	1	6	0	11	Inf	0.388888888888889	1
g04963	1	6	0	11	Inf	0.388888888888889	1
g06032	1	6	0	11	Inf	0.388888888888889	1
g07479	1	6	0	11	Inf	0.388888888888889	1
g07011	0	7	1	10	0	1	1
g08914	0	7	1	10	0	1	1
g04921	0	7	1	10	0	1	1
g07243	0	7	1	10	0	1	1
g08377	0	7	1	10	0	1	1
g08389	0	7	1	10	0	1	1
g08423	0	7	1	10	0	1	1
g07794	0	7	1	10	0	1	1
g07324	0	7	1	10	0	1	1
g06504	0	7	1	10	0	1	1
g07895	0	7	1	10	0	1	1
g04882	0	7	1	10	0	1	1
g05303	0	7	1	10	0	1	1
g08076	0	7	1	10	0	1	1
g08790	0	7	1	10	0	1	1
g08428	0	7	1	10	0	1	1
g07283	0	7	1	10	0	1	1
g05041	0	7	1	10	0	1	1
g07215	0	7	1	10	0	1	1
g05886	0	7	1	10	0	1	1
g05436	0	7	1	10	0	1	1
g07009	0	7	1	10	0	1	1
g07457	0	7	1	10	0	1	1
g05286	0	7	1	10	0	1	1
g06904	0	7	1	10	0	1	1
g06709	0	7	1	10	0	1	1
g09227	0	7	1	10	0	1	1
g05642	0	7	1	10	0	1	1
g05176	0	7	1	10	0	1	1
g04793	0	7	1	10	0	1	1
g05811	0	7	1	10	0	1	1
g08070	0	7	1	10	0	1	1
g08369	0	7	1	10	0	1	1
g06269	0	7	1	10	0	1	1
g05367	0	7	1	10	0	1	1
g08992	0	7	1	10	0	1	1
g09137	0	7	1	10	0	1	1
g07766	0	7	1	10	0	1	1
g06336	0	7	1	10	0	1	1
g08516	0	7	1	10	0	1	1
g07879	0	7	1	10	0	1	1
g08962	0	7	1	10	0	1	1
g06177	0	7	1	10	0	1	1
g06286	0	7	1	10	0	1	1
g05684	0	7	1	10	0	1	1
g06017	0	7	1	10	0	1	1
g07809	0	7	1	10	0	1	1
g09007	0	7	1	10	0	1	1
g05651	0	7	1	10	0	1	1
g09241	0	7	1	10	0	1	1
g05548	0	7	1	10	0	1	1
g07267	0	7	1	10	0	1	1
g07709	0	7	1	10	0	1	1
g04695	0	7	1	10	0	1	1
g07436	0	7	1	10	0	1	1
g04721	0	7	1	10	0	1	1
g04722	0	7	1	10	0	1	1
g08689	0	7	1	10	0	1	1
g09284	0	7	1	10	0	1	1
g08364	0	7	1	10	0	1	1
g05810	0	7	1	10	0	1	1
g08672	0	7	1	10	0	1	1
g06877	0	7	1	10	0	1	1
g08491	0	7	1	10	0	1	1
g07903	0	7	1	10	0	1	1
g05109	0	7	1	10	0	1	1
g09264	0	7	1	10	0	1	1
g07043	0	7	1	10	0	1	1
g07492	0	7	1	10	0	1	1
g07554	0	7	1	10	0	1	1
g06100	0	7	1	10	0	1	1
g07783	0	7	1	10	0	1	1
g04631	0	7	1	10	0	1	1
g06871	0	7	1	10	0	1	1
g07028	0	7	1	10	0	1	1
g07118	0	7	1	10	0	1	1
g06698	0	7	1	10	0	1	1
g08200	0	7	1	10	0	1	1
g05552	0	7	1	10	0	1	1
g04663	0	7	1	10	0	1	1
g05883	0	7	1	10	0	1	1
g06169	0	7	1	10	0	1	1
g06830	0	7	1	10	0	1	1
g07870	0	7	1	10	0	1	1
g07893	0	7	1	10	0	1	1
g08055	0	7	1	10	0	1	1
g07949	0	7	1	10	0	1	1
g04786	0	7	1	10	0	1	1
g09420	0	7	1	10	0	1	1
g08314	1	6	0	11	Inf	0.388888888888889	1
g05698	1	6	0	11	Inf	0.388888888888889	1
g06634	1	6	0	11	Inf	0.388888888888889	1
g05557	1	6	0	11	Inf	0.388888888888889	1
g09199	1	6	0	11	Inf	0.388888888888889	1
g06694	1	6	0	11	Inf	0.388888888888889	1
g07390	1	6	0	11	Inf	0.388888888888889	1
g06941	1	6	0	11	Inf	0.388888888888889	1
g08535	1	6	0	11	Inf	0.388888888888889	1
g05777	1	6	0	11	Inf	0.388888888888889	1
g09458	1	6	0	11	Inf	0.388888888888889	1
g05423	1	6	0	11	Inf	0.388888888888889	1
g04692	1	6	0	11	Inf	0.388888888888889	1
g07571	1	6	0	11	Inf	0.388888888888889	1
g05934	1	6	0	11	Inf	0.388888888888889	1
g04601	1	6	0	11	Inf	0.388888888888889	1
g04716	0	7	1	10	0	1	1
g05340	0	7	1	10	0	1	1
g05171	0	7	1	10	0	1	1
g08623	0	7	1	10	0	1	1
g06784	0	7	1	10	0	1	1
g06352	0	7	1	10	0	1	1
g04696	0	7	1	10	0	1	1
g05473	0	7	1	10	0	1	1
g08744	0	7	1	10	0	1	1
g07955	0	7	1	10	0	1	1
g06372	0	7	1	10	0	1	1
g08504	0	7	1	10	0	1	1
g06897	0	7	1	10	0	1	1
g05662	0	7	1	10	0	1	1
g09285	0	7	1	10	0	1	1
g05471	0	7	1	10	0	1	1
g05262	0	7	1	10	0	1	1
g08812	0	7	1	10	0	1	1
g07189	0	7	1	10	0	1	1
g06707	0	7	1	10	0	1	1
g07911	0	7	1	10	0	1	1
g07474	0	7	1	10	0	1	1
g04622	0	7	1	10	0	1	1
g07310	0	7	1	10	0	1	1
g08616	0	7	1	10	0	1	1
g05394	0	7	1	10	0	1	1
g07500	0	7	1	10	0	1	1
g06319	0	7	1	10	0	1	1
g09011	0	7	1	10	0	1	1
g09265	0	7	1	10	0	1	1
g07885	0	7	1	10	0	1	1
g09455	0	7	1	10	0	1	1
g06357	1	6	0	11	Inf	0.388888888888889	1
g05403	1	6	0	11	Inf	0.388888888888889	1
g09231	1	6	0	11	Inf	0.388888888888889	1
g08536	1	6	0	11	Inf	0.388888888888889	1
g08194	1	6	0	11	Inf	0.388888888888889	1
g05299	1	6	0	11	Inf	0.388888888888889	1
g08651	1	6	0	11	Inf	0.388888888888889	1
g05047	1	6	0	11	Inf	0.388888888888889	1
g08472	1	6	0	11	Inf	0.388888888888889	1
g07014	1	6	0	11	Inf	0.388888888888889	1
g04966	1	6	0	11	Inf	0.388888888888889	1
g09026	1	6	0	11	Inf	0.388888888888889	1
g08908	1	6	0	11	Inf	0.388888888888889	1
g09321	1	6	0	11	Inf	0.388888888888889	1
g05187	1	6	0	11	Inf	0.388888888888889	1
g04848	0	7	1	10	0	1	1
g05907	0	7	1	10	0	1	1
g08481	0	7	1	10	0	1	1
g08625	0	7	1	10	0	1	1
g07852	0	7	1	10	0	1	1
g09066	0	7	1	10	0	1	1
g04853	0	7	1	10	0	1	1
g05921	0	7	1	10	0	1	1
g07124	0	7	1	10	0	1	1
g07977	0	7	1	10	0	1	1
g07274	0	7	1	10	0	1	1
g04961	0	7	1	10	0	1	1
g04847	0	7	1	10	0	1	1
g06983	0	7	1	10	0	1	1
g07752	0	7	1	10	0	1	1
g05055	0	7	1	10	0	1	1
g04776	0	7	1	10	0	1	1
g06875	0	7	1	10	0	1	1
g06890	0	7	1	10	0	1	1
g07996	0	7	1	10	0	1	1
g04824	0	7	1	10	0	1	1
g09120	0	7	1	10	0	1	1
g06053	0	7	1	10	0	1	1
g04741	0	7	1	10	0	1	1
g06119	0	7	1	10	0	1	1
g05479	0	7	1	10	0	1	1
g05056	0	7	1	10	0	1	1
g05801	0	7	1	10	0	1	1
g05913	0	7	1	10	0	1	1
g05899	0	7	1	10	0	1	1
g05898	0	7	1	10	0	1	1
g08862	0	7	1	10	0	1	1
g09060	0	7	1	10	0	1	1
g04841	0	7	1	10	0	1	1
g08909	0	7	1	10	0	1	1
g08384	0	7	1	10	0	1	1
g08166	0	7	1	10	0	1	1
g07886	0	7	1	10	0	1	1
g06532	0	7	1	10	0	1	1
g05602	0	7	1	10	0	1	1
g06911	0	7	1	10	0	1	1
g08402	0	7	1	10	0	1	1
g09276	0	7	1	10	0	1	1
g07357	0	7	1	10	0	1	1
g09499	0	7	1	10	0	1	1
g09493	0	7	1	10	0	1	1
g07071	0	7	1	10	0	1	1
g07677	0	7	1	10	0	1	1
g04777	0	7	1	10	0	1	1
g05399	0	7	1	10	0	1	1
g08497	0	7	1	10	0	1	1
g04784	0	7	1	10	0	1	1
g05555	0	7	1	10	0	1	1
g04731	0	7	1	10	0	1	1
g05875	0	7	1	10	0	1	1
g08229	0	7	1	10	0	1	1
g08118	0	7	1	10	0	1	1
g05939	0	7	1	10	0	1	1
g06224	0	7	1	10	0	1	1
g07327	0	7	1	10	0	1	1
g05998	0	7	1	10	0	1	1
g08370	0	7	1	10	0	1	1
g06221	0	7	1	10	0	1	1
g06364	0	7	1	10	0	1	1
g06564	0	7	1	10	0	1	1
g06632	0	7	1	10	0	1	1
g09218	0	7	1	10	0	1	1
g05395	0	7	1	10	0	1	1
g09473	0	7	1	10	0	1	1
g07605	0	7	1	10	0	1	1
g05901	0	7	1	10	0	1	1
g06577	0	7	1	10	0	1	1
g09312	0	7	1	10	0	1	1
g05079	0	7	1	10	0	1	1
g08719	0	7	1	10	0	1	1
g06991	0	7	1	10	0	1	1
g05634	0	7	1	10	0	1	1
g05960	0	7	1	10	0	1	1
g04941	0	7	1	10	0	1	1
g04910	0	7	1	10	0	1	1
g05837	0	7	1	10	0	1	1
g04962	0	7	1	10	0	1	1
g08580	0	7	1	10	0	1	1
g08551	0	7	1	10	0	1	1
g06640	0	7	1	10	0	1	1
g08985	0	7	1	10	0	1	1
g06637	0	7	1	10	0	1	1
g08913	1	6	0	11	Inf	0.388888888888889	1
g07876	1	6	0	11	Inf	0.388888888888889	1
g08445	1	6	0	11	Inf	0.388888888888889	1
g05566	1	6	0	11	Inf	0.388888888888889	1
g06398	1	6	0	11	Inf	0.388888888888889	1
g05388	1	6	0	11	Inf	0.388888888888889	1
g08932	1	6	0	11	Inf	0.388888888888889	1
g06868	1	6	0	11	Inf	0.388888888888889	1
g05372	1	6	0	11	Inf	0.388888888888889	1
g08786	1	6	0	11	Inf	0.388888888888889	1
g06538	1	6	0	11	Inf	0.388888888888889	1
g07470	1	6	0	11	Inf	0.388888888888889	1
g06920	1	6	0	11	Inf	0.388888888888889	1
g05908	0	7	1	10	0	1	1
g08543	0	7	1	10	0	1	1
g06762	0	7	1	10	0	1	1
g07347	0	7	1	10	0	1	1
g07182	0	7	1	10	0	1	1
g07378	0	7	1	10	0	1	1
g07374	0	7	1	10	0	1	1
g09514	0	7	1	10	0	1	1
g05785	0	7	1	10	0	1	1
g07724	0	7	1	10	0	1	1
g08818	0	7	1	10	0	1	1
g08090	0	7	1	10	0	1	1
g09286	0	7	1	10	0	1	1
g08645	1	6	0	11	Inf	0.388888888888889	1
g09452	1	6	0	11	Inf	0.388888888888889	1
g08817	1	6	0	11	Inf	0.388888888888889	1
g08187	1	6	0	11	Inf	0.388888888888889	1
g09480	1	6	0	11	Inf	0.388888888888889	1
g08256	1	6	0	11	Inf	0.388888888888889	1
g07170	1	6	0	11	Inf	0.388888888888889	1
g07318	1	6	0	11	Inf	0.388888888888889	1
g08800	1	6	0	11	Inf	0.388888888888889	1
g07721	1	6	0	11	Inf	0.388888888888889	1
g09433	1	6	0	11	Inf	0.388888888888889	1
g09250	1	6	0	11	Inf	0.388888888888889	1
g08255	1	6	0	11	Inf	0.388888888888889	1
g08880	0	7	1	10	0	1	1
g07226	0	7	1	10	0	1	1
g06641	0	7	1	10	0	1	1
g05697	0	7	1	10	0	1	1
g05264	0	7	1	10	0	1	1
g06599	0	7	1	10	0	1	1
g08566	0	7	1	10	0	1	1
g07416	0	7	1	10	0	1	1
g07415	0	7	1	10	0	1	1
g05813	0	7	1	10	0	1	1
g07432	0	7	1	10	0	1	1
g08390	0	7	1	10	0	1	1
g09116	0	7	1	10	0	1	1
g08897	1	6	0	11	Inf	0.388888888888889	1
g06339	1	6	0	11	Inf	0.388888888888889	1
g08963	1	6	0	11	Inf	0.388888888888889	1
g06721	1	6	0	11	Inf	0.388888888888889	1
g05365	1	6	0	11	Inf	0.388888888888889	1
g09119	1	6	0	11	Inf	0.388888888888889	1
g08655	1	6	0	11	Inf	0.388888888888889	1
g09533	1	6	0	11	Inf	0.388888888888889	1
g08204	1	6	0	11	Inf	0.388888888888889	1
g04774	1	6	0	11	Inf	0.388888888888889	1
g07680	1	6	0	11	Inf	0.388888888888889	1
g08099	1	6	0	11	Inf	0.388888888888889	1
g05243	1	6	0	11	Inf	0.388888888888889	1
g07981	0	7	1	10	0	1	1
g08831	0	7	1	10	0	1	1
g07077	0	7	1	10	0	1	1
g05124	0	7	1	10	0	1	1
g09091	0	7	1	10	0	1	1
g07234	0	7	1	10	0	1	1
g08371	0	7	1	10	0	1	1
g06591	0	7	1	10	0	1	1
g05840	0	7	1	10	0	1	1
g07663	0	7	1	10	0	1	1
g08957	0	7	1	10	0	1	1
g08537	0	7	1	10	0	1	1
g08237	1	6	0	11	Inf	0.388888888888889	1
g07270	1	6	0	11	Inf	0.388888888888889	1
g05978	1	6	0	11	Inf	0.388888888888889	1
g08123	1	6	0	11	Inf	0.388888888888889	1
g06705	1	6	0	11	Inf	0.388888888888889	1
g06384	1	6	0	11	Inf	0.388888888888889	1
g07037	1	6	0	11	Inf	0.388888888888889	1
g08039	1	6	0	11	Inf	0.388888888888889	1
g09192	1	6	0	11	Inf	0.388888888888889	1
g05609	1	6	0	11	Inf	0.388888888888889	1
g06416	1	6	0	11	Inf	0.388888888888889	1
g08533	1	6	0	11	Inf	0.388888888888889	1
g07264	0	7	1	10	0	1	1
g05220	0	7	1	10	0	1	1
g09427	0	7	1	10	0	1	1
g07572	0	7	1	10	0	1	1
g06390	0	7	1	10	0	1	1
g06422	0	7	1	10	0	1	1
g06988	0	7	1	10	0	1	1
g05895	0	7	1	10	0	1	1
g05750	0	7	1	10	0	1	1
g06155	0	7	1	10	0	1	1
g08110	0	7	1	10	0	1	1
g07413	0	7	1	10	0	1	1
g04839	0	7	1	10	0	1	1
g06509	0	7	1	10	0	1	1
g06375	0	7	1	10	0	1	1
g09200	0	7	1	10	0	1	1
g07150	0	7	1	10	0	1	1
g08351	0	7	1	10	0	1	1
g07137	0	7	1	10	0	1	1
g06546	0	7	1	10	0	1	1
g08290	0	7	1	10	0	1	1
g09371	0	7	1	10	0	1	1
g05420	0	7	1	10	0	1	1
g08949	0	7	1	10	0	1	1
g08332	1	6	0	11	Inf	0.388888888888889	1
g07932	1	6	0	11	Inf	0.388888888888889	1
g08858	1	6	0	11	Inf	0.388888888888889	1
g08589	1	6	0	11	Inf	0.388888888888889	1
g07501	1	6	0	11	Inf	0.388888888888889	1
g07272	1	6	0	11	Inf	0.388888888888889	1
g05494	1	6	0	11	Inf	0.388888888888889	1
g08086	1	6	0	11	Inf	0.388888888888889	1
g07298	1	6	0	11	Inf	0.388888888888889	1
g05771	1	6	0	11	Inf	0.388888888888889	1
g09102	1	6	0	11	Inf	0.388888888888889	1
g06407	0	7	1	10	0	1	1
g07015	0	7	1	10	0	1	1
g05203	0	7	1	10	0	1	1
g07510	0	7	1	10	0	1	1
g07159	0	7	1	10	0	1	1
g08617	0	7	1	10	0	1	1
g09073	0	7	1	10	0	1	1
g06748	0	7	1	10	0	1	1
g04677	0	7	1	10	0	1	1
g06159	0	7	1	10	0	1	1
g08635	0	7	1	10	0	1	1
g07509	0	7	1	10	0	1	1
g06111	0	7	1	10	0	1	1
g08938	0	7	1	10	0	1	1
g09058	0	7	1	10	0	1	1
g07019	0	7	1	10	0	1	1
g07621	0	7	1	10	0	1	1
g09039	0	7	1	10	0	1	1
g09208	0	7	1	10	0	1	1
g08454	0	7	1	10	0	1	1
g06998	0	7	1	10	0	1	1
g05166	0	7	1	10	0	1	1
g06058	0	7	1	10	0	1	1
g07387	0	7	1	10	0	1	1
g05632	0	7	1	10	0	1	1
g09144	0	7	1	10	0	1	1
g08210	0	7	1	10	0	1	1
g07884	0	7	1	10	0	1	1
g06455	0	7	1	10	0	1	1
g09334	0	7	1	10	0	1	1
g06033	0	7	1	10	0	1	1
g04974	0	7	1	10	0	1	1
g09152	0	7	1	10	0	1	1
g04626	0	7	1	10	0	1	1
g08106	0	7	1	10	0	1	1
g07451	0	7	1	10	0	1	1
g06358	0	7	1	10	0	1	1
g06379	0	7	1	10	0	1	1
g08443	0	7	1	10	0	1	1
g05692	0	7	1	10	0	1	1
g09288	0	7	1	10	0	1	1
g05535	0	7	1	10	0	1	1
g07555	0	7	1	10	0	1	1
g09313	0	7	1	10	0	1	1
g07132	0	7	1	10	0	1	1
g08766	0	7	1	10	0	1	1
g05319	0	7	1	10	0	1	1
g06905	0	7	1	10	0	1	1
g05862	0	7	1	10	0	1	1
g08878	0	7	1	10	0	1	1
g07262	0	7	1	10	0	1	1
g05184	0	7	1	10	0	1	1
g07934	0	7	1	10	0	1	1
g04978	0	7	1	10	0	1	1
g09274	0	7	1	10	0	1	1
g08436	0	7	1	10	0	1	1
g05072	0	7	1	10	0	1	1
g05341	0	7	1	10	0	1	1
g07950	0	7	1	10	0	1	1
g07557	0	7	1	10	0	1	1
g08420	0	7	1	10	0	1	1
g06432	0	7	1	10	0	1	1
g07633	0	7	1	10	0	1	1
g07602	0	7	1	10	0	1	1
g04709	0	7	1	10	0	1	1
g08575	1	6	0	11	Inf	0.388888888888889	1
g09378	1	6	0	11	Inf	0.388888888888889	1
g08929	1	6	0	11	Inf	0.388888888888889	1
g05023	1	6	0	11	Inf	0.388888888888889	1
g09086	1	6	0	11	Inf	0.388888888888889	1
g06735	1	6	0	11	Inf	0.388888888888889	1
g08803	1	6	0	11	Inf	0.388888888888889	1
g09163	1	6	0	11	Inf	0.388888888888889	1
g05547	1	6	0	11	Inf	0.388888888888889	1
g07440	1	6	0	11	Inf	0.388888888888889	1
g07586	0	7	1	10	0	1	1
g06444	0	7	1	10	0	1	1
g07544	0	7	1	10	0	1	1
g06970	0	7	1	10	0	1	1
g06482	0	7	1	10	0	1	1
g06840	0	7	1	10	0	1	1
g08940	0	7	1	10	0	1	1
g09130	0	7	1	10	0	1	1
g07165	0	7	1	10	0	1	1
g08852	0	7	1	10	0	1	1
g07311	1	6	0	11	Inf	0.388888888888889	1
g05454	1	6	0	11	Inf	0.388888888888889	1
g06677	1	6	0	11	Inf	0.388888888888889	1
g07164	1	6	0	11	Inf	0.388888888888889	1
g08434	1	6	0	11	Inf	0.388888888888889	1
g05896	1	6	0	11	Inf	0.388888888888889	1
g08946	1	6	0	11	Inf	0.388888888888889	1
g07288	1	6	0	11	Inf	0.388888888888889	1
g08782	1	6	0	11	Inf	0.388888888888889	1
g08092	1	6	0	11	Inf	0.388888888888889	1
g09468	1	6	0	11	Inf	0.388888888888889	1
g08564	1	6	0	11	Inf	0.388888888888889	1
g05296	1	6	0	11	Inf	0.388888888888889	1
g07588	1	6	0	11	Inf	0.388888888888889	1
g06774	1	6	0	11	Inf	0.388888888888889	1
g09296	1	6	0	11	Inf	0.388888888888889	1
g08391	1	6	0	11	Inf	0.388888888888889	1
g06092	1	6	0	11	Inf	0.388888888888889	1
g08068	1	6	0	11	Inf	0.388888888888889	1
g07205	1	6	0	11	Inf	0.388888888888889	1
g08044	0	7	1	10	0	1	1
g05398	0	7	1	10	0	1	1
g09332	0	7	1	10	0	1	1
g05179	0	7	1	10	0	1	1
g06975	0	7	1	10	0	1	1
g07187	0	7	1	10	0	1	1
g06763	0	7	1	10	0	1	1
g06833	0	7	1	10	0	1	1
g07609	0	7	1	10	0	1	1
g07223	0	7	1	10	0	1	1
g07248	1	6	0	11	Inf	0.388888888888889	1
g06293	1	6	0	11	Inf	0.388888888888889	1
g08734	1	6	0	11	Inf	0.388888888888889	1
g06396	1	6	0	11	Inf	0.388888888888889	1
g05271	1	6	0	11	Inf	0.388888888888889	1
g07057	1	6	0	11	Inf	0.388888888888889	1
g09466	1	6	0	11	Inf	0.388888888888889	1
g06968	1	6	0	11	Inf	0.388888888888889	1
g08671	1	6	0	11	Inf	0.388888888888889	1
g08626	1	6	0	11	Inf	0.388888888888889	1
g09331	1	6	0	11	Inf	0.388888888888889	1
g07100	1	6	0	11	Inf	0.388888888888889	1
g08839	1	6	0	11	Inf	0.388888888888889	1
g06619	1	6	0	11	Inf	0.388888888888889	1
g05173	1	6	0	11	Inf	0.388888888888889	1
g06266	1	6	0	11	Inf	0.388888888888889	1
g06530	1	6	0	11	Inf	0.388888888888889	1
g06219	1	6	0	11	Inf	0.388888888888889	1
g06461	1	6	0	11	Inf	0.388888888888889	1
g08921	1	6	0	11	Inf	0.388888888888889	1
g04648	0	7	1	10	0	1	1
g08107	0	7	1	10	0	1	1
g07944	0	7	1	10	0	1	1
g06590	0	7	1	10	0	1	1
g05616	0	7	1	10	0	1	1
g04843	0	7	1	10	0	1	1
g06768	0	7	1	10	0	1	1
g07001	0	7	1	10	0	1	1
g04971	0	7	1	10	0	1	1
g06226	0	7	1	10	0	1	1
g05579	0	7	1	10	0	1	1
g08124	0	7	1	10	0	1	1
g07345	0	7	1	10	0	1	1
g07524	0	7	1	10	0	1	1
g08997	0	7	1	10	0	1	1
g08750	0	7	1	10	0	1	1
g05210	0	7	1	10	0	1	1
g08901	0	7	1	10	0	1	1
g05957	0	7	1	10	0	1	1
g07819	0	7	1	10	0	1	1
g07212	0	7	1	10	0	1	1
g05154	0	7	1	10	0	1	1
g08263	0	7	1	10	0	1	1
g09376	0	7	1	10	0	1	1
g09400	0	7	1	10	0	1	1
g08979	0	7	1	10	0	1	1
g05371	0	7	1	10	0	1	1
g07840	0	7	1	10	0	1	1
g07778	0	7	1	10	0	1	1
g04748	0	7	1	10	0	1	1
g06511	0	7	1	10	0	1	1
g07527	0	7	1	10	0	1	1
g05918	0	7	1	10	0	1	1
g05469	0	7	1	10	0	1	1
g06430	0	7	1	10	0	1	1
g09453	0	7	1	10	0	1	1
g08778	0	7	1	10	0	1	1
g07536	0	7	1	10	0	1	1
g08999	0	7	1	10	0	1	1
g05294	0	7	1	10	0	1	1
g08323	0	7	1	10	0	1	1
g07110	0	7	1	10	0	1	1
g07091	0	7	1	10	0	1	1
g09348	0	7	1	10	0	1	1
g06165	0	7	1	10	0	1	1
g04820	0	7	1	10	0	1	1
g05703	0	7	1	10	0	1	1
g05458	0	7	1	10	0	1	1
g06278	0	7	1	10	0	1	1
g07873	0	7	1	10	0	1	1
g06714	0	7	1	10	0	1	1
g06301	0	7	1	10	0	1	1
g04902	0	7	1	10	0	1	1
g05569	0	7	1	10	0	1	1
g07195	0	7	1	10	0	1	1
g07725	0	7	1	10	0	1	1
g05688	0	7	1	10	0	1	1
g07738	0	7	1	10	0	1	1
g08813	0	7	1	10	0	1	1
g08730	0	7	1	10	0	1	1
g05877	0	7	1	10	0	1	1
g05211	0	7	1	10	0	1	1
g07454	0	7	1	10	0	1	1
g07682	0	7	1	10	0	1	1
g07373	0	7	1	10	0	1	1
g05751	0	7	1	10	0	1	1
g07618	0	7	1	10	0	1	1
g05867	1	6	0	11	Inf	0.388888888888889	1
g05589	1	6	0	11	Inf	0.388888888888889	1
g05439	1	6	0	11	Inf	0.388888888888889	1
g07992	1	6	0	11	Inf	0.388888888888889	1
g07036	1	6	0	11	Inf	0.388888888888889	1
g08598	1	6	0	11	Inf	0.388888888888889	1
g05374	1	6	0	11	Inf	0.388888888888889	1
g07172	1	6	0	11	Inf	0.388888888888889	1
g05015	1	6	0	11	Inf	0.388888888888889	1
g07845	1	6	0	11	Inf	0.388888888888889	1
g08224	1	6	0	11	Inf	0.388888888888889	1
g05302	1	6	0	11	Inf	0.388888888888889	1
g08319	1	6	0	11	Inf	0.388888888888889	1
g05205	1	6	0	11	Inf	0.388888888888889	1
g06802	1	6	0	11	Inf	0.388888888888889	1
g06321	1	6	0	11	Inf	0.388888888888889	1
g09122	1	6	0	11	Inf	0.388888888888889	1
g09255	1	6	0	11	Inf	0.388888888888889	1
g07640	1	6	0	11	Inf	0.388888888888889	1
g07846	1	6	0	11	Inf	0.388888888888889	1
g07022	1	6	0	11	Inf	0.388888888888889	1
g05756	1	6	0	11	Inf	0.388888888888889	1
g08560	1	6	0	11	Inf	0.388888888888889	1
g05741	1	6	0	11	Inf	0.388888888888889	1
g07173	1	6	0	11	Inf	0.388888888888889	1
g08397	1	6	0	11	Inf	0.388888888888889	1
g09447	1	6	0	11	Inf	0.388888888888889	1
g08927	0	7	1	10	0	1	1
g06263	0	7	1	10	0	1	1
g08476	0	7	1	10	0	1	1
g09536	0	7	1	10	0	1	1
g05882	0	7	1	10	0	1	1
g06228	0	7	1	10	0	1	1
g08646	0	7	1	10	0	1	1
g07713	0	7	1	10	0	1	1
g05480	0	7	1	10	0	1	1
g08192	0	7	1	10	0	1	1
g04645	0	7	1	10	0	1	1
g04925	0	7	1	10	0	1	1
g05077	0	7	1	10	0	1	1
g06527	0	7	1	10	0	1	1
g07535	0	7	1	10	0	1	1
g05191	0	7	1	10	0	1	1
g05950	0	7	1	10	0	1	1
g06994	0	7	1	10	0	1	1
g06576	0	7	1	10	0	1	1
g05977	0	7	1	10	0	1	1
g06179	0	7	1	10	0	1	1
g04898	0	7	1	10	0	1	1
g08770	0	7	1	10	0	1	1
g05348	0	7	1	10	0	1	1
g08976	0	7	1	10	0	1	1
g06565	0	7	1	10	0	1	1
g09201	0	7	1	10	0	1	1
g08350	1	6	0	11	Inf	0.388888888888889	1
g06057	1	6	0	11	Inf	0.388888888888889	1
g07312	1	6	0	11	Inf	0.388888888888889	1
g08431	1	6	0	11	Inf	0.388888888888889	1
g09187	1	6	0	11	Inf	0.388888888888889	1
g07321	1	6	0	11	Inf	0.388888888888889	1
g07364	1	6	0	11	Inf	0.388888888888889	1
g06693	1	6	0	11	Inf	0.388888888888889	1
g07349	1	6	0	11	Inf	0.388888888888889	1
g08942	1	6	0	11	Inf	0.388888888888889	1
g08212	1	6	0	11	Inf	0.388888888888889	1
g05538	1	6	0	11	Inf	0.388888888888889	1
g08695	1	6	0	11	Inf	0.388888888888889	1
g06566	1	6	0	11	Inf	0.388888888888889	1
g07058	1	6	0	11	Inf	0.388888888888889	1
g09406	1	6	0	11	Inf	0.388888888888889	1
g06814	1	6	0	11	Inf	0.388888888888889	1
g06170	1	6	0	11	Inf	0.388888888888889	1
g08035	1	6	0	11	Inf	0.388888888888889	1
g08268	1	6	0	11	Inf	0.388888888888889	1
g05400	1	6	0	11	Inf	0.388888888888889	1
g06552	1	6	0	11	Inf	0.388888888888889	1
g07831	1	6	0	11	Inf	0.388888888888889	1
g07901	1	6	0	11	Inf	0.388888888888889	1
g05937	0	7	1	10	0	1	1
g05252	0	7	1	10	0	1	1
g06144	0	7	1	10	0	1	1
g07249	0	7	1	10	0	1	1
g09503	0	7	1	10	0	1	1
g08493	0	7	1	10	0	1	1
g05161	0	7	1	10	0	1	1
g08023	0	7	1	10	0	1	1
g04802	1	6	0	11	Inf	0.388888888888889	1
g08830	1	6	0	11	Inf	0.388888888888889	1
g05781	1	6	0	11	Inf	0.388888888888889	1
g07202	1	6	0	11	Inf	0.388888888888889	1
g05727	1	6	0	11	Inf	0.388888888888889	1
g08442	1	6	0	11	Inf	0.388888888888889	1
g09236	1	6	0	11	Inf	0.388888888888889	1
g06313	1	6	0	11	Inf	0.388888888888889	1
g08785	0	7	1	10	0	1	1
g09027	0	7	1	10	0	1	1
g08444	0	7	1	10	0	1	1
g08823	0	7	1	10	0	1	1
g06915	0	7	1	10	0	1	1
g04608	0	7	1	10	0	1	1
g07745	0	7	1	10	0	1	1
g09541	0	7	1	10	0	1	1
g08003	1	6	0	11	Inf	0.388888888888889	1
g06181	1	6	0	11	Inf	0.388888888888889	1
g04594	1	6	0	11	Inf	0.388888888888889	1
g07305	1	6	0	11	Inf	0.388888888888889	1
g05142	1	6	0	11	Inf	0.388888888888889	1
g05580	1	6	0	11	Inf	0.388888888888889	1
g06786	1	6	0	11	Inf	0.388888888888889	1
g08717	1	6	0	11	Inf	0.388888888888889	1
g06601	0	7	1	10	0	1	1
g08882	0	7	1	10	0	1	1
g06932	0	7	1	10	0	1	1
g06944	0	7	1	10	0	1	1
g05076	0	7	1	10	0	1	1
g07040	0	7	1	10	0	1	1
g06279	0	7	1	10	0	1	1
g06340	0	7	1	10	0	1	1
g05098	0	7	1	10	0	1	1
g06760	0	7	1	10	0	1	1
g06470	0	7	1	10	0	1	1
g05125	0	7	1	10	0	1	1
g04946	0	7	1	10	0	1	1
g06489	0	7	1	10	0	1	1
g05132	0	7	1	10	0	1	1
g06114	0	7	1	10	0	1	1
g08837	0	7	1	10	0	1	1
g04939	0	7	1	10	0	1	1
g05829	0	7	1	10	0	1	1
g07841	0	7	1	10	0	1	1
g09496	0	7	1	10	0	1	1
g09100	0	7	1	10	0	1	1
g05475	0	7	1	10	0	1	1
g08340	0	7	1	10	0	1	1
g05963	0	7	1	10	0	1	1
g07294	0	7	1	10	0	1	1
g05546	0	7	1	10	0	1	1
g06754	0	7	1	10	0	1	1
g08506	0	7	1	10	0	1	1
g05661	0	7	1	10	0	1	1
g06320	0	7	1	10	0	1	1
g06094	0	7	1	10	0	1	1
g09211	1	6	0	11	Inf	0.388888888888889	1
g06381	1	6	0	11	Inf	0.388888888888889	1
g07313	1	6	0	11	Inf	0.388888888888889	1
g06028	1	6	0	11	Inf	0.388888888888889	1
g08495	1	6	0	11	Inf	0.388888888888889	1
g08137	1	6	0	11	Inf	0.388888888888889	1
g08222	1	6	0	11	Inf	0.388888888888889	1
g05214	1	6	0	11	Inf	0.388888888888889	1
g08149	0	7	1	10	0	1	1
g08499	0	7	1	10	0	1	1
g04666	0	7	1	10	0	1	1
g04804	0	7	1	10	0	1	1
g07533	0	7	1	10	0	1	1
g07051	0	7	1	10	0	1	1
g07341	0	7	1	10	0	1	1
g06751	0	7	1	10	0	1	1
g08725	0	7	1	10	0	1	1
g04825	0	7	1	10	0	1	1
g08889	0	7	1	10	0	1	1
g08164	0	7	1	10	0	1	1
g05324	0	7	1	10	0	1	1
g09181	0	7	1	10	0	1	1
g09540	0	7	1	10	0	1	1
g06478	0	7	1	10	0	1	1
g09351	0	7	1	10	0	1	1
g09068	0	7	1	10	0	1	1
g06586	0	7	1	10	0	1	1
g05248	0	7	1	10	0	1	1
g05159	0	7	1	10	0	1	1
g09115	0	7	1	10	0	1	1
g09135	0	7	1	10	0	1	1
g08835	0	7	1	10	0	1	1
g07517	0	7	1	10	0	1	1
g07994	0	7	1	10	0	1	1
g08463	0	7	1	10	0	1	1
g08326	0	7	1	10	0	1	1
g08293	0	7	1	10	0	1	1
g09113	1	6	0	11	Inf	0.388888888888889	1
g07160	1	6	0	11	Inf	0.388888888888889	1
g05729	1	6	0	11	Inf	0.388888888888889	1
g07710	1	6	0	11	Inf	0.388888888888889	1
g07650	1	6	0	11	Inf	0.388888888888889	1
g09445	1	6	0	11	Inf	0.388888888888889	1
g06727	1	6	0	11	Inf	0.388888888888889	1
g07169	0	7	1	10	0	1	1
g07326	0	7	1	10	0	1	1
g09384	0	7	1	10	0	1	1
g08678	0	7	1	10	0	1	1
g09019	0	7	1	10	0	1	1
g04712	0	7	1	10	0	1	1
g06607	0	7	1	10	0	1	1
g07641	1	6	0	11	Inf	0.388888888888889	1
g06161	1	6	0	11	Inf	0.388888888888889	1
g05678	1	6	0	11	Inf	0.388888888888889	1
g06614	1	6	0	11	Inf	0.388888888888889	1
g06192	1	6	0	11	Inf	0.388888888888889	1
g05235	1	6	0	11	Inf	0.388888888888889	1
g05117	1	6	0	11	Inf	0.388888888888889	1
g09425	1	6	0	11	Inf	0.388888888888889	1
g07409	1	6	0	11	Inf	0.388888888888889	1
g05071	1	6	0	11	Inf	0.388888888888889	1
g06799	1	6	0	11	Inf	0.388888888888889	1
g08738	1	6	0	11	Inf	0.388888888888889	1
g08465	1	6	0	11	Inf	0.388888888888889	1
g06781	1	6	0	11	Inf	0.388888888888889	1
g06446	1	6	0	11	Inf	0.388888888888889	1
g09363	1	6	0	11	Inf	0.388888888888889	1
g06992	1	6	0	11	Inf	0.388888888888889	1
g07271	1	6	0	11	Inf	0.388888888888889	1
g06703	1	6	0	11	Inf	0.388888888888889	1
g06229	1	6	0	11	Inf	0.388888888888889	1
g06411	1	6	0	11	Inf	0.388888888888889	1
g08968	0	7	1	10	0	1	1
g06113	0	7	1	10	0	1	1
g08008	0	7	1	10	0	1	1
g07088	0	7	1	10	0	1	1
g09168	0	7	1	10	0	1	1
g04837	0	7	1	10	0	1	1
g09268	0	7	1	10	0	1	1
g06458	0	7	1	10	0	1	1
g08629	0	7	1	10	0	1	1
g08407	0	7	1	10	0	1	1
g05275	0	7	1	10	0	1	1
g06531	0	7	1	10	0	1	1
g05630	0	7	1	10	0	1	1
g08160	0	7	1	10	0	1	1
g07064	0	7	1	10	0	1	1
g08544	0	7	1	10	0	1	1
g06676	0	7	1	10	0	1	1
g06615	0	7	1	10	0	1	1
g05012	0	7	1	10	0	1	1
g05075	0	7	1	10	0	1	1
g07652	0	7	1	10	0	1	1
g05133	0	7	1	10	0	1	1
g08235	0	7	1	10	0	1	1
g07798	0	7	1	10	0	1	1
g08306	0	7	1	10	0	1	1
g06182	0	7	1	10	0	1	1
g05387	0	7	1	10	0	1	1
g06493	0	7	1	10	0	1	1
g09083	1	6	0	11	Inf	0.388888888888889	1
g05468	1	6	0	11	Inf	0.388888888888889	1
g09346	1	6	0	11	Inf	0.388888888888889	1
g04703	1	6	0	11	Inf	0.388888888888889	1
g04997	1	6	0	11	Inf	0.388888888888889	1
g09490	1	6	0	11	Inf	0.388888888888889	1
g07155	1	6	0	11	Inf	0.388888888888889	1
g09186	1	6	0	11	Inf	0.388888888888889	1
g09301	1	6	0	11	Inf	0.388888888888889	1
g05270	1	6	0	11	Inf	0.388888888888889	1
g04676	1	6	0	11	Inf	0.388888888888889	1
g06075	1	6	0	11	Inf	0.388888888888889	1
g07453	1	6	0	11	Inf	0.388888888888889	1
g05997	1	6	0	11	Inf	0.388888888888889	1
g09418	1	6	0	11	Inf	0.388888888888889	1
g09421	1	6	0	11	Inf	0.388888888888889	1
g06870	1	6	0	11	Inf	0.388888888888889	1
g09031	1	6	0	11	Inf	0.388888888888889	1
g07010	1	6	0	11	Inf	0.388888888888889	1
g04713	0	7	1	10	0	1	1
g07624	0	7	1	10	0	1	1
g06467	0	7	1	10	0	1	1
g06925	0	7	1	10	0	1	1
g05353	0	7	1	10	0	1	1
g08254	0	7	1	10	0	1	1
g04821	0	7	1	10	0	1	1
g07937	0	7	1	10	0	1	1
g08634	0	7	1	10	0	1	1
g05671	0	7	1	10	0	1	1
g07748	0	7	1	10	0	1	1
g08213	0	7	1	10	0	1	1
g06876	0	7	1	10	0	1	1
g09001	0	7	1	10	0	1	1
g09225	0	7	1	10	0	1	1
g05689	0	7	1	10	0	1	1
g04758	0	7	1	10	0	1	1
g05568	0	7	1	10	0	1	1
g08912	0	7	1	10	0	1	1
g06067	0	7	1	10	0	1	1
g05110	0	7	1	10	0	1	1
g08036	0	7	1	10	0	1	1
g05182	0	7	1	10	0	1	1
g06691	0	7	1	10	0	1	1
g05085	0	7	1	10	0	1	1
g09044	0	7	1	10	0	1	1
g08022	0	7	1	10	0	1	1
g09230	0	7	1	10	0	1	1
g08114	0	7	1	10	0	1	1
g07946	0	7	1	10	0	1	1
g05315	1	6	0	11	Inf	0.388888888888889	1
g07891	1	6	0	11	Inf	0.388888888888889	1
g06723	1	6	0	11	Inf	0.388888888888889	1
g05583	1	6	0	11	Inf	0.388888888888889	1
g07135	1	6	0	11	Inf	0.388888888888889	1
g04813	1	6	0	11	Inf	0.388888888888889	1
g06178	0	7	1	10	0	1	1
g06195	0	7	1	10	0	1	1
g04915	0	7	1	10	0	1	1
g05401	0	7	1	10	0	1	1
g05266	0	7	1	10	0	1	1
g07204	0	7	1	10	0	1	1
g08602	1	6	0	11	Inf	0.388888888888889	1
g09381	1	6	0	11	Inf	0.388888888888889	1
g04714	1	6	0	11	Inf	0.388888888888889	1
g07360	1	6	0	11	Inf	0.388888888888889	1
g08600	1	6	0	11	Inf	0.388888888888889	1
g05406	1	6	0	11	Inf	0.388888888888889	1
g06917	0	7	1	10	0	1	1
g09214	0	7	1	10	0	1	1
g06956	0	7	1	10	0	1	1
g04670	0	7	1	10	0	1	1
g08856	0	7	1	10	0	1	1
g08867	0	7	1	10	0	1	1
g07760	0	7	1	10	0	1	1
g07060	0	7	1	10	0	1	1
g06072	0	7	1	10	0	1	1
g07335	0	7	1	10	0	1	1
g08156	0	7	1	10	0	1	1
g06953	0	7	1	10	0	1	1
g05588	0	7	1	10	0	1	1
g07889	0	7	1	10	0	1	1
g09430	0	7	1	10	0	1	1
g09297	0	7	1	10	0	1	1
g05227	0	7	1	10	0	1	1
g07296	0	7	1	10	0	1	1
g09232	0	7	1	10	0	1	1
g06475	0	7	1	10	0	1	1
g05438	0	7	1	10	0	1	1
g08488	0	7	1	10	0	1	1
g07441	1	6	0	11	Inf	0.388888888888889	1
g08714	1	6	0	11	Inf	0.388888888888889	1
g07917	1	6	0	11	Inf	0.388888888888889	1
g05202	1	6	0	11	Inf	0.388888888888889	1
g05457	1	6	0	11	Inf	0.388888888888889	1
g08612	0	7	1	10	0	1	1
g09193	0	7	1	10	0	1	1
g07042	0	7	1	10	0	1	1
g06414	0	7	1	10	0	1	1
g08249	0	7	1	10	0	1	1
g08400	1	6	0	11	Inf	0.388888888888889	1
g06122	1	6	0	11	Inf	0.388888888888889	1
g08925	1	6	0	11	Inf	0.388888888888889	1
g06933	1	6	0	11	Inf	0.388888888888889	1
g05816	1	6	0	11	Inf	0.388888888888889	1
g08470	0	7	1	10	0	1	1
g08178	0	7	1	10	0	1	1
g04707	0	7	1	10	0	1	1
g08361	0	7	1	10	0	1	1
g05224	0	7	1	10	0	1	1
g07252	1	6	0	11	Inf	0.388888888888889	1
g06408	1	6	0	11	Inf	0.388888888888889	1
g05928	1	6	0	11	Inf	0.388888888888889	1
g05786	1	6	0	11	Inf	0.388888888888889	1
g06399	1	6	0	11	Inf	0.388888888888889	1
g05759	1	6	0	11	Inf	0.388888888888889	1
g06867	1	6	0	11	Inf	0.388888888888889	1
g04654	1	6	0	11	Inf	0.388888888888889	1
g08777	1	6	0	11	Inf	0.388888888888889	1
g05261	1	6	0	11	Inf	0.388888888888889	1
g06288	0	7	1	10	0	1	1
g09446	0	7	1	10	0	1	1
g08251	0	7	1	10	0	1	1
g09534	0	7	1	10	0	1	1
g07740	0	7	1	10	0	1	1
g06628	0	7	1	10	0	1	1
g09292	0	7	1	10	0	1	1
g07550	0	7	1	10	0	1	1
g09266	0	7	1	10	0	1	1
g08113	0	7	1	10	0	1	1
g05484	0	7	1	10	0	1	1
g04899	0	7	1	10	0	1	1
g06043	0	7	1	10	0	1	1
g08247	0	7	1	10	0	1	1
g05668	0	7	1	10	0	1	1
g05392	0	7	1	10	0	1	1
g04658	0	7	1	10	0	1	1
g09426	0	7	1	10	0	1	1
g09188	0	7	1	10	0	1	1
g06524	0	7	1	10	0	1	1
g06142	1	6	0	11	Inf	0.388888888888889	1
g06431	1	6	0	11	Inf	0.388888888888889	1
g04873	1	6	0	11	Inf	0.388888888888889	1
g04710	1	6	0	11	Inf	0.388888888888889	1
g06359	1	6	0	11	Inf	0.388888888888889	1
g06602	1	6	0	11	Inf	0.388888888888889	1
g05706	1	6	0	11	Inf	0.388888888888889	1
g04759	1	6	0	11	Inf	0.388888888888889	1
g07299	1	6	0	11	Inf	0.388888888888889	1
g08654	1	6	0	11	Inf	0.388888888888889	1
g07185	0	7	1	10	0	1	1
g06769	0	7	1	10	0	1	1
g07676	0	7	1	10	0	1	1
g08175	0	7	1	10	0	1	1
g05622	0	7	1	10	0	1	1
g06756	0	7	1	10	0	1	1
g06731	0	7	1	10	0	1	1
g09429	0	7	1	10	0	1	1
g07611	0	7	1	10	0	1	1
g08967	0	7	1	10	0	1	1
g06636	0	7	1	10	0	1	1
g07289	0	7	1	10	0	1	1
g04809	0	7	1	10	0	1	1
g07210	0	7	1	10	0	1	1
g05647	0	7	1	10	0	1	1
g06014	0	7	1	10	0	1	1
g05087	0	7	1	10	0	1	1
g07570	0	7	1	10	0	1	1
g04662	0	7	1	10	0	1	1
g05196	0	7	1	10	0	1	1
g06331	0	7	1	10	0	1	1
g07697	0	7	1	10	0	1	1
g08009	0	7	1	10	0	1	1
g07126	0	7	1	10	0	1	1
g06878	0	7	1	10	0	1	1
g09038	0	7	1	10	0	1	1
g07807	0	7	1	10	0	1	1
g04819	0	7	1	10	0	1	1
g05068	0	7	1	10	0	1	1
g04992	0	7	1	10	0	1	1
g05416	0	7	1	10	0	1	1
g04787	0	7	1	10	0	1	1
g04822	0	7	1	10	0	1	1
g07866	1	6	0	11	Inf	0.388888888888889	1
g09197	1	6	0	11	Inf	0.388888888888889	1
g05620	1	6	0	11	Inf	0.388888888888889	1
g09402	1	6	0	11	Inf	0.388888888888889	1
g08122	1	6	0	11	Inf	0.388888888888889	1
g05369	1	6	0	11	Inf	0.388888888888889	1
g07493	1	6	0	11	Inf	0.388888888888889	1
g05199	1	6	0	11	Inf	0.388888888888889	1
g06029	1	6	0	11	Inf	0.388888888888889	1
g06329	1	6	0	11	Inf	0.388888888888889	1
g09051	1	6	0	11	Inf	0.388888888888889	1
g08820	1	6	0	11	Inf	0.388888888888889	1
g08148	0	7	1	10	0	1	1
g05229	0	7	1	10	0	1	1
g05993	0	7	1	10	0	1	1
g06091	0	7	1	10	0	1	1
g05301	0	7	1	10	0	1	1
g08438	0	7	1	10	0	1	1
g07239	0	7	1	10	0	1	1
g07543	0	7	1	10	0	1	1
g08276	0	7	1	10	0	1	1
g09370	0	7	1	10	0	1	1
g07519	0	7	1	10	0	1	1
g05791	0	7	1	10	0	1	1
g08954	0	7	1	10	0	1	1
g09138	0	7	1	10	0	1	1
g07247	0	7	1	10	0	1	1
g05603	0	7	1	10	0	1	1
g07567	1	6	0	11	Inf	0.388888888888889	1
g08417	1	6	0	11	Inf	0.388888888888889	1
g05415	1	6	0	11	Inf	0.388888888888889	1
g05095	1	6	0	11	Inf	0.388888888888889	1
g05722	1	6	0	11	Inf	0.388888888888889	1
g08376	1	6	0	11	Inf	0.388888888888889	1
g08013	1	6	0	11	Inf	0.388888888888889	1
g05629	1	6	0	11	Inf	0.388888888888889	1
g05408	1	6	0	11	Inf	0.388888888888889	1
g07303	1	6	0	11	Inf	0.388888888888889	1
g05497	1	6	0	11	Inf	0.388888888888889	1
g05007	1	6	0	11	Inf	0.388888888888889	1
g09030	0	7	1	10	0	1	1
g05373	0	7	1	10	0	1	1
g09442	0	7	1	10	0	1	1
g04845	0	7	1	10	0	1	1
g08267	0	7	1	10	0	1	1
g09253	0	7	1	10	0	1	1
g06673	0	7	1	10	0	1	1
g06039	0	7	1	10	0	1	1
g09246	0	7	1	10	0	1	1
g08409	0	7	1	10	0	1	1
g07919	0	7	1	10	0	1	1
g08748	0	7	1	10	0	1	1
g06929	0	7	1	10	0	1	1
g06247	0	7	1	10	0	1	1
g06300	0	7	1	10	0	1	1
g09465	0	7	1	10	0	1	1
g07069	0	7	1	10	0	1	1
g04620	0	7	1	10	0	1	1
g05716	0	7	1	10	0	1	1
g05090	0	7	1	10	0	1	1
g04693	1	6	0	11	Inf	0.388888888888889	1
g06485	1	6	0	11	Inf	0.388888888888889	1
g04863	1	6	0	11	Inf	0.388888888888889	1
g06280	1	6	0	11	Inf	0.388888888888889	1
g05174	1	6	0	11	Inf	0.388888888888889	1
g08301	1	6	0	11	Inf	0.388888888888889	1
g07861	1	6	0	11	Inf	0.388888888888889	1
g09270	1	6	0	11	Inf	0.388888888888889	1
g05733	1	6	0	11	Inf	0.388888888888889	1
g06044	1	6	0	11	Inf	0.388888888888889	1
g09498	1	6	0	11	Inf	0.388888888888889	1
g09341	1	6	0	11	Inf	0.388888888888889	1
g06789	0	7	1	10	0	1	1
g08809	0	7	1	10	0	1	1
g08841	0	7	1	10	0	1	1
g08549	0	7	1	10	0	1	1
g09046	0	7	1	10	0	1	1
g06479	0	7	1	10	0	1	1
g08824	0	7	1	10	0	1	1
g07171	0	7	1	10	0	1	1
g08421	1	6	0	11	Inf	0.388888888888889	1
g05247	1	6	0	11	Inf	0.388888888888889	1
g04665	1	6	0	11	Inf	0.388888888888889	1
g07634	1	6	0	11	Inf	0.388888888888889	1
g08618	0	7	1	10	0	1	1
g05641	0	7	1	10	0	1	1
g08347	0	7	1	10	0	1	1
g05128	0	7	1	10	0	1	1
g07442	0	7	1	10	0	1	1
g06285	0	7	1	10	0	1	1
g05787	0	7	1	10	0	1	1
g07530	0	7	1	10	0	1	1
g04597	0	7	1	10	0	1	1
g05941	0	7	1	10	0	1	1
g07141	0	7	1	10	0	1	1
g07854	0	7	1	10	0	1	1
g08236	0	7	1	10	0	1	1
g09015	0	7	1	10	0	1	1
g09535	0	7	1	10	0	1	1
g08850	0	7	1	10	0	1	1
g09097	1	6	0	11	Inf	0.388888888888889	1
g07728	1	6	0	11	Inf	0.388888888888889	1
g06116	1	6	0	11	Inf	0.388888888888889	1
g05426	1	6	0	11	Inf	0.388888888888889	1
g08585	0	7	1	10	0	1	1
g04968	0	7	1	10	0	1	1
g06766	0	7	1	10	0	1	1
g05516	0	7	1	10	0	1	1
g08594	1	6	0	11	Inf	0.388888888888889	1
g04617	1	6	0	11	Inf	0.388888888888889	1
g05790	1	6	0	11	Inf	0.388888888888889	1
g06449	1	6	0	11	Inf	0.388888888888889	1
g04909	1	6	0	11	Inf	0.388888888888889	1
g05987	1	6	0	11	Inf	0.388888888888889	1
g07331	1	6	0	11	Inf	0.388888888888889	1
g06888	1	6	0	11	Inf	0.388888888888889	1
g07857	0	7	1	10	0	1	1
g08414	0	7	1	10	0	1	1
g08857	0	7	1	10	0	1	1
g07999	0	7	1	10	0	1	1
g06810	1	6	0	11	Inf	0.388888888888889	1
g07785	1	6	0	11	Inf	0.388888888888889	1
g07768	1	6	0	11	Inf	0.388888888888889	1
g05940	1	6	0	11	Inf	0.388888888888889	1
g09344	1	6	0	11	Inf	0.388888888888889	1
g05505	1	6	0	11	Inf	0.388888888888889	1
g04595	1	6	0	11	Inf	0.388888888888889	1
g08032	1	6	0	11	Inf	0.388888888888889	1
g08715	0	7	1	10	0	1	1
g05170	0	7	1	10	0	1	1
g08461	0	7	1	10	0	1	1
g05063	0	7	1	10	0	1	1
g07072	0	7	1	10	0	1	1
g05086	0	7	1	10	0	1	1
g04849	0	7	1	10	0	1	1
g08331	0	7	1	10	0	1	1
g07673	0	7	1	10	0	1	1
g08299	0	7	1	10	0	1	1
g06558	0	7	1	10	0	1	1
g06150	0	7	1	10	0	1	1
g07410	1	6	0	11	Inf	0.388888888888889	1
g07375	1	6	0	11	Inf	0.388888888888889	1
g07883	1	6	0	11	Inf	0.388888888888889	1
g04724	0	7	1	10	0	1	1
g05137	0	7	1	10	0	1	1
g06777	0	7	1	10	0	1	1
g06609	1	6	0	11	Inf	0.388888888888889	1
g09183	1	6	0	11	Inf	0.388888888888889	1
g05536	1	6	0	11	Inf	0.388888888888889	1
g07012	1	6	0	11	Inf	0.388888888888889	1
g04624	1	6	0	11	Inf	0.388888888888889	1
g08046	1	6	0	11	Inf	0.388888888888889	1
g06042	1	6	0	11	Inf	0.388888888888889	1
g09526	1	6	0	11	Inf	0.388888888888889	1
g08650	1	6	0	11	Inf	0.388888888888889	1
g04782	1	6	0	11	Inf	0.388888888888889	1
g07969	1	6	0	11	Inf	0.388888888888889	1
g06261	1	6	0	11	Inf	0.388888888888889	1
g06597	1	6	0	11	Inf	0.388888888888889	1
g07259	1	6	0	11	Inf	0.388888888888889	1
g07702	1	6	0	11	Inf	0.388888888888889	1
g09094	0	7	1	10	0	1	1
g07539	0	7	1	10	0	1	1
g08181	0	7	1	10	0	1	1
g07356	0	7	1	10	0	1	1
g06468	0	7	1	10	0	1	1
g08348	0	7	1	10	0	1	1
g07947	1	6	0	11	Inf	0.388888888888889	1
g07756	1	6	0	11	Inf	0.388888888888889	1
g05532	1	6	0	11	Inf	0.388888888888889	1
g05122	1	6	0	11	Inf	0.388888888888889	1
g05582	1	6	0	11	Inf	0.388888888888889	1
g07743	1	6	0	11	Inf	0.388888888888889	1
g05440	0	7	1	10	0	1	1
g08081	0	7	1	10	0	1	1
g05565	0	7	1	10	0	1	1
g07329	0	7	1	10	0	1	1
g06885	0	7	1	10	0	1	1
g05425	0	7	1	10	0	1	1
g08157	1	6	0	11	Inf	0.388888888888889	1
g05521	1	6	0	11	Inf	0.388888888888889	1
g05884	1	6	0	11	Inf	0.388888888888889	1
g07472	0	7	1	10	0	1	1
g08795	0	7	1	10	0	1	1
g05830	0	7	1	10	0	1	1
g09529	1	6	0	11	Inf	0.388888888888889	1
g07826	1	6	0	11	Inf	0.388888888888889	1
g04917	1	6	0	11	Inf	0.388888888888889	1
g05965	0	7	1	10	0	1	1
g05180	0	7	1	10	0	1	1
g06296	0	7	1	10	0	1	1
g07843	0	7	1	10	0	1	1
g07391	0	7	1	10	0	1	1
g08935	0	7	1	10	0	1	1
g09436	1	6	0	11	Inf	0.388888888888889	1
g04942	1	6	0	11	Inf	0.388888888888889	1
g08604	1	6	0	11	Inf	0.388888888888889	1
g05396	0	7	1	10	0	1	1
g08221	0	7	1	10	0	1	1
g09105	0	7	1	10	0	1	1
g07995	0	7	1	10	0	1	1
g05237	0	7	1	10	0	1	1
g07183	0	7	1	10	0	1	1
g06233	0	7	1	10	0	1	1
g07176	0	7	1	10	0	1	1
g08779	0	7	1	10	0	1	1
g06954	1	6	0	11	Inf	0.388888888888889	1
g06000	1	6	0	11	Inf	0.388888888888889	1
g09295	1	6	0	11	Inf	0.388888888888889	1
g04911	1	6	0	11	Inf	0.388888888888889	1
g06120	1	6	0	11	Inf	0.388888888888889	1
g08515	1	6	0	11	Inf	0.388888888888889	1
g06663	1	6	0	11	Inf	0.388888888888889	1
g06022	1	6	0	11	Inf	0.388888888888889	1
g05034	1	6	0	11	Inf	0.388888888888889	1
g09289	0	7	1	10	0	1	1
g07706	0	7	1	10	0	1	1
g05377	0	7	1	10	0	1	1
g08601	0	7	1	10	0	1	1
g08704	0	7	1	10	0	1	1
g05147	0	7	1	10	0	1	1
g05585	1	6	0	11	Inf	0.388888888888889	1
g06134	1	6	0	11	Inf	0.388888888888889	1
g08217	1	6	0	11	Inf	0.388888888888889	1
g06346	0	7	1	10	0	1	1
g08410	0	7	1	10	0	1	1
g07808	0	7	1	10	0	1	1
g08737	1	6	0	11	Inf	0.388888888888889	1
g05359	1	6	0	11	Inf	0.388888888888889	1
g08360	1	6	0	11	Inf	0.388888888888889	1
g08341	0	7	1	10	0	1	1
g06882	0	7	1	10	0	1	1
g06879	0	7	1	10	0	1	1
g05639	1	6	0	11	Inf	0.388888888888889	1
g05242	1	6	0	11	Inf	0.388888888888889	1
g07646	1	6	0	11	Inf	0.388888888888889	1
g07191	1	6	0	11	Inf	0.388888888888889	1
g09226	1	6	0	11	Inf	0.388888888888889	1
g07134	1	6	0	11	Inf	0.388888888888889	1
g08745	0	7	1	10	0	1	1
g08653	0	7	1	10	0	1	1
g08413	0	7	1	10	0	1	1
g06589	1	6	0	11	Inf	0.388888888888889	1
g06724	1	6	0	11	Inf	0.388888888888889	1
g05721	1	6	0	11	Inf	0.388888888888889	1
g06825	0	7	1	10	0	1	1
g07383	0	7	1	10	0	1	1
g05064	0	7	1	10	0	1	1
g06711	0	7	1	10	0	1	1
g05938	0	7	1	10	0	1	1
g07644	0	7	1	10	0	1	1
g05069	0	7	1	10	0	1	1
g08468	0	7	1	10	0	1	1
g07523	0	7	1	10	0	1	1
g06909	1	6	0	11	Inf	0.388888888888889	1
g05606	1	6	0	11	Inf	0.388888888888889	1
g05859	1	6	0	11	Inf	0.388888888888889	1
g06697	0	7	1	10	0	1	1
g07986	0	7	1	10	0	1	1
g07260	0	7	1	10	0	1	1
g08405	1	6	0	11	Inf	0.388888888888889	1
g07377	1	6	0	11	Inf	0.388888888888889	1
g06272	1	6	0	11	Inf	0.388888888888889	1
g08490	1	6	0	11	Inf	0.388888888888889	1
g07754	1	6	0	11	Inf	0.388888888888889	1
g05904	1	6	0	11	Inf	0.388888888888889	1
g09322	0	7	1	10	0	1	1
g05841	0	7	1	10	0	1	1
g08676	0	7	1	10	0	1	1
g07332	1	6	0	11	Inf	0.388888888888889	1
g08108	1	6	0	11	Inf	0.388888888888889	1
g05610	1	6	0	11	Inf	0.388888888888889	1
g08010	0	7	1	10	0	1	1
g07579	0	7	1	10	0	1	1
g06187	0	7	1	10	0	1	1
g05193	1	6	0	11	Inf	0.388888888888889	1
g06403	1	6	0	11	Inf	0.388888888888889	1
g07353	1	6	0	11	Inf	0.388888888888889	1
g05986	0	7	1	10	0	1	1
g09308	0	7	1	10	0	1	1
g08884	0	7	1	10	0	1	1
g04936	0	7	1	10	0	1	1
g04934	1	6	0	11	Inf	0.388888888888889	1
g04616	1	6	0	11	Inf	0.388888888888889	1
g09002	0	7	1	10	0	1	1
g07590	0	7	1	10	0	1	1
g09164	1	6	0	11	Inf	0.388888888888889	1
g05215	1	6	0	11	Inf	0.388888888888889	1
g06549	0	7	1	10	0	1	1
g07712	0	7	1	10	0	1	1
g06583	0	7	1	10	0	1	1
g06214	0	7	1	10	0	1	1
g09178	1	6	0	11	Inf	0.388888888888889	1
g07593	1	6	0	11	Inf	0.388888888888889	1
g04958	1	6	0	11	Inf	0.388888888888889	1
g04874	1	6	0	11	Inf	0.388888888888889	1
g08298	1	6	0	11	Inf	0.388888888888889	1
g06437	1	6	0	11	Inf	0.388888888888889	1
g05984	1	6	0	11	Inf	0.388888888888889	1
g06477	1	6	0	11	Inf	0.388888888888889	1
g06585	0	7	1	10	0	1	1
g05724	0	7	1	10	0	1	1
g07945	0	7	1	10	0	1	1
g07601	0	7	1	10	0	1	1
g05485	1	6	0	11	Inf	0.388888888888889	1
g06264	1	6	0	11	Inf	0.388888888888889	1
g04943	1	6	0	11	Inf	0.388888888888889	1
g05719	1	6	0	11	Inf	0.388888888888889	1
g06316	0	7	1	10	0	1	1
g06710	0	7	1	10	0	1	1
g04859	1	6	0	11	Inf	0.388888888888889	1
g06536	1	6	0	11	Inf	0.388888888888889	1
g08480	1	6	0	11	Inf	0.388888888888889	1
g06928	1	6	0	11	Inf	0.388888888888889	1
g08034	0	7	1	10	0	1	1
g06246	0	7	1	10	0	1	1
g07201	1	6	0	11	Inf	0.388888888888889	1
g05013	1	6	0	11	Inf	0.388888888888889	1
g09396	1	6	0	11	Inf	0.388888888888889	1
g05774	1	6	0	11	Inf	0.388888888888889	1
g08720	0	7	1	10	0	1	1
g07814	0	7	1	10	0	1	1
g05990	0	7	1	10	0	1	1
g04818	0	7	1	10	0	1	1
g07121	1	6	0	11	Inf	0.388888888888889	1
g04989	1	6	0	11	Inf	0.388888888888889	1
g04771	1	6	0	11	Inf	0.388888888888889	1
g09556	1	6	0	11	Inf	0.388888888888889	1
g08058	1	6	0	11	Inf	0.388888888888889	1
g07116	1	6	0	11	Inf	0.388888888888889	1
g08762	1	6	0	11	Inf	0.388888888888889	1
g08636	1	6	0	11	Inf	0.388888888888889	1
g05539	1	6	0	11	Inf	0.388888888888889	1
g06739	1	6	0	11	Inf	0.388888888888889	1
g08799	0	7	1	10	0	1	1
g04799	0	7	1	10	0	1	1
g04646	0	7	1	10	0	1	1
g04781	0	7	1	10	0	1	1
g06684	0	7	1	10	0	1	1
g08330	0	7	1	10	0	1	1
g08797	0	7	1	10	0	1	1
g08691	0	7	1	10	0	1	1
g07456	0	7	1	10	0	1	1
g06572	0	7	1	10	0	1	1
g07218	1	6	0	11	Inf	0.388888888888889	1
g05502	1	6	0	11	Inf	0.388888888888889	1
g05335	0	7	1	10	0	1	1
g05824	0	7	1	10	0	1	1
g06418	1	6	0	11	Inf	0.388888888888889	1
g05874	1	6	0	11	Inf	0.388888888888889	1
g08920	0	7	1	10	0	1	1
g07655	0	7	1	10	0	1	1
g06718	1	6	0	11	Inf	0.388888888888889	1
g06620	1	6	0	11	Inf	0.388888888888889	1
g06309	1	6	0	11	Inf	0.388888888888889	1
g07122	1	6	0	11	Inf	0.388888888888889	1
g06490	0	7	1	10	0	1	1
g09305	0	7	1	10	0	1	1
g08496	1	6	0	11	Inf	0.388888888888889	1
g06176	1	6	0	11	Inf	0.388888888888889	1
g08073	0	7	1	10	0	1	1
g08232	0	7	1	10	0	1	1
g06993	0	7	1	10	0	1	1
g05422	0	7	1	10	0	1	1
g05956	0	7	1	10	0	1	1
g04674	0	7	1	10	0	1	1
g06874	0	7	1	10	0	1	1
g08127	0	7	1	10	0	1	1
g07576	1	6	0	11	Inf	0.388888888888889	1
g09053	1	6	0	11	Inf	0.388888888888889	1
g05053	0	7	1	10	0	1	1
g06308	0	7	1	10	0	1	1
g06153	1	6	0	11	Inf	0.388888888888889	1
g07623	1	6	0	11	Inf	0.388888888888889	1
g05163	0	7	1	10	0	1	1
g04735	0	7	1	10	0	1	1
g06630	0	7	1	10	0	1	1
g09267	0	7	1	10	0	1	1
g08310	0	7	1	10	0	1	1
g07358	0	7	1	10	0	1	1
g07890	0	7	1	10	0	1	1
g05551	0	7	1	10	0	1	1
g08586	0	7	1	10	0	1	1
g09521	0	7	1	10	0	1	1
g05379	1	6	0	11	Inf	0.388888888888889	1
g07958	1	6	0	11	Inf	0.388888888888889	1
g04698	1	6	0	11	Inf	0.388888888888889	1
g05669	1	6	0	11	Inf	0.388888888888889	1
g09488	1	6	0	11	Inf	0.388888888888889	1
g05028	1	6	0	11	Inf	0.388888888888889	1
g09354	1	6	0	11	Inf	0.388888888888889	1
g09386	1	6	0	11	Inf	0.388888888888889	1
g05310	1	6	0	11	Inf	0.388888888888889	1
g09223	1	6	0	11	Inf	0.388888888888889	1
g07430	0	7	1	10	0	1	1
g05195	0	7	1	10	0	1	1
g08278	1	6	0	11	Inf	0.388888888888889	1
g08723	1	6	0	11	Inf	0.388888888888889	1
g09399	1	6	0	11	Inf	0.388888888888889	1
g06563	1	6	0	11	Inf	0.388888888888889	1
g06803	0	7	1	10	0	1	1
g05355	0	7	1	10	0	1	1
g07812	0	7	1	10	0	1	1
g08087	0	7	1	10	0	1	1
g08489	0	7	1	10	0	1	1
g06283	0	7	1	10	0	1	1
g07468	0	7	1	10	0	1	1
g05871	0	7	1	10	0	1	1
g04932	0	7	1	10	0	1	1
g09224	0	7	1	10	0	1	1
g09410	1	6	0	11	Inf	0.388888888888889	1
g04918	1	6	0	11	Inf	0.388888888888889	1
g08230	0	7	1	10	0	1	1
g05872	0	7	1	10	0	1	1
g08284	1	6	0	11	Inf	0.388888888888889	1
g05783	1	6	0	11	Inf	0.388888888888889	1
g07914	0	7	1	10	0	1	1
g05345	0	7	1	10	0	1	1
g04935	1	6	0	11	Inf	0.388888888888889	1
g07386	1	6	0	11	Inf	0.388888888888889	1
g08647	0	7	1	10	0	1	1
g08675	0	7	1	10	0	1	1
g09324	0	7	1	10	0	1	1
g06522	0	7	1	10	0	1	1
g08120	1	6	0	11	Inf	0.388888888888889	1
g05541	0	7	1	10	0	1	1
g06337	1	6	0	11	Inf	0.388888888888889	1
g04673	1	6	0	11	Inf	0.388888888888889	1
g06996	0	7	1	10	0	1	1
g08133	0	7	1	10	0	1	1
g06050	0	7	1	10	0	1	1
g06798	1	6	0	11	Inf	0.388888888888889	1
g08324	0	7	1	10	0	1	1
g06362	0	7	1	10	0	1	1
g03870	1	6	0	11	Inf	0.388888888888889	1
g05323	1	6	0	11	Inf	0.388888888888889	1
g07616	1	6	0	11	Inf	0.388888888888889	1
g08956	1	6	0	11	Inf	0.388888888888889	1
g05894	0	7	1	10	0	1	1
g06674	0	7	1	10	0	1	1
g06284	1	6	0	11	Inf	0.388888888888889	1
g06135	1	6	0	11	Inf	0.388888888888889	1
g08814	0	7	1	10	0	1	1
g05419	0	7	1	10	0	1	1
g07985	0	7	1	10	0	1	1
g05952	0	7	1	10	0	1	1
g06369	1	6	0	11	Inf	0.388888888888889	1
g04691	0	7	1	10	0	1	1
g06353	1	6	0	11	Inf	0.388888888888889	1
g06236	0	7	1	10	0	1	1
g07982	0	7	1	10	0	1	1
g06325	0	7	1	10	0	1	1
g06857	0	7	1	10	0	1	1
g08248	0	7	1	10	0	1	1
g08040	1	6	0	11	Inf	0.388888888888889	1
g08353	0	7	1	10	0	1	1
g08559	0	7	1	10	0	1	1
g06108	1	6	0	11	Inf	0.388888888888889	1
g04785	0	7	1	10	0	1	1
g05309	1	6	0	11	Inf	0.388888888888889	1
g09244	1	6	0	11	Inf	0.388888888888889	1
g04951	0	7	1	10	0	1	1
g09317	0	7	1	10	0	1	1
g05793	0	7	1	10	0	1	1
g03859	0	7	1	10	0	1	1
g07929	0	7	1	10	0	1	1
g09103	0	7	1	10	0	1	1
g03805	0	7	1	10	0	1	1
g06571	0	7	1	10	0	1	1
g08012	0	7	1	10	0	1	1
g04649	1	6	0	11	Inf	0.388888888888889	1
g08693	0	7	1	10	0	1	1
g06106	0	7	1	10	0	1	1
g07499	1	6	0	11	Inf	0.388888888888889	1
g07439	0	7	1	10	0	1	1
g03824	1	6	0	11	Inf	0.388888888888889	1
g07952	0	7	1	10	0	1	1
g05870	0	7	1	10	0	1	1
g07503	1	6	0	11	Inf	0.388888888888889	1
g07231	1	6	0	11	Inf	0.388888888888889	1
g08568	0	7	1	10	0	1	1
g04000	0	7	1	10	0	1	1
g06846	1	6	0	11	Inf	0.388888888888889	1
g08970	1	6	0	11	Inf	0.388888888888889	1
g04893	0	7	1	10	0	1	1
g07306	1	6	0	11	Inf	0.388888888888889	1
g09275	1	6	0	11	Inf	0.388888888888889	1
g04990	1	6	0	11	Inf	0.388888888888889	1
g06935	0	7	1	10	0	1	1
g08980	0	7	1	10	0	1	1
g08000	0	7	1	10	0	1	1
g08740	0	7	1	10	0	1	1
g07092	0	7	1	10	0	1	1
g09287	0	7	1	10	0	1	1
g05326	0	7	1	10	0	1	1
g07574	1	6	0	11	Inf	0.388888888888889	1
g09412	1	6	0	11	Inf	0.388888888888889	1
g09486	0	7	1	10	0	1	1
g04105	0	7	1	10	0	1	1
g08057	0	7	1	10	0	1	1
g07989	0	7	1	10	0	1	1
g08180	1	6	0	11	Inf	0.388888888888889	1
g07751	1	6	0	11	Inf	0.388888888888889	1
g07598	1	6	0	11	Inf	0.388888888888889	1
g06373	0	7	1	10	0	1	1
g04945	1	6	0	11	Inf	0.388888888888889	1
g08798	0	7	1	10	0	1	1
g07827	0	7	1	10	0	1	1
g06148	0	7	1	10	0	1	1
g05413	0	7	1	10	0	1	1
g09047	0	7	1	10	0	1	1
g08579	1	6	0	11	Inf	0.388888888888889	1
g04733	1	6	0	11	Inf	0.388888888888889	1
g06669	0	7	1	10	0	1	1
g06841	1	6	0	11	Inf	0.388888888888889	1
g08394	0	7	1	10	0	1	1
g03734	0	7	1	10	0	1	1
g09029	1	6	0	11	Inf	0.388888888888889	1
g07213	1	6	0	11	Inf	0.388888888888889	1
g07489	0	7	1	10	0	1	1
g09262	1	6	0	11	Inf	0.388888888888889	1
g04930	1	6	0	11	Inf	0.388888888888889	1
g04124	0	7	1	10	0	1	1
g08984	0	7	1	10	0	1	1
g05605	0	7	1	10	0	1	1
g04151	1	6	0	11	Inf	0.388888888888889	1
g07030	0	7	1	10	0	1	1
g08888	0	7	1	10	0	1	1
g06960	1	6	0	11	Inf	0.388888888888889	1
g07428	0	7	1	10	0	1	1
g05743	1	6	0	11	Inf	0.388888888888889	1
g09318	0	7	1	10	0	1	1
g08352	0	7	1	10	0	1	1
g08667	0	7	1	10	0	1	1
g07166	1	6	0	11	Inf	0.388888888888889	1
g06132	0	7	1	10	0	1	1
g07612	0	7	1	10	0	1	1
g05001	1	6	0	11	Inf	0.388888888888889	1
g05656	0	7	1	10	0	1	1
g05282	0	7	1	10	0	1	1
g07328	0	7	1	10	0	1	1
g07044	1	6	0	11	Inf	0.388888888888889	1
g06297	0	7	1	10	0	1	1
g09330	1	6	0	11	Inf	0.388888888888889	1
g09461	0	7	1	10	0	1	1
g07354	0	7	1	10	0	1	1
g07388	0	7	1	10	0	1	1
g08161	0	7	1	10	0	1	1
g03941	0	7	1	10	0	1	1
g06472	1	6	0	11	Inf	0.388888888888889	1
g06203	0	7	1	10	0	1	1
g08011	1	6	0	11	Inf	0.388888888888889	1
g08392	0	7	1	10	0	1	1
g06528	0	7	1	10	0	1	1
g08873	0	7	1	10	0	1	1
g08614	1	6	0	11	Inf	0.388888888888889	1
g05645	0	7	1	10	0	1	1
g03850	0	7	1	10	0	1	1
g09081	1	6	0	11	Inf	0.388888888888889	1
g05434	0	7	1	10	0	1	1
g04034	1	6	0	11	Inf	0.388888888888889	1
g07562	0	7	1	10	0	1	1
g06462	0	7	1	10	0	1	1
g09320	0	7	1	10	0	1	1
g05337	0	7	1	10	0	1	1
g09229	0	7	1	10	0	1	1
g06750	1	6	0	11	Inf	0.388888888888889	1
g06772	0	7	1	10	0	1	1
g04795	1	6	0	11	Inf	0.388888888888889	1
g08994	1	6	0	11	Inf	0.388888888888889	1
g05713	1	6	0	11	Inf	0.388888888888889	1
g06951	0	7	1	10	0	1	1
g04780	0	7	1	10	0	1	1
g04035	0	7	1	10	0	1	1
g08743	1	6	0	11	Inf	0.388888888888889	1
g09482	0	7	1	10	0	1	1
g08338	0	7	1	10	0	1	1
g06393	0	7	0	11	Inf	1	1
g08757	0	7	1	10	0	1	1
g08375	0	7	1	10	0	1	1
g08446	0	7	1	10	0	1	1
g05033	1	6	0	11	Inf	0.388888888888889	1
g06227	1	6	0	11	Inf	0.388888888888889	1
g05995	1	6	0	11	Inf	0.388888888888889	1
g06623	0	7	1	10	0	1	1
g06948	0	7	1	10	0	1	1
g05489	0	7	1	10	0	1	1
g07926	0	7	1	10	0	1	1
g07707	0	7	1	10	0	1	1
g07460	0	7	1	10	0	1	1
g04132	0	7	1	10	0	1	1
g06914	0	7	1	10	0	1	1
g05500	0	7	1	10	0	1	1
g05784	1	6	0	11	Inf	0.388888888888889	1
g08922	0	7	1	10	0	1	1
g09293	0	7	1	10	0	1	1
g08548	0	7	1	10	0	1	1
g06757	1	6	0	11	Inf	0.388888888888889	1
g08258	0	7	1	10	0	1	1
g08029	0	7	1	10	0	1	1
g04621	0	7	1	10	0	1	1
g08094	1	6	0	11	Inf	0.388888888888889	1
g06927	1	6	0	11	Inf	0.388888888888889	1
g05290	0	7	1	10	0	1	1
g09104	0	7	1	10	0	1	1
g09339	1	6	0	11	Inf	0.388888888888889	1
g05520	1	6	0	11	Inf	0.388888888888889	1
g03978	0	7	1	10	0	1	1
g05149	1	6	0	11	Inf	0.388888888888889	1
g07838	0	7	1	10	0	1	1
g05103	0	7	1	10	0	1	1
g08102	0	7	1	10	0	1	1
g07789	1	6	0	11	Inf	0.388888888888889	1
g08524	0	7	1	10	0	1	1
g09111	0	7	1	10	0	1	1
g06704	0	7	1	10	0	1	1
g04916	0	7	1	10	0	1	1
g08385	0	7	1	10	0	1	1
g06071	0	7	1	10	0	1	1
g06865	0	7	1	10	0	1	1
g06115	0	7	1	10	0	1	1
g08383	0	7	1	10	0	1	1
g07988	1	6	0	11	Inf	0.388888888888889	1
g08829	0	7	1	10	0	1	1
g07194	0	7	1	10	0	1	1
g05891	0	7	1	10	0	1	1
g07993	1	6	0	11	Inf	0.388888888888889	1
g05746	0	7	1	10	0	1	1
g05100	0	7	1	10	0	1	1
g07976	0	7	1	10	0	1	1
g04955	0	7	1	10	0	1	1
g04860	0	7	1	10	0	1	1
g04996	0	7	1	10	0	1	1
g06562	0	7	1	10	0	1	1
g07048	0	7	1	10	0	1	1
g08219	0	7	1	10	0	1	1
g08727	0	7	1	10	0	1	1
g09542	0	7	1	10	0	1	1
g05067	1	6	0	11	Inf	0.388888888888889	1
g04647	0	7	1	10	0	1	1
g04628	0	7	1	10	0	1	1
g04638	0	7	1	10	0	1	1
g07016	1	6	0	11	Inf	0.388888888888889	1
g07467	0	7	1	10	0	1	1
g08977	1	6	0	11	Inf	0.388888888888889	1
g04612	1	6	0	11	Inf	0.388888888888889	1
g09133	1	6	0	11	Inf	0.388888888888889	1
g07400	0	7	1	10	0	1	1
g06454	0	7	1	10	0	1	1
g08467	1	6	0	11	Inf	0.388888888888889	1
g05849	1	6	0	11	Inf	0.388888888888889	1
g04681	0	7	1	10	0	1	1
g07868	0	7	1	10	0	1	1
g04611	0	7	1	10	0	1	1
g09082	1	6	0	11	Inf	0.388888888888889	1
g07749	0	7	1	10	0	1	1
g07224	0	7	1	10	0	1	1
g07627	1	6	0	11	Inf	0.388888888888889	1
g05618	1	6	0	11	Inf	0.388888888888889	1
g06912	0	7	1	10	0	1	1
g05134	1	6	0	11	Inf	0.388888888888889	1
g09338	0	7	1	10	0	1	1
g05178	0	7	1	10	0	1	1
g07484	1	6	0	11	Inf	0.388888888888889	1
g06807	1	6	0	11	Inf	0.388888888888889	1
g06238	0	7	1	10	0	1	1
g07435	0	7	1	10	0	1	1
g04803	0	7	1	10	0	1	1
g07138	0	7	1	10	0	1	1
g08952	0	7	1	10	0	1	1
g05817	0	7	1	10	0	1	1
g04609	0	7	1	10	0	1	1
g05376	1	6	0	11	Inf	0.388888888888889	1
g04988	1	6	0	11	Inf	0.388888888888889	1
g05451	1	6	0	11	Inf	0.388888888888889	1
g06680	0	7	1	10	0	1	1
g07147	1	6	0	11	Inf	0.388888888888889	1
g08808	0	7	1	10	0	1	1
g07285	1	6	0	11	Inf	0.388888888888889	1
g05847	0	7	1	10	0	1	1
g05754	0	7	1	10	0	1	1
g07791	0	7	1	10	0	1	1
g05815	0	7	1	10	0	1	1
g05674	0	7	1	10	0	1	1
g06716	0	7	1	10	0	1	1
g05914	0	7	1	10	0	1	1
g06394	0	7	1	10	0	1	1
g04660	1	6	0	11	Inf	0.388888888888889	1
g07236	1	6	0	11	Inf	0.388888888888889	1
g05254	1	6	0	11	Inf	0.388888888888889	1
g06020	1	6	0	11	Inf	0.388888888888889	1
g08627	0	7	1	10	0	1	1
g06248	0	7	1	10	0	1	1
g05183	0	7	1	10	0	1	1
g09049	1	6	0	11	Inf	0.388888888888889	1
g08172	0	7	1	10	0	1	1
g05879	0	7	1	10	0	1	1
g07566	1	6	0	11	Inf	0.388888888888889	1
g06679	1	6	0	11	Inf	0.388888888888889	1
g08202	1	6	0	11	Inf	0.388888888888889	1
g04953	0	7	1	10	0	1	1
g05734	1	6	0	11	Inf	0.388888888888889	1
