Gene,Non-unique Gene name,Annotation,No. isolates,No. sequences,Avg sequences per isolate,Genome Fragment,Order within Fragment,Accessory Fragment,Accessory Order with Fragment,QC,Min group size nuc,Max group size nuc,Avg group size nuc,11_VM,15_CESAIBC,6_VM
group_1,tdh,L-threonine 3-dehydrogenase,3,3,1,2,619,,,,539,1031,867,ICDOIP_02035,JCOPOM_03000,JANPHL_01825
group_10,adk,Adenylate kinase or related kinase,3,3,1,2,236,,,,341,524,463,ICDOIP_00130,JCOPOM_01105,JANPHL_03735
pvuC,,Ferric vibrioferrin transport system permease protein PvuC,3,3,1,2,760,,,,1037,1037,1037,ICDOIP_02710,JCOPOM_15625,JANPHL_01145
group_101,ompR,"DNA-binding response regulator, OmpR family, contains REC and winged-helix (wHTH) domain",3,3,1,2,771,,,,707,707,707,ICDOIP_02765,JCOPOM_15570,JANPHL_01090
group_102,elyC,DUF218 domain-containing protein,3,3,1,2,785,,,,1097,1097,1097,ICDOIP_02835,JCOPOM_15500,JANPHL_01020
ykwD,,Spore germination protein YkwD and related proteins with CAP (CSP/antigen 5/PR1) domain,3,3,1,2,791,,,,539,539,539,ICDOIP_02865,JCOPOM_15470,JANPHL_00990
group_104,rpoE,"DNA-directed RNA polymerase specialized sigma subunit, sigma24 family",3,3,1,2,794,,,,485,485,485,ICDOIP_02880,JCOPOM_15455,JANPHL_00975
qor,,NADPH:quinone reductase or related Zn-dependent oxidoreductase,3,3,1,2,799,,,,992,992,992,ICDOIP_02905,JCOPOM_15430,JANPHL_00950
yiiM,,"N-hydroxylaminopurine reductase YiiM, contains MOSC domain",3,3,1,2,801,,,,692,692,692,ICDOIP_02915,JCOPOM_15420,JANPHL_00940
group_107,srmB,Superfamily II DNA and RNA helicase,3,3,1,2,802,,,,1238,1238,1238,ICDOIP_02920,JCOPOM_15415,JANPHL_00935
group_108,mtlD,Mannitol-1-phosphate/altronate dehydrogenases,3,3,1,2,808,,,,1463,1463,1463,ICDOIP_02955,JCOPOM_15380,JANPHL_00900
uxaC,,glucuronate isomerase,3,3,1,2,809,,,,1412,1412,1412,ICDOIP_02960,JCOPOM_15375,JANPHL_00895
group_110,rbsK,"Sugar or nucleoside kinase, ribokinase family",3,3,1,2,810,,,,977,977,977,ICDOIP_02965,JCOPOM_15370,JANPHL_00890
ygjV,,YgjV family protein,3,3,1,2,812,,,,551,551,551,ICDOIP_02975,JCOPOM_15360,JANPHL_00880
group_112,yurZ,"Uncharacterized conserved protein YurZ, alkylhydroperoxidase/carboxymuconolactone decarboxylase family",3,3,1,2,814,,,,722,722,722,ICDOIP_02980,JCOPOM_15355,JANPHL_00875
group_113,qdoI,Cupin domain protein related to quercetin dioxygenase,3,3,1,2,816,,,,449,449,449,ICDOIP_02990,JCOPOM_15345,JANPHL_00865
Flagellar protein,,Flagellar protein,3,3,1,2,826,,,,434,434,434,ICDOIP_03035,JCOPOM_15295,JANPHL_00820
rimL,,"Protein N-acetyltransferase, RimJ/RimL family",3,3,1,2,828,,,,509,530,516,ICDOIP_03045,JCOPOM_15285,JANPHL_00810
csgD,,"DNA-binding transcriptional regulator, CsgD family",3,3,1,2,834,,,,719,755,743,ICDOIP_03075,JCOPOM_15250,JANPHL_00780
group_117,wrbA,"Multimeric flavodoxin WrbA, includes NAD(P)H:quinone oxidoreductase",3,3,1,2,844,,,,584,593,587,ICDOIP_03125,JCOPOM_15200,JANPHL_00730
group_118,murQ,N-acetylmuramic acid 6-phosphate etherase,3,3,1,2,848,,,,902,902,902,ICDOIP_03145,JCOPOM_15180,JANPHL_00710
group_119,lysR,"DNA-binding transcriptional regulator, LysR family",3,3,1,2,852,,,,911,911,911,ICDOIP_03165,JCOPOM_15160,JANPHL_00690
branched-chain amino acid ABC transporter permease,,branched-chain amino acid ABC transporter permease,3,3,1,2,370,,,,413,1067,631,ICDOIP_00760,JCOPOM_01755,JANPHL_03100
catC,,type B chloramphenicol O-acetyltransferase,3,3,1,2,853,,,,659,659,659,ICDOIP_03170,JCOPOM_15155,JANPHL_00685
parA,,ParA-like ATPase involved in chromosome/plasmid partitioning or cellulose biosynthesis protein BcsQ,3,3,1,2,857,,,,1217,1292,1267,ICDOIP_03190,JCOPOM_15135,JANPHL_00665
group_122,dppD,"ABC-type dipeptide/oligopeptide/nickel transport system, ATPase component",3,3,1,2,861,,,,854,893,880,ICDOIP_03210,JCOPOM_15115,JANPHL_00645
group_123,hisJ,"ABC-type amino acid transport/signal transduction system, periplasmic component/domain",3,3,1,2,864,,,,755,755,755,ICDOIP_03225,JCOPOM_15100,JANPHL_00630
group_124,lolD,"ABC-type lipoprotein export system, ATPase component",3,3,1,2,870,,,,698,698,698,ICDOIP_03255,JCOPOM_15070,JANPHL_00600
group_125,Tetratricopeptide repeat protein,Tetratricopeptide repeat protein,3,3,1,2,982,,,,818,818,818,ICDOIP_03390,JCOPOM_14930,JANPHL_00465
wecH,,Surface polysaccharide O-acyltransferase WecH,3,3,1,2,977,,,,1025,1025,1025,ICDOIP_03415,JCOPOM_14905,JANPHL_00440
ppnP,,Pyrimidine/purine nucleoside phosphorylase,3,3,1,2,972,,,,284,284,284,ICDOIP_03440,JCOPOM_14880,JANPHL_00415
dnaQ,,"DNA polymerase III, epsilon subunit or related 3'-5' exonuclease",3,3,1,2,956,,,,710,710,710,ICDOIP_03520,JCOPOM_14800,JANPHL_00335
group_129,qdoI,Cupin domain protein related to quercetin dioxygenase,3,3,1,2,951,,,,239,320,293,ICDOIP_03545,JCOPOM_21565,JANPHL_00310
aes,,Acetyl esterase/lipase,3,3,1,2,949,,,,911,911,911,ICDOIP_03555,JCOPOM_21575,JANPHL_00300
group_131,putP,Na+/proline symporter,3,3,1,2,946,,,,1622,1739,1661,ICDOIP_03570,JCOPOM_21590,JANPHL_00285
viuB,,"NADPH-dependent ferric siderophore reductase, contains FAD-binding and SIP domains",3,3,1,2,941,,,,773,773,773,ICDOIP_03595,JCOPOM_21615,JANPHL_00260
Cupin-2 domain-containing protein,,Cupin-2 domain-containing protein,3,3,1,2,936,,,,311,311,311,ICDOIP_03620,JCOPOM_21640,JANPHL_00235
DUF1828 domain-containing protein,,DUF1828 domain-containing protein,3,3,1,2,921,,,,317,329,321,ICDOIP_03695,JCOPOM_21715,JANPHL_00160
group_135,Lipoprotein,Lipoprotein,3,3,1,2,918,,,,362,425,383,ICDOIP_03715,JCOPOM_21730,JANPHL_00140
glxK,,Glycerate kinase,3,3,1,2,914,,,,1136,1136,1136,ICDOIP_03735,JCOPOM_21750,JANPHL_00120
group_137,mnaT,L-amino acid N-acyltransferase MnaT,3,3,1,2,909,,,,527,527,527,ICDOIP_03760,JCOPOM_21775,JANPHL_00095
group_138,tldD,Zn-dependent protease PmbA/TldA or its inactivated-like protein,3,3,1,2,893,,,,1343,1343,1343,ICDOIP_03840,JCOPOM_21855,JANPHL_00015
trmY,,tRNA (pseudouridine(54)-N(1))-methyltransferase TrmY,3,3,1,2,892,,,,599,599,599,ICDOIP_03845,JCOPOM_21860,JANPHL_00010
HAMP domain-containing protein,,HAMP domain-containing protein,3,3,1,2,575,,,,773,1643,1063,ICDOIP_01810,JCOPOM_02780,JANPHL_02050
pilB,,type IV-A pilus assembly ATPase PilB,3,3,1,3,685,,,,1685,1685,1685,ICDOIP_03975,JCOPOM_06205,JANPHL_17450
lpxL,,Palmitoleoyl-ACP: Kdo2-lipid-IV acyltransferase (lipid A biosynthesis),3,3,1,3,671,,,,929,929,929,ICDOIP_04045,JCOPOM_06280,JANPHL_17520
yacL,,UPF0231 protein VIBHAR_03438,3,3,1,3,659,,,,368,368,368,ICDOIP_04105,JCOPOM_06340,JANPHL_17580
holD,,DNA polymerase III subunit psi,3,3,1,3,605,,,,398,398,398,ICDOIP_04385,JCOPOM_06620,JANPHL_17860
DUF5363 domain-containing protein,,DUF5363 domain-containing protein,3,3,1,3,602,,,,197,197,197,ICDOIP_04400,JCOPOM_06635,JANPHL_17875
flp,,"Flp pilus assembly protein, pilin Flp",3,3,1,3,586,,,,173,173,173,ICDOIP_04480,JCOPOM_06715,JANPHL_17955
cpaE,,"Flp pilus assembly ATPase CpaE/TadZ, contains N-terminal REC/TadZ_N domain",3,3,1,3,577,,,,1124,1208,1180,ICDOIP_04525,JCOPOM_06760,JANPHL_18000
PAP2-3 domain-containing protein,,PAP2-3 domain-containing protein,3,3,1,3,572,,,,1097,1112,1102,ICDOIP_04550,JCOPOM_06785,JANPHL_06435
ebgC,,beta-galactosidase subunit beta,3,3,1,3,568,,,,452,452,452,ICDOIP_04570,JCOPOM_06805,JANPHL_06415
galE,,UDP-glucose 4-epimerase GalE,3,3,1,3,565,,,,1019,1019,1019,ICDOIP_04585,JCOPOM_06820,JANPHL_06400
group_150,csdA,cysteine desulfurase CsdA,3,3,1,3,528,,,,1211,1211,1211,ICDOIP_04760,JCOPOM_06990,JANPHL_06225
panE,,2-dehydropantoate 2-reductase,3,3,1,3,526,,,,890,890,890,ICDOIP_04770,JCOPOM_07000,JANPHL_06215
yacG,,DNA gyrase inhibitor YacG,3,3,1,3,690,,,,194,194,194,ICDOIP_03950,JCOPOM_06180,JANPHL_17425
era,,GTPase Era,3,3,1,3,731,,,,962,962,962,ICDOIP_20555,JCOPOM_05940,JANPHL_20430
group_1519,lrp,"DNA-binding transcriptional regulator, Lrp family",3,3,1,2,453,,,,455,455,455,ICDOIP_01175,JCOPOM_02165,JANPHL_02685
DUF2789 domain-containing protein,,DUF2789 domain-containing protein,3,3,1,3,505,,,,233,233,233,ICDOIP_04870,JCOPOM_07100,JANPHL_06115
DUF4212 domain-containing protein,,DUF4212 domain-containing protein,3,3,1,10,60,,,,263,263,263,ICDOIP_21375,JCOPOM_21025,JANPHL_21280
DUF1211 domain-containing protein,,DUF1211 domain-containing protein,3,3,1,1,214,,,,461,461,461,ICDOIP_17110,JCOPOM_23475,JANPHL_16475
group_1522,Hok/Gef family protein,Hok/Gef family protein,3,3,1,4,682,,,,206,206,206,ICDOIP_23330,JCOPOM_22280,JANPHL_23375
group_1523,marC,"Small neutral amino acid transporter SnatA, MarC family",3,3,1,2,703,,,,641,641,641,ICDOIP_02445,JCOPOM_15900,JANPHL_01410
lpxC,,UDP-3-O-acyl-N-acetylglucosamine deacetylase,3,3,1,4,462,,,,917,917,917,ICDOIP_12640,JCOPOM_08815,JANPHL_11465
rpsL,,30S ribosomal protein S12,3,3,1,7,45,,,,374,374,374,ICDOIP_19145,JCOPOM_22720,JANPHL_19215
group_1526,tolQ,Biopolymer transport protein ExbB/TolQ,3,3,1,4,150,,,,527,527,527,ICDOIP_15680,JCOPOM_10120,JANPHL_15045
rpmD,,50S ribosomal protein L30,3,3,1,4,286,,,,176,176,176,ICDOIP_11855,JCOPOM_09595,JANPHL_12250
mdaB,,Putative NADPH-quinone reductase (modulator of drug activity B),3,3,1,5,348,,,,617,617,617,ICDOIP_08755,JCOPOM_12265,JANPHL_08100
group_1529,OMP-b-brl domain-containing protein,OMP-b-brl domain-containing protein,3,3,1,2,153,,,,536,536,536,ICDOIP_20150,JCOPOM_00650,JANPHL_20180
greA,,"Transcription elongation factor, GreA/GreB family",3,3,1,3,502,,,,479,479,479,ICDOIP_04885,JCOPOM_07115,JANPHL_06100
group_1530,fkpA,FKBP-type peptidyl-prolyl cis-trans isomerase,3,3,1,5,425,,,,473,473,473,ICDOIP_14045,JCOPOM_12645,JANPHL_13390
group_1531,Transcriptional regulator,Transcriptional regulator,3,3,1,3,160,,,,89,89,89,ICDOIP_06585,JCOPOM_16905,JANPHL_04400
malT,,HTH-type transcriptional regulator MalT,3,3,1,2,728,,,,2708,2708,2708,ICDOIP_02545,JCOPOM_15780,JANPHL_01310
yjjB,,DUF3815 domain-containing protein,3,3,1,4,339,,,,473,473,473,ICDOIP_12120,JCOPOM_09330,JANPHL_11985
group_1534,ompA,Outer membrane protein OmpA and related peptidoglycan-associated (lipo)proteins,3,3,1,1,805,,,,668,668,668,ICDOIP_11130,JCOPOM_03485,JANPHL_10475
leuO,,transcriptional regulator LeuO,3,3,1,4,356,,,,959,959,959,ICDOIP_12205,JCOPOM_09245,JANPHL_11900
tim44,,"putative lipid-binding transport protein, Tim44 family",3,3,1,1,1097,,,,872,872,872,ICDOIP_08135,JCOPOM_04965,JANPHL_07065
glnL,,nitrogen regulation protein NR(II),3,3,1,4,104,,,,1046,1046,1046,ICDOIP_15910,JCOPOM_10350,JANPHL_15275
group_1538,acpP,acyl carrier protein,3,3,1,1,1140,,,,257,257,257,ICDOIP_07920,JCOPOM_05180,JANPHL_07280
lpp,,Outer membrane murein-binding lipoprotein Lpp,3,3,1,2,582,,,,254,254,254,ICDOIP_01850,JCOPOM_02815,JANPHL_02010
KfrA-N domain-containing protein,,KfrA-N domain-containing protein,3,3,1,3,490,,,,287,287,287,ICDOIP_04945,JCOPOM_07175,JANPHL_06040
hypothetical protein,,hypothetical protein,3,3,1,2,630,,,,137,137,137,ICDOIP_02085,JCOPOM_16265,JANPHL_01775
DUF4426 domain-containing protein,,DUF4426 domain-containing protein,3,3,1,3,9,,,,431,431,431,ICDOIP_20315,JCOPOM_05705,JANPHL_20670
ispB,,octaprenyl diphosphate synthase,3,3,1,4,334,,,,971,971,971,ICDOIP_12095,JCOPOM_09355,JANPHL_12010
rluB,,23S rRNA pseudouridine(2605) synthase RluB,3,3,1,3,132,,,,938,938,938,ICDOIP_06725,JCOPOM_16765,JANPHL_04260
DUF2892 domain-containing protein,,DUF2892 domain-containing protein,3,3,1,2,179,,,,185,185,185,ICDOIP_20085,JCOPOM_00780,JANPHL_20115
hscA,,Fe-S protein assembly chaperone HscA,3,3,1,6,37,,,,1853,1853,1853,ICDOIP_15150,JCOPOM_17575,JANPHL_14515
ccmB,,heme exporter protein CcmB,3,3,1,3,385,,,,668,668,668,ICDOIP_05475,JCOPOM_07705,JANPHL_05510
group_1547,tusA,sulfurtransferase TusA,3,3,1,8,43,,,,248,248,248,ICDOIP_19455,JCOPOM_19390,JANPHL_19880
rpmA,,50S ribosomal protein L27,3,3,1,4,336,,,,257,257,257,ICDOIP_12105,JCOPOM_09345,JANPHL_12000
mltA,,murein transglycosylase A,3,3,1,3,533,,,,1103,1103,1103,ICDOIP_04740,JCOPOM_06970,JANPHL_06245
ldcB,,"LD-carboxypeptidase LdcB, LAS superfamily",3,3,1,3,433,,,,701,701,701,ICDOIP_05240,JCOPOM_07470,JANPHL_05745
ychF,,redox-regulated ATPase YchF,3,3,1,1,2,,,,1091,1091,1091,ICDOIP_07130,JCOPOM_21255,JANPHL_08075
spoIIAA,,Anti-anti-sigma regulatory factor (antagonist of anti-sigma factor),3,3,1,1,557,,,,320,320,320,ICDOIP_16725,JCOPOM_14470,JANPHL_15975
lptD,,LPS assembly protein LptD,3,3,1,4,346,,,,2345,2345,2345,ICDOIP_12155,JCOPOM_09295,JANPHL_11950
clpP,,ATP-dependent Clp endopeptidase proteolytic subunit ClpP,3,3,1,1,1118,,,,626,626,626,ICDOIP_08030,JCOPOM_05070,JANPHL_07170
group_1554,Transposase,Transposase,3,3,1,4,8,,,,296,296,296,ICDOIP_23470,JCOPOM_22420,JANPHL_23515
AbiTii domain-containing protein,,AbiTii domain-containing protein,3,3,1,4,625,,,,224,224,224,ICDOIP_20925,JCOPOM_20590,JANPHL_20950
group_1556,Phage protein,Phage protein,3,3,1,2,425,,,,266,266,266,ICDOIP_01040,JCOPOM_02030,JANPHL_02820
group_1557,marR,"DNA-binding transcriptional regulator, MarR family",3,3,1,3,88,,,,503,503,503,ICDOIP_06965,JCOPOM_16525,JANPHL_04020
group_1558,plsC,1-acyl-sn-glycerol-3-phosphate acyltransferase,3,3,1,1,165,,,,725,725,725,ICDOIP_18765,JCOPOM_19210,JANPHL_18795
pspG,,envelope stress response protein PspG,3,3,1,7,62,,,,215,215,215,ICDOIP_19385,JCOPOM_22680,JANPHL_18975
DUF4156 domain-containing protein,,DUF4156 domain-containing protein,3,3,1,3,429,,,,332,332,332,ICDOIP_05260,JCOPOM_07490,JANPHL_05725
group_1560,sdaC,Amino acid permease,3,3,1,3,71,,,,1253,1253,1253,ICDOIP_07050,JCOPOM_16440,JANPHL_03935
ybjL,,aspartate:alanine antiporter,3,3,1,1,838,,,,1682,1682,1682,ICDOIP_10965,JCOPOM_03650,JANPHL_10310
rpoN,,RNA polymerase factor sigma-54,3,3,1,1,152,,,,1466,1466,1466,ICDOIP_18700,JCOPOM_19145,JANPHL_18730
rlmM,,23S rRNA (cytidine(2498)-2'-O)-methyltransferase RlmM,3,3,1,6,176,,,,1091,1091,1091,ICDOIP_14610,JCOPOM_18020,JANPHL_13975
iscA,,iron-sulfur cluster assembly protein IscA,3,3,1,6,35,,,,323,323,323,ICDOIP_15160,JCOPOM_17565,JANPHL_14525
group_1565,ompA,OmpA family protein,3,3,1,4,618,,,,983,983,983,ICDOIP_20960,JCOPOM_20625,JANPHL_20915
GlyGly-CTERM sorting domain-containing protein,,GlyGly-CTERM sorting domain-containing protein,3,3,1,4,680,,,,1037,1037,1037,ICDOIP_23315,JCOPOM_22265,JANPHL_23360
frdB,,succinate dehydrogenase/fumarate reductase iron-sulfur subunit,3,3,1,10,18,,,,740,740,740,ICDOIP_21250,JCOPOM_21150,JANPHL_21405
ccoO,,"cytochrome-c oxidase, cbb3-type subunit II",3,3,1,1,492,,,,173,173,173,ICDOIP_17030,JCOPOM_14160,JANPHL_15670
mlaD,,outer membrane lipid asymmetry maintenance protein MlaD,3,3,1,1,160,,,,488,488,488,ICDOIP_18740,JCOPOM_19185,JANPHL_18770
group_157,fliK,Flagellar hook-length control protein FliK,3,3,1,3,408,,,,1931,1931,1931,ICDOIP_05365,JCOPOM_07595,JANPHL_05620
group_1570,ompA,Outer membrane protein OmpA and related peptidoglycan-associated (lipo)proteins,3,3,1,2,402,,,,989,989,989,ICDOIP_00925,JCOPOM_01915,JANPHL_02935
group_1571,Porin,Porin,3,3,1,1,62,,,,1409,1409,1409,ICDOIP_07430,JCOPOM_21555,JANPHL_07775
group_1572,Copper(I)-binding protein,Copper(I)-binding protein,3,3,1,5,537,,,,473,473,473,ICDOIP_13460,JCOPOM_18575,JANPHL_12805
aceA,,isocitrate lyase,3,3,1,6,22,,,,1310,1310,1310,ICDOIP_15225,JCOPOM_17500,JANPHL_14590
cHASE,,Extracellular (periplasmic) sensor domain CHASE (specificity unknown),3,3,1,5,104,,,,1355,1355,1355,ICDOIP_09960,JCOPOM_11015,JANPHL_09305
yccX,,acylphosphatase,3,3,1,1,405,,,,272,272,272,ICDOIP_21845,JCOPOM_13770,JANPHL_22035
greB,,transcription elongation factor GreB,3,3,1,4,137,,,,491,491,491,ICDOIP_15745,JCOPOM_10185,JANPHL_15110
rplN,,50S ribosomal protein L14,3,3,1,4,278,,,,371,371,371,ICDOIP_11815,JCOPOM_09635,JANPHL_12290
group_1578,araJ,"putative arabinose efflux permease AraJ, MFS family",3,3,1,1,758,,,,1223,1223,1223,ICDOIP_11365,JCOPOM_03250,JANPHL_10710
group_1579,hypothetical protein,hypothetical protein,3,3,1,2,879,,,,197,197,197,ICDOIP_03300,JCOPOM_15025,JANPHL_00555
fliQ,,flagellar biosynthesis protein FliQ,3,3,1,3,402,,,,269,305,293,ICDOIP_05395,JCOPOM_07625,JANPHL_05590
Archease domain-containing protein,,Archease domain-containing protein,3,3,1,1,593,,,,194,194,194,ICDOIP_16545,JCOPOM_14650,JANPHL_16155
atpI,,F0F1 ATP synthase subunit I,3,3,1,8,90,,,,389,389,389,ICDOIP_19670,JCOPOM_19605,JANPHL_19665
group_1582,bamE,Outer membrane protein assembly factor BamE,3,3,1,3,581,,,,224,224,224,ICDOIP_04505,JCOPOM_06740,JANPHL_17980
cspD,,cold shock domain-containing protein CspD,3,3,1,1,1031,,,,218,218,218,ICDOIP_08480,JCOPOM_04625,JANPHL_06715
group_1584,maf,dTTP/UTP pyrophosphatase,3,3,1,1,135,,,,569,569,569,ICDOIP_18615,JCOPOM_19060,JANPHL_18645
group_1585,ycgM,"2-keto-4-pentenoate hydratase/2-oxohepta-3-ene-1,7-dioic acid hydratase (catechol pathway)",3,3,1,5,409,,,,614,614,614,ICDOIP_14125,JCOPOM_12570,JANPHL_13470
cheR,,chemotaxis protein methyltransferase CheR,3,3,1,1,37,,,,827,827,827,ICDOIP_07310,JCOPOM_21435,JANPHL_07895
group_1587,tssE,type VI secretion system baseplate subunit TssE,3,3,1,2,249,,,,464,464,464,ICDOIP_00185,JCOPOM_01165,JANPHL_03675
infC,,translation initiation factor IF-3,3,3,1,1,791,,,,389,389,389,ICDOIP_11200,JCOPOM_03415,JANPHL_10545
yfaE,,class I ribonucleotide reductase maintenance protein YfaE,3,3,1,3,117,,,,278,278,278,ICDOIP_06820,JCOPOM_16670,JANPHL_04165
mnmC,,bifunctional tRNA (5-methylaminomethyl-2-thiouridine)(34)-methyltransferase MnmD/FAD-dependent 5-carboxymethylaminomethyl-2-thiouridine(34) oxidoreductase MnmC,3,3,1,3,360,,,,2114,2114,2114,ICDOIP_05600,JCOPOM_07830,JANPHL_05385
nqrD,,NADH:ubiquinone reductase (Na(+)-transporting) subunit D,3,3,1,3,510,,,,632,632,632,ICDOIP_04845,JCOPOM_07075,JANPHL_06140
group_1591,OmpA-like domain-containing protein,OmpA-like domain-containing protein,3,3,1,1,28,,,,959,959,959,ICDOIP_07260,JCOPOM_21385,JANPHL_07945
maoC,,Acyl-CoA dehydratase PaaZ,3,3,1,5,591,,,,680,680,680,ICDOIP_13695,JCOPOM_18810,JANPHL_13040
ruvA,,Holliday junction branch migration protein RuvA,3,3,1,1,996,,,,671,671,671,ICDOIP_08655,JCOPOM_04450,JANPHL_06540
hisA,,1-(5-phosphoribosyl)-5-[(5-phosphoribosylamino)methylideneamino]imidazole-4-carboxamide isomerase,3,3,1,1,925,,,,737,737,737,ICDOIP_10525,JCOPOM_04090,JANPHL_09870
fadI,,acetyl-CoA C-acyltransferase FadI,3,3,1,3,372,,,,1307,1307,1307,ICDOIP_05540,JCOPOM_07770,JANPHL_05445
group_1596,acrB,multidrug efflux RND transporter permease subunit VmeF,3,3,1,1,1095,,,,3113,3113,3113,ICDOIP_08155,JCOPOM_04950,JANPHL_07040
group_1597,ccmA,"ABC-type multidrug transport system, ATPase component",3,3,1,2,995,,,,857,857,857,ICDOIP_03325,JCOPOM_14995,JANPHL_00530
group_1598,dppD,"ABC-type dipeptide/oligopeptide/nickel transport system, ATPase component",3,3,1,1,731,,,,980,980,980,ICDOIP_11495,JCOPOM_03115,JANPHL_10840
group_1599,hypothetical protein,hypothetical protein,3,3,1,2,568,,,,545,545,545,ICDOIP_01780,JCOPOM_02750,JANPHL_02080
group_16,lysR,LysR family transcriptional regulator,3,3,1,5,203,,,,506,962,658,ICDOIP_09460,JCOPOM_11570,JANPHL_08805
ycgN,,YcgN family cysteine cluster protein,3,3,1,3,333,,,,440,449,446,ICDOIP_05730,JCOPOM_07960,JANPHL_05255
yqcC,,DUF446 domain-containing protein,3,3,1,3,486,,,,314,314,314,ICDOIP_04970,JCOPOM_07200,JANPHL_06015
rluC,,23S rRNA pseudouridine(955/2504/2580) synthase RluC,3,3,1,3,243,,,,947,947,947,ICDOIP_06190,JCOPOM_17310,JANPHL_04795
ccoN,,"cytochrome-c oxidase, cbb3-type subunit I",3,3,1,1,490,,,,1427,1427,1427,ICDOIP_17040,JCOPOM_14150,JANPHL_15660
group_1603,fkpA,FKBP-type peptidyl-prolyl cis-trans isomerase,3,3,1,7,40,,,,782,782,782,ICDOIP_19120,JCOPOM_22745,JANPHL_19240
tatC,,twin-arginine translocase subunit TatC,3,3,1,4,87,,,,740,740,740,ICDOIP_16000,JCOPOM_10445,JANPHL_15365
glnB,,nitrogen regulatory protein P-II,3,3,1,3,462,,,,338,338,338,ICDOIP_05095,JCOPOM_07325,JANPHL_05890
yajG,,Uncharacterized lipoprotein YajG,3,3,1,3,517,,,,569,569,569,ICDOIP_04810,JCOPOM_07040,JANPHL_06175
prkB,,phosphoribulokinase,3,3,1,7,28,,,,869,869,869,ICDOIP_19060,JCOPOM_22805,JANPHL_19300
fabR,,HTH-type transcriptional repressor FabR,3,3,1,9,30,,,,641,641,641,ICDOIP_22565,JCOPOM_20385,JANPHL_22395
group_1609,dedA,DedA family protein,3,3,1,4,3,,,,371,371,371,ICDOIP_23500,JCOPOM_22450,JANPHL_23545
ygiN,,Quinol monooxygenase YgiN,3,3,1,3,331,,,,284,284,284,ICDOIP_05740,JCOPOM_07970,JANPHL_05245
flgK,,flagellar hook-associated protein FlgK,3,3,1,1,49,,,,1940,1940,1940,ICDOIP_07365,JCOPOM_21490,JANPHL_07840
group_1611,Phage protein,Phage protein,3,3,1,2,985,,,,203,203,203,ICDOIP_03375,JCOPOM_14945,JANPHL_00480
DUF2219 domain-containing protein,,DUF2219 domain-containing protein,3,3,1,1,1049,,,,986,986,986,ICDOIP_08390,JCOPOM_04715,JANPHL_06805
nCS2,,"Xanthine/guanine/uracil/vitamin C permease GhxP/GhxQ, nucleobase:cation symporter 2 ( NCS2) family",3,3,1,6,121,,,,1289,1289,1289,ICDOIP_14735,JCOPOM_17895,JANPHL_14100
lomR,,Opacity protein LomR and related surface antigens,3,3,1,2,40,,,,575,575,575,ICDOIP_18055,JCOPOM_00085,JANPHL_18415
vcrG,,LcrG family type III secretion system chaperone VcrG,3,3,1,1,370,,,,284,284,284,ICDOIP_17835,JCOPOM_13605,JANPHL_17200
pspA,,phage shock protein PspA,3,3,1,1,895,,,,671,671,671,ICDOIP_10675,JCOPOM_03940,JANPHL_10020
rpsK,,30S ribosomal protein S11,3,3,1,4,291,,,,389,389,389,ICDOIP_11880,JCOPOM_09570,JANPHL_12225
sLT,,"putative transglycosylase, contains SLT domain",3,3,1,3,699,,,,605,605,605,ICDOIP_03905,JCOPOM_06135,JANPHL_17380
yeiP,,elongation factor P-like protein YeiP,3,3,1,3,130,,,,566,566,566,ICDOIP_06735,JCOPOM_16755,JANPHL_04250
PGF-CTERM sorting domain-containing protein,,PGF-CTERM sorting domain-containing protein,3,3,1,3,327,,,,359,359,359,ICDOIP_05760,JCOPOM_07990,JANPHL_05225
pyrG,,CTP synthase,3,3,1,3,723,,,,1640,1640,1640,ICDOIP_20595,JCOPOM_05980,JANPHL_20390
spo0J,,"Chromosome segregation protein Spo0J, contains ParB-like nuclease domain",3,3,1,8,89,,,,881,881,881,ICDOIP_19665,JCOPOM_19600,JANPHL_19670
group_1622,DUF2750 domain-containing protein,DUF2750 domain-containing protein,3,3,1,1,902,,,,389,389,389,ICDOIP_10640,JCOPOM_03975,JANPHL_09985
ybgC,,tol-pal system-associated acyl-CoA thioesterase,3,3,1,1,990,,,,419,419,419,ICDOIP_08685,JCOPOM_04420,JANPHL_06510
napB,,Nitrate reductase cytochrome c-type subunit NapB,3,3,1,2,417,,,,458,458,458,ICDOIP_01000,JCOPOM_01990,JANPHL_02860
patM,,putative amino-acid ABC transporter permease protein PatM,3,3,1,8,58,,,,671,671,671,ICDOIP_19535,JCOPOM_19470,JANPHL_19800
crcB,,fluoride efflux transporter CrcB,3,3,1,13,30,,,,383,383,383,ICDOIP_23115,JCOPOM_23175,JANPHL_23160
bolA,,transcriptional regulator BolA,3,3,1,3,515,,,,308,308,308,ICDOIP_04820,JCOPOM_07050,JANPHL_06165
tolB,,Tol-Pal system beta propeller repeat protein TolB,3,3,1,1,986,,,,1352,1352,1352,ICDOIP_08705,JCOPOM_04400,JANPHL_06490
crr,,PTS glucose transporter subunit IIA,3,3,1,1,54,,,,509,509,509,ICDOIP_07390,JCOPOM_21515,JANPHL_07815
yejL,,UPF0352 protein VIBHAR_03027,3,3,1,3,309,,,,227,227,227,ICDOIP_05855,JCOPOM_08085,JANPHL_05130
ilvM,,acetolactate synthase 2 small subunit,3,3,1,8,107,,,,284,284,284,ICDOIP_19755,JCOPOM_19690,JANPHL_19580
group_1631,yadH,"ABC-type multidrug transport system, permease component",3,3,1,3,672,,,,770,770,770,ICDOIP_04040,JCOPOM_06270,JANPHL_17515
rsmE,,16S rRNA (uracil(1498)-N(3))-methyltransferase,3,3,1,3,19,,,,731,731,731,ICDOIP_20365,JCOPOM_05755,JANPHL_20620
HTH asnC-type domain-containing protein,,HTH asnC-type domain-containing protein,3,3,1,2,432,,,,449,449,449,ICDOIP_01075,JCOPOM_02065,JANPHL_02785
group_1634,tssJ,type VI secretion system lipoprotein TssJ,3,3,1,1,626,,,,500,500,500,ICDOIP_16400,JCOPOM_20105,JANPHL_16300
pfkA,,6-phosphofructokinase,3,3,1,10,30,,,,962,962,962,ICDOIP_21310,JCOPOM_21090,JANPHL_21345
rph,,ribonuclease PH,3,3,1,4,161,,,,716,716,716,ICDOIP_15625,JCOPOM_10065,JANPHL_14990
Peptidase,,Peptidase,3,3,1,5,64,,,,629,629,629,ICDOIP_10170,JCOPOM_10805,JANPHL_09515
malG,,maltose ABC transporter permease MalG,3,3,1,2,511,,,,890,890,890,ICDOIP_01495,JCOPOM_02465,JANPHL_02365
Tranposase,,Tranposase,3,3,1,4,620,,,,269,269,269,ICDOIP_20950,JCOPOM_20615,JANPHL_20925
group_164,hPtr,HPt (histidine-containing phosphotransfer) domain,3,3,1,3,307,,,,1190,1289,1256,ICDOIP_05865,JCOPOM_08095,JANPHL_05120
ttdA,,"Tartrate dehydratase alpha subunit/Fumarate hydratase class I, N-terminal domain",3,3,1,3,65,,,,1517,1517,1517,ICDOIP_07080,JCOPOM_16410,JANPHL_03905
group_1641,lrp,leucine-responsive transcriptional regulator Lrp,3,3,1,1,962,,,,494,494,494,ICDOIP_10340,JCOPOM_04275,JANPHL_09685
group_1642,add,adenosine deaminase,3,3,1,4,101,,,,1004,1004,1004,ICDOIP_15925,JCOPOM_10365,JANPHL_15290
yejB,,"ABC-type microcin C transport system, permease component YejB",3,3,1,4,154,,,,1025,1025,1025,ICDOIP_15660,JCOPOM_10100,JANPHL_15025
ybaB,,YbaB/EbfC family nucleoid-associated protein,3,3,1,3,342,,,,329,329,329,ICDOIP_05685,JCOPOM_07915,JANPHL_05300
cadB,,cadaverine/lysine antiporter,3,3,1,15,27,,,,1343,1343,1343,ICDOIP_22950,JCOPOM_23340,JANPHL_22995
lptG,,LPS export ABC transporter permease LptG,3,3,1,1,180,,,,1070,1070,1070,ICDOIP_18840,JCOPOM_19285,JANPHL_18870
proC,,pyrroline-5-carboxylate reductase,3,3,1,3,12,,,,818,818,818,ICDOIP_20330,JCOPOM_05720,JANPHL_20655
group_1648,fepA,Outer membrane receptor for ferrienterochelin and colicins,3,3,1,4,153,,,,2600,2600,2600,ICDOIP_15665,JCOPOM_10105,JANPHL_15030
Nucleoside permease,,Nucleoside permease,3,3,1,3,600,,,,1271,1271,1271,ICDOIP_04410,JCOPOM_06645,JANPHL_17885
group_165,Copper-binding protein,Copper-binding protein,3,3,1,3,267,,,,422,422,422,ICDOIP_06070,JCOPOM_08305,JANPHL_04915
DUF2541 domain-containing protein,,DUF2541 domain-containing protein,3,3,1,3,606,,,,449,449,449,ICDOIP_04380,JCOPOM_06615,JANPHL_17855
scrC,,ScrC,3,3,1,2,622,,,,2324,2324,2324,ICDOIP_02045,JCOPOM_16305,JANPHL_01815
yeeX,,DUF496 domain-containing protein,3,3,1,2,445,,,,314,314,314,ICDOIP_01135,JCOPOM_02125,JANPHL_02725
Zot domain-containing protein,,Zot domain-containing protein,3,3,1,2,119,,,,1136,1136,1136,ICDOIP_18455,JCOPOM_00480,JANPHL_18015
group_1654,Transposase,Transposase,3,3,1,4,555,,,,428,428,428,ICDOIP_21105,JCOPOM_20770,JANPHL_20770
Cation transporter,,Cation transporter,3,3,1,1,313,,,,227,227,227,ICDOIP_17570,JCOPOM_13345,JANPHL_16935
group_1656,dppD,"ABC-type dipeptide/oligopeptide/nickel transport system, ATPase component",3,3,1,4,157,,,,857,857,857,ICDOIP_15645,JCOPOM_10085,JANPHL_15010
btsR,,two-component system response regulator BtsR,3,3,1,4,390,,,,728,728,728,ICDOIP_12995,JCOPOM_08465,JANPHL_11110
rplJ,,50S ribosomal protein L10,3,3,1,15,11,,,,488,488,488,ICDOIP_22850,JCOPOM_23440,JANPHL_22895
mnmA,,tRNA 2-thiouridine(34) synthase MnmA,3,3,1,1,937,,,,1124,1124,1124,ICDOIP_10465,JCOPOM_04150,JANPHL_09810
malZ,,maltodextrin glucosidase,3,3,1,3,259,,,,1826,1826,1826,ICDOIP_06110,JCOPOM_08345,JANPHL_04875
upp,,uracil phosphoribosyltransferase,3,3,1,3,447,,,,626,626,626,ICDOIP_05170,JCOPOM_07400,JANPHL_05815
group_1661,dctP,"TRAP-type C4-dicarboxylate transport system, periplasmic component",3,3,1,1,1125,,,,998,998,998,ICDOIP_07995,JCOPOM_05105,JANPHL_07205
ybaK,,Cys-tRNA(Pro) deacylase,3,3,1,1,14,,,,473,473,473,ICDOIP_07190,JCOPOM_21315,JANPHL_08015
miaE,,tRNA isopentenyl-2-thiomethyl-A-37 hydroxylase MiaE (synthesis of 2-methylthio-cis-ribozeatin),3,3,1,1,967,,,,770,770,770,ICDOIP_10315,JCOPOM_04300,JANPHL_09660
Transcriptional regulator,,Transcriptional regulator,3,3,1,2,70,,,,104,104,104,ICDOIP_18210,JCOPOM_00235,JANPHL_18260
group_1665,ftsL,Cell division protein FtsL,3,3,1,2,268,,,,260,260,260,ICDOIP_00280,JCOPOM_01260,JANPHL_03580
group_1666,arsC,ArsC family reductase,3,3,1,3,431,,,,350,350,350,ICDOIP_05250,JCOPOM_07480,JANPHL_05735
yitT,,DUF161 DUF2179 domains-containing protein,3,3,1,6,158,,,,617,617,617,ICDOIP_14520,JCOPOM_18110,JANPHL_13885
perM,,putative PurR-regulated permease PerM,3,3,1,2,686,,,,1145,1145,1145,ICDOIP_02360,JCOPOM_15985,JANPHL_01495
fis,,DNA-binding transcriptional regulator Fis,3,3,1,10,45,,,,296,296,296,ICDOIP_21450,JCOPOM_20950,JANPHL_21205
group_167,gGDEF,"GGDEF domain, diguanylate cyclase (c-di-GMP synthetase) or its enzymatically inactive variants",3,3,1,3,258,,,,1217,1460,1379,ICDOIP_06115,JCOPOM_17385,JANPHL_04870
rnhA,,ribonuclease HI,3,3,1,3,456,,,,512,512,512,ICDOIP_05125,JCOPOM_07355,JANPHL_05860
tlyC,,"Hemolysin-related protein, contains CBS domains, UPF0053 family",3,3,1,15,23,,,,1127,1127,1127,ICDOIP_22915,JCOPOM_23375,JANPHL_22960
IDEAL domain-containing protein,,IDEAL domain-containing protein,3,3,1,4,705,,,,227,227,227,ICDOIP_23445,JCOPOM_22395,JANPHL_23490
group_1673,flgL,flagellar hook-associated protein FlgL,3,3,1,5,177,,,,899,899,899,ICDOIP_09595,JCOPOM_11410,JANPHL_08940
hppD,,4-hydroxyphenylpyruvate dioxygenase,3,3,1,1,725,,,,1073,1073,1073,ICDOIP_11525,JCOPOM_03085,JANPHL_10870
group_1675,gntR,"DNA-binding transcriptional regulator, GntR family",3,3,1,1,745,,,,674,674,674,ICDOIP_11430,JCOPOM_03185,JANPHL_10775
spmB,,Spore maturation protein SpmB (function unknown),3,3,1,2,720,,,,467,467,467,ICDOIP_02505,JCOPOM_15820,JANPHL_01350
tig,,trigger factor,3,3,1,1,1119,,,,1304,1304,1304,ICDOIP_08025,JCOPOM_05075,JANPHL_07175
groES2,,Co-chaperonin GroES 2,3,3,1,5,189,,,,290,290,290,ICDOIP_09535,JCOPOM_11475,JANPHL_08880
group_1679,pncA,Nicotinamidase-related amidase,3,3,1,3,165,,,,542,542,542,ICDOIP_06560,JCOPOM_16930,JANPHL_04425
pqiC,,Intermembrane transporter PqiABC lipoprotein subunit PqiC,3,3,1,3,201,,,,578,578,578,ICDOIP_06400,JCOPOM_17100,JANPHL_04585
ettA,,energy-dependent translational throttle protein EttA,3,3,1,4,378,,,,1667,1667,1667,ICDOIP_13060,JCOPOM_08400,JANPHL_11045
phasin family protein,,phasin family protein,3,3,1,2,421,,,,347,347,347,ICDOIP_01020,JCOPOM_02010,JANPHL_02840
CENP-V/GFA domain-containing protein,,CENP-V/GFA domain-containing protein,3,3,1,5,397,,,,401,401,401,ICDOIP_14185,JCOPOM_12510,JANPHL_13530
group_1683,Acetyltransferase,Acetyltransferase,3,3,1,3,607,,,,503,503,503,ICDOIP_04375,JCOPOM_06610,JANPHL_17850
flgD,,flagellar hook assembly protein FlgD,3,3,1,1,40,,,,707,707,707,ICDOIP_07325,JCOPOM_21450,JANPHL_07880
zapG,,Z-ring associated protein ZapG,3,3,1,4,489,,,,443,443,443,ICDOIP_12500,JCOPOM_08955,JANPHL_11605
adeB,,multidrug efflux RND transporter permease subunit VmeB,3,3,1,1,973,,,,3161,3161,3161,ICDOIP_10285,JCOPOM_04330,JANPHL_09630
group_1687,fliI,flagellar protein export ATPase FliI,3,3,1,2,642,,,,1349,1349,1349,ICDOIP_02145,JCOPOM_16205,JANPHL_01715
rpoC,,DNA-directed RNA polymerase subunit beta',3,3,1,15,14,,,,4202,4202,4202,ICDOIP_22870,JCOPOM_23420,JANPHL_22915
parE,,DNA topoisomerase IV subunit B,3,3,1,4,493,,,,1880,1880,1880,ICDOIP_12480,JCOPOM_08975,JANPHL_11625
pqiB,,intermembrane transport protein PqiB,3,3,1,3,200,,,,1646,1646,1646,ICDOIP_06405,JCOPOM_17095,JANPHL_04580
ceuB,,iron chelate uptake ABC transporter permease subunit VctD,3,3,1,5,532,,,,935,935,935,ICDOIP_13435,JCOPOM_18550,JANPHL_12780
fliP,,flagellar type III secretion system pore protein FliP,3,3,1,2,651,,,,758,758,758,ICDOIP_02190,JCOPOM_16160,JANPHL_01670
rRM,,RNA recognition motif (RRM) domain,3,3,1,9,1,,,,455,455,455,ICDOIP_22595,JCOPOM_20530,JANPHL_22365
ccoS,,cbb3-type cytochrome oxidase assembly protein CcoS,3,3,1,1,496,,,,164,164,164,ICDOIP_17010,JCOPOM_14180,JANPHL_15690
pilM,,Type IV pilus biogenesis protein PilM,3,3,1,4,670,,,,857,857,857,ICDOIP_23535,JCOPOM_22215,JANPHL_24035
rstB,,RstB protein,3,3,1,2,126,,,,335,335,335,ICDOIP_24635,JCOPOM_00510,JANPHL_24675
yaeP,,YaeP family protein,3,3,1,3,497,,,,206,206,206,ICDOIP_04910,JCOPOM_07140,JANPHL_06075
group_1697,Secreted protein,Secreted protein,3,3,1,4,679,,,,416,416,416,ICDOIP_23310,JCOPOM_22260,JANPHL_23355
spoT,,"bifunctional GTP diphosphokinase/guanosine-3',5'-bis pyrophosphate 3'-pyrophosphohydrolase",3,3,1,4,144,,,,2120,2120,2120,ICDOIP_15710,JCOPOM_10150,JANPHL_15075
lon,,endopeptidase La,3,3,1,1,1116,,,,2351,2351,2351,ICDOIP_08040,JCOPOM_05060,JANPHL_07160
"putative methyltransferase, contains TPR repeat",,"putative methyltransferase, contains TPR repeat",3,3,1,3,186,,,,215,632,493,ICDOIP_06475,JCOPOM_17025,JANPHL_04510
group_1700,acrR,"DNA-binding protein, AcrR family, includes nucleoid occlusion protein SlmA",3,3,1,5,311,,,,461,461,461,ICDOIP_08940,JCOPOM_12115,JANPHL_08285
pitA,,Phosphate/sulfate permease,3,3,1,4,505,,,,1259,1259,1259,ICDOIP_12420,JCOPOM_09035,JANPHL_11685
rraB,,ribonuclease E inhibitor RraB,3,3,1,1,172,,,,413,413,413,ICDOIP_18800,JCOPOM_19245,JANPHL_18830
Variable large protein,,Variable large protein,3,3,1,3,623,,,,245,245,245,ICDOIP_04285,JCOPOM_06520,JANPHL_17760
DUF883 domain-containing protein,,DUF883 domain-containing protein,3,3,1,4,75,,,,248,248,248,ICDOIP_16060,JCOPOM_10505,JANPHL_15425
can,,carbonate dehydratase,3,3,1,3,675,,,,668,668,668,ICDOIP_04025,JCOPOM_06255,JANPHL_17500
group_1706,asd,archaetidylserine decarboxylase,3,3,1,10,3,,,,857,857,857,ICDOIP_21175,JCOPOM_21225,JANPHL_21480
cysS,,cysteine--tRNA ligase,3,3,1,1,918,,,,1382,1382,1382,ICDOIP_10560,JCOPOM_04055,JANPHL_09905
ispG,,flavodoxin-dependent (E)-4-hydroxy-3-methylbut-2-enyl-diphosphate synthase,3,3,1,6,44,,,,1118,1118,1118,ICDOIP_15115,JCOPOM_17610,JANPHL_14480
tsaD,,tRNA (adenosine(37)-N6)-threonylcarbamoyltransferase complex transferase subunit TsaD,3,3,1,4,515,,,,1061,1061,1061,ICDOIP_12370,JCOPOM_09085,JANPHL_11735
group_171,argA,"N-acetylglutamate synthase or related acetyltransferase, GNAT family",3,3,1,3,183,,,,425,425,425,ICDOIP_06485,JCOPOM_17010,JANPHL_04500
group_1710,pulG,"Type II secretory pathway, pseudopilin PulG",3,3,1,1,126,,,,566,566,566,ICDOIP_18580,JCOPOM_19025,JANPHL_18610
group_1711,ytfJ,putative transcriptional regulator YtfJ,3,3,1,5,125,,,,551,551,551,ICDOIP_09850,JCOPOM_11155,JANPHL_09195
yqdH,,"Alcohol dehydrogenase YqhD, Fe-dependent ADH family",3,3,1,2,58,,,,1148,1148,1148,ICDOIP_18145,JCOPOM_00175,JANPHL_18325
ibaG,,BolA family iron metabolism protein IbaG,3,3,1,1,163,,,,254,254,254,ICDOIP_18755,JCOPOM_19200,JANPHL_18785
group_1714,lysR,"DNA-binding transcriptional regulator, LysR family",3,3,1,5,339,,,,890,890,890,ICDOIP_08800,JCOPOM_12220,JANPHL_08145
Signal transduction histidine kinase,,Signal transduction histidine kinase,3,3,1,3,90,,,,1364,1364,1364,ICDOIP_06955,JCOPOM_16535,JANPHL_04030
DUF3024 domain-containing protein,,DUF3024 domain-containing protein,3,3,1,5,583,,,,353,353,353,ICDOIP_13685,JCOPOM_18800,JANPHL_13030
group_1717,def,peptide deformylase,3,3,1,8,12,,,,518,518,518,ICDOIP_19835,JCOPOM_19770,JANPHL_19500
group_1718,fliH,flagellar assembly protein FliH,3,3,1,3,411,,,,800,800,800,ICDOIP_05350,JCOPOM_07580,JANPHL_05635
group_1719,flgF,Flagellar basal body rod protein FlgF,3,3,1,5,171,,,,731,731,731,ICDOIP_09625,JCOPOM_11380,JANPHL_08970
group_172,rimL,"Protein N-acetyltransferase, RimJ/RimL family",3,3,1,3,182,,,,560,560,560,ICDOIP_06490,JCOPOM_17005,JANPHL_04495
cmoA,,carboxy-S-adenosyl-L-methionine synthase CmoA,3,3,1,1,1001,,,,737,737,737,ICDOIP_08630,JCOPOM_04475,JANPHL_06565
gspG,,type II secretion system major pseudopilin GspG,3,3,1,4,121,,,,443,443,443,ICDOIP_15825,JCOPOM_10265,JANPHL_15190
ptsH,,Phosphocarrier protein HPr,3,3,1,1,57,,,,257,257,257,ICDOIP_07405,JCOPOM_21530,JANPHL_07800
padR,,"DNA-binding transcriptional regulator, PadR family",3,3,1,7,97,,,,539,539,539,ICDOIP_19200,JCOPOM_22505,JANPHL_19160
atpH,,F0F1 ATP synthase subunit delta,3,3,1,8,94,,,,533,533,533,ICDOIP_19690,JCOPOM_19625,JANPHL_19645
moaD,,molybdopterin synthase sulfur carrier subunit,3,3,1,3,275,,,,257,257,257,ICDOIP_06030,JCOPOM_08265,JANPHL_04955
csiV,,Peptidoglycan-binding protein CsiV,3,3,1,1,1067,,,,767,767,767,ICDOIP_08300,JCOPOM_04805,JANPHL_06895
group_1727,citB,"DNA-binding response regulator, NarL/FixJ family, contains REC and HTH domains",3,3,1,2,559,,,,671,671,671,ICDOIP_01735,JCOPOM_02705,JANPHL_02125
group_1728,tssC,type VI secretion system contractile sheath large subunit,3,3,1,1,635,,,,1475,1475,1475,ICDOIP_16355,JCOPOM_20060,JANPHL_16345
kdsA,,3-deoxy-8-phosphooctulonate synthase,3,3,1,1,12,,,,851,851,851,ICDOIP_07180,JCOPOM_21305,JANPHL_08025
group_173,lolD,"ABC-type lipoprotein export system, ATPase component",3,3,1,3,177,,,,692,719,710,ICDOIP_06515,JCOPOM_16980,JANPHL_04470
slyX,,Protein SlyX-like protein,3,3,1,7,38,,,,227,227,227,ICDOIP_19110,JCOPOM_22755,JANPHL_19250
group_1731,Lipoprotein,Lipoprotein,3,3,1,5,359,,,,152,152,152,ICDOIP_14375,JCOPOM_12320,JANPHL_13720
argG,,argininosuccinate synthase,3,3,1,7,92,,,,1214,1214,1214,ICDOIP_19225,JCOPOM_22530,JANPHL_19135
serA,,phosphoglycerate dehydrogenase,3,3,1,3,36,,,,1232,1232,1232,ICDOIP_20450,JCOPOM_05835,JANPHL_20535
smpB,,SsrA-binding protein SmpB,3,3,1,6,91,,,,485,485,485,ICDOIP_14875,JCOPOM_17755,JANPHL_14240
DUF302 domain-containing protein,,DUF302 domain-containing protein,3,3,1,2,774,,,,446,446,446,ICDOIP_02780,JCOPOM_15555,JANPHL_01075
group_1736,DUF4250 domain-containing protein,DUF4250 domain-containing protein,3,3,1,3,155,,,,200,200,200,ICDOIP_06610,JCOPOM_16880,JANPHL_04375
surE,,5'/3'-nucleotidase SurE,3,3,1,3,717,,,,776,776,776,ICDOIP_20625,JCOPOM_06010,JANPHL_20360
nrdR,,transcriptional regulator NrdR,3,3,1,6,127,,,,449,449,449,ICDOIP_14705,JCOPOM_17925,JANPHL_14070
tal,,transaldolase,3,3,1,2,397,,,,950,950,950,ICDOIP_00900,JCOPOM_01890,JANPHL_02960
lRR,,Leucine-rich repeat (LRR) protein,3,3,1,3,163,,,,1238,1238,1238,ICDOIP_06570,JCOPOM_16920,JANPHL_04415
tatA,,Sec-independent protein translocase subunit TatA,3,3,1,4,85,,,,245,245,245,ICDOIP_16010,JCOPOM_10455,JANPHL_15375
hfq,,RNA chaperone Hfq,3,3,1,7,6,,,,263,263,263,ICDOIP_18950,JCOPOM_22915,JANPHL_19410
fcbT3,,"TRAP-type mannitol/chloroaromatic compound transport system, large permease component",3,3,1,3,91,,,,1286,1286,1286,ICDOIP_06950,JCOPOM_16540,JANPHL_04035
rlmN,,bifunctional tRNA (adenosine(37)-C2)-methyltransferase TrmG/ribosomal RNA large subunit methyltransferase RlmN,3,3,1,6,42,,,,1127,1127,1127,ICDOIP_15125,JCOPOM_17600,JANPHL_14490
Capsule biosynthesis protein,,Capsule biosynthesis protein,3,3,1,3,80,,,,230,230,230,ICDOIP_07005,JCOPOM_16485,JANPHL_03980
group_1745,ompA,OmpA family protein,3,3,1,4,605,,,,932,932,932,ICDOIP_21025,JCOPOM_20690,JANPHL_20850
ppiC,,peptidylprolyl isomerase PpiC,3,3,1,5,323,,,,278,278,278,ICDOIP_08880,JCOPOM_12175,JANPHL_08225
group_1747,lysR,"DNA-binding transcriptional regulator, LysR family",3,3,1,2,792,,,,956,956,956,ICDOIP_02870,JCOPOM_15465,JANPHL_00985
group_1748,tolQ,Biopolymer transport protein ExbB/TolQ,3,3,1,5,60,,,,554,554,554,ICDOIP_10190,JCOPOM_10785,JANPHL_09535
vscR,,SctR family type III secretion system export apparatus subunit VscR,3,3,1,1,358,,,,650,650,650,ICDOIP_17775,JCOPOM_13545,JANPHL_17140
yciB,,septation protein A,3,3,1,3,149,,,,563,620,601,ICDOIP_06640,JCOPOM_16850,JANPHL_04345
flaF,,flagellin,3,3,1,3,425,,,,1133,1133,1133,ICDOIP_05280,JCOPOM_07510,JANPHL_05705
cpmJ,,CpmJ protein,3,3,1,4,622,,,,518,518,518,ICDOIP_20940,JCOPOM_20605,JANPHL_20935
rplM,,50S ribosomal protein L13,3,3,1,4,487,,,,428,428,428,ICDOIP_12510,JCOPOM_08945,JANPHL_11595
ribBA,,"bifunctional 3,4-dihydroxy-2-butanone-4-phosphate synthase/GTP cyclohydrolase II",3,3,1,6,130,,,,1109,1109,1109,ICDOIP_14685,JCOPOM_17940,JANPHL_14050
group_1754,lolD,"ABC-type lipoprotein export system, ATPase component",3,3,1,1,845,,,,671,671,671,ICDOIP_10925,JCOPOM_03690,JANPHL_10270
speG,,spermidine N1-acetyltransferase,3,3,1,5,358,,,,530,530,530,ICDOIP_14380,JCOPOM_12315,JANPHL_13725
apbE,,FAD:protein FMN transferase ApbE,3,3,1,3,507,,,,1004,1004,1004,ICDOIP_04860,JCOPOM_07090,JANPHL_06125
azlD2,,Branched-chain amino acid transport protein,3,3,1,5,410,,,,311,311,311,ICDOIP_14120,JCOPOM_12575,JANPHL_13465
group_1758,rimL,"Protein N-acetyltransferase, RimJ/RimL family",3,3,1,11,33,,,,572,572,572,ICDOIP_22165,JCOPOM_21985,JANPHL_22225
group_1759,dcuA,Anaerobic C4-dicarboxylate transporter,3,3,1,10,39,,,,1307,1307,1307,ICDOIP_21355,JCOPOM_21045,JANPHL_21300
group_176,pilZ,PilZ domain-containing protein,3,3,1,3,144,,,,89,89,89,ICDOIP_06665,JCOPOM_16825,JANPHL_04320
UPF0147 protein,,UPF0147 protein,3,3,1,1,936,,,,269,269,269,ICDOIP_10470,JCOPOM_04145,JANPHL_09815
group_1761,rhtB,Threonine/homoserine/homoserine lactone efflux protein,3,3,1,13,15,,,,659,659,659,ICDOIP_23025,JCOPOM_23265,JANPHL_23070
group_1762,ompR,"DNA-binding response regulator, OmpR family, contains REC and winged-helix (wHTH) domain",3,3,1,3,161,,,,677,677,677,ICDOIP_06580,JCOPOM_16910,JANPHL_04405
flgG,,flagellar basal-body rod protein FlgG,3,3,1,1,45,,,,788,788,788,ICDOIP_07345,JCOPOM_21470,JANPHL_07860
metS,,MetS family NSS transporter small subunit,3,3,1,3,226,,,,95,95,95,ICDOIP_06275,JCOPOM_17225,JANPHL_04710
group_1765,emrA,Multidrug resistance efflux pump EmrA,3,3,1,2,555,,,,1340,1340,1340,ICDOIP_01715,JCOPOM_02685,JANPHL_02145
clpA,,ATP-dependent Clp protease ATP-binding subunit ClpA,3,3,1,1,1029,,,,2270,2270,2270,ICDOIP_08490,JCOPOM_04615,JANPHL_06705
group_1767,Secreted protein,Secreted protein,3,3,1,5,67,,,,320,320,320,ICDOIP_10155,JCOPOM_10820,JANPHL_09500
Transmembrane protein,,Transmembrane protein,3,3,1,1,515,,,,416,416,416,ICDOIP_16920,JCOPOM_14275,JANPHL_15780
ribB,,"3,4-dihydroxy-2-butanone 4-phosphate synthase",3,3,1,2,467,,,,656,656,656,ICDOIP_01250,JCOPOM_02240,JANPHL_02610
Nucleotidyltransferase,,Nucleotidyltransferase,3,3,1,3,129,,,,695,767,743,ICDOIP_06740,JCOPOM_16750,JANPHL_04245
group_1770,araJ,"putative arabinose efflux permease AraJ, MFS family",3,3,1,2,400,,,,1172,1172,1172,ICDOIP_00915,JCOPOM_01905,JANPHL_02945
Polar flagellar protein,,Polar flagellar protein,3,3,1,3,420,,,,305,305,305,ICDOIP_05305,JCOPOM_07535,JANPHL_05680
purF,,amidophosphoribosyltransferase,3,3,1,3,349,,,,1514,1514,1514,ICDOIP_05650,JCOPOM_07880,JANPHL_05335
speF,,ornithine decarboxylase SpeF,3,3,1,2,740,,,,2180,2180,2180,ICDOIP_02610,JCOPOM_15715,JANPHL_01245
glnQ,,"ABC-type polar amino acid transport system, ATPase component",3,3,1,1,409,,,,749,749,749,ICDOIP_21865,JCOPOM_13790,JANPHL_22015
miaB,,tRNA (N6-isopentenyl adenosine(37)-C2)-methylthiotransferase MiaB,3,3,1,6,139,,,,1424,1424,1424,ICDOIP_14425,JCOPOM_18205,JANPHL_13790
group_1776,oppD,"ABC-type dipeptide/oligopeptide/nickel transport system, ATPase component",3,3,1,3,270,,,,971,971,971,ICDOIP_06055,JCOPOM_08290,JANPHL_04930
group_1777,tauE,"Sulfite exporter TauE/SafE/YfcA and related permeases, UPF0721 family",3,3,1,11,23,,,,722,722,722,ICDOIP_22110,JCOPOM_21930,JANPHL_22280
fabV1,,Enoyl-[acyl-carrier-protein] reductase [NADH] 1,3,3,1,1,839,,,,1202,1202,1202,ICDOIP_10960,JCOPOM_03655,JANPHL_10305
purU,,formyltetrahydrofolate deformylase,3,3,1,1,1178,,,,833,833,833,ICDOIP_07765,JCOPOM_05375,JANPHL_07435
nrfC,,cytochrome c nitrite reductase Fe-S protein,3,3,1,3,108,,,,686,686,686,ICDOIP_06865,JCOPOM_16625,JANPHL_04120
metQ,,"ABC-type metal ion transport system, periplasmic component/surface antigen",3,3,1,6,167,,,,809,809,809,ICDOIP_14565,JCOPOM_18065,JANPHL_13930
Lysyl-tRNA synthetase,,Lysyl-tRNA synthetase,3,3,1,4,408,,,,311,311,311,ICDOIP_12905,JCOPOM_08555,JANPHL_11200
secY,,preprotein translocase subunit SecY,3,3,1,4,288,,,,1334,1334,1334,ICDOIP_11865,JCOPOM_09585,JANPHL_12240
grxA,,GrxA family glutaredoxin,3,3,1,1,837,,,,266,266,266,ICDOIP_10970,JCOPOM_03645,JANPHL_10315
trbG,,P-type conjugative transfer protein TrbG,3,3,1,4,667,,,,872,872,872,ICDOIP_23550,JCOPOM_22200,JANPHL_24020
DUF3943 domain-containing protein,,DUF3943 domain-containing protein,3,3,1,3,119,,,,980,980,980,ICDOIP_06810,JCOPOM_16680,JANPHL_04175
lspA,,signal peptidase II,3,3,1,4,393,,,,509,509,509,ICDOIP_12980,JCOPOM_08480,JANPHL_11125
nagE,,Phosphotransferase system IIB components,3,3,1,1,1209,,,,1571,1571,1571,ICDOIP_07610,JCOPOM_05530,JANPHL_07590
rosB,,"putative Kef-type K+ transport protein, K+/H+ antiporter domain",3,3,1,1,1212,,,,1589,1589,1589,ICDOIP_07595,JCOPOM_05545,JANPHL_07610
yheO,,"putative transcriptional regulator YheO, contains PAS and DNA-binding HTH domains",3,3,1,7,41,,,,674,674,674,ICDOIP_19125,JCOPOM_22740,JANPHL_19235
nrfE,,Cytochrome c biogenesis protein CcmF,3,3,1,3,106,,,,1907,1907,1907,ICDOIP_06875,JCOPOM_16615,JANPHL_04110
oadG,,oxaloacetate decarboxylase subunit gamma,3,3,1,3,706,,,,257,257,257,ICDOIP_03870,JCOPOM_06100,JANPHL_17345
Formate-dependent nitrite reductase complex subunit,,Formate-dependent nitrite reductase complex subunit,3,3,1,3,104,,,,410,410,410,ICDOIP_06885,JCOPOM_16605,JANPHL_04100
DNA ligase,,DNA ligase,3,3,1,6,50,,,,224,224,224,ICDOIP_15085,JCOPOM_17640,JANPHL_14450
group_1793,rbsB,"ABC-type sugar transport system, periplasmic component, contains N-terminal xre family HTH domain",3,3,1,2,778,,,,1001,1001,1001,ICDOIP_02800,JCOPOM_15535,JANPHL_01055
hisG,,ATP phosphoribosyltransferase,3,3,1,1,930,,,,896,896,896,ICDOIP_10500,JCOPOM_04115,JANPHL_09845
atpC,,F0F1 ATP synthase subunit epsilon,3,3,1,8,98,,,,422,422,422,ICDOIP_19710,JCOPOM_19645,JANPHL_19625
DUF2897 domain-containing protein,,DUF2897 domain-containing protein,3,3,1,3,434,,,,203,203,203,ICDOIP_05235,JCOPOM_07465,JANPHL_05750
Tyr recombinase domain-containing protein,,Tyr recombinase domain-containing protein,3,3,1,4,548,,,,725,725,725,ICDOIP_21070,JCOPOM_20735,JANPHL_20805
group_1798,yceI,YceI domain-containing protein,3,3,1,4,557,,,,557,557,557,ICDOIP_21115,JCOPOM_20780,JANPHL_20760
rpsR,,30S ribosomal protein S18,3,3,1,7,74,,,,227,227,227,ICDOIP_19325,JCOPOM_22620,JANPHL_19035
prdF,,4-hydroxyproline epimerase,3,3,1,1,743,,,,596,1001,866,ICDOIP_11440,JCOPOM_03170,JANPHL_10785
Acetyltransferase,,Acetyltransferase,3,3,1,3,74,,,,539,539,539,ICDOIP_07035,JCOPOM_16455,JANPHL_03950
group_1800,alsT,Na+/alanine symporter,3,3,1,1,283,,,,1376,1376,1376,ICDOIP_17430,JCOPOM_13195,JANPHL_16795
purM,,Phosphoribosylformylglycinamidine cyclo-ligase,3,3,1,3,448,,,,1040,1040,1040,ICDOIP_05165,JCOPOM_07395,JANPHL_05820
Thiol-disulfide isomerase,,Thiol-disulfide isomerase,3,3,1,1,432,,,,242,242,242,ICDOIP_21985,JCOPOM_13910,JANPHL_21895
group_1803,pstB,phosphate ABC transporter ATP-binding protein PstB,3,3,1,6,14,,,,818,818,818,ICDOIP_15265,JCOPOM_17465,JANPHL_14630
sco1,,"Cytochrome oxidase Cu insertion factor, SCO1/SenC/PrrC family",3,3,1,2,731,,,,614,614,614,ICDOIP_02565,JCOPOM_15760,JANPHL_01290
cheX,,"Chemotaxis protein CheX, a CheY~P-specific phosphatase",3,3,1,7,65,,,,461,461,461,ICDOIP_19370,JCOPOM_22665,JANPHL_18990
Flg-bbr-C domain-containing protein,,Flg-bbr-C domain-containing protein,3,3,1,5,521,,,,299,299,299,ICDOIP_13380,JCOPOM_18500,JANPHL_12725
group_1807,bisC,Anaerobic selenocysteine-containing dehydrogenase,3,3,1,1,518,,,,2855,2855,2855,ICDOIP_16905,JCOPOM_14290,JANPHL_15795
CPXCG motif-containing cysteine-rich protein,,CPXCG motif-containing cysteine-rich protein,3,3,1,1,552,,,,194,194,194,ICDOIP_16750,JCOPOM_14445,JANPHL_15950
flhB,,flagellar biosynthesis protein FlhB,3,3,1,3,400,,,,1130,1130,1130,ICDOIP_05405,JCOPOM_07635,JANPHL_05580
rimJ,,ribosomal protein S5-alanine N-acetyltransferase,3,3,1,3,60,,,,584,584,584,ICDOIP_07105,JCOPOM_16385,JANPHL_03880
group_1810,Replication protein,Replication protein,3,3,1,4,28,,,,839,839,839,ICDOIP_23595,JCOPOM_22155,JANPHL_24510
exbD,,Biopolymer transport protein ExbD,3,3,1,5,61,,,,404,404,404,ICDOIP_10185,JCOPOM_10790,JANPHL_09530
clpS,,ATP-dependent Clp protease adapter ClpS,3,3,1,1,1030,,,,320,320,320,ICDOIP_08485,JCOPOM_04620,JANPHL_06710
frdC,,fumarate reductase subunit FrdC,3,3,1,10,19,,,,383,383,383,ICDOIP_21255,JCOPOM_21145,JANPHL_21400
yohJ,,UPF0299 membrane protein VIBHAR_02118,3,3,1,1,772,,,,374,374,374,ICDOIP_11295,JCOPOM_03320,JANPHL_10640
tfoX,,"Transcriptional regulator of competence genes, TfoX/Sxy family",3,3,1,1,830,,,,581,581,581,ICDOIP_11005,JCOPOM_03610,JANPHL_10350
rpoE,,RNA polymerase sigma factor,3,3,1,3,521,,,,584,584,584,ICDOIP_04790,JCOPOM_07020,JANPHL_06195
group_1817,Conserved domain protein,Conserved domain protein,3,3,1,4,707,,,,224,224,224,ICDOIP_23455,JCOPOM_22405,JANPHL_23500
secG,,preprotein translocase subunit SecG,3,3,1,3,622,,,,338,338,338,ICDOIP_04290,JCOPOM_06525,JANPHL_17765
araH,,L-arabinose ABC transporter permease AraH,3,3,1,2,776,,,,989,989,989,ICDOIP_02790,JCOPOM_15545,JANPHL_01065
yccT,,UPF0319 protein,3,3,1,1,26,,,,596,596,596,ICDOIP_07250,JCOPOM_21375,JANPHL_07955
group_1820,ompC,Outer membrane porin OmpC/OmpF/PhoE,3,3,1,1,1035,,,,983,983,983,ICDOIP_08460,JCOPOM_04645,JANPHL_06735
group_1821,Membrane protein,Membrane protein,3,3,1,2,485,,,,128,128,128,ICDOIP_01340,JCOPOM_02330,JANPHL_02520
uhpA,,transcriptional regulator UhpA,3,3,1,2,185,,,,611,611,611,ICDOIP_20050,JCOPOM_00815,JANPHL_20080
group_1823,Transposase,Transposase,3,3,1,2,862,,,,200,200,200,ICDOIP_03215,JCOPOM_15110,JANPHL_00640
group_1824,Porin,Porin,3,3,1,1,20,,,,692,692,692,ICDOIP_07225,JCOPOM_21350,JANPHL_07980
group_1825,nhaC,Na+/H+ antiporter NhaC/MleN,3,3,1,1,215,,,,1475,1475,1475,ICDOIP_17115,JCOPOM_23480,JANPHL_16480
group_1826,exbD,Biopolymer transport protein ExbD,3,3,1,5,315,,,,413,413,413,ICDOIP_08920,JCOPOM_12135,JANPHL_08265
map,,type I methionyl aminopeptidase,3,3,1,3,482,,,,878,878,878,ICDOIP_04990,JCOPOM_07220,JANPHL_05995
ruvX,,Holliday junction resolvase RuvX,3,3,1,3,16,,,,425,425,425,ICDOIP_20350,JCOPOM_05740,JANPHL_20635
group_1829,rhaT,Permease of the drug/metabolite transporter (DMT) superfamily,3,3,1,10,6,,,,887,887,887,ICDOIP_21190,JCOPOM_21210,JANPHL_21465
flgL,,Flagellin and related hook-associated protein FlgL,3,3,1,1,53,,,,1094,1124,1104,ICDOIP_07385,JCOPOM_21510,JANPHL_07820
ftsH,,ATP-dependent zinc metalloprotease FtsH,3,3,1,3,626,,,,1988,1988,1988,ICDOIP_04270,JCOPOM_06505,JANPHL_17745
ytfJ,,putative transcriptional regulator YtfJ,3,3,1,4,314,,,,551,551,551,ICDOIP_11995,JCOPOM_09455,JANPHL_12110
tdk,,thymidine kinase,3,3,1,1,917,,,,578,578,578,ICDOIP_10565,JCOPOM_04050,JANPHL_09910
fliS,,flagellar export chaperone FliS,3,3,1,3,419,,,,410,410,410,ICDOIP_05310,JCOPOM_07540,JANPHL_05675
PAS domain-containing protein,,PAS domain-containing protein,3,3,1,2,380,,,,437,437,437,ICDOIP_00815,JCOPOM_01805,JANPHL_03045
nadK,,NAD(+) kinase,3,3,1,6,97,,,,884,884,884,ICDOIP_14845,JCOPOM_17785,JANPHL_14210
group_1836,cpaB,Flp pilus assembly protein CpaB,3,3,1,3,583,,,,755,755,755,ICDOIP_04495,JCOPOM_06730,JANPHL_17970
ybaN,,DUF454 domain-containing protein,3,3,1,3,345,,,,404,404,404,ICDOIP_05670,JCOPOM_07900,JANPHL_05315
ubiA,,4-hydroxybenzoate octaprenyltransferase,3,3,1,9,36,,,,854,854,854,ICDOIP_22535,JCOPOM_20355,JANPHL_22425
Recombinase family protein,,Recombinase family protein,3,3,1,4,612,,,,485,485,485,ICDOIP_20990,JCOPOM_20655,JANPHL_20885
DUF333 domain-containing protein,,DUF333 domain-containing protein,3,3,1,1,63,,,,182,182,182,ICDOIP_07435,JCOPOM_21560,JANPHL_07770
group_1840,potE,putrescine-ornithine antiporter,3,3,1,2,739,,,,1310,1310,1310,ICDOIP_02605,JCOPOM_15720,JANPHL_01250
rPS27A,,Ribosomal protein S27E,3,3,1,3,303,,,,857,857,857,ICDOIP_05885,JCOPOM_08115,JANPHL_05100
raiA,,Ribosome-associated translation inhibitor RaiA,3,3,1,4,373,,,,326,326,326,ICDOIP_13085,JCOPOM_08375,JANPHL_11020
group_1843,tatD,3'->5' ssDNA/RNA exonuclease TatD,3,3,1,3,229,,,,767,767,767,ICDOIP_06260,JCOPOM_17240,JANPHL_04725
group_1844,cspC,"Cold shock protein, CspA family",3,3,1,2,490,,,,212,212,212,ICDOIP_01365,JCOPOM_02355,JANPHL_02495
group_1845,dgkA,Diacylglycerol kinase,3,3,1,2,478,,,,356,356,356,ICDOIP_01305,JCOPOM_02295,JANPHL_02555
emrE,,Multidrug transporter EmrE and related cation transporters,3,3,1,4,48,,,,329,329,329,ICDOIP_16195,JCOPOM_10640,JANPHL_15560
group_1847,arsR,"DNA-binding transcriptional regulator, ArsR family",3,3,1,4,398,,,,296,296,296,ICDOIP_12955,JCOPOM_08505,JANPHL_11150
epd,,erythrose-4-phosphate dehydrogenase,3,3,1,3,28,,,,1037,1037,1037,ICDOIP_20405,JCOPOM_05795,JANPHL_20580
glpG,,rhomboid family intramembrane serine protease GlpG,3,3,1,9,39,,,,842,842,842,ICDOIP_22520,JCOPOM_20340,JANPHL_22440
ybbJ,,Membrane protein implicated in regulation of membrane protease activity,3,3,1,1,64,,,,461,461,461,ICDOIP_07440,JCOPOM_05655,JANPHL_07765
pyrC,,dihydroorotase,3,3,1,5,300,,,,1028,1028,1028,ICDOIP_08995,JCOPOM_12060,JANPHL_08340
trmD,,tRNA (guanosine(37)-N1)-methyltransferase TrmD,3,3,1,3,692,,,,743,743,743,ICDOIP_03940,JCOPOM_06170,JANPHL_17415
group_1852,tssA,type VI secretion system protein TssA,3,3,1,2,254,,,,1121,1121,1121,ICDOIP_00210,JCOPOM_01190,JANPHL_03650
yciV,,"5'-3' exoribonuclease TrpH/YciV (RNase AM), contains PHP domain",3,3,1,3,135,,,,857,857,857,ICDOIP_06710,JCOPOM_16780,JANPHL_04275
group_1854,gltS,sodium/glutamate symporter,3,3,1,2,883,,,,1235,1235,1235,ICDOIP_03315,JCOPOM_15005,JANPHL_00540
rmf,,ribosome modulation factor,3,3,1,1,435,,,,173,173,173,ICDOIP_22000,JCOPOM_13925,JANPHL_21880
Short-chain diamines transporter,,Short-chain diamines transporter,3,3,1,1,913,,,,422,422,422,ICDOIP_10585,JCOPOM_04030,JANPHL_09930
dksA,,RNA polymerase-binding protein DksA,3,3,1,3,665,,,,446,446,446,ICDOIP_04075,JCOPOM_06310,JANPHL_17550
mscS,,Small-conductance mechanosensitive channel,3,3,1,3,31,,,,866,866,866,ICDOIP_20425,JCOPOM_05810,JANPHL_20560
group_1859,marR,"DNA-binding transcriptional regulator, MarR family",3,3,1,1,233,,,,482,482,482,ICDOIP_17205,JCOPOM_12965,JANPHL_16570
group_186,znuA,zinc ABC transporter substrate-binding protein ZnuA,3,3,1,1,1186,,,,845,878,856,ICDOIP_07720,JCOPOM_05420,JANPHL_07480
minD,,septum site-determining protein MinD,3,3,1,1,1169,,,,812,812,812,ICDOIP_07810,JCOPOM_05330,JANPHL_07390
rpsQ,,30S ribosomal protein S17,3,3,1,4,277,,,,254,254,254,ICDOIP_11810,JCOPOM_09640,JANPHL_12295
cydA,,cytochrome ubiquinol oxidase subunit I,3,3,1,1,994,,,,1586,1586,1586,ICDOIP_08665,JCOPOM_04440,JANPHL_06530
artQ,,"ABC-type arginine transport system, permease component",3,3,1,1,1043,,,,740,740,740,ICDOIP_08420,JCOPOM_04685,JANPHL_06775
group_1864,gltP,Na+/H+-dicarboxylate symporter,3,3,1,3,145,,,,1253,1253,1253,ICDOIP_06660,JCOPOM_16830,JANPHL_04325
cpaB,,Pilus assembly protein CpaB,3,3,1,5,472,,,,752,752,752,ICDOIP_13135,JCOPOM_18255,JANPHL_12480
"putative nucleic acid-binding protein, contains Zn-ribbon domain",,"putative nucleic acid-binding protein, contains Zn-ribbon domain",3,3,1,6,168,,,,776,776,776,ICDOIP_14570,JCOPOM_18060,JANPHL_13935
rsxA,,electron transport complex subunit RsxA,3,3,1,3,283,,,,578,578,578,ICDOIP_05980,JCOPOM_08215,JANPHL_05005
group_1868,TPR-REGION domain-containing protein,TPR-REGION domain-containing protein,3,3,1,5,236,,,,851,851,851,ICDOIP_09295,JCOPOM_11735,JANPHL_08640
pspC,,envelope stress response membrane protein PspC,3,3,1,1,893,,,,419,419,419,ICDOIP_10685,JCOPOM_03930,JANPHL_10030
fadM,,Acyl-CoA thioesterase FadM,3,3,1,1,1146,,,,446,446,446,ICDOIP_07890,JCOPOM_05210,JANPHL_07310
cheZ,,Protein phosphatase CheZ,3,3,1,3,394,,,,740,740,740,ICDOIP_05435,JCOPOM_07665,JANPHL_05550
group_1871,ompC,Outer membrane porin OmpC/OmpF/PhoE,3,3,1,5,407,,,,971,971,971,ICDOIP_14135,JCOPOM_12560,JANPHL_13480
motY,,Sodium-type flagellar protein MotY,3,3,1,3,292,,,,881,881,881,ICDOIP_05940,JCOPOM_08170,JANPHL_05045
group_1873,fabG,SDR family oxidoreductase,3,3,1,3,300,,,,743,743,743,ICDOIP_05900,JCOPOM_08130,JANPHL_05085
rpoA,,DNA-directed RNA polymerase subunit alpha,3,3,1,4,293,,,,992,992,992,ICDOIP_11890,JCOPOM_09560,JANPHL_12215
group_1875,CBS-domain-containing membrane protein,CBS-domain-containing membrane protein,3,3,1,2,669,,,,473,473,473,ICDOIP_02280,JCOPOM_16070,JANPHL_01575
cheB,,"Chemotaxis response regulator CheB, contains REC and protein-glutamate methylesterase domains",3,3,1,1,550,,,,1031,1031,1031,ICDOIP_16760,JCOPOM_14435,JANPHL_15940
group_1877,fliN,Flagellar motor switch/type III secretory pathway protein FliN,3,3,1,2,650,,,,371,371,371,ICDOIP_02185,JCOPOM_16165,JANPHL_01675
glpD,,glycerol-3-phosphate dehydrogenase,3,3,1,3,551,,,,1559,1559,1559,ICDOIP_04650,JCOPOM_06880,JANPHL_06335
fadD,,long-chain-fatty-acid--CoA ligase FadD,3,3,1,1,1172,,,,1691,1691,1691,ICDOIP_07795,JCOPOM_05345,JANPHL_07405
acs,,Acyl-coenzyme A synthetase/AMP-(fatty) acid ligase,3,3,1,1,1142,,,,1343,1400,1362,ICDOIP_07910,JCOPOM_05190,JANPHL_07290
metJ,,met regulon transcriptional regulator MetJ,3,3,1,7,53,,,,320,320,320,ICDOIP_19180,JCOPOM_22485,JANPHL_19180
alsT,,Na+/alanine symporter,3,3,1,4,423,,,,1433,1433,1433,ICDOIP_12830,JCOPOM_08630,JANPHL_11275
DUF1097 domain-containing protein,,DUF1097 domain-containing protein,3,3,1,2,80,,,,482,482,482,ICDOIP_18260,JCOPOM_00285,JANPHL_18210
zapD,,cell division protein ZapD,3,3,1,3,689,,,,740,740,740,ICDOIP_03955,JCOPOM_06185,JANPHL_17430
group_1884,aF2118,"putative transcriptional regulator, contains an XRE-type HTH domain (archaeal members contain CBS pair)",3,3,1,5,390,,,,335,335,335,ICDOIP_14220,JCOPOM_12475,JANPHL_13565
mshL,,pilus (MSHA type) biogenesis protein MshL,3,3,1,1,116,,,,1643,1643,1643,ICDOIP_18535,JCOPOM_18980,JANPHL_18565
Transcriptional initiation protein Tat,,Transcriptional initiation protein Tat,3,3,1,1,519,,,,200,200,200,ICDOIP_16900,JCOPOM_14295,JANPHL_15800
petB,,Cytochrome b subunit of the bc complex,3,3,1,4,484,,,,1265,1265,1265,ICDOIP_12525,JCOPOM_08930,JANPHL_11580
rplT,,50S ribosomal protein L20,3,3,1,1,789,,,,353,353,353,ICDOIP_11210,JCOPOM_03405,JANPHL_10555
uraA,,Xanthine/uracil permease,3,3,1,3,446,,,,1253,1253,1253,ICDOIP_05175,JCOPOM_07405,JANPHL_05810
Ketoacyl-synth-N domain-containing protein,,Ketoacyl-synth-N domain-containing protein,3,3,1,1,1137,,,,728,728,728,ICDOIP_07935,JCOPOM_05165,JANPHL_07265
torA,,trimethylamine-N-oxide reductase TorA,3,3,1,1,906,,,,2462,2462,2462,ICDOIP_10620,JCOPOM_03995,JANPHL_09965
Thr operon leader peptide,,Thr operon leader peptide,3,3,1,4,433,,,,77,77,77,ICDOIP_12780,JCOPOM_08675,JANPHL_11325
cyaY,,iron donor protein CyaY,3,3,1,9,45,,,,314,314,314,ICDOIP_22350,JCOPOM_20175,JANPHL_22610
group_1893,Lipoprotein,Lipoprotein,3,3,1,2,286,,,,341,341,341,ICDOIP_00370,JCOPOM_01350,JANPHL_03490
group_1894,cpaE,"Flp pilus assembly ATPase CpaE/TadZ, contains N-terminal REC/TadZ_N domain",3,3,1,5,468,,,,1199,1199,1199,ICDOIP_13120,JCOPOM_18240,JANPHL_12465
vscK,,type III secretion system cytoplasmic protein VscK,3,3,1,1,340,,,,665,665,665,ICDOIP_17700,JCOPOM_13475,JANPHL_17065
group_1896,fliS,flagellar export chaperone FliS,3,3,1,2,659,,,,386,386,386,ICDOIP_02230,JCOPOM_16120,JANPHL_01625
trm11,,tRNA G10 N-methylase Trm11,3,3,1,3,5,,,,1028,1028,1028,ICDOIP_20295,JCOPOM_05685,JANPHL_20690
Fer2-BFD domain-containing protein,,Fer2-BFD domain-containing protein,3,3,1,2,911,,,,287,287,287,ICDOIP_03750,JCOPOM_21765,JANPHL_00105
hslO,,Hsp33 family molecular chaperone HslO,3,3,1,4,115,,,,875,875,875,ICDOIP_15855,JCOPOM_10295,JANPHL_15220
group_190,tlyC,"Hemolysin-related protein, contains CBS domains, UPF0053 family",3,3,1,1,1132,,,,1319,1352,1330,ICDOIP_07960,JCOPOM_05140,JANPHL_07240
group_1900,ddpA,"ABC-type transport system, periplasmic component",3,3,1,1,897,,,,1619,1619,1619,ICDOIP_10665,JCOPOM_03950,JANPHL_10010
"putative selenoprotein, Rdx family",,"putative selenoprotein, Rdx family",3,3,1,1,1222,,,,278,278,278,ICDOIP_07545,JCOPOM_05595,JANPHL_07660
group_1902,pstS,"ABC-type phosphate transport system, periplasmic component",3,3,1,2,573,,,,821,821,821,ICDOIP_01805,JCOPOM_02775,JANPHL_02055
rbfA,,30S ribosome-binding factor RbfA,3,3,1,3,618,,,,395,395,395,ICDOIP_04320,JCOPOM_06555,JANPHL_17795
group_1904,Mobilization protein,Mobilization protein,3,3,1,4,696,,,,251,251,251,ICDOIP_23400,JCOPOM_22350,JANPHL_23445
NADH:ubiquinone oxidoreductase,,NADH:ubiquinone oxidoreductase,3,3,1,5,489,,,,356,356,356,ICDOIP_13220,JCOPOM_18340,JANPHL_12565
group_1906,galU,UTP--glucose-1-phosphate uridylyltransferase GalU,3,3,1,1,109,,,,872,872,872,ICDOIP_18500,JCOPOM_18945,JANPHL_18530
Rop family plasmid primer RNA-binding protein,,Rop family plasmid primer RNA-binding protein,3,3,1,1,1006,,,,152,152,152,ICDOIP_08605,JCOPOM_04500,JANPHL_06590
group_1908,hypothetical protein,hypothetical protein,3,3,1,25,1,,,,287,287,287,ICDOIP_24525,JCOPOM_23910,JANPHL_24550
mreD,,rod shape-determining protein MreD,3,3,1,1,134,,,,488,488,488,ICDOIP_18610,JCOPOM_19055,JANPHL_18640
group_191,dctM,"TRAP-type C4-dicarboxylate transport system, small permease component YiaM",3,3,1,1,1124,,,,593,674,620,ICDOIP_08000,JCOPOM_05100,JANPHL_07200
tadA,,Flp pilus assembly complex ATPase component TadA,3,3,1,4,674,,,,1622,1622,1622,ICDOIP_23515,JCOPOM_22235,JANPHL_24055
group_1911,emrA,Multidrug resistance efflux pump EmrA,3,3,1,2,592,,,,1130,1130,1130,ICDOIP_01900,JCOPOM_02865,JANPHL_01960
smrA,,DNA endonuclease SmrA,3,3,1,1,16,,,,581,581,581,ICDOIP_07200,JCOPOM_21325,JANPHL_08005
Glyceraldehyde-3-phosphate dehydrogenase,,Glyceraldehyde-3-phosphate dehydrogenase,3,3,1,3,322,,,,995,995,995,ICDOIP_05785,JCOPOM_08015,JANPHL_05200
rplW,,50S ribosomal protein L23,3,3,1,4,270,,,,302,302,302,ICDOIP_11775,JCOPOM_09675,JANPHL_12330
toxS,,transmembrane regulator ToxS,3,3,1,1,1220,,,,515,515,515,ICDOIP_07555,JCOPOM_05585,JANPHL_07650
group_1916,Transcriptional regulator,Transcriptional regulator,3,3,1,2,84,,,,191,191,191,ICDOIP_18280,JCOPOM_00305,JANPHL_18190
Iron-hydroxamate ABC transporter substrate-binding protein,,Iron-hydroxamate ABC transporter substrate-binding protein,3,3,1,7,61,,,,659,659,659,ICDOIP_19390,JCOPOM_22685,JANPHL_18970
uup,,ABC-F family ATPase,3,3,1,1,526,,,,1592,1592,1592,ICDOIP_16865,JCOPOM_14330,JANPHL_15835
group_1919,Lipoprotein,Lipoprotein,3,3,1,2,470,,,,245,245,245,ICDOIP_01265,JCOPOM_02255,JANPHL_02595
menE,,o-succinylbenzoate--CoA ligase,3,3,1,1,1102,,,,1442,1442,1442,ICDOIP_08110,JCOPOM_04990,JANPHL_07090
rplY,,50S ribosomal protein L25,3,3,1,1,860,,,,278,278,278,ICDOIP_10850,JCOPOM_03765,JANPHL_10195
yidJ,,"putative acetyltransferase, GNAT superfamily",3,3,1,2,601,,,,275,275,275,ICDOIP_01945,JCOPOM_02910,JANPHL_01915
ddpA,,"ABC-type transport system, periplasmic component",3,3,1,4,36,,,,1553,1553,1553,ICDOIP_16255,JCOPOM_10705,JANPHL_15620
grcA,,autonomous glycyl radical cofactor GrcA,3,3,1,4,429,,,,377,377,377,ICDOIP_12800,JCOPOM_08655,JANPHL_11305
cOX11,,cytochrome c oxidase assembly protein,3,3,1,5,418,,,,539,539,539,ICDOIP_14080,JCOPOM_12615,JANPHL_13425
Metallophosphoesterase,,Metallophosphoesterase,3,3,1,4,572,,,,1919,1919,1919,ICDOIP_23795,JCOPOM_20850,JANPHL_23610
gdt1,,"Putative Ca2+/H+ antiporter, TMEM165/GDT1 family",3,3,1,8,45,,,,554,554,554,ICDOIP_19465,JCOPOM_19400,JANPHL_19870
PTS sugar transporter subunit IIA,,PTS sugar transporter subunit IIA,3,3,1,2,91,,,,233,233,233,ICDOIP_18315,JCOPOM_00340,JANPHL_18155
yaiI,,YaiI/YqxD family protein,3,3,1,3,491,,,,443,443,443,ICDOIP_04940,JCOPOM_07170,JANPHL_06045
pheS,,phenylalanine--tRNA ligase subunit alpha,3,3,1,1,781,,,,983,983,983,ICDOIP_11250,JCOPOM_03365,JANPHL_10595
O-succinylbenzoic acid--CoA ligase,,O-succinylbenzoic acid--CoA ligase,3,3,1,1,1101,,,,188,188,188,ICDOIP_08115,JCOPOM_04985,JANPHL_07085
nuoI,,YfhL family 4Fe-4S dicluster ferredoxin,3,3,1,6,4,,,,254,254,254,ICDOIP_15315,JCOPOM_17415,JANPHL_14680
group_1931,hypothetical protein,hypothetical protein,3,3,1,3,120,,,,230,230,230,ICDOIP_06805,JCOPOM_16685,JANPHL_04180
asd,,aspartate-semialdehyde dehydrogenase,3,3,1,3,304,,,,1115,1115,1115,ICDOIP_05880,JCOPOM_08110,JANPHL_05105
dedD,,cell division protein DedD,3,3,1,3,351,,,,608,608,608,ICDOIP_05640,JCOPOM_07870,JANPHL_05345
trpR,,trp operon repressor,3,3,1,4,376,,,,311,311,311,ICDOIP_13070,JCOPOM_08390,JANPHL_11035
group_1935,metL1,aspartate kinase,3,3,1,3,708,,,,1187,1187,1187,ICDOIP_20670,JCOPOM_06055,JANPHL_20315
Lipase-3 domain-containing protein,,Lipase-3 domain-containing protein,3,3,1,6,62,,,,1136,1136,1136,ICDOIP_15025,JCOPOM_17700,JANPHL_14390
Bacteriophage protein,,Bacteriophage protein,3,3,1,4,629,,,,143,143,143,ICDOIP_20905,JCOPOM_20570,JANPHL_20970
ftsL,,cell division protein FtsL,3,3,1,4,474,,,,317,317,317,ICDOIP_12580,JCOPOM_08875,JANPHL_11525
gltP,,Na+/H+-dicarboxylate symporter,3,3,1,2,717,,,,1304,1304,1304,ICDOIP_02490,JCOPOM_15835,JANPHL_01365
DUF1244 domain-containing protein,,DUF1244 domain-containing protein,3,3,1,1,1092,,,,317,359,345,ICDOIP_08170,JCOPOM_04935,JANPHL_07025
rstA,,RstA,3,3,1,2,127,,,,1079,1079,1079,ICDOIP_24630,JCOPOM_00515,JANPHL_24680
fliE,,flagellar hook-basal body complex protein FliE,3,3,1,2,646,,,,356,356,356,ICDOIP_02165,JCOPOM_16185,JANPHL_01695
nlpD,,"Murein DD-endopeptidase MepM and murein hydrolase activator NlpD, contains LysM domain",3,3,1,3,634,,,,1289,1289,1289,ICDOIP_04230,JCOPOM_06465,JANPHL_17705
vscI,,SctI family type III secretion system inner rod subunit VscI,3,3,1,1,338,,,,344,344,344,ICDOIP_17690,JCOPOM_13465,JANPHL_17055
group_1944,flgG,flagellar basal-body rod protein FlgG,3,3,1,5,172,,,,785,785,785,ICDOIP_09620,JCOPOM_11385,JANPHL_08965
trm112,,UPF0434 protein VV2354,3,3,1,1,1057,,,,179,179,179,ICDOIP_08350,JCOPOM_04755,JANPHL_06845
mazE,,Antitoxin component MazE of the MazEF toxin-antitoxin module,3,3,1,2,738,,,,188,188,188,ICDOIP_02600,JCOPOM_15725,JANPHL_01255
group_1947,lolC,"ABC-type transport system involved in lipoprotein release, permease component LolC",3,3,1,4,310,,,,1259,1259,1259,ICDOIP_11975,JCOPOM_09475,JANPHL_12130
group_1948,fabA,bifunctional 3-hydroxydecanoyl-ACP dehydratase/trans-2-decenoyl-ACP isomerase,3,3,1,1,436,,,,518,518,518,ICDOIP_22005,JCOPOM_13930,JANPHL_21875
mraY,,phospho-N-acetylmuramoyl-pentapeptide-transferase,3,3,1,4,470,,,,1082,1082,1082,ICDOIP_12600,JCOPOM_08855,JANPHL_11505
group_195,pilZ,PilZ domain-containing protein,3,3,1,1,1065,,,,569,569,569,ICDOIP_08310,JCOPOM_04795,JANPHL_06885
trkG,,"Trk-type K+ transport system, membrane component",3,3,1,8,16,,,,1445,1445,1445,ICDOIP_19815,JCOPOM_19750,JANPHL_19520
rlmH,,23S rRNA (pseudouridine(1915)-N(3))-methyltransferase RlmH,3,3,1,6,149,,,,437,437,437,ICDOIP_14475,JCOPOM_18155,JANPHL_13840
DUF1904 domain-containing protein,,DUF1904 domain-containing protein,3,3,1,6,1,,,,332,332,332,ICDOIP_15330,JCOPOM_17400,JANPHL_14695
Methyltransferase,,Methyltransferase,3,3,1,1,1135,,,,1067,1067,1067,ICDOIP_07945,JCOPOM_05155,JANPHL_07255
thiL,,thiamine-phosphate kinase,3,3,1,6,133,,,,965,965,965,ICDOIP_14670,JCOPOM_17960,JANPHL_14035
oxyR,,DNA-binding transcriptional regulator OxyR,3,3,1,7,88,,,,908,908,908,ICDOIP_19255,JCOPOM_22550,JANPHL_19105
cysH,,phosphoadenylyl-sulfate reductase,3,3,1,7,57,,,,779,779,779,ICDOIP_19410,JCOPOM_22705,JANPHL_18950
group_1957,purF,"Colicin V production accessory protein CvpA, regulator of purF expression and biofilm formation",3,3,1,3,350,,,,491,491,491,ICDOIP_05645,JCOPOM_07875,JANPHL_05340
group_1958,hypothetical protein,hypothetical protein,3,3,1,4,4,,,,212,212,212,ICDOIP_23495,JCOPOM_22445,JANPHL_23540
ceuA,,"ABC-type enterochelin transport system, periplasmic component",3,3,1,5,533,,,,908,908,908,ICDOIP_13440,JCOPOM_18555,JANPHL_12785
comEC,,DNA internalization-related competence protein ComEC/Rec2,3,3,1,1,1060,,,,2258,2258,2258,ICDOIP_08335,JCOPOM_04770,JANPHL_06860
dsrH,,"Sulfur transfer complex TusBCD TusB component, DsrH family",3,3,1,7,44,,,,275,275,275,ICDOIP_19140,JCOPOM_22725,JANPHL_19220
clpX,,ATP-dependent protease ATP-binding subunit ClpX,3,3,1,1,1117,,,,1280,1280,1280,ICDOIP_08035,JCOPOM_05065,JANPHL_07165
DUF2750 domain-containing protein,,DUF2750 domain-containing protein,3,3,1,1,394,,,,353,353,353,ICDOIP_17955,JCOPOM_13725,JANPHL_17320
rpsD,,30S ribosomal protein S4,3,3,1,4,292,,,,620,620,620,ICDOIP_11885,JCOPOM_09565,JANPHL_12220
group_1964,rpoE,RNA polymerase sigma factor RpoE,3,3,1,3,738,,,,578,578,578,ICDOIP_20520,JCOPOM_05905,JANPHL_20465
group_1965,acrA,multidrug efflux RND transporter periplasmic adaptor subunit VmeC,3,3,1,18,8,,,,1085,1085,1085,ICDOIP_24095,JCOPOM_23605,JANPHL_24080
trmB,,tRNA (guanosine(46)-N7)-methyltransferase TrmB,3,3,1,3,4,,,,719,719,719,ICDOIP_20290,JCOPOM_05680,JANPHL_20695
group_1967,imp,"TRAP-type uncharacterized transport system, periplasmic component",3,3,1,4,330,,,,968,968,968,ICDOIP_12075,JCOPOM_09375,JANPHL_12030
Type II and III secretion system protein,,Type II and III secretion system protein,3,3,1,4,671,,,,1502,1502,1502,ICDOIP_23530,JCOPOM_22220,JANPHL_24040
erpA,,iron-sulfur cluster insertion protein ErpA,3,3,1,3,637,,,,341,341,341,ICDOIP_04215,JCOPOM_06450,JANPHL_17690
group_197,hypothetical protein,hypothetical protein,3,3,1,1,980,,,,323,569,405,ICDOIP_08735,JCOPOM_04370,JANPHL_06460
group_1970,flgN,Flagellar biosynthesis/type III secretory pathway chaperone FlgN,3,3,1,1,33,,,,425,425,425,ICDOIP_07290,JCOPOM_21415,JANPHL_07915
ffh,,signal recognition particle protein,3,3,1,3,695,,,,1382,1382,1382,ICDOIP_03925,JCOPOM_06155,JANPHL_17400
gloA,,"Catechol 2,3-dioxygenase or related enzyme, vicinal oxygen chelate (VOC) family",3,3,1,2,922,,,,485,485,485,ICDOIP_03690,JCOPOM_21710,JANPHL_00165
nsrR,,nitric oxide-sensing transcriptional repressor NsrR,3,3,1,7,14,,,,425,425,425,ICDOIP_18990,JCOPOM_22875,JANPHL_19370
group_1974,hypothetical protein,hypothetical protein,3,3,1,4,685,,,,425,425,425,ICDOIP_23345,JCOPOM_22295,JANPHL_23390
rnc,,ribonuclease III,3,3,1,3,732,,,,677,677,677,ICDOIP_20550,JCOPOM_05935,JANPHL_20435
DUF2850 domain-containing protein,,DUF2850 domain-containing protein,3,3,1,3,534,,,,356,356,356,ICDOIP_04735,JCOPOM_06965,JANPHL_06250
xerD,,site-specific tyrosine recombinase XerD,3,3,1,4,417,,,,917,917,917,ICDOIP_12860,JCOPOM_08600,JANPHL_11245
glpK,,glycerol kinase GlpK,3,3,1,3,549,,,,1517,1517,1517,ICDOIP_04660,JCOPOM_06890,JANPHL_06325
potA,,spermidine/putrescine ABC transporter ATP-binding protein PotA,3,3,1,1,505,,,,1196,1196,1196,ICDOIP_16970,JCOPOM_14225,JANPHL_15730
ati1,,Ati1 family type III secretion system chaperone,3,3,1,5,334,,,,449,449,449,ICDOIP_08820,JCOPOM_12200,JANPHL_08165
group_1980,tVP38,"Uncharacterized membrane protein YdjX, related to fungal oxalate transporter, TVP38/TMEM64 family",3,3,1,3,203,,,,668,668,668,ICDOIP_06390,JCOPOM_17110,JANPHL_04595
zinc ribbon-containing protein,,zinc ribbon-containing protein,3,3,1,6,144,,,,470,470,470,ICDOIP_14450,JCOPOM_18180,JANPHL_13815
group_1982,ptsN,Phosphotransferase system mannitol/fructose-specific IIA domain (Ntr-type),3,3,1,5,383,,,,443,443,443,ICDOIP_14255,JCOPOM_12440,JANPHL_13600
tctA,,TctA family transporter,3,3,1,1,377,,,,1526,1526,1526,ICDOIP_17870,JCOPOM_13640,JANPHL_17235
TIGR04211 family SH3 domain-containing protein,,TIGR04211 family SH3 domain-containing protein,3,3,1,4,506,,,,611,611,611,ICDOIP_12415,JCOPOM_09040,JANPHL_11690
fliA,,DNA-directed RNA polymerase specialized sigma subunit,3,3,1,3,396,,,,734,734,734,ICDOIP_05425,JCOPOM_07655,JANPHL_05560
folE,,GTP cyclohydrolase I FolE,3,3,1,2,388,,,,653,653,653,ICDOIP_00855,JCOPOM_01845,JANPHL_03005
tadG,,"Flp pilus assembly protein TadG, includes N-terminal TadE domain",3,3,1,3,580,,,,1268,1268,1268,ICDOIP_04510,JCOPOM_06745,JANPHL_17985
Helix-turn-helix domain-containing protein,,Helix-turn-helix domain-containing protein,3,3,1,3,430,,,,287,287,287,ICDOIP_05255,JCOPOM_07485,JANPHL_05730
DUF1656 domain-containing protein,,DUF1656 domain-containing protein,3,3,1,2,683,,,,203,203,203,ICDOIP_02345,JCOPOM_16000,JANPHL_01510
aprE,,"Serine protease, subtilisin family",3,3,1,5,332,,,,1904,1904,1904,ICDOIP_08830,JCOPOM_12190,JANPHL_08175
cYT1,,Cytochrome c1,3,3,1,4,483,,,,737,737,737,ICDOIP_12530,JCOPOM_08925,JANPHL_11575
group_1991,mgtE,MgtE domain-containing protein,3,3,1,3,632,,,,845,845,845,ICDOIP_04240,JCOPOM_06475,JANPHL_17715
rplF,,50S ribosomal protein L6,3,3,1,4,283,,,,533,533,533,ICDOIP_11840,JCOPOM_09610,JANPHL_12265
group_1993,hypothetical protein,hypothetical protein,3,3,1,5,362,,,,89,89,89,ICDOIP_14360,JCOPOM_12335,JANPHL_13705
hslR,,ribosome-associated heat shock protein Hsp15,3,3,1,4,116,,,,386,386,386,ICDOIP_15850,JCOPOM_10290,JANPHL_15215
yIH1,,"Putative translation regulator, IMPACT (imprinted ancient) protein family",3,3,1,8,37,,,,623,623,623,ICDOIP_19425,JCOPOM_19360,JANPHL_19910
Prolipoprotein diacylglyceryl transferase,,Prolipoprotein diacylglyceryl transferase,3,3,1,2,978,,,,116,116,116,ICDOIP_03410,JCOPOM_14910,JANPHL_00445
typA,,translational GTPase TypA,3,3,1,4,107,,,,1829,1829,1829,ICDOIP_15895,JCOPOM_10335,JANPHL_15260
group_1998,DUF2799 domain-containing protein,DUF2799 domain-containing protein,3,3,1,4,320,,,,362,362,362,ICDOIP_12025,JCOPOM_09425,JANPHL_12080
group_1999,lysR,"DNA-binding transcriptional regulator, LysR family",3,3,1,2,988,,,,899,899,899,ICDOIP_03360,JCOPOM_14960,JANPHL_00495
group_20,Ig-like domain-containing protein,Big-12 domain-containing protein,3,3,1,1,652,,,,578,12212,4578,ICDOIP_16280,JCOPOM_19985,JANPHL_16420
group_200,tonB,"Periplasmic protein TonB, links inner and outer membranes",3,3,1,5,317,,,,743,743,743,ICDOIP_08910,JCOPOM_12145,JANPHL_08255
aroK,,shikimate kinase AroK,3,3,1,7,81,,,,518,518,518,ICDOIP_19290,JCOPOM_22585,JANPHL_19070
group_2001,Lipoprotein,Lipoprotein,3,3,1,1,1136,,,,398,398,398,ICDOIP_07940,JCOPOM_05160,JANPHL_07260
glsB,,glutaminase B,3,3,1,3,6,,,,920,920,920,ICDOIP_20300,JCOPOM_05690,JANPHL_20685
group_2003,rraA,ribonuclease E activity regulator RraA,3,3,1,4,252,,,,512,512,512,ICDOIP_11685,JCOPOM_09730,JANPHL_12420
narL,,two-component system response regulator NarL,3,3,1,2,412,,,,632,632,632,ICDOIP_00975,JCOPOM_01965,JANPHL_02885
group_2005,motA,flagellar motor stator protein MotA,3,3,1,2,664,,,,857,857,857,ICDOIP_02255,JCOPOM_16095,JANPHL_01600
DUF1704 domain-containing protein,,DUF1704 domain-containing protein,3,3,1,4,401,,,,1142,1142,1142,ICDOIP_12940,JCOPOM_08520,JANPHL_11165
ABC transporter permease,,ABC transporter permease,3,3,1,4,651,,,,425,425,425,ICDOIP_20750,JCOPOM_20870,JANPHL_21125
group_2008,Transposase,Transposase,3,3,1,5,553,,,,116,116,116,ICDOIP_13535,JCOPOM_18650,JANPHL_12880
group_2009,lysR,"DNA-binding transcriptional regulator, LysR family",3,3,1,2,79,,,,920,920,920,ICDOIP_18255,JCOPOM_00280,JANPHL_18215
hmuV,,heme ABC transporter ATP-binding protein,3,3,1,5,312,,,,782,782,782,ICDOIP_08935,JCOPOM_12120,JANPHL_08280
group_2010,frwB,Phosphotransferase system fructose-specific component IIB,3,3,1,2,533,,,,302,302,302,ICDOIP_01605,JCOPOM_02575,JANPHL_02255
deoC,,deoxyribose-phosphate aldolase,3,3,1,3,599,,,,776,776,776,ICDOIP_04415,JCOPOM_06650,JANPHL_17890
adeA,,multidrug efflux RND transporter periplasmic adaptor subunit VmeA,3,3,1,1,974,,,,1139,1139,1139,ICDOIP_10280,JCOPOM_04335,JANPHL_09625
group_2013,Transcriptional regulator,Transcriptional regulator,3,3,1,5,346,,,,293,293,293,ICDOIP_08765,JCOPOM_12255,JANPHL_08110
ridA,,"Enamine deaminase RidA, house cleaning of reactive enamine intermediates, YjgF/YER057c/UK114 family",3,3,1,1,166,,,,389,389,389,ICDOIP_18770,JCOPOM_19215,JANPHL_18800
ftsZ,,cell division protein FtsZ,3,3,1,4,463,,,,1229,1229,1229,ICDOIP_12635,JCOPOM_08820,JANPHL_11470
tar,,Methyl-accepting chemotaxis protein (MCP),3,3,1,3,86,,,,1883,1883,1883,ICDOIP_06975,JCOPOM_16515,JANPHL_04010
group_2017,Transcriptional regulator,Transcriptional regulator,3,3,1,10,57,,,,377,377,377,ICDOIP_21390,JCOPOM_21010,JANPHL_21265
vcr1,,type III secretion system regulatory protein,3,3,1,1,364,,,,284,284,284,ICDOIP_17805,JCOPOM_13575,JANPHL_17170
Diguanylate phosphodiesterase,,Diguanylate phosphodiesterase,3,3,1,2,656,,,,797,797,797,ICDOIP_02215,JCOPOM_16135,JANPHL_01645
group_202,putative deacylase,putative deacylase,3,3,1,5,298,,,,917,917,917,ICDOIP_09005,JCOPOM_12050,JANPHL_08350
group_2020,nqrM,Na+-NQR maturation protein NqrM,3,3,1,3,506,,,,233,233,233,ICDOIP_04865,JCOPOM_07095,JANPHL_06120
bioC,,malonyl-ACP O-methyltransferase BioC,3,3,1,1,951,,,,806,806,806,ICDOIP_10395,JCOPOM_04220,JANPHL_09740
TYW3 domain-containing protein,,TYW3 domain-containing protein,3,3,1,4,686,,,,449,449,449,ICDOIP_23350,JCOPOM_22300,JANPHL_23395
group_2023,focA,formate transporter FocA,3,3,1,1,911,,,,860,860,860,ICDOIP_10595,JCOPOM_04020,JANPHL_09940
yecN,,"Uncharacterized membrane protein YecN, MAPEG domain",3,3,1,11,25,,,,386,386,386,ICDOIP_22120,JCOPOM_21940,JANPHL_22270
rplV,,50S ribosomal protein L22,3,3,1,4,273,,,,332,332,332,ICDOIP_11790,JCOPOM_09660,JANPHL_12315
C factor cell-cell signaling protein,,C factor cell-cell signaling protein,3,3,1,5,118,,,,182,182,182,ICDOIP_09885,JCOPOM_11120,JANPHL_09230
DUF2913 domain-containing protein,,DUF2913 domain-containing protein,3,3,1,4,5,,,,593,593,593,ICDOIP_23490,JCOPOM_22440,JANPHL_23535
group_2028,tadG,"Flp pilus assembly protein TadG, includes N-terminal TadE domain",3,3,1,3,578,,,,518,518,518,ICDOIP_04520,JCOPOM_06755,JANPHL_17995
thiC,,phosphomethylpyrimidine synthase ThiC,3,3,1,13,31,,,,1940,1940,1940,ICDOIP_23110,JCOPOM_23180,JANPHL_23155
group_203,srmB,Superfamily II DNA and RNA helicase,3,3,1,5,286,,,,1553,1568,1558,ICDOIP_09060,JCOPOM_11980,JANPHL_08405
Potassium-transporting ATPase,,Potassium-transporting ATPase,3,3,1,2,110,,,,74,74,74,ICDOIP_18410,JCOPOM_00435,JANPHL_18060
rpsJ,,30S ribosomal protein S10,3,3,1,4,267,,,,311,311,311,ICDOIP_11760,JCOPOM_09690,JANPHL_12345
ansA,,asparaginase,3,3,1,3,318,,,,1139,1139,1139,ICDOIP_05805,JCOPOM_08035,JANPHL_05180
yjhB,,"ADP-ribose pyrophosphatase YjhB, NUDIX family",3,3,1,5,162,,,,518,518,518,ICDOIP_09670,JCOPOM_11335,JANPHL_09015
group_2034,dnaQ,DNA polymerase III subunit epsilon,3,3,1,3,455,,,,722,722,722,ICDOIP_05130,JCOPOM_07360,JANPHL_05855
DUF3545 domain-containing protein,,DUF3545 domain-containing protein,3,3,1,4,424,,,,185,185,185,ICDOIP_12825,JCOPOM_08635,JANPHL_11280
uspB,,universal stress protein UspB,3,3,1,4,65,,,,323,323,323,ICDOIP_16110,JCOPOM_10555,JANPHL_15475
trpS,,tryptophan--tRNA ligase,3,3,1,7,18,,,,1016,1016,1016,ICDOIP_19010,JCOPOM_22855,JANPHL_19350
group_2038,pilF,Type IV pilus assembly protein PilF/PilW,3,3,1,3,573,,,,1016,1016,1016,ICDOIP_04545,JCOPOM_06780,JANPHL_06440
Integrase,,Integrase,3,3,1,4,607,,,,299,299,299,ICDOIP_21015,JCOPOM_20680,JANPHL_20860
gDB1,,"Glycogen debranching enzyme (alpha-1,6-glucosidase)",3,3,1,5,285,,,,2879,2879,2879,ICDOIP_09065,JCOPOM_11975,JANPHL_08410
phnA,,Uncharacterized Zn-ribbon-containing protein,3,3,1,2,85,,,,557,557,557,ICDOIP_18285,JCOPOM_00310,JANPHL_18185
der,,ribosome biogenesis GTPase Der,3,3,1,6,48,,,,1496,1496,1496,ICDOIP_15095,JCOPOM_17630,JANPHL_14460
fabD,,ACP S-malonyltransferase,3,3,1,3,237,,,,923,923,923,ICDOIP_06220,JCOPOM_17280,JANPHL_04765
narQ,,nitrate/nitrite two-component system sensor histidine kinase NarQ,3,3,1,2,413,,,,1736,1736,1736,ICDOIP_00980,JCOPOM_01970,JANPHL_02880
group_2044,potB,spermidine/putrescine ABC transporter permease PotB,3,3,1,1,506,,,,860,860,860,ICDOIP_16965,JCOPOM_14230,JANPHL_15735
exsA,,type III secretion system transcriptional regulator ExsA,3,3,1,1,328,,,,860,860,860,ICDOIP_17645,JCOPOM_13420,JANPHL_17010
Zn-ribbon motif protein,,Zn-ribbon motif protein,3,3,1,2,93,,,,251,251,251,ICDOIP_18325,JCOPOM_00350,JANPHL_18145
group_2047,Fimbrial protein,Fimbrial protein,3,3,1,1,1094,,,,197,197,197,ICDOIP_08160,JCOPOM_04945,JANPHL_07035
group_2048,rpiR,"DNA-binding transcriptional regulator, MurR/RpiR family, contains HTH and SIS domains",3,3,1,1,835,,,,854,854,854,ICDOIP_10980,JCOPOM_03635,JANPHL_10325
amyS,,alpha-amylase,3,3,1,2,218,,,,1523,1523,1523,ICDOIP_00020,JCOPOM_00995,JANPHL_03845
group_205,tdh,Threonine dehydrogenase or related Zn-dependent dehydrogenase,3,3,1,5,280,,,,1058,1058,1058,ICDOIP_09090,JCOPOM_11950,JANPHL_08435
tgt,,tRNA guanosine(34) transglycosylase Tgt,3,3,1,6,26,,,,1133,1133,1133,ICDOIP_15205,JCOPOM_17520,JANPHL_14570
putative transcriptional regulator,,putative transcriptional regulator,3,3,1,5,106,,,,1556,1556,1556,ICDOIP_09945,JCOPOM_11030,JANPHL_09290
group_2052,OMP-b-brl domain-containing protein,OMP-b-brl domain-containing protein,3,3,1,4,619,,,,521,521,521,ICDOIP_20955,JCOPOM_20620,JANPHL_20920
group_2053,Membrane protein,Membrane protein,3,3,1,5,152,,,,977,977,977,ICDOIP_09720,JCOPOM_11285,JANPHL_09065
nqrM,,(Na+)-NQR maturation NqrM,3,3,1,5,226,,,,209,209,209,ICDOIP_09345,JCOPOM_11685,JANPHL_08690
DNA-binding protein,,DNA-binding protein,3,3,1,4,694,,,,407,407,407,ICDOIP_23390,JCOPOM_22340,JANPHL_23435
yjiS,,DUF1127 domain-containing protein,3,3,1,3,589,,,,209,209,209,ICDOIP_04465,JCOPOM_06700,JANPHL_17940
Fimbrial protein,,Fimbrial protein,3,3,1,4,560,,,,1055,1055,1055,ICDOIP_21130,JCOPOM_20795,JANPHL_20745
group_2058,cheW,Chemotaxis signal transduction protein CheW,3,3,1,1,36,,,,926,926,926,ICDOIP_07305,JCOPOM_21430,JANPHL_07900
radC,,DNA repair protein RadC,3,3,1,4,167,,,,674,674,674,ICDOIP_15595,JCOPOM_10035,JANPHL_14960
group_206,gGDEF,"GGDEF domain, diguanylate cyclase (c-di-GMP synthetase) or its enzymatically inactive variants",3,3,1,5,257,,,,1016,1016,1016,ICDOIP_09205,JCOPOM_11835,JANPHL_08550
tolBN,,TolB amino-terminal domain (function unknown),3,3,1,1,31,,,,638,638,638,ICDOIP_07280,JCOPOM_21405,JANPHL_07925
group_2061,hypothetical protein,hypothetical protein,3,3,1,4,92,,,,98,98,98,ICDOIP_15970,JCOPOM_10415,JANPHL_15335
recF,,DNA replication/repair protein RecF,3,3,1,8,54,,,,1079,1079,1079,ICDOIP_19510,JCOPOM_19445,JANPHL_19825
metN,,methionine ABC transporter ATP-binding protein MetN,3,3,1,6,165,,,,1034,1034,1034,ICDOIP_14555,JCOPOM_18075,JANPHL_13920
group_2064,tolC,outer membrane channel protein TolC,3,3,1,4,498,,,,1364,1364,1364,ICDOIP_12455,JCOPOM_09000,JANPHL_11650
DUF4250 domain-containing protein,,DUF4250 domain-containing protein,3,3,1,3,498,,,,191,191,191,ICDOIP_04905,JCOPOM_07135,JANPHL_06080
yhaH,,DUF805 domain-containing protein,3,3,1,4,247,,,,422,422,422,ICDOIP_11660,JCOPOM_09755,JANPHL_12445
DUF4442 domain-containing protein,,DUF4442 domain-containing protein,3,3,1,1,416,,,,497,497,497,ICDOIP_21900,JCOPOM_13825,JANPHL_21980
yihA,,ribosome biogenesis GTP-binding protein YihA/YsxC,3,3,1,4,94,,,,659,659,659,ICDOIP_15955,JCOPOM_10400,JANPHL_15320
trbI,,Conjugal transfer protein TrbI,3,3,1,4,669,,,,1256,1256,1256,ICDOIP_23540,JCOPOM_22210,JANPHL_24030
group_207,phnR,"DNA-binding transcriptional regulator, GntR family",3,3,1,5,252,,,,728,728,728,ICDOIP_09230,JCOPOM_11810,JANPHL_08575
yccF,,YccF domain-containing protein,3,3,1,2,483,,,,431,431,431,ICDOIP_01330,JCOPOM_02320,JANPHL_02530
ahpC,,alkyl hydroperoxide reductase subunit C,3,3,1,2,788,,,,557,557,557,ICDOIP_02850,JCOPOM_15485,JANPHL_01005
accA,,acetyl-CoA carboxylase carboxyl transferase subunit alpha,3,3,1,3,465,,,,959,959,959,ICDOIP_05080,JCOPOM_07310,JANPHL_05905
group_2073,DUF3450 domain-containing protein,DUF3450 domain-containing protein,3,3,1,4,152,,,,764,764,764,ICDOIP_15670,JCOPOM_10110,JANPHL_15035
Fe3+-citrate ABC transporter substrate-binding protein,,Fe3+-citrate ABC transporter substrate-binding protein,3,3,1,1,29,,,,506,506,506,ICDOIP_07265,JCOPOM_21390,JANPHL_07940
slyB,,Outer membrane lipoprotein SlyB,3,3,1,1,877,,,,479,479,479,ICDOIP_10765,JCOPOM_03850,JANPHL_10110
group_2076,mmsB,3-hydroxyisobutyrate dehydrogenase,3,3,1,5,564,,,,902,902,902,ICDOIP_13590,JCOPOM_18705,JANPHL_12935
rpmH,,50S ribosomal protein L34,3,3,1,8,60,,,,134,134,134,ICDOIP_19545,JCOPOM_19480,JANPHL_19790
tssB,,type VI secretion system contractile sheath small subunit,3,3,1,2,253,,,,530,530,530,ICDOIP_00205,JCOPOM_01185,JANPHL_03655
nagC,,"Sugar kinase of the NBD/HSP70 family, may contain an N-terminal HTH domain",3,3,1,1,1211,,,,1214,1214,1214,ICDOIP_07600,JCOPOM_05540,JANPHL_07605
"ABC-type uncharacterized transport system, permease component",,"ABC-type uncharacterized transport system, permease component",3,3,1,5,249,,,,899,899,899,ICDOIP_09245,JCOPOM_11795,JANPHL_08590
rpmI,,50S ribosomal protein L35,3,3,1,1,790,,,,194,194,194,ICDOIP_11205,JCOPOM_03410,JANPHL_10550
yfbV,,UPF0208 membrane protein VP2081,3,3,1,3,263,,,,452,452,452,ICDOIP_06090,JCOPOM_08325,JANPHL_04895
pal,,peptidoglycan-associated lipoprotein Pal,3,3,1,1,985,,,,524,524,524,ICDOIP_08710,JCOPOM_04395,JANPHL_06485
mnmE,,tRNA uridine-5-carboxymethylaminomethyl(34) synthesis GTPase MnmE,3,3,1,8,63,,,,1361,1361,1361,ICDOIP_19560,JCOPOM_19495,JANPHL_19775
group_2084,Resolvase,Resolvase,3,3,1,4,631,,,,602,602,602,ICDOIP_20895,JCOPOM_20560,JANPHL_20980
flgF,,Flagellar basal body rod protein FlgF,3,3,1,1,44,,,,749,749,749,ICDOIP_07340,JCOPOM_21465,JANPHL_07865
ssb,,Single-stranded DNA-binding protein,3,3,1,1,111,,,,530,530,530,ICDOIP_18510,JCOPOM_18955,JANPHL_18540
lafS,,lateral flagellar system RNA polymerase sigma factor LafS,3,3,1,2,663,,,,728,728,728,ICDOIP_02250,JCOPOM_16100,JANPHL_01605
DUF2799 domain-containing protein,,DUF2799 domain-containing protein,3,3,1,4,387,,,,341,341,341,ICDOIP_13010,JCOPOM_08450,JANPHL_11095
DUF2986 domain-containing protein,,DUF2986 domain-containing protein,3,3,1,8,51,,,,116,116,116,ICDOIP_19495,JCOPOM_19430,JANPHL_19840
group_209,potA,"ABC-type Fe3+/spermidine/putrescine transport systems, ATPase component",3,3,1,5,247,,,,1019,1019,1019,ICDOIP_09255,JCOPOM_11785,JANPHL_08600
group_2090,ubiE,Ubiquinone/menaquinone biosynthesis C-methylase UbiE/MenG,3,3,1,3,457,,,,755,755,755,ICDOIP_05120,JCOPOM_07350,JANPHL_05865
nagK,,N-acetylglucosamine kinase,3,3,1,1,535,,,,908,908,908,ICDOIP_16820,JCOPOM_14375,JANPHL_15880
DUF6602 domain-containing protein,,DUF6602 domain-containing protein,3,3,1,4,628,,,,1253,1253,1253,ICDOIP_20910,JCOPOM_20575,JANPHL_20965
nrdA,,ribonucleoside-diphosphate reductase subunit alpha,3,3,1,3,115,,,,2282,2282,2282,ICDOIP_06830,JCOPOM_16660,JANPHL_04155
damX,,"Cell division protein DamX, binds to the septal ring, contains C-terminal SPOR domain",3,3,1,2,495,,,,404,404,404,ICDOIP_01390,JCOPOM_02380,JANPHL_02470
rplX,,50S ribosomal protein L24,3,3,1,4,279,,,,317,317,317,ICDOIP_11820,JCOPOM_09630,JANPHL_12285
group_2096,menH,"2-succinyl-6-hydroxy-2,4-cyclohexadiene-1-carboxylate synthase MenH and related esterases, alpha/beta hydrolase fold",3,3,1,1,1173,,,,854,854,854,ICDOIP_07790,JCOPOM_05350,JANPHL_07410
group_2097,phaC,Poly-beta-hydroxybutyrate synthase,3,3,1,2,420,,,,1775,1775,1775,ICDOIP_01015,JCOPOM_02005,JANPHL_02845
group_2098,tar,Methyl-accepting chemotaxis protein (MCP),3,3,1,1,404,,,,1418,1418,1418,ICDOIP_21840,JCOPOM_13765,JANPHL_22040
acpP,,acyl carrier protein,3,3,1,3,235,,,,233,233,233,ICDOIP_06230,JCOPOM_17270,JANPHL_04755
group_210,Class I SAM-dependent methyltransferase,Class I SAM-dependent methyltransferase,3,3,1,5,238,,,,587,587,587,ICDOIP_09285,JCOPOM_11745,JANPHL_08630
Mobilization protein,,Mobilization protein,3,3,1,4,698,,,,740,740,740,ICDOIP_23410,JCOPOM_22360,JANPHL_23455
group_2101,Aldehyde-activating protein,Aldehyde-activating protein,3,3,1,1,380,,,,398,398,398,ICDOIP_17885,JCOPOM_13655,JANPHL_17250
group_2102,Holin,Holin,3,3,1,3,66,,,,89,89,89,ICDOIP_07075,JCOPOM_16415,JANPHL_03910
group_2103,dppC,"ABC-type dipeptide/oligopeptide/nickel transport system, permease component",3,3,1,4,38,,,,956,956,956,ICDOIP_16245,JCOPOM_10695,JANPHL_15610
pyrH,,UMP kinase,3,3,1,3,479,,,,731,731,731,ICDOIP_05010,JCOPOM_07240,JANPHL_05975
group_2105,hypothetical protein,hypothetical protein,3,3,1,4,621,,,,167,167,167,ICDOIP_20945,JCOPOM_20610,JANPHL_20930
metF,,methylenetetrahydrofolate reductase,3,3,1,7,98,,,,902,902,902,ICDOIP_19195,JCOPOM_22500,JANPHL_19165
group_2107,Acetyltransferase,Acetyltransferase,3,3,1,4,91,,,,434,434,434,ICDOIP_15980,JCOPOM_10425,JANPHL_15345
group_2108,HTH araC/xylS-type domain-containing protein,HTH araC/xylS-type domain-containing protein,3,3,1,2,510,,,,245,245,245,ICDOIP_01485,JCOPOM_02455,JANPHL_02375
Retrotransposon protein,,Retrotransposon protein,3,3,1,5,556,,,,326,326,326,ICDOIP_13550,JCOPOM_18665,JANPHL_12895
yhfF,,"putative RNA-binding protein YhfF, contains PUA-like ASCH domain",3,3,1,5,237,,,,470,470,470,ICDOIP_09290,JCOPOM_11740,JANPHL_08635
group_2110,ribE,"6,7-dimethyl-8-ribityllumazine synthase",3,3,1,6,131,,,,470,470,470,ICDOIP_14680,JCOPOM_17950,JANPHL_14045
ribA,,GTP cyclohydrolase-2,3,3,1,3,103,,,,596,596,596,ICDOIP_06890,JCOPOM_16600,JANPHL_04095
hemG,,menaquinone-dependent protoporphyrinogen IX dehydrogenase,3,3,1,8,35,,,,527,527,527,ICDOIP_19415,JCOPOM_19350,JANPHL_19920
group_2113,acrA,efflux RND transporter periplasmic adaptor subunit VmeP,3,3,1,5,354,,,,1142,1142,1142,ICDOIP_14400,JCOPOM_12295,JANPHL_13745
group_2114,MFS transporter,MFS transporter,3,3,1,3,346,,,,131,131,131,ICDOIP_05665,JCOPOM_07895,JANPHL_05320
alaE,,L-alanine exporter AlaE,3,3,1,1,976,,,,449,449,449,ICDOIP_10265,JCOPOM_04350,JANPHL_09610
Thioredoxin-like-fold domain-containing protein,,Thioredoxin-like-fold domain-containing protein,3,3,1,5,426,,,,632,632,632,ICDOIP_14040,JCOPOM_12650,JANPHL_13385
group_2117,fusA,elongation factor G,3,3,1,3,591,,,,2090,2090,2090,ICDOIP_04455,JCOPOM_06690,JANPHL_17930
group_2118,rhaT,carboxylate/amino acid/amine transporter,3,3,1,4,62,,,,878,878,878,ICDOIP_16125,JCOPOM_10570,JANPHL_15490
group_2119,rhaT,Permease of the drug/metabolite transporter (DMT) superfamily,3,3,1,5,217,,,,908,908,908,ICDOIP_09390,JCOPOM_11640,JANPHL_08735
group_212,MFS transporter,MFS transporter,3,3,1,5,233,,,,1019,1208,1082,ICDOIP_09310,JCOPOM_11720,JANPHL_08655
mgsA,,methylglyoxal synthase,3,3,1,5,517,,,,455,455,455,ICDOIP_13360,JCOPOM_18480,JANPHL_12705
gluQRS,,tRNA glutamyl-Q(34) synthetase GluQRS,3,3,1,3,666,,,,884,884,884,ICDOIP_04070,JCOPOM_06305,JANPHL_17545
ibpA,,"Small heat shock protein IbpA, HSP20 family",3,3,1,8,50,,,,437,437,437,ICDOIP_19490,JCOPOM_19425,JANPHL_19845
group_2123,uspA,"Nucleotide-binding universal stress protein, UspA family",3,3,1,5,349,,,,425,425,425,ICDOIP_08750,JCOPOM_12270,JANPHL_08095
group_2124,potE,"Serine transporter YbeC, amino acid:H+ symporter family",3,3,1,3,569,,,,1433,1433,1433,ICDOIP_04565,JCOPOM_06800,JANPHL_06420
group_2125,Membrane protein,Membrane protein,3,3,1,2,299,,,,218,218,218,ICDOIP_00430,JCOPOM_01410,JANPHL_03430
group_2126,fliF,flagellar basal-body MS-ring/collar protein FliF,3,3,1,3,413,,,,1742,1742,1742,ICDOIP_05340,JCOPOM_07570,JANPHL_05645
group_2127,acrR,"DNA-binding protein, AcrR family, includes nucleoid occlusion protein SlmA",3,3,1,1,841,,,,626,626,626,ICDOIP_10950,JCOPOM_03665,JANPHL_10295
group_2128,dppB,"ABC-type dipeptide/oligopeptide/nickel transport system, permease component",3,3,1,4,37,,,,977,977,977,ICDOIP_16250,JCOPOM_10700,JANPHL_15615
group_2129,lrp,"DNA-binding transcriptional regulator, Lrp family",3,3,1,1,631,,,,452,452,452,ICDOIP_16375,JCOPOM_20080,JANPHL_16325
group_213,lysR,"DNA-binding transcriptional regulator, LysR family",3,3,1,5,232,,,,881,881,881,ICDOIP_09315,JCOPOM_11715,JANPHL_08660
group_2130,Transposase,Transposase,3,3,1,1,599,,,,548,548,548,ICDOIP_16515,JCOPOM_14680,JANPHL_16185
group_2131,mutT,8-oxo-dGTP diphosphatase MutT,3,3,1,4,459,,,,398,398,398,ICDOIP_12655,JCOPOM_08800,JANPHL_11450
group_2132,glpR,DNA-binding transcriptional regulator YciT,3,3,1,5,207,,,,740,740,740,ICDOIP_09440,JCOPOM_11590,JANPHL_08785
rplP,,50S ribosomal protein L16,3,3,1,4,275,,,,410,410,410,ICDOIP_11800,JCOPOM_09650,JANPHL_12305
cueR,,Cu(I)-responsive transcriptional regulator,3,3,1,5,529,,,,386,386,386,ICDOIP_13420,JCOPOM_18535,JANPHL_12765
mukE,,chromosome partition protein MukE,3,3,1,1,1008,,,,725,725,725,ICDOIP_08595,JCOPOM_04510,JANPHL_06600
DUF378 domain-containing protein,,DUF378 domain-containing protein,3,3,1,3,64,,,,185,185,185,ICDOIP_07085,JCOPOM_16405,JANPHL_03900
aceE,,"pyruvate dehydrogenase (acetyl-transferring), homodimeric type",3,3,1,3,680,,,,2663,2663,2663,ICDOIP_04000,JCOPOM_06230,JANPHL_17475
rsmA,,16S rRNA (adenine(1518)-N(6)/adenine(1519)-N(6))-dimethyltransferase RsmA,3,3,1,4,343,,,,809,809,809,ICDOIP_12140,JCOPOM_09310,JANPHL_11965
lptC,,LPS export ABC transporter periplasmic protein LptC,3,3,1,1,155,,,,563,563,563,ICDOIP_18715,JCOPOM_19160,JANPHL_18745
ycjG,,L-Ala-D/L-Glu epimerase,3,3,1,5,230,,,,992,992,992,ICDOIP_09325,JCOPOM_11705,JANPHL_08670
DUF3265 domain-containing protein,,DUF3265 domain-containing protein,3,3,1,2,284,,,,98,98,98,ICDOIP_00360,JCOPOM_01340,JANPHL_03500
group_2141,gntR,"DNA-binding transcriptional regulator, GntR family",3,3,1,4,361,,,,662,662,662,ICDOIP_12230,JCOPOM_09220,JANPHL_11875
group_2142,dctM,"TRAP-type C4-dicarboxylate transport system, small permease component YiaM",3,3,1,2,806,,,,515,515,515,ICDOIP_02945,JCOPOM_15390,JANPHL_00910
rpsS,,30S ribosomal protein S19,3,3,1,4,272,,,,278,278,278,ICDOIP_11785,JCOPOM_09665,JANPHL_12320
group_2144,ridA,"Enamine deaminase RidA, house cleaning of reactive enamine intermediates, YjgF/YER057c/UK114 family",3,3,1,3,338,,,,380,380,380,ICDOIP_05705,JCOPOM_07935,JANPHL_05280
tsaC,,L-threonylcarbamoyladenylate synthase,3,3,1,8,5,,,,557,557,557,ICDOIP_19870,JCOPOM_19805,JANPHL_19465
group_2146,fadL,Long-chain fatty acid transport protein,3,3,1,3,375,,,,1250,1250,1250,ICDOIP_05525,JCOPOM_07755,JANPHL_05460
lafL,,Flagellar protein LafL,3,3,1,2,662,,,,500,500,500,ICDOIP_02245,JCOPOM_16105,JANPHL_01610
accD,,"acetyl-CoA carboxylase, carboxyltransferase subunit beta",3,3,1,3,353,,,,926,926,926,ICDOIP_05630,JCOPOM_07860,JANPHL_05355
ptsI,,phosphoenolpyruvate-protein phosphotransferase PtsI,3,3,1,1,55,,,,1724,1724,1724,ICDOIP_07395,JCOPOM_21520,JANPHL_07810
group_215,Transposase,Transposase,3,3,1,5,228,,,,110,194,166,ICDOIP_09335,JCOPOM_11695,JANPHL_08680
pta,,phosphate acetyltransferase,3,3,1,3,265,,,,2144,2144,2144,ICDOIP_06080,JCOPOM_08315,JANPHL_04905
htpG,,molecular chaperone HtpG,3,3,1,1,1218,,,,1904,1904,1904,ICDOIP_07565,JCOPOM_05575,JANPHL_07640
group_2152,DUF3149 domain-containing protein,DUF3149 domain-containing protein,3,3,1,1,525,,,,119,119,119,ICDOIP_16870,JCOPOM_14325,JANPHL_15830
group_2153,Transposase,Transposase,3,3,1,4,554,,,,140,140,140,ICDOIP_21100,JCOPOM_20765,JANPHL_20775
trbB,,P-type conjugative transfer ATPase TrbB,3,3,1,4,664,,,,947,947,947,ICDOIP_23565,JCOPOM_22185,JANPHL_24005
DUF4178 domain-containing protein,,DUF4178 domain-containing protein,3,3,1,2,782,,,,518,518,518,ICDOIP_02820,JCOPOM_15515,JANPHL_01035
FERM domain-containing protein,,FERM domain-containing protein,3,3,1,4,624,,,,206,206,206,ICDOIP_20930,JCOPOM_20595,JANPHL_20945
Sulf-transp domain-containing protein,,Sulf-transp domain-containing protein,3,3,1,2,177,,,,419,419,419,ICDOIP_20095,JCOPOM_00770,JANPHL_20125
bamC,,outer membrane protein assembly factor BamC,3,3,1,3,435,,,,1019,1019,1019,ICDOIP_05230,JCOPOM_07460,JANPHL_05755
group_2159,dnaQ,"DNA polymerase III, epsilon subunit or related 3'-5' exonuclease",3,3,1,1,300,,,,746,746,746,ICDOIP_17515,JCOPOM_13280,JANPHL_16880
cotS,,Thiamine kinase or a related kinase,3,3,1,5,227,,,,812,812,812,ICDOIP_09340,JCOPOM_11690,JANPHL_08685
putative hydrolase of the alpha/beta-hydrolase fold,,putative hydrolase of the alpha/beta-hydrolase fold,3,3,1,6,178,,,,623,623,623,ICDOIP_14620,JCOPOM_18010,JANPHL_13985
dctP,,"TRAP-type C4-dicarboxylate transport system, periplasmic component",3,3,1,2,805,,,,983,983,983,ICDOIP_02940,JCOPOM_15395,JANPHL_00915
ubiC,,putative chorismate pyruvate-lyase,3,3,1,9,37,,,,539,539,539,ICDOIP_22530,JCOPOM_20350,JANPHL_22430
DUF3575 domain-containing protein,,DUF3575 domain-containing protein,3,3,1,3,227,,,,401,401,401,ICDOIP_06270,JCOPOM_17230,JANPHL_04715
sdhC,,succinate dehydrogenase cytochrome b556 subunit,3,3,1,1,1196,,,,392,392,392,ICDOIP_07670,JCOPOM_05470,JANPHL_07530
ATPase,,ATPase,3,3,1,5,133,,,,347,347,347,ICDOIP_09810,JCOPOM_11195,JANPHL_09155
ftnA,,non-heme ferritin,3,3,1,4,64,,,,527,527,527,ICDOIP_16115,JCOPOM_10560,JANPHL_15480
DNA-binding protein H-NS,,DNA-binding protein H-NS,3,3,1,1,934,,,,407,407,407,ICDOIP_10480,JCOPOM_04135,JANPHL_09825
DUF1778 domain-containing protein,,DUF1778 domain-containing protein,3,3,1,3,313,,,,206,206,206,ICDOIP_05830,JCOPOM_08060,JANPHL_05155
group_2169,Uncharacterized membrane protein,Uncharacterized membrane protein,3,3,1,3,22,,,,797,797,797,ICDOIP_20380,JCOPOM_05770,JANPHL_20605
group_217,hypothetical protein,hypothetical protein,3,3,1,5,222,,,Hypothetical protein with no hits to refseq/uniprot/clusters/cdd/tigrfams/pfam overlapping another protein with hits,206,206,206,ICDOIP_09365,JCOPOM_11665,JANPHL_08710
rhaT,,Permease of the drug/metabolite transporter (DMT) superfamily,3,3,1,11,30,,,,905,905,905,ICDOIP_22150,JCOPOM_21970,JANPHL_22240
TIGR02647 family protein,,TIGR02647 family protein,3,3,1,1,912,,,,236,236,236,ICDOIP_10590,JCOPOM_04025,JANPHL_09935
group_2172,vanZ,VanZ domain-containing protein,3,3,1,10,15,,,,374,374,374,ICDOIP_21235,JCOPOM_21165,JANPHL_21420
group_2173,tfoX,"Transcriptional regulator of competence genes, TfoX/Sxy family",3,3,1,1,1015,,,,590,590,590,ICDOIP_08560,JCOPOM_04545,JANPHL_06635
group_2174,Exported protein,Exported protein,3,3,1,1,833,,,,512,512,512,ICDOIP_10990,JCOPOM_03625,JANPHL_10335
group_2175,fusA,elongation factor G,3,3,1,7,47,,,,2099,2099,2099,ICDOIP_19155,JCOPOM_22710,JANPHL_19205
group_2176,cysK,cysteine synthase A,3,3,1,1,58,,,,968,968,968,ICDOIP_07410,JCOPOM_21535,JANPHL_07795
fieF,,CDF family cation-efflux transporter FieF,3,3,1,10,31,,,,908,908,908,ICDOIP_21315,JCOPOM_21085,JANPHL_21340
group_2178,gltP,Na+/H+-dicarboxylate symporter,3,3,1,6,99,,,,1274,1274,1274,ICDOIP_14835,JCOPOM_17795,JANPHL_14200
rimM,,ribosome maturation factor RimM,3,3,1,3,693,,,,548,548,548,ICDOIP_03935,JCOPOM_06165,JANPHL_17410
group_218,gloA,"Catechol 2,3-dioxygenase or related enzyme, vicinal oxygen chelate (VOC) family",3,3,1,5,206,,,,389,389,389,ICDOIP_09445,JCOPOM_11585,JANPHL_08790
mreC,,rod shape-determining protein MreC,3,3,1,1,133,,,,896,896,896,ICDOIP_18605,JCOPOM_19050,JANPHL_18635
P-II family nitrogen regulator,,P-II family nitrogen regulator,3,3,1,1,1226,,,,350,350,350,ICDOIP_07525,JCOPOM_05615,JANPHL_07680
flgP,,flagellar assembly lipoprotein FlgP,3,3,1,1,32,,,,431,431,431,ICDOIP_07285,JCOPOM_21410,JANPHL_07920
prfA,,peptide chain release factor 1,3,3,1,1,8,,,,1088,1088,1088,ICDOIP_07160,JCOPOM_21285,JANPHL_08045
yjaG,,DUF416 domain-containing protein,3,3,1,15,22,,,,587,587,587,ICDOIP_22910,JCOPOM_23380,JANPHL_22955
yggE,,oxidative stress defense protein,3,3,1,3,35,,,,692,692,692,ICDOIP_20445,JCOPOM_05830,JANPHL_20540
group_2186,"ABC-type uncharacterized transport system, permease component","ABC-type uncharacterized transport system, permease component",3,3,1,3,261,,,,935,935,935,ICDOIP_06100,JCOPOM_08335,JANPHL_04885
idnK,,Gluconate kinase,3,3,1,4,50,,,,524,524,524,ICDOIP_16185,JCOPOM_10630,JANPHL_15550
rof,,Transcriptional antiterminator Rof (Rho-off),3,3,1,2,931,,,,245,245,245,ICDOIP_03645,JCOPOM_21665,JANPHL_00210
yhhN,,Uncharacterized membrane protein YhhN,3,3,1,2,57,,,,656,656,656,ICDOIP_18140,JCOPOM_00170,JANPHL_18330
msrA,,peptide-methionine (S)-S-oxide reductase,3,3,1,5,205,,,,476,476,476,ICDOIP_09450,JCOPOM_11580,JANPHL_08795
ileS,,isoleucine--tRNA ligase,3,3,1,4,394,,,,2828,2828,2828,ICDOIP_12975,JCOPOM_08485,JANPHL_11130
suhB,,inositol-1-monophosphatase,3,3,1,6,30,,,,803,803,803,ICDOIP_15185,JCOPOM_17540,JANPHL_14550
rpiA,,ribose-5-phosphate isomerase RpiA,3,3,1,3,37,,,,656,656,656,ICDOIP_20455,JCOPOM_05840,JANPHL_20530
group_2193,DNA-binding protein,DNA-binding protein,3,3,1,4,7,,,,233,233,233,ICDOIP_23475,JCOPOM_22425,JANPHL_23520
rhlB,,ATP-dependent RNA helicase RhlB,3,3,1,13,8,,,,1313,1313,1313,ICDOIP_22990,JCOPOM_23300,JANPHL_23035
group_2195,tar,Methyl-accepting chemotaxis protein (MCP),3,3,1,4,501,,,,1256,1256,1256,ICDOIP_12440,JCOPOM_09015,JANPHL_11665
DNA topoisomerase,,DNA topoisomerase,3,3,1,4,699,,,,2210,2210,2210,ICDOIP_23415,JCOPOM_22365,JANPHL_23460
IS630 family transposase,,IS630 family transposase,3,3,1,4,542,,,,434,434,434,ICDOIP_21040,JCOPOM_20705,JANPHL_20835
aroC,,chorismate synthase,3,3,1,3,365,,,,1085,1085,1085,ICDOIP_05575,JCOPOM_07805,JANPHL_05410
group_2199,lysR,"DNA-binding transcriptional regulator, LysR family",3,3,1,13,24,,,,941,941,941,ICDOIP_23075,JCOPOM_23215,JANPHL_23120
DUF4150 domain-containing protein,,DUF4150 domain-containing protein,3,3,1,1,621,,,,779,1517,1025,ICDOIP_16425,JCOPOM_20120,JANPHL_16275
DUF1610 domain-containing protein,,DUF1610 domain-containing protein,3,3,1,5,198,,,,1442,1442,1442,ICDOIP_09490,JCOPOM_11520,JANPHL_08835
pstC,,phosphate ABC transporter permease subunit PstC,3,3,1,2,572,,,,932,932,932,ICDOIP_01800,JCOPOM_02770,JANPHL_02060
group_2201,Transposase,Transposase,3,3,1,4,546,,,,221,221,221,ICDOIP_21060,JCOPOM_20725,JANPHL_20815
flgJ1,,Rod binding protein domain,3,3,1,5,175,,,,539,539,539,ICDOIP_09605,JCOPOM_11400,JANPHL_08950
group_2203,chb,N-acetyl-beta-hexosaminidase,3,3,1,3,651,,,,1919,1919,1919,ICDOIP_04145,JCOPOM_06380,JANPHL_17620
luxO,,Regulatory protein LuxO,3,3,1,3,281,,,,1403,1403,1403,ICDOIP_06000,JCOPOM_08235,JANPHL_04985
napA,,periplasmic nitrate reductase subunit alpha,3,3,1,2,416,,,,2489,2489,2489,ICDOIP_00995,JCOPOM_01985,JANPHL_02865
lpoB,,penicillin-binding protein activator LpoB,3,3,1,1,1072,,,,590,590,590,ICDOIP_08275,JCOPOM_04830,JANPHL_06920
DUF2960 domain-containing protein,,DUF2960 domain-containing protein,3,3,1,1,534,,,,266,266,266,ICDOIP_16825,JCOPOM_14370,JANPHL_15875
Hok/Gef family protein,,Hok/Gef family protein,3,3,1,4,6,,,,161,161,161,ICDOIP_23485,JCOPOM_22435,JANPHL_23530
aspS,,aspartate--tRNA ligase,3,3,1,1,999,,,,1778,1778,1778,ICDOIP_08640,JCOPOM_04465,JANPHL_06555
group_221,Transporter,Transporter,3,3,1,5,196,,,,221,221,221,ICDOIP_09500,JCOPOM_11510,JANPHL_08845
yuiF,,Uncharacterized membrane protein VP2115,3,3,1,3,295,,,,1325,1325,1325,ICDOIP_05925,JCOPOM_08155,JANPHL_05060
GGDEF family protein,,GGDEF family protein,3,3,1,6,172,,,,1565,1565,1565,ICDOIP_14590,JCOPOM_18040,JANPHL_13955
group_2212,fabG,3-oxoacyl-ACP reductase FabG,3,3,1,1,1152,,,,725,725,725,ICDOIP_07860,JCOPOM_05240,JANPHL_07340
group_2213,menH,"2-succinyl-6-hydroxy-2,4-cyclohexadiene-1-carboxylate synthase MenH and related esterases, alpha/beta hydrolase fold",3,3,1,1,1018,,,,803,803,803,ICDOIP_08545,JCOPOM_04560,JANPHL_06650
Hemerythrin domain,,Hemerythrin domain,3,3,1,4,425,,,,551,551,551,ICDOIP_12820,JCOPOM_08640,JANPHL_11285
DUF3149 domain-containing protein,,DUF3149 domain-containing protein,3,3,1,1,17,,,,140,140,140,ICDOIP_07205,JCOPOM_21330,JANPHL_08000
rplO,,50S ribosomal protein L15,3,3,1,4,287,,,,434,434,434,ICDOIP_11860,JCOPOM_09590,JANPHL_12245
atpF,,F0F1 ATP synthase subunit B,3,3,1,8,93,,,,470,470,470,ICDOIP_19685,JCOPOM_19620,JANPHL_19650
lhgO,,L-2-hydroxyglutarate oxidase,3,3,1,5,96,,,,1226,1226,1226,ICDOIP_10005,JCOPOM_10970,JANPHL_09350
fbaA,,class II fructose-bisphosphate aldolase,3,3,1,3,30,,,,1076,1076,1076,ICDOIP_20420,JCOPOM_05805,JANPHL_20565
group_222,lysR,"DNA-binding transcriptional regulator, LysR family",3,3,1,5,194,,,,890,944,908,ICDOIP_09510,JCOPOM_11500,JANPHL_08855
group_2220,lysR,"DNA-binding transcriptional regulator, LysR family",3,3,1,5,121,,,,923,923,923,ICDOIP_09870,JCOPOM_11135,JANPHL_09215
group_2221,acpP,Acyl carrier protein,3,3,1,1,1139,,,,260,260,260,ICDOIP_07925,JCOPOM_05175,JANPHL_07275
ybhL,,"Integral membrane protein YbhL, putative Ca2+ regulator, Bax inhibitor (BI-1)/TMBIM family",3,3,1,1,408,,,,668,668,668,ICDOIP_21860,JCOPOM_13785,JANPHL_22020
ppk1,,polyphosphate kinase 1,3,3,1,6,11,,,,2090,2090,2090,ICDOIP_15280,JCOPOM_17450,JANPHL_14645
rpfG,,"Response regulator c-di-GMP phosphodiesterase, RpfG family, contains REC and HD-GYP domains",3,3,1,1,661,,,,473,473,473,ICDOIP_22735,JCOPOM_19940,JANPHL_22680
uppS,,isoprenyl transferase,3,3,1,3,477,,,,755,755,755,ICDOIP_05020,JCOPOM_07250,JANPHL_05965
cysE,,serine O-acetyltransferase,3,3,1,10,11,,,,821,821,821,ICDOIP_21215,JCOPOM_21185,JANPHL_21440
hemY,,"Uncharacterized protein HemY, contains HemY_N domain and TPR repeats (unrelated to protoporphyrinogen oxidase HemY)",3,3,1,9,40,,,,1181,1181,1181,ICDOIP_22325,JCOPOM_20150,JANPHL_22635
group_2228,ppiB,Peptidyl-prolyl cis-trans isomerase (rotamase) - cyclophilin family,3,3,1,3,518,,,,545,545,545,ICDOIP_04805,JCOPOM_07035,JANPHL_06180
Isochorismatase family protein,,Isochorismatase family protein,3,3,1,5,191,,,,209,209,209,ICDOIP_09525,JCOPOM_11485,JANPHL_08870
group_223,hypothetical protein,hypothetical protein,3,3,1,5,184,,,,89,89,89,ICDOIP_09560,JCOPOM_11450,JANPHL_08905
ypjD,,"ABC-type uncharacterized transport system, permease component",3,3,1,3,696,,,,794,794,794,ICDOIP_03920,JCOPOM_06150,JANPHL_17395
RNA polymerase subunit sigma,,RNA polymerase subunit sigma,3,3,1,4,42,,,,572,572,572,ICDOIP_16225,JCOPOM_10670,JANPHL_15590
nagB,,glucosamine-6-phosphate deaminase,3,3,1,2,991,,,,800,800,800,ICDOIP_03345,JCOPOM_14975,JANPHL_00510
group_2233,menH,"2-succinyl-6-hydroxy-2,4-cyclohexadiene-1-carboxylate synthase MenH and related esterases, alpha/beta hydrolase fold",3,3,1,1,1202,,,,767,767,767,ICDOIP_07640,JCOPOM_05500,JANPHL_07560
atpE,,F0F1 ATP synthase subunit C,3,3,1,8,92,,,,254,254,254,ICDOIP_19680,JCOPOM_19615,JANPHL_19655
cvfB,,"putative RNA-binding protein YitL, contains S1 domains, virulence factor B family",3,3,1,1,418,,,,833,833,833,ICDOIP_21910,JCOPOM_13835,JANPHL_21970
group_2236,DNA repair protein,DNA repair protein,3,3,1,1,966,,,,764,764,764,ICDOIP_10320,JCOPOM_04295,JANPHL_09665
DUF2116 domain-containing protein,,DUF2116 domain-containing protein,3,3,1,1,1224,,,,209,209,209,ICDOIP_07535,JCOPOM_05605,JANPHL_07670
prs,,Ribose-phosphate pyrophosphokinase,3,3,1,1,4,,,,944,944,944,ICDOIP_07140,JCOPOM_21265,JANPHL_08065
ppnN,,nucleotide 5'-monophosphate nucleosidase PpnN,3,3,1,6,173,,,,1361,1361,1361,ICDOIP_14595,JCOPOM_18035,JANPHL_13960
DUF218 domain-containing protein,,DUF218 domain-containing protein,3,3,1,5,159,,,,842,842,842,ICDOIP_09685,JCOPOM_11320,JANPHL_09030
vscO,,type III secretion system central stalk protein VscO,3,3,1,1,361,,,,461,461,461,ICDOIP_17790,JCOPOM_13560,JANPHL_17155
folD,,bifunctional methylenetetrahydrofolate dehydrogenase/methenyltetrahydrofolate cyclohydrolase FolD,3,3,1,1,1163,,,,860,860,860,ICDOIP_07840,JCOPOM_05300,JANPHL_07360
lgt,,prolipoprotein diacylglyceryl transferase,3,3,1,4,403,,,,821,821,821,ICDOIP_12930,JCOPOM_08530,JANPHL_11175
DUF368 domain-containing protein,,DUF368 domain-containing protein,3,3,1,2,729,,,,881,881,881,ICDOIP_02555,JCOPOM_15770,JANPHL_01300
DUF2061 domain-containing protein,,DUF2061 domain-containing protein,3,3,1,1,175,,,,404,404,404,ICDOIP_18815,JCOPOM_19260,JANPHL_18845
fliJ,,flagellar export protein FliJ,3,3,1,2,641,,,,440,440,440,ICDOIP_02140,JCOPOM_16210,JANPHL_01720
lysS,,lysine--tRNA ligase,3,3,1,4,413,,,,1517,1517,1517,ICDOIP_12880,JCOPOM_08580,JANPHL_11225
Chromosome segregation ATPase,,Chromosome segregation ATPase,3,3,1,11,7,,,,542,542,542,ICDOIP_22040,JCOPOM_23770,JANPHL_22350
gntR,,"DNA-binding transcriptional regulator, GntR family",3,3,1,1,381,,,,713,713,713,ICDOIP_17890,JCOPOM_13660,JANPHL_17255
zntR,,Zn(2+)-responsive transcriptional regulator,3,3,1,15,29,,,,398,398,398,ICDOIP_22940,JCOPOM_23350,JANPHL_22985
group_225,dadA,Glycine/D-amino acid oxidase (deaminating),3,3,1,5,150,,,,1400,1400,1400,ICDOIP_09730,JCOPOM_11275,JANPHL_09075
yibL,,YibL family ribosome-associated protein,3,3,1,5,50,,,,356,356,356,ICDOIP_10240,JCOPOM_10735,JANPHL_09585
ubiE,,"bifunctional demethylmenaquinone methyltransferase/2-methoxy-6-polyprenyl-1,4-benzoquinol methylase UbiE",3,3,1,4,82,,,,779,779,779,ICDOIP_16025,JCOPOM_10470,JANPHL_15390
group_2252,cspC,"Cold shock protein, CspA family",3,3,1,5,431,,,,209,209,209,ICDOIP_14015,JCOPOM_12675,JANPHL_13360
fxsA,,membrane protein FxsA,3,3,1,10,37,,,,518,518,518,ICDOIP_21345,JCOPOM_21055,JANPHL_21310
group_2254,trkG,"Trk-type K+ transport system, membrane component",3,3,1,2,542,,,,1364,1364,1364,ICDOIP_01650,JCOPOM_02620,JANPHL_02210
opaR,,transcriptional regulator OpaR,3,3,1,3,677,,,,614,614,614,ICDOIP_04015,JCOPOM_06245,JANPHL_17490
groES,,Co-chaperonin GroES,3,3,1,10,28,,,,290,290,290,ICDOIP_21300,JCOPOM_21100,JANPHL_21355
group_2257,pstS,"ABC-type phosphate transport system, periplasmic component",3,3,1,5,584,,,,827,827,827,ICDOIP_13690,JCOPOM_18805,JANPHL_13035
ftsE,,cell division ATP-binding protein FtsE,3,3,1,9,75,,,,674,674,674,ICDOIP_22500,JCOPOM_20320,JANPHL_22460
Response regulatory domain-containing protein,,Response regulatory domain-containing protein,3,3,1,3,347,,,,1106,1106,1106,ICDOIP_05660,JCOPOM_07890,JANPHL_05325
phnW,,2-aminoethylphosphonate--pyruvate transaminase,3,3,1,5,141,,,,1103,1103,1103,ICDOIP_09775,JCOPOM_11230,JANPHL_09120
DUF4145 domain-containing protein,,DUF4145 domain-containing protein,3,3,1,9,66,,,,368,368,368,ICDOIP_22455,JCOPOM_20280,JANPHL_22505
secF,,Preprotein translocase subunit SecF,3,3,1,2,426,,,,902,902,902,ICDOIP_01045,JCOPOM_02035,JANPHL_02815
rpsE,,30S ribosomal protein S5,3,3,1,4,285,,,,503,503,503,ICDOIP_11850,JCOPOM_09600,JANPHL_12255
yicC,,"Uncharacterized stationary-phase protein YicC, UPF0701 family",3,3,1,4,160,,,,866,866,866,ICDOIP_15630,JCOPOM_10070,JANPHL_14995
group_2264,arsR,"DNA-binding transcriptional regulator, ArsR family",3,3,1,9,59,,,,335,335,335,ICDOIP_22420,JCOPOM_20245,JANPHL_22540
yijD,,YijD family membrane protein,3,3,1,9,29,,,,365,365,365,ICDOIP_22570,JCOPOM_20390,JANPHL_22390
secA,,preprotein translocase subunit SecA,3,3,1,4,460,,,,2726,2726,2726,ICDOIP_12650,JCOPOM_08805,JANPHL_11455
group_2267,secF,Protein translocase subunit SecF,3,3,1,6,29,,,,947,947,947,ICDOIP_15190,JCOPOM_17535,JANPHL_14555
mrdA,,penicillin-binding protein 2,3,3,1,6,150,,,,1925,1925,1925,ICDOIP_14480,JCOPOM_18150,JANPHL_13845
Spy/CpxP family protein refolding chaperone,,Spy/CpxP family protein refolding chaperone,3,3,1,4,615,,,,509,509,509,ICDOIP_20975,JCOPOM_20640,JANPHL_20900
tolC,,Outer membrane protein TolC,3,3,1,5,130,,,,1376,1376,1376,ICDOIP_09825,JCOPOM_11180,JANPHL_09170
fliI,,flagellum-specific ATP synthase,3,3,1,3,410,,,,1319,1319,1319,ICDOIP_05355,JCOPOM_07585,JANPHL_05630
ahpA,,Uncharacterized membrane protein Smp affecting hemolysin expression,3,3,1,3,595,,,,605,605,605,ICDOIP_04435,JCOPOM_06670,JANPHL_17910
hldE,,bifunctional D-glycero-beta-D-manno-heptose-7-phosphate kinase/D-glycero-beta-D-manno-heptose 1-phosphate adenylyltransferase HldE,3,3,1,4,499,,,,1430,1430,1430,ICDOIP_12450,JCOPOM_09005,JANPHL_11655
flgH,,flagellar basal body L-ring protein FlgH,3,3,1,1,46,,,,779,779,779,ICDOIP_07350,JCOPOM_21475,JANPHL_07855
actP,,Na+(or H+)/acetate symporter ActP,3,3,1,10,59,,,,1727,1727,1727,ICDOIP_21380,JCOPOM_21020,JANPHL_21275
group_2275,Inner membrane protein,Inner membrane protein,3,3,1,4,684,,,,407,407,407,ICDOIP_23340,JCOPOM_22290,JANPHL_23385
group_2276,Transposase,Transposase,3,3,1,4,616,,,,173,173,173,ICDOIP_20970,JCOPOM_20635,JANPHL_20905
ppsR,,Putative phosphoenolpyruvate synthase regulatory protein,3,3,1,5,270,,,,836,836,836,ICDOIP_09140,JCOPOM_11900,JANPHL_08485
ynhF,,Membrane protein,3,3,1,3,223,,,,92,92,92,ICDOIP_06290,JCOPOM_17210,JANPHL_04695
ccmD,,heme exporter protein CcmD,3,3,1,3,383,,,,206,206,206,ICDOIP_05485,JCOPOM_07715,JANPHL_05500
Nucleic-acid-binding protein containing a Zn-ribbon domain,,Nucleic-acid-binding protein containing a Zn-ribbon domain,3,3,1,5,115,,,,233,233,233,ICDOIP_09900,JCOPOM_11105,JANPHL_09245
treB,,PTS trehalose transporter subunit IIBC,3,3,1,6,162,,,,1424,1424,1424,ICDOIP_14540,JCOPOM_18090,JANPHL_13905
dsbB,,disulfide bond formation protein DsbB,3,3,1,3,255,,,,536,536,536,ICDOIP_06130,JCOPOM_17370,JANPHL_04855
group_2282,lysR,"DNA-binding transcriptional regulator, LysR family",3,3,1,5,453,,,,878,878,878,ICDOIP_13905,JCOPOM_12785,JANPHL_13250
tsf,,translation elongation factor Ts,3,3,1,3,480,,,,845,845,845,ICDOIP_05005,JCOPOM_07235,JANPHL_05980
Acyl-CoA synthetase,,Acyl-CoA synthetase,3,3,1,5,214,,,,359,359,359,ICDOIP_09405,JCOPOM_11625,JANPHL_08750
rplK,,50S ribosomal protein L11,3,3,1,15,9,,,,428,428,428,ICDOIP_22840,JCOPOM_23450,JANPHL_22885
Serine recombinase,,Serine recombinase,3,3,1,4,649,,,,647,647,647,ICDOIP_20760,JCOPOM_20880,JANPHL_21115
ftsQ,,Cell division septal protein FtsQ,3,3,1,4,465,,,,782,782,782,ICDOIP_12625,JCOPOM_08830,JANPHL_11480
nptA,,Na+/phosphate symporter,3,3,1,4,400,,,,1148,1148,1148,ICDOIP_12945,JCOPOM_08515,JANPHL_11160
group_2289,pldA,Outer membrane phospholipase A,3,3,1,1,812,,,,758,758,758,ICDOIP_11095,JCOPOM_03520,JANPHL_10440
yhfA,,OsmC family protein,3,3,1,5,113,,,,137,398,311,ICDOIP_09910,JCOPOM_11065,JANPHL_09255
group_2290,potD,Spermidine/putrescine-binding periplasmic protein,3,3,1,5,265,,,,1034,1034,1034,ICDOIP_09165,JCOPOM_11875,JANPHL_08510
group_2291,DUF1107 domain-containing protein,DUF1107 domain-containing protein,3,3,1,3,744,,,,206,206,206,ICDOIP_20490,JCOPOM_05875,JANPHL_20495
ung,,uracil-DNA glycosylase,3,3,1,4,427,,,,680,680,680,ICDOIP_12815,JCOPOM_08645,JANPHL_11290
group_2293,hypothetical protein,hypothetical protein,3,3,1,5,258,,,,149,149,149,ICDOIP_09200,JCOPOM_11840,JANPHL_08545
aspB,,Aspartate/methionine/tyrosine aminotransferase,3,3,1,1,1108,,,,1214,1214,1214,ICDOIP_08080,JCOPOM_05020,JANPHL_07120
yjjG,,pyrimidine 5'-nucleotidase,3,3,1,5,122,,,,674,674,674,ICDOIP_09865,JCOPOM_11140,JANPHL_09210
rpmC,,50S ribosomal protein L29,3,3,1,4,276,,,,191,191,191,ICDOIP_11805,JCOPOM_09645,JANPHL_12300
artP,,arginine ABC transporter ATP-binding protein ArtP,3,3,1,5,552,,,,728,728,728,ICDOIP_13530,JCOPOM_18645,JANPHL_12875
gshB,,glutathione synthase,3,3,1,3,18,,,,950,950,950,ICDOIP_20360,JCOPOM_05750,JANPHL_20625
group_2299,rRM,RNA recognition motif (RRM) domain,3,3,1,2,827,,,,239,239,239,ICDOIP_03040,JCOPOM_15290,JANPHL_00815
Structural protein,,Structural protein,3,3,1,1,618,,,,443,566,525,ICDOIP_16440,JCOPOM_14775,JANPHL_16260
group_230,fabG,SDR family oxidoreductase,3,3,1,5,111,,,,707,707,707,ICDOIP_09920,JCOPOM_11055,JANPHL_09265
sdhE,,FAD assembly factor SdhE,3,3,1,3,741,,,,260,260,260,ICDOIP_20505,JCOPOM_05890,JANPHL_20480
Oxidoreductase,,Oxidoreductase,3,3,1,2,961,,,,461,461,461,ICDOIP_03495,JCOPOM_14825,JANPHL_00360
group_2302,OMP-b-brl domain-containing protein,OMP-b-brl domain-containing protein,3,3,1,1,576,,,,479,479,479,ICDOIP_16630,JCOPOM_14565,JANPHL_16070
ABM domain-containing protein,,ABM domain-containing protein,3,3,1,4,693,,,,386,386,386,ICDOIP_23385,JCOPOM_22335,JANPHL_23430
group_2304,acrR,"DNA-binding protein, AcrR family, includes nucleoid occlusion protein SlmA",3,3,1,5,197,,,,536,536,536,ICDOIP_09495,JCOPOM_11515,JANPHL_08840
trbJ,,P-type conjugative transfer protein TrbJ,3,3,1,4,663,,,,758,758,758,ICDOIP_23570,JCOPOM_22180,JANPHL_24000
fbp,,class 1 fructose-bisphosphatase,3,3,1,4,322,,,,1016,1016,1016,ICDOIP_12035,JCOPOM_09415,JANPHL_12070
group_2307,trxA,Thiol-disulfide isomerase or thioredoxin,3,3,1,3,380,,,,554,554,554,ICDOIP_05500,JCOPOM_07730,JANPHL_05485
ATP-dependent zinc protease,,ATP-dependent zinc protease,3,3,1,5,80,,,,428,428,428,ICDOIP_10090,JCOPOM_10880,JANPHL_09435
group_2309,mtnN,5'-methylthioadenosine/S-adenosylhomocysteine nucleosidase,3,3,1,4,447,,,,695,695,695,ICDOIP_12710,JCOPOM_08745,JANPHL_11395
cry,,Cryptochrome DASH,3,3,1,5,109,,,,1337,1337,1337,ICDOIP_09930,JCOPOM_11045,JANPHL_09275
ycfP,,alpha/beta hydrolase YcfP,3,3,1,1,1070,,,,539,539,539,ICDOIP_08285,JCOPOM_04820,JANPHL_06910
yjbE,,YjbE secreted protein,3,3,1,4,198,,,,218,218,218,ICDOIP_15450,JCOPOM_09880,JANPHL_14815
group_2312,mscS,Small-conductance mechanosensitive channel,3,3,1,3,332,,,,1679,1679,1679,ICDOIP_05735,JCOPOM_07965,JANPHL_05250
group_2313,ubiG,bifunctional 2-polyprenyl-6-hydroxyphenol methylase/3-demethylubiquinol 3-O-methyltransferase UbiG,3,3,1,3,114,,,,707,707,707,ICDOIP_06835,JCOPOM_16655,JANPHL_04150
aHP1,,Peroxiredoxin,3,3,1,2,494,,,,473,473,473,ICDOIP_01385,JCOPOM_02375,JANPHL_02475
Replication protein,,Replication protein,3,3,1,4,614,,,,611,611,611,ICDOIP_20980,JCOPOM_20645,JANPHL_20895
rplD,,50S ribosomal protein L4,3,3,1,4,269,,,,602,602,602,ICDOIP_11770,JCOPOM_09680,JANPHL_12335
ugpQ,,Glycerophosphoryl diester phosphodiesterase,3,3,1,5,53,,,,710,710,710,ICDOIP_10225,JCOPOM_10750,JANPHL_09570
Hydroxylamine reductase,,Hydroxylamine reductase,3,3,1,2,450,,,,221,221,221,ICDOIP_01160,JCOPOM_02150,JANPHL_02700
DUF4229 domain-containing protein,,DUF4229 domain-containing protein,3,3,1,1,321,,,,203,203,203,ICDOIP_17610,JCOPOM_13385,JANPHL_16975
HTH araC/xylS-type domain-containing protein,,HTH araC/xylS-type domain-containing protein,3,3,1,5,83,,,,245,245,245,ICDOIP_10070,JCOPOM_10900,JANPHL_09415
Glutaredoxin domain-containing protein,,Glutaredoxin domain-containing protein,3,3,1,2,462,,,,182,182,182,ICDOIP_01225,JCOPOM_02215,JANPHL_02635
vscJ,,SctJ family type III secretion inner membrane ring lipoprotein Vsc,3,3,1,1,339,,,,746,746,746,ICDOIP_17695,JCOPOM_13470,JANPHL_17060
nirD,,nitrite reductase small subunit NirD,3,3,1,2,207,,,,323,323,323,ICDOIP_19940,JCOPOM_00925,JANPHL_19970
napD,,Cytoplasmic chaperone NapD for the signal peptide of periplasmic nitrate reductase NapAB,3,3,1,2,415,,,,308,308,308,ICDOIP_00990,JCOPOM_01980,JANPHL_02870
group_2324,Membrane protein,Membrane protein,3,3,1,2,842,,,,107,107,107,ICDOIP_03115,JCOPOM_15210,JANPHL_00740
group_2325,sapB,"Magnesium uptake protein YhiD/SapB, involved in acid resistance",3,3,1,10,25,,,,497,497,497,ICDOIP_21285,JCOPOM_21115,JANPHL_21370
ftsB,,cell division protein FtsB,3,3,1,3,721,,,,281,281,281,ICDOIP_20605,JCOPOM_05990,JANPHL_20380
group_2327,gcvR,Glycine cleavage system regulator GcvR,3,3,1,3,121,,,,512,512,512,ICDOIP_06800,JCOPOM_16690,JANPHL_04185
yigA,,DUF484 domain-containing protein,3,3,1,9,48,,,,704,704,704,ICDOIP_22365,JCOPOM_20190,JANPHL_22595
group_2329,glgC,glucose-1-phosphate adenylyltransferase,3,3,1,1,1020,,,,1217,1217,1217,ICDOIP_08535,JCOPOM_04570,JANPHL_06660
group_233,znuA,"ABC-type Zn uptake system ZnuABC, Zn-binding component ZnuA",3,3,1,5,72,,,,827,827,827,ICDOIP_10130,JCOPOM_10845,JANPHL_09475
vmeZ,,multidrug efflux RND transporter permease subunit VmeZ,3,3,1,2,406,,,,3152,3152,3152,ICDOIP_00945,JCOPOM_01935,JANPHL_02915
mshK,,MSHA biogenesis protein MshK,3,3,1,4,683,,,,122,122,122,ICDOIP_23335,JCOPOM_22285,JANPHL_23380
group_2332,lysM,LysM domain-containing protein,3,3,1,3,715,,,,923,923,923,ICDOIP_20635,JCOPOM_06020,JANPHL_20350
lpdA,,dihydrolipoyl dehydrogenase,3,3,1,3,678,,,,1427,1427,1427,ICDOIP_04010,JCOPOM_06240,JANPHL_17485
panB,,3-methyl-2-oxobutanoate hydroxymethyltransferase,3,3,1,3,669,,,,794,794,794,ICDOIP_04055,JCOPOM_06290,JANPHL_17530
yhhQ,,7-cyano-7-deazaguanine/7-aminomethyl-7-deazaguanine transporter,3,3,1,13,10,,,,668,668,668,ICDOIP_23000,JCOPOM_23290,JANPHL_23045
yeaH,,UPF0229 protein VP0986,3,3,1,1,1054,,,,1271,1271,1271,ICDOIP_08365,JCOPOM_04740,JANPHL_06830
dnaN,,DNA polymerase III subunit beta,3,3,1,8,55,,,,1100,1100,1100,ICDOIP_19515,JCOPOM_19450,JANPHL_19820
DUF3012 domain-containing protein,,DUF3012 domain-containing protein,3,3,1,5,183,,,,263,263,263,ICDOIP_09565,JCOPOM_11445,JANPHL_08910
UPF0251 protein VPA0321,,UPF0251 protein VPA0321,3,3,1,5,224,,,,290,290,290,ICDOIP_09355,JCOPOM_11675,JANPHL_08700
DUF4430 domain-containing protein,,DUF4430 domain-containing protein,3,3,1,5,68,,,,554,554,554,ICDOIP_10150,JCOPOM_10825,JANPHL_09495
pheA,,prephenate dehydratase,3,3,1,4,374,,,,1178,1178,1178,ICDOIP_13080,JCOPOM_08380,JANPHL_11025
hlpA,,"Periplasmic chaperone for outer membrane proteins, Skp family",3,3,1,3,472,,,,566,566,566,ICDOIP_05045,JCOPOM_07275,JANPHL_05940
adk,,adenylate kinase,3,3,1,1,1217,,,,644,644,644,ICDOIP_07570,JCOPOM_05570,JANPHL_07635
group_2343,lysR,"DNA-binding transcriptional regulator, LysR family",3,3,1,5,218,,,,884,884,884,ICDOIP_09385,JCOPOM_11645,JANPHL_08730
Nitrite reductase,,Nitrite reductase,3,3,1,2,217,,,,254,254,254,ICDOIP_00015,JCOPOM_00990,JANPHL_03850
fliN,,Flagellar motor switch/type III secretory pathway protein FliN,3,3,1,3,405,,,,410,410,410,ICDOIP_05380,JCOPOM_07610,JANPHL_05605
group_2346,rlmI,Ribosomal RNA large subunit methyltransferase I,3,3,1,1,403,,,,1193,1193,1193,ICDOIP_21835,JCOPOM_13760,JANPHL_22045
group_2347,perM,putative PurR-regulated permease PerM,3,3,1,3,439,,,,1070,1070,1070,ICDOIP_05210,JCOPOM_07440,JANPHL_05775
nusG,,transcription termination/antitermination protein NusG,3,3,1,15,8,,,,548,548,548,ICDOIP_22835,JCOPOM_23455,JANPHL_22880
iclR,,"DNA-binding transcriptional regulator, IclR family",3,3,1,5,607,,,,734,734,734,ICDOIP_13810,JCOPOM_18840,JANPHL_13155
DUF3450 domain-containing protein,,DUF3450 domain-containing protein,3,3,1,5,58,,,,758,758,758,ICDOIP_10200,JCOPOM_10775,JANPHL_09545
rplR,,50S ribosomal protein L18,3,3,1,4,284,,,,353,353,353,ICDOIP_11845,JCOPOM_09605,JANPHL_12260
group_2351,hypothetical protein,hypothetical protein,3,3,1,4,540,,,,308,308,308,ICDOIP_21030,JCOPOM_20695,JANPHL_20845
group_2352,recX,Regulatory protein RecX,3,3,1,4,659,,,,152,152,152,ICDOIP_23590,JCOPOM_22160,JANPHL_23570
carB,,carbamoyl-phosphate synthase large subunit,3,3,1,4,456,,,,3233,3233,3233,ICDOIP_12670,JCOPOM_08785,JANPHL_11435
NIT domain-containing protein,,NIT domain-containing protein,3,3,1,3,252,,,,806,806,806,ICDOIP_06145,JCOPOM_17355,JANPHL_04840
trmL,,tRNA (uridine(34)/cytosine(34)/5-carboxymethylaminomethyluridine(34)-2'-O)-methyltransferase TrmL,3,3,1,10,36,,,,479,479,479,ICDOIP_21340,JCOPOM_21060,JANPHL_21315
group_2356,perM,putative PurR-regulated permease PerM,3,3,1,4,78,,,,1028,1028,1028,ICDOIP_16045,JCOPOM_10490,JANPHL_15410
group_2357,rhtB,Threonine/homoserine/homoserine lactone efflux protein,3,3,1,5,413,,,,632,632,632,ICDOIP_14105,JCOPOM_12590,JANPHL_13450
pilU,,"Type IV pilus assembly protein, ATPase PilU",3,3,1,3,15,,,,1106,1106,1106,ICDOIP_20345,JCOPOM_05735,JANPHL_20640
Outer membrane receptor for ferrienterochelin and colicins,,Outer membrane receptor for ferrienterochelin and colicins,3,3,1,2,945,,,,677,677,677,ICDOIP_03575,JCOPOM_21595,JANPHL_00280
sbcC,,Putative ATP-dependent dsDNA exonuclease SbcC,3,3,1,1,969,,,,959,959,959,ICDOIP_10305,JCOPOM_04310,JANPHL_09650
flgE,,flagellar hook protein FlgE,3,3,1,1,42,,,,1313,1313,1313,ICDOIP_07330,JCOPOM_21455,JANPHL_07875
corB,,"Mg2+ and Co2+ transporter CorB, contains DUF21, CBS pair, and CorC-HlyC domains",3,3,1,3,697,,,,1280,1280,1280,ICDOIP_03915,JCOPOM_06145,JANPHL_17390
Phosphatidylinositol kinase,,Phosphatidylinositol kinase,3,3,1,3,81,,,,299,299,299,ICDOIP_07000,JCOPOM_16490,JANPHL_03985
fliL,,Flagellar basal body-associated protein FliL,3,3,1,9,38,,,,410,410,410,ICDOIP_22525,JCOPOM_20345,JANPHL_22435
yeaQ,,"Uncharacterized membrane protein YeaQ/YmgE, transglycosylase-associated protein family",3,3,1,3,334,,,,248,248,248,ICDOIP_05725,JCOPOM_07955,JANPHL_05260
rimK,,30S ribosomal protein S6--L-glutamate ligase,3,3,1,5,81,,,,905,905,905,ICDOIP_10085,JCOPOM_10885,JANPHL_09430
phoR,,phosphate regulon sensor histidine kinase PhoR,3,3,1,6,8,,,,1298,1298,1298,ICDOIP_15295,JCOPOM_17435,JANPHL_14660
group_2367,greA,transcription elongation factor GreA,3,3,1,3,629,,,,473,473,473,ICDOIP_04255,JCOPOM_06490,JANPHL_17730
rmuC,,DNA recombination protein RmuC,3,3,1,4,81,,,,1544,1544,1544,ICDOIP_16030,JCOPOM_10475,JANPHL_15395
yggX,,oxidative damage protection protein,3,3,1,3,2,,,,272,272,272,ICDOIP_20280,JCOPOM_05670,JANPHL_20705
group_237,elsH,"Metal-dependent hydrolase, endonuclease/exonuclease/phosphatase family",3,3,1,1,968,,,,1328,1328,1328,ICDOIP_10310,JCOPOM_04305,JANPHL_09655
dps,,DNA-binding ferritin-like protein (oxidative damage protectant),3,3,1,5,441,,,,479,479,479,ICDOIP_13965,JCOPOM_12730,JANPHL_13310
group_2371,groL,chaperonin GroEL,3,3,1,10,27,,,,1643,1643,1643,ICDOIP_21295,JCOPOM_21105,JANPHL_21360
fimC,,"P pilus assembly protein, chaperone PapD",3,3,1,2,616,,,,758,758,758,ICDOIP_02020,JCOPOM_02985,JANPHL_01840
group_2373,fdx,ISC system 2Fe-2S type ferredoxin,3,3,1,6,38,,,,338,338,338,ICDOIP_15145,JCOPOM_17580,JANPHL_14510
ilvE,,branched-chain-amino-acid transaminase,3,3,1,8,106,,,,938,938,938,ICDOIP_19750,JCOPOM_19685,JANPHL_19585
group_2375,abgT,p-Aminobenzoyl-glutamate transporter AbgT,3,3,1,3,492,,,,1586,1586,1586,ICDOIP_04935,JCOPOM_07165,JANPHL_06050
Malate dehydrogenase,,Malate dehydrogenase,3,3,1,4,333,,,,191,191,191,ICDOIP_12090,JCOPOM_09360,JANPHL_12015
DUF1488 domain-containing protein,,DUF1488 domain-containing protein,3,3,1,8,2,,,,263,263,263,ICDOIP_19885,JCOPOM_19820,JANPHL_19450
DUF3634 domain-containing protein,,DUF3634 domain-containing protein,3,3,1,1,439,,,,311,311,311,ICDOIP_22020,JCOPOM_13945,JANPHL_21860
DUF1887 domain-containing protein,,DUF1887 domain-containing protein,3,3,1,1,1077,,,,1160,1160,1160,ICDOIP_08250,JCOPOM_04855,JANPHL_06945
group_238,bioA,adenosylmethionine--8-amino-7-oxononanoate transaminase,3,3,1,1,954,,,,1280,1280,1280,ICDOIP_10380,JCOPOM_04235,JANPHL_09725
PapD-N domain-containing protein,,PapD-N domain-containing protein,3,3,1,4,559,,,,749,749,749,ICDOIP_21125,JCOPOM_20790,JANPHL_20750
DUF2999 domain-containing protein,,DUF2999 domain-containing protein,3,3,1,11,54,,,,251,251,251,ICDOIP_22265,JCOPOM_22090,JANPHL_22125
group_2382,tssF,type VI secretion system baseplate subunit TssF,3,3,1,1,633,,,,1748,1748,1748,ICDOIP_16365,JCOPOM_20070,JANPHL_16335
ccoH,,CcoH,3,3,1,1,494,,,,476,476,476,ICDOIP_17020,JCOPOM_14170,JANPHL_15680
group_2384,estA,"Triacylglycerol esterase/lipase EstA, alpha/beta hydrolase fold",3,3,1,2,466,,,,617,617,617,ICDOIP_01245,JCOPOM_02235,JANPHL_02615
rpsC,,30S ribosomal protein S3,3,3,1,4,274,,,,698,698,698,ICDOIP_11795,JCOPOM_09655,JANPHL_12310
group_2386,Conjugal transfer protein,Conjugal transfer protein,3,3,1,4,688,,,,515,515,515,ICDOIP_23360,JCOPOM_22310,JANPHL_23405
yegQ,,tRNA 5-hydroxyuridine modification protein YegQ,3,3,1,6,5,,,,1400,1400,1400,ICDOIP_15310,JCOPOM_17420,JANPHL_14675
purE,,N5-carboxyaminoimidazole ribonucleotide mutase,3,3,1,8,6,,,,485,485,485,ICDOIP_19865,JCOPOM_19800,JANPHL_19470
sirB1,,"Regulator of sirC expression, contains transglutaminase-like and TPR domains",3,3,1,1,11,,,,809,809,809,ICDOIP_07175,JCOPOM_21300,JANPHL_08030
DUF1365 domain-containing protein,,DUF1365 domain-containing protein,3,3,1,1,944,,,,818,818,818,ICDOIP_10430,JCOPOM_04185,JANPHL_09775
dmsB,,dimethylsulfoxide reductase subunit B,3,3,1,1,582,,,,629,629,629,ICDOIP_16600,JCOPOM_14595,JANPHL_16100
ompR,,"DNA-binding response regulator, OmpR family, contains REC and winged-helix (wHTH) domain",3,3,1,10,33,,,,689,689,689,ICDOIP_21325,JCOPOM_21075,JANPHL_21330
fabH1,,Beta-ketoacyl-[acyl-carrier-protein] synthase III 1,3,3,1,3,238,,,,950,950,950,ICDOIP_06215,JCOPOM_17285,JANPHL_04770
group_2393,yjhB,"ADP-ribose pyrophosphatase YjhB, NUDIX family",3,3,1,5,212,,,,725,725,725,ICDOIP_09415,JCOPOM_11615,JANPHL_08760
mlaF,,phospholipid ABC transporter ATP-binding protein MlaF,3,3,1,1,158,,,,803,803,803,ICDOIP_18730,JCOPOM_19175,JANPHL_18760
fadR,,fatty acid metabolism transcriptional regulator FadR,3,3,1,3,253,,,,839,839,839,ICDOIP_06140,JCOPOM_17360,JANPHL_04845
licD,,Phosphorylcholine metabolism protein LicD,3,3,1,1,751,,,,809,809,809,ICDOIP_11400,JCOPOM_03215,JANPHL_10745
ndh,,"NADH dehydrogenase, FAD-containing subunit",3,3,1,1,1069,,,,1289,1289,1289,ICDOIP_08290,JCOPOM_04815,JANPHL_06905
cofD,,"Archaeal 2-phospho-L-lactate transferase/Bacterial gluconeogenesis factor, CofD/UPF0052 family",3,3,1,3,279,,,,893,893,893,ICDOIP_06010,JCOPOM_08245,JANPHL_04975
group_2399,pTR2,Dipeptide/tripeptide permease,3,3,1,1,1215,,,,1388,1388,1388,ICDOIP_07580,JCOPOM_05560,JANPHL_07625
Zinc ABC transporter permease,,Zinc ABC transporter permease,3,3,1,1,942,,,,512,512,512,ICDOIP_10440,JCOPOM_04175,JANPHL_09785
rnr,,ribonuclease R,3,3,1,7,15,,,,2507,2507,2507,ICDOIP_18995,JCOPOM_22870,JANPHL_19365
putative lipopolysaccharide assembly protein A,,putative lipopolysaccharide assembly protein A,3,3,1,3,210,,,,293,293,293,ICDOIP_06355,JCOPOM_17145,JANPHL_04630
group_2402,tadA,tRNA adenosine(34) deaminase TadA,3,3,1,6,112,,,,524,524,524,ICDOIP_14780,JCOPOM_17850,JANPHL_14145
iscR,,Fe-S cluster assembly transcriptional regulator IscR,3,3,1,6,32,,,,476,476,476,ICDOIP_15175,JCOPOM_17550,JANPHL_14540
DUF3581 domain-containing protein,,DUF3581 domain-containing protein,3,3,1,1,800,,,,725,725,725,ICDOIP_11155,JCOPOM_03460,JANPHL_10500
rplQ,,50S ribosomal protein L17,3,3,1,4,294,,,,380,380,380,ICDOIP_11895,JCOPOM_09555,JANPHL_12210
group_2406,tupA,"ABC-type tungstate transport system, periplasmic component",3,3,1,1,530,,,,698,698,698,ICDOIP_16845,JCOPOM_14350,JANPHL_15855
zur,,zinc uptake transcriptional repressor Zur,3,3,1,7,64,,,,464,464,464,ICDOIP_19375,JCOPOM_22670,JANPHL_18985
CBS-domain-containing membrane protein,,CBS-domain-containing membrane protein,3,3,1,1,1080,,,,419,419,419,ICDOIP_08235,JCOPOM_04870,JANPHL_06960
hupB,,DNA-binding protein HU-beta,3,3,1,1,1115,,,,272,272,272,ICDOIP_08045,JCOPOM_05055,JANPHL_07155
Chalcone-isomerase domain-containing protein,,Chalcone-isomerase domain-containing protein,3,3,1,1,941,,,,593,593,593,ICDOIP_10445,JCOPOM_04170,JANPHL_09790
group_2410,ispD,Ribitol-5-phosphate cytidylyltransferase,3,3,1,1,753,,,,716,716,716,ICDOIP_11390,JCOPOM_03225,JANPHL_10735
group_2411,trpB,tryptophan synthase subunit beta,3,3,1,3,140,,,,1190,1190,1190,ICDOIP_06685,JCOPOM_16805,JANPHL_04300
group_2412,DUF2955 domain-containing protein,DUF2955 domain-containing protein,3,3,1,1,1085,,,,743,743,743,ICDOIP_08205,JCOPOM_04900,JANPHL_06990
Resolvase/invertase-type recombinase catalytic domain-containing protein,,Resolvase/invertase-type recombinase catalytic domain-containing protein,3,3,1,25,3,,,,557,557,557,ICDOIP_24520,JCOPOM_23905,JANPHL_24545
group_2414,spo0J,"Chromosome segregation protein Spo0J, contains ParB-like nuclease domain",3,3,1,2,856,,,,974,974,974,ICDOIP_03185,JCOPOM_15140,JANPHL_00670
group_2415,eAL,"EAL domain, c-di-GMP-specific phosphodiesterase class I (or its enzymatically inactive variant)",3,3,1,2,73,,,,788,788,788,ICDOIP_18225,JCOPOM_00250,JANPHL_18245
rseB,,sigma-E factor regulatory protein RseB,3,3,1,3,736,,,,962,962,962,ICDOIP_20530,JCOPOM_05915,JANPHL_20455
thyA,,thymidylate synthase,3,3,1,4,402,,,,851,851,851,ICDOIP_12935,JCOPOM_08525,JANPHL_11170
rsmS,,pleiotropic regulatory protein RsmS,3,3,1,1,1039,,,,164,164,164,ICDOIP_08440,JCOPOM_04665,JANPHL_06755
malQ,,4-alpha-glucanotransferase,3,3,1,2,726,,,,2180,2180,2180,ICDOIP_02535,JCOPOM_15790,JANPHL_01320
lpxH,,"UDP-2,3-diacylglucosamine diphosphatase",3,3,1,1,920,,,,653,728,703,ICDOIP_10550,JCOPOM_04065,JANPHL_09895
cydX,,cytochrome bd-I oxidase subunit CydX,3,3,1,1,992,,,,107,107,107,ICDOIP_08675,JCOPOM_04430,JANPHL_06520
atpA,,F0F1 ATP synthase subunit alpha,3,3,1,8,95,,,,1541,1541,1541,ICDOIP_19695,JCOPOM_19630,JANPHL_19640
accC,,acetyl-CoA carboxylase biotin carboxylase subunit,3,3,1,10,48,,,,1343,1343,1343,ICDOIP_21435,JCOPOM_20965,JANPHL_21220
elyC,,envelope biogenesis factor ElyC,3,3,1,1,1011,,,,785,785,785,ICDOIP_08580,JCOPOM_04525,JANPHL_06615
gmhB,,"D-glycero-beta-D-manno-heptose 1,7-bisphosphate 7-phosphatase",3,3,1,6,164,,,,551,551,551,ICDOIP_14550,JCOPOM_18080,JANPHL_13915
Fimbrial biogenesis outer membrane usher protein,,Fimbrial biogenesis outer membrane usher protein,3,3,1,4,558,,,,2735,2735,2735,ICDOIP_21120,JCOPOM_20785,JANPHL_20755
nusB,,transcription antitermination factor NusB,3,3,1,6,132,,,,467,467,467,ICDOIP_14675,JCOPOM_17955,JANPHL_14040
Adenosine deaminase,,Adenosine deaminase,3,3,1,2,492,,,,140,140,140,ICDOIP_01375,JCOPOM_02365,JANPHL_02485
bamA,,Outer membrane protein assembly factor BamA,3,3,1,3,661,,,,2315,2315,2315,ICDOIP_04095,JCOPOM_06330,JANPHL_17570
group_2429,napC,Tetraheme cytochrome c subunit NapC of nitrate or TMAO reductase,3,3,1,2,418,,,,578,578,578,ICDOIP_01005,JCOPOM_01995,JANPHL_02855
Cupin,,Cupin,3,3,1,1,910,,,,137,137,137,ICDOIP_10600,JCOPOM_04015,JANPHL_09945
frdA,,fumarate reductase (quinol) flavoprotein subunit,3,3,1,10,17,,,,1799,1799,1799,ICDOIP_21245,JCOPOM_21155,JANPHL_21410
clpB,,ATP-dependent chaperone ClpB,3,3,1,4,368,,,,2573,2573,2573,ICDOIP_13110,JCOPOM_08350,JANPHL_10995
motA,,flagellar motor protein,3,3,1,6,182,,,,761,761,761,ICDOIP_14645,JCOPOM_17985,JANPHL_14010
hcp,,Type VI protein secretion system component Hcp (secreted cytotoxin),3,3,1,2,245,,,,479,479,479,ICDOIP_00165,JCOPOM_01145,JANPHL_03695
rpoD,,RNA polymerase sigma factor RpoD,3,3,1,4,519,,,,1862,1862,1862,ICDOIP_12350,JCOPOM_09105,JANPHL_11755
group_2435,Lipoprotein,Lipoprotein,3,3,1,4,630,,,,386,386,386,ICDOIP_20900,JCOPOM_20565,JANPHL_20975
edd,,phosphogluconate dehydratase,3,3,1,4,49,,,,1796,1796,1796,ICDOIP_16190,JCOPOM_10635,JANPHL_15555
pgpA,,phosphatidylglycerophosphatase A,3,3,1,6,134,,,,506,506,506,ICDOIP_14665,JCOPOM_17965,JANPHL_14030
recombinase family protein,,recombinase family protein,3,3,1,4,547,,,,530,530,530,ICDOIP_21065,JCOPOM_20730,JANPHL_20810
carA,,carbamoyl phosphate synthase small subunit,3,3,1,4,457,,,,1139,1139,1139,ICDOIP_12665,JCOPOM_08790,JANPHL_11440
pspB,,envelope stress response membrane protein PspB,3,3,1,1,894,,,,233,233,233,ICDOIP_10680,JCOPOM_03935,JANPHL_10025
araG,,L-arabinose ABC transporter ATP-binding protein AraG,3,3,1,2,777,,,,1448,1448,1448,ICDOIP_02795,JCOPOM_15540,JANPHL_01060
nhaR,,transcriptional activator NhaR,3,3,1,4,399,,,,890,890,890,ICDOIP_12950,JCOPOM_08510,JANPHL_11155
Pyridoxamine 5-phosphate oxidase,,Pyridoxamine 5-phosphate oxidase,3,3,1,2,866,,,,209,209,209,ICDOIP_03235,JCOPOM_15090,JANPHL_00620
thrS,,threonine--tRNA ligase,3,3,1,1,792,,,,1928,1928,1928,ICDOIP_11195,JCOPOM_03420,JANPHL_10540
sucD,,succinate--CoA ligase subunit alpha,3,3,1,1,1189,,,,872,872,872,ICDOIP_07705,JCOPOM_05435,JANPHL_07495
plsB,,glycerol-3-phosphate 1-O-acyltransferase PlsB,3,3,1,9,35,,,,2426,2426,2426,ICDOIP_22540,JCOPOM_20360,JANPHL_22420
DUF4871 domain-containing protein,,DUF4871 domain-containing protein,3,3,1,10,58,,,,482,482,482,ICDOIP_21385,JCOPOM_21015,JANPHL_21270
rpsT,,30S ribosomal protein S20,3,3,1,4,397,,,,260,260,260,ICDOIP_12960,JCOPOM_08500,JANPHL_11145
glpR,,DeoR/GlpR family transcriptional regulator,3,3,1,3,550,,,,791,791,791,ICDOIP_04655,JCOPOM_06885,JANPHL_06330
rpsO,,30S ribosomal protein S15,3,3,1,3,616,,,,269,269,269,ICDOIP_04330,JCOPOM_06565,JANPHL_17805
limK,,lipase secretion chaperone,3,3,1,1,888,,,,851,851,851,ICDOIP_10710,JCOPOM_03905,JANPHL_10055
group_2450,MFS transporter,MFS transporter,3,3,1,4,695,,,,1967,1967,1967,ICDOIP_23395,JCOPOM_22345,JANPHL_23440
group_2451,wbbJ,"Acetyltransferase, isoleucine patch superfamily",3,3,1,5,114,,,,554,554,554,ICDOIP_09905,JCOPOM_11100,JANPHL_09250
group_2452,Secreted protein,Secreted protein,3,3,1,1,56,,,,170,170,170,ICDOIP_07400,JCOPOM_21525,JANPHL_07805
group_2453,traF,conjugative transfer signal peptidase TraF,3,3,1,4,687,,,,512,512,512,ICDOIP_23355,JCOPOM_22305,JANPHL_23400
nhaD,,sodium:proton antiporter NhaD,3,3,1,2,979,,,,1430,1430,1430,ICDOIP_03405,JCOPOM_14915,JANPHL_00450
proS,,proline--tRNA ligase,3,3,1,3,495,,,,1715,1715,1715,ICDOIP_04920,JCOPOM_07150,JANPHL_06065
group_2456,glxA,"Transcriptional regulator GlxA, contains an amidase domain and an AraC-type DNA-binding HTH domain",3,3,1,5,476,,,,983,983,983,ICDOIP_13155,JCOPOM_18275,JANPHL_12500
rpsP,,30S ribosomal protein S16,3,3,1,3,694,,,,248,248,248,ICDOIP_03930,JCOPOM_06160,JANPHL_17405
cheC,,"Phosphoaspartate phosphatase CheC, specific for CheY-P",3,3,1,2,381,,,,1004,1004,1004,ICDOIP_00820,JCOPOM_01810,JANPHL_03040
UPF0391 membrane protein VP0082,,UPF0391 membrane protein VP0082,3,3,1,4,69,,,,176,176,176,ICDOIP_16090,JCOPOM_10535,JANPHL_15455
hdrC,,"Heterodisulfide reductase, subunit C",3,3,1,1,870,,,,1796,1796,1796,ICDOIP_10800,JCOPOM_03815,JANPHL_10145
group_2460,ompR,"DNA-binding response regulator, OmpR family, contains REC and winged-helix (wHTH) domain",3,3,1,5,55,,,,665,665,665,ICDOIP_10215,JCOPOM_10760,JANPHL_09560
yfbR,,5'-deoxynucleotidase,3,3,1,1,1109,,,,584,584,584,ICDOIP_08075,JCOPOM_05025,JANPHL_07125
Type II secretion system (T2SS) pilotin (S protein),,Type II secretion system (T2SS) pilotin (S protein),3,3,1,3,152,,,,392,392,392,ICDOIP_06625,JCOPOM_16865,JANPHL_04360
matP,,macrodomain Ter protein MatP,3,3,1,1,438,,,,449,449,449,ICDOIP_22015,JCOPOM_13940,JANPHL_21865
recA,,recombinase RecA,3,3,1,3,711,,,,1043,1043,1043,ICDOIP_20655,JCOPOM_06040,JANPHL_20330
group_2465,lysM,LysM repeat,3,3,1,3,459,,,,1586,1586,1586,ICDOIP_05110,JCOPOM_07340,JANPHL_05875
group_2466,rpfG,"Response regulator c-di-GMP phosphodiesterase, RpfG family, contains REC and HD-GYP domains",3,3,1,2,66,,,,1751,1751,1751,ICDOIP_18190,JCOPOM_00215,JANPHL_18280
efp,,elongation factor P,3,3,1,10,22,,,,566,566,566,ICDOIP_21270,JCOPOM_21130,JANPHL_21385
atpG,,F0F1 ATP synthase subunit gamma,3,3,1,8,96,,,,866,866,866,ICDOIP_19700,JCOPOM_19635,JANPHL_19635
yeaC,,DUF1315 domain-containing protein,3,3,1,3,319,,,,284,284,284,ICDOIP_05800,JCOPOM_08030,JANPHL_05185
group_247,sseA,"3-mercaptopyruvate sulfurtransferase SseA, contains two rhodanese domains",3,3,1,1,869,,,,983,983,983,ICDOIP_10805,JCOPOM_03810,JANPHL_10150
folA,,type 3 dihydrofolate reductase,3,3,1,4,340,,,,482,482,482,ICDOIP_12125,JCOPOM_09325,JANPHL_11980
group_2471,yocR,"Na+-dependent transporter, SNF family",3,3,1,3,499,,,,1364,1364,1364,ICDOIP_04900,JCOPOM_07130,JANPHL_06085
brnQ,,branched-chain amino acid transport system II carrier protein,3,3,1,4,419,,,,1313,1313,1313,ICDOIP_12850,JCOPOM_08610,JANPHL_11255
yaeQ,,"Uncharacterized conserved protein YaeQ, suppresses RfaH defect",3,3,1,5,430,,,,545,545,545,ICDOIP_14020,JCOPOM_12670,JANPHL_13365
group_2474,hypothetical protein,hypothetical protein,3,3,1,5,181,,,Hypothetical protein with no hits to refseq/uniprot/clusters/cdd/tigrfams/pfam overlapping another protein with hits,119,119,119,ICDOIP_09575,JCOPOM_11435,JANPHL_08920
tusA,,"Sulfur carrier protein TusA (tRNA thiolation, molybdenum cofactor biosynthesis)",3,3,1,3,440,,,,245,245,245,ICDOIP_05205,JCOPOM_07435,JANPHL_05780
folB,,"bifunctional dihydroneopterin aldolase/7,8-dihydroneopterin epimerase",3,3,1,4,512,,,,359,359,359,ICDOIP_12385,JCOPOM_09070,JANPHL_11720
group_2477,trxA,thioredoxin TrxA,3,3,1,13,7,,,,326,326,326,ICDOIP_22985,JCOPOM_23305,JANPHL_23030
galM,,galactose-1-epimerase,3,3,1,3,562,,,,1064,1064,1064,ICDOIP_04600,JCOPOM_06835,JANPHL_06385
dgt,,anti-phage deoxyguanosine triphosphatase,3,3,1,1,1110,,,,1322,1322,1322,ICDOIP_08070,JCOPOM_05030,JANPHL_07130
group_248,Signal transduction histidine kinase regulating C4-dicarboxylate transport system,Signal transduction histidine kinase regulating C4-dicarboxylate transport system,3,3,1,1,868,,,,1637,1802,1747,ICDOIP_10810,JCOPOM_03805,JANPHL_10155
satP,,acetate uptake transporter,3,3,1,6,56,,,,590,590,590,ICDOIP_15055,JCOPOM_17670,JANPHL_14420
infA,,translation initiation factor IF-1,3,3,1,1,1027,,,,218,218,218,ICDOIP_08500,JCOPOM_04605,JANPHL_06695
minE,,cell division topological specificity factor MinE,3,3,1,1,1170,,,,263,263,263,ICDOIP_07805,JCOPOM_05335,JANPHL_07395
group_2483,ompR,"DNA-binding response regulator, OmpR family, contains REC and winged-helix (wHTH) domain",3,3,1,2,293,,,,668,668,668,ICDOIP_00400,JCOPOM_01380,JANPHL_03460
Topoisomerase II,,Topoisomerase II,3,3,1,1,548,,,,344,344,344,ICDOIP_16770,JCOPOM_14425,JANPHL_15930
ktrA,,Ktr system potassium uptake protein A,3,3,1,1,1130,,,,662,662,662,ICDOIP_07970,JCOPOM_05130,JANPHL_07230
bfd,,Bacterioferritin-associated ferredoxin,3,3,1,7,50,,,,188,188,188,ICDOIP_19165,JCOPOM_22470,JANPHL_19195
Glycosyl transferase,,Glycosyl transferase,3,3,1,2,74,,,,632,632,632,ICDOIP_18230,JCOPOM_00255,JANPHL_18240
ilvN,,acetolactate synthase small subunit,3,3,1,4,359,,,,494,494,494,ICDOIP_12220,JCOPOM_09230,JANPHL_11885
sirB2,,Uncharacterized membrane protein SirB2,3,3,1,1,10,,,,383,383,383,ICDOIP_07170,JCOPOM_21295,JANPHL_08035
group_249,hypothetical protein,hypothetical protein,3,3,1,1,865,,,,206,206,206,ICDOIP_10825,JCOPOM_03790,JANPHL_10170
group_2490,emrE,Multidrug transporter EmrE and related cation transporters,3,3,1,11,29,,,,314,314,314,ICDOIP_22145,JCOPOM_21965,JANPHL_22245
arsC,,arsenate reductase (glutaredoxin),3,3,1,3,442,,,,350,350,350,ICDOIP_05195,JCOPOM_07425,JANPHL_05790
Restriction endonuclease subunit S,,Restriction endonuclease subunit S,3,3,1,2,560,,,,200,200,200,ICDOIP_01740,JCOPOM_02710,JANPHL_02120
yfcZ,,DUF406 domain-containing protein,3,3,1,5,310,,,,299,299,299,ICDOIP_08945,JCOPOM_12110,JANPHL_08290
Aminopeptidase,,Aminopeptidase,3,3,1,13,11,,,,305,305,305,ICDOIP_23005,JCOPOM_23285,JANPHL_23050
group_2495,fliQ,flagellar biosynthesis protein FliQ,3,3,1,2,652,,,,269,269,269,ICDOIP_02195,JCOPOM_16155,JANPHL_01665
priC,,Primosomal replication protein N'',3,3,1,1,1038,,,,545,545,545,ICDOIP_08445,JCOPOM_04660,JANPHL_06750
tssJ,,type VI secretion system lipoprotein TssJ,3,3,1,2,260,,,,455,455,455,ICDOIP_00240,JCOPOM_01220,JANPHL_03620
grpE,,nucleotide exchange factor GrpE,3,3,1,6,98,,,,596,596,596,ICDOIP_14840,JCOPOM_17790,JANPHL_14205
group_2499,ompA,Outer membrane protein OmpA and related peptidoglycan-associated (lipo)proteins,3,3,1,11,6,,,,563,563,563,ICDOIP_22035,JCOPOM_23775,JANPHL_22355
FTH domain-containing protein,,FTH domain-containing protein,3,3,1,1,617,,,,488,488,488,ICDOIP_16445,JCOPOM_14770,JANPHL_16255
Putative deca-heme c-type cytochrome,,Putative deca-heme c-type cytochrome,3,3,1,1,851,,,,980,980,980,ICDOIP_10895,JCOPOM_03720,JANPHL_10240
Aspartate carbamoyltransferase,,Aspartate carbamoyltransferase,3,3,1,1,169,,,,95,95,95,ICDOIP_18785,JCOPOM_19230,JANPHL_18815
phoU,,phosphate signaling complex protein PhoU,3,3,1,6,15,,,,698,698,698,ICDOIP_15260,JCOPOM_17470,JANPHL_14625
sspA,,stringent starvation protein A,3,3,1,4,482,,,,635,635,635,ICDOIP_12535,JCOPOM_08920,JANPHL_11570
group_2503,ompA,Outer membrane protein OmpA and related peptidoglycan-associated (lipo)proteins,3,3,1,1,395,,,,620,620,620,ICDOIP_17960,JCOPOM_13730,JANPHL_17325
phhB,,4a-hydroxytetrahydrobiopterin dehydratase,3,3,1,5,457,,,,338,338,338,ICDOIP_13885,JCOPOM_12805,JANPHL_13230
rpmJ,,50S ribosomal protein L36,3,3,1,4,289,,,,113,113,113,ICDOIP_11870,JCOPOM_09580,JANPHL_12235
ykvA,,DUF1232 domain-containing protein,3,3,1,2,718,,,,374,374,374,ICDOIP_02495,JCOPOM_15830,JANPHL_01360
group_2507,Beta-lactamase,Beta-lactamase,3,3,1,5,404,,,,134,134,134,ICDOIP_14150,JCOPOM_12545,JANPHL_13495
oppF,,murein tripeptide/oligopeptide ABC transporter ATP binding protein OppF,3,3,1,3,269,,,,992,992,992,ICDOIP_06060,JCOPOM_08295,JANPHL_04925
smrB,,endonuclease SmrB,3,3,1,3,367,,,,530,530,530,ICDOIP_05565,JCOPOM_07795,JANPHL_05420
napC,,Tetraheme cytochrome c subunit NapC of nitrate or TMAO reductase,3,3,1,1,848,,,,584,584,584,ICDOIP_10910,JCOPOM_03705,JANPHL_10255
degS,,outer membrane-stress sensor serine endopeptidase DegS,3,3,1,4,491,,,,1064,1064,1064,ICDOIP_12490,JCOPOM_08965,JANPHL_11615
nadE,,ammonia-dependent NAD(+) synthetase,3,3,1,5,303,,,,830,830,830,ICDOIP_08980,JCOPOM_12075,JANPHL_08325
acrR,,"DNA-binding protein, AcrR family, includes nucleoid occlusion protein SlmA",3,3,1,1,1098,,,,590,590,590,ICDOIP_08130,JCOPOM_04970,JANPHL_07070
group_2513,DUF3265 domain-containing protein,DUF3265 domain-containing protein,3,3,1,4,308,,,,104,104,104,ICDOIP_11965,JCOPOM_09485,JANPHL_12140
murP,,PTS N-acetylmuramic acid transporter subunit IIBC,3,3,1,2,849,,,,1454,1454,1454,ICDOIP_03150,JCOPOM_15175,JANPHL_00705
group_2515,cirA,"Outer membrane receptor protein, Fe transport",3,3,1,2,111,,,,2081,2081,2081,ICDOIP_18415,JCOPOM_00440,JANPHL_18055
group_2516,tnp,IS5 family ISVa2 transposase,3,3,1,30,1,,,Investigate,920,920,920,ICDOIP_24695,JCOPOM_24060,JANPHL_24745
group_2517,hypothetical protein,hypothetical protein,3,3,1,3,639,,,,116,116,116,ICDOIP_04205,JCOPOM_06440,JANPHL_17680
DUF3081 domain-containing protein,,DUF3081 domain-containing protein,3,3,1,2,990,,,,251,251,251,ICDOIP_03350,JCOPOM_14970,JANPHL_00505
gltD,,NADPH-dependent glutamate synthase beta chain or related oxidoreductase,3,3,1,4,443,,,,1469,1469,1469,ICDOIP_12730,JCOPOM_08725,JANPHL_11375
cydC,,cysteine/glutathione ABC transporter ATP-binding protein/permease CydC,3,3,1,1,823,,,,1721,1721,1721,ICDOIP_11040,JCOPOM_03575,JANPHL_10385
glyQ,,glycine--tRNA ligase subunit alpha,3,3,1,8,46,,,,917,917,917,ICDOIP_19470,JCOPOM_19405,JANPHL_19865
flgB,,flagellar basal body rod protein FlgB,3,3,1,5,167,,,,362,362,362,ICDOIP_09645,JCOPOM_11360,JANPHL_08990
lexA,,transcriptional repressor LexA,3,3,1,9,34,,,,620,620,620,ICDOIP_22545,JCOPOM_20365,JANPHL_22415
rsmD,,16S rRNA (guanine(966)-N(2))-methyltransferase RsmD,3,3,1,9,73,,,,599,599,599,ICDOIP_22490,JCOPOM_20310,JANPHL_22470
ubiK,,Ubiquinone biosynthesis accessory factor UbiK,3,3,1,18,6,,,,251,251,251,ICDOIP_24085,JCOPOM_23595,JANPHL_24070
group_2525,fliE,flagellar hook-basal body complex protein FliE,3,3,1,3,414,,,,311,311,311,ICDOIP_05335,JCOPOM_07565,JANPHL_05650
ccdB,,Toxin CcdB,3,3,1,4,610,,,,317,317,317,ICDOIP_21000,JCOPOM_20665,JANPHL_20875
group_2527,tauE,"Sulfite exporter TauE/SafE/YfcA and related permeases, UPF0721 family",3,3,1,4,404,,,,791,791,791,ICDOIP_12925,JCOPOM_08535,JANPHL_11180
pasT,,Ribosome association toxin PasT (RatA) of the RatAB toxin-antitoxin module,3,3,1,6,92,,,,443,443,443,ICDOIP_14870,JCOPOM_17760,JANPHL_14235
feoA,,Fe2+ transport protein FeoA,3,3,1,1,1184,,,,227,227,227,ICDOIP_07735,JCOPOM_05405,JANPHL_07465
hrpA,,HrpA-like RNA helicase,3,3,1,1,813,,,,2354,2354,2354,ICDOIP_11090,JCOPOM_03525,JANPHL_10435
group_2530,srmB,Superfamily II DNA and RNA helicase,3,3,1,5,610,,,,1292,1292,1292,ICDOIP_13825,JCOPOM_18855,JANPHL_13170
group_2531,fadL,Long-chain fatty acid transport protein,3,3,1,2,87,,,,1241,1241,1241,ICDOIP_18295,JCOPOM_00320,JANPHL_18175
tpiA,,triose-phosphate isomerase,3,3,1,4,245,,,,770,770,770,ICDOIP_11650,JCOPOM_09765,JANPHL_12455
group_2533,DUF2132 domain-containing protein,DUF2132 domain-containing protein,3,3,1,2,691,,,,218,218,218,ICDOIP_02385,JCOPOM_15960,JANPHL_01470
yihD,,DUF1040 domain-containing protein,3,3,1,8,20,,,,266,266,266,ICDOIP_19795,JCOPOM_19730,JANPHL_19540
trpG,,Anthranilate synthase component 2,3,3,1,3,137,,,,590,590,590,ICDOIP_06700,JCOPOM_16790,JANPHL_04285
flhG,,MinD-like ATPase,3,3,1,3,397,,,,887,887,887,ICDOIP_05420,JCOPOM_07650,JANPHL_05565
group_2537,hypothetical protein,hypothetical protein,3,3,1,7,67,,,,101,101,101,ICDOIP_19360,JCOPOM_22655,JANPHL_19000
pdhA,,pyruvate dehydrogenase (acetyl-transferring) E1 component subunit alpha,3,3,1,5,541,,,,1094,1094,1094,ICDOIP_13480,JCOPOM_18595,JANPHL_12825
rplS,,50S ribosomal protein L19,3,3,1,3,691,,,,353,353,353,ICDOIP_03945,JCOPOM_06175,JANPHL_17420
J domain-containing protein,,J domain-containing protein,3,3,1,1,806,,,,977,977,977,ICDOIP_11125,JCOPOM_03490,JANPHL_10470
rpmE,,50S ribosomal protein L31,3,3,1,4,266,,,,221,221,221,ICDOIP_11755,JCOPOM_09695,JANPHL_12350
frr,,ribosome recycling factor,3,3,1,3,478,,,,557,557,557,ICDOIP_05015,JCOPOM_07245,JANPHL_05970
group_2542,Capsular biosynthesis protein,Capsular biosynthesis protein,3,3,1,4,502,,,,818,818,818,ICDOIP_12435,JCOPOM_09020,JANPHL_11670
group_2543,htpX,Heat shock protein HtpX,3,3,1,1,949,,,,167,167,167,ICDOIP_10405,JCOPOM_04210,JANPHL_09750
group_2544,sdaC,Amino acid permease,3,3,1,3,339,,,,1325,1325,1325,ICDOIP_05700,JCOPOM_07930,JANPHL_05285
vpsR,,cyclic-di-GMP-binding transcriptional regulator VpsR,3,3,1,4,412,,,,1334,1334,1334,ICDOIP_12885,JCOPOM_08575,JANPHL_11220
Mu-like prophage protein gp16,,Mu-like prophage protein gp16,3,3,1,3,148,,,,242,242,242,ICDOIP_06645,JCOPOM_16845,JANPHL_04340
Cyclin-C domain-containing protein,,Cyclin-C domain-containing protein,3,3,1,4,690,,,,614,614,614,ICDOIP_23370,JCOPOM_22320,JANPHL_23415
pcbC,,Isopenicillin N synthase and related dioxygenases,3,3,1,2,96,,,,839,839,839,ICDOIP_18340,JCOPOM_00365,JANPHL_18130
gph,,phosphoglycolate phosphatase,3,3,1,7,17,,,,686,686,686,ICDOIP_19005,JCOPOM_22860,JANPHL_19355
DUF3187 domain-containing protein,,DUF3187 domain-containing protein,3,3,1,1,793,,,,995,995,995,ICDOIP_11190,JCOPOM_03425,JANPHL_10535
choW,,choline ABC transporter permease subunit,3,3,1,2,327,,,,842,842,842,ICDOIP_00570,JCOPOM_01555,JANPHL_03290
ybeD,,DUF493 domain-containing protein,3,3,1,6,154,,,,278,278,278,ICDOIP_14500,JCOPOM_18130,JANPHL_13865
rbsD,,D-ribose pyranase,3,3,1,2,305,,,,419,419,419,ICDOIP_00460,JCOPOM_01440,JANPHL_03400
group_2553,tolQ,Biopolymer transport protein ExbB/TolQ,3,3,1,5,316,,,,698,698,698,ICDOIP_08915,JCOPOM_12140,JANPHL_08260
udk,,uridine kinase,3,3,1,3,249,,,,641,641,641,ICDOIP_06160,JCOPOM_17340,JANPHL_04825
folP,,dihydropteroate synthase,3,3,1,3,625,,,,830,830,830,ICDOIP_04275,JCOPOM_06510,JANPHL_17750
deoD,,purine-nucleoside phosphorylase,3,3,1,3,596,,,,719,719,719,ICDOIP_04430,JCOPOM_06665,JANPHL_17905
zapC,,Cell division protein ZapC,3,3,1,1,430,,,,542,542,542,ICDOIP_21975,JCOPOM_13900,JANPHL_21905
RNA helicase,,RNA helicase,3,3,1,2,411,,,,173,173,173,ICDOIP_00970,JCOPOM_01960,JANPHL_02890
glyA2,,Serine hydroxymethyltransferase 2,3,3,1,2,33,,,,1295,1295,1295,ICDOIP_18020,JCOPOM_00050,JANPHL_18450
ybjQ,,UPF0145 protein VP1283,3,3,1,1,788,,,,254,317,275,ICDOIP_11215,JCOPOM_03400,JANPHL_10560
aroQ,,type II 3-dehydroquinate dehydratase,3,3,1,10,50,,,,449,449,449,ICDOIP_21425,JCOPOM_20975,JANPHL_21230
group_2561,acrR,efflux transporter transcriptional repressor VdeR,3,3,1,2,36,,,,725,725,725,ICDOIP_18035,JCOPOM_00065,JANPHL_18435
nadB,,L-aspartate oxidase,3,3,1,3,739,,,,1694,1694,1694,ICDOIP_20515,JCOPOM_05900,JANPHL_20470
group_2563,eAL,"EAL domain, c-di-GMP-specific phosphodiesterase class I (or its enzymatically inactive variant)",3,3,1,2,99,,,,1910,1910,1910,ICDOIP_18355,JCOPOM_00380,JANPHL_18115
DUF3850 domain-containing protein,,DUF3850 domain-containing protein,3,3,1,4,692,,,,704,704,704,ICDOIP_23380,JCOPOM_22330,JANPHL_23425
zapA,,"Cell division protein ZapA, inhibits GTPase activity of FtsZ",3,3,1,3,748,,,,308,308,308,ICDOIP_20470,JCOPOM_05855,JANPHL_20515
rpmB,,50S ribosomal protein L28,3,3,1,4,168,,,,236,236,236,ICDOIP_15590,JCOPOM_10030,JANPHL_14955
group_2567,ABC transporter permease,ABC transporter permease,3,3,1,5,93,,,,95,95,95,ICDOIP_10020,JCOPOM_10955,JANPHL_09365
secE,,preprotein translocase subunit SecE,3,3,1,15,7,,,,380,380,380,ICDOIP_22830,JCOPOM_23460,JANPHL_22875
group_2569,arcA,two-component system response regulator ArcA,3,3,1,4,437,,,,716,716,716,ICDOIP_12760,JCOPOM_08695,JANPHL_11345
Hemerythrin,,Hemerythrin,3,3,1,1,782,,,,1145,1145,1145,ICDOIP_11245,JCOPOM_03370,JANPHL_10590
group_2570,elaA,"putative N-acyltransferase, GNAT family",3,3,1,4,112,,,,917,917,917,ICDOIP_15870,JCOPOM_10310,JANPHL_15235
ackA2,,acetate/propionate family kinase,3,3,1,5,578,,,,1193,1193,1193,ICDOIP_13660,JCOPOM_18775,JANPHL_13005
bamE,,outer membrane protein assembly factor BamE,3,3,1,6,94,,,,359,359,359,ICDOIP_14860,JCOPOM_17770,JANPHL_14225
group_2573,Transposase,Transposase,3,3,1,5,98,,,,98,98,98,ICDOIP_09995,JCOPOM_10980,JANPHL_09340
crp,,cAMP-activated global transcriptional regulator CRP,3,3,1,7,27,,,,632,632,632,ICDOIP_19055,JCOPOM_22810,JANPHL_19305
DUF721 domain-containing protein,,DUF721 domain-containing protein,3,3,1,4,461,,,,455,455,455,ICDOIP_12645,JCOPOM_08810,JANPHL_11460
pPPi,,"Inorganic triphosphatase YgiF, contains CYTH and CHAD domains",3,3,1,4,503,,,,1535,1535,1535,ICDOIP_12430,JCOPOM_09025,JANPHL_11675
group_2577,tar,Methyl-accepting chemotaxis protein (MCP),3,3,1,2,757,,,,1886,1886,1886,ICDOIP_02695,JCOPOM_15640,JANPHL_01160
Bro-N domain-containing protein,,Bro-N domain-containing protein,3,3,1,4,689,,,,581,581,581,ICDOIP_23365,JCOPOM_22315,JANPHL_23410
group_2579,Antirestriction protein,Antirestriction protein,3,3,1,4,704,,,,413,413,413,ICDOIP_23440,JCOPOM_22390,JANPHL_23485
yfdV,,"putative permease, AEC (auxin efflux carrier) family",3,3,1,1,779,,,,878,878,878,ICDOIP_11260,JCOPOM_03355,JANPHL_10605
yjjU,,"putative phospholipase, patatin/cPLA2 family",3,3,1,3,222,,,,1151,1151,1151,ICDOIP_06295,JCOPOM_17205,JANPHL_04690
Competence protein ComFB,,Competence protein ComFB,3,3,1,2,143,,,,368,368,368,ICDOIP_20200,JCOPOM_00600,JANPHL_20230
pilV,,Type IV pilus assembly protein PilV,3,3,1,6,109,,,,410,410,410,ICDOIP_14795,JCOPOM_17835,JANPHL_14160
prfC,,peptide chain release factor 3,3,3,1,3,603,,,,1589,1589,1589,ICDOIP_04395,JCOPOM_06630,JANPHL_17870
pyrB,,aspartate carbamoyltransferase,3,3,1,1,168,,,,992,992,992,ICDOIP_18780,JCOPOM_19225,JANPHL_18810
rplI,,50S ribosomal protein L9,3,3,1,7,73,,,,452,452,452,ICDOIP_19330,JCOPOM_22625,JANPHL_19030
Uncharacterized membrane protein,,Uncharacterized membrane protein,3,3,1,13,18,,,,260,260,260,ICDOIP_23045,JCOPOM_23245,JANPHL_23090
Uroporphyrin-III C-methyltransferase,,Uroporphyrin-III C-methyltransferase,3,3,1,9,41,,,,1211,1211,1211,ICDOIP_22330,JCOPOM_20155,JANPHL_22630
phnK,,"ABC-type uncharacterized transport system, ATPase component",3,3,1,3,260,,,,794,794,794,ICDOIP_06105,JCOPOM_08340,JANPHL_04880
N-acetyltransferase,,N-acetyltransferase,3,3,1,4,182,,,,752,752,752,ICDOIP_15520,JCOPOM_09960,JANPHL_14885
DUF1415 domain-containing protein,,DUF1415 domain-containing protein,3,3,1,1,759,,,,581,581,581,ICDOIP_11360,JCOPOM_03255,JANPHL_10705
group_2590,fliL,flagellar basal body-associated protein FliL,3,3,1,3,407,,,,503,503,503,ICDOIP_05370,JCOPOM_07600,JANPHL_05615
flgN,,Flagellar protein FlgN,3,3,1,5,164,,,,437,437,437,ICDOIP_09660,JCOPOM_11345,JANPHL_09005
group_2592,ccdB,Plasmid maintenance protein CcdB,3,3,1,4,611,,,,245,245,245,ICDOIP_20995,JCOPOM_20660,JANPHL_20880
group_2593,soxR,"DNA-binding transcriptional regulator, MerR family",3,3,1,5,570,,,,374,374,374,ICDOIP_13620,JCOPOM_18735,JANPHL_12965
group_2594,ushA,bifunctional UDP-sugar hydrolase/5'-nucleotidase UshA,3,3,1,1,863,,,,1715,1715,1715,ICDOIP_10835,JCOPOM_03780,JANPHL_10180
marR,,"DNA-binding transcriptional regulator, MarR family",3,3,1,2,486,,,,416,416,416,ICDOIP_01345,JCOPOM_02335,JANPHL_02515
lptB,,LPS export ABC transporter ATP-binding protein,3,3,1,1,153,,,,725,725,725,ICDOIP_18705,JCOPOM_19150,JANPHL_18735
yciU,,HI1450 family dsDNA-mimic protein,3,3,1,3,131,,,,320,320,320,ICDOIP_06730,JCOPOM_16760,JANPHL_04255
algH,,YqgE/AlgH family protein,3,3,1,3,17,,,,569,569,569,ICDOIP_20355,JCOPOM_05745,JANPHL_20630
eno,,phosphopyruvate hydratase,3,3,1,3,722,,,,1301,1301,1301,ICDOIP_20600,JCOPOM_05985,JANPHL_20385
group_260,rfbX,Membrane protein involved in the export of O-antigen and teichoic acid,3,3,1,1,755,,,,1490,1490,1490,ICDOIP_11380,JCOPOM_03235,JANPHL_10725
"Signal-transduction protein containing cAMP-binding, CBS, and nucleotidyltransferase domains",,"Signal-transduction protein containing cAMP-binding, CBS, and nucleotidyltransferase domains",3,3,1,1,156,,,,971,971,971,ICDOIP_18720,JCOPOM_19165,JANPHL_18750
gspH,,type II secretion system minor pseudopilin GspH,3,3,1,4,122,,,,605,605,605,ICDOIP_15820,JCOPOM_10260,JANPHL_15185
group_2602,nikD,nickel import ATP-binding protein NikD,3,3,1,4,35,,,,1715,1715,1715,ICDOIP_16260,JCOPOM_10710,JANPHL_15625
tet(35),,tetracycline efflux Na+/H+ antiporter family transporter Tet(35),3,3,1,1,933,,,,1601,1601,1601,ICDOIP_10485,JCOPOM_04130,JANPHL_09830
rlmJ,,23S rRNA A2030 N6-methylase RlmJ,3,3,1,4,56,,,,839,839,839,ICDOIP_16155,JCOPOM_10600,JANPHL_15520
group_2605,ptsH,HPr or related phosphotransfer protein,3,3,1,1,148,,,,275,275,275,ICDOIP_18680,JCOPOM_19125,JANPHL_18710
lpxA,,acyl-ACP--UDP-N-acetylglucosamine O-acyltransferase,3,3,1,3,469,,,,788,788,788,ICDOIP_05060,JCOPOM_07290,JANPHL_05925
group_2607,hisJ,"ABC-type amino acid transport/signal transduction system, periplasmic component/domain",3,3,1,1,1044,,,,770,770,770,ICDOIP_08415,JCOPOM_04690,JANPHL_06780
proB,,Glutamate 5-kinase,3,3,1,6,125,,,,1139,1139,1139,ICDOIP_14715,JCOPOM_17915,JANPHL_14080
gmhA,,phosphoheptose isomerase,3,3,1,4,479,,,,590,590,590,ICDOIP_12550,JCOPOM_08905,JANPHL_11555
group_261,Lipoprotein,Lipoprotein,3,3,1,1,748,,,,410,410,410,ICDOIP_11415,JCOPOM_03200,JANPHL_10760
group_2610,arsR,"DNA-binding transcriptional regulator, ArsR family",3,3,1,5,381,,,,341,341,341,ICDOIP_14265,JCOPOM_12430,JANPHL_13610
mreB,,Cell shape-determining protein MreB,3,3,1,1,132,,,,1043,1043,1043,ICDOIP_18600,JCOPOM_19045,JANPHL_18630
group_2612,gloA,"Catechol 2,3-dioxygenase or related enzyme, vicinal oxygen chelate (VOC) family",3,3,1,3,330,,,,395,395,395,ICDOIP_05745,JCOPOM_07975,JANPHL_05240
ftsA,,cell division protein FtsA,3,3,1,4,464,,,,1262,1262,1262,ICDOIP_12630,JCOPOM_08825,JANPHL_11475
group_2614,purA,Adenylosuccinate synthase,3,3,1,5,272,,,,1256,1256,1256,ICDOIP_09130,JCOPOM_11910,JANPHL_08475
gspI,,type II secretion system minor pseudopilin GspI,3,3,1,4,123,,,,389,389,389,ICDOIP_15815,JCOPOM_10255,JANPHL_15180
ptsG,,PTS glucose transporter subunit IIBC,3,3,1,3,228,,,,1430,1430,1430,ICDOIP_06265,JCOPOM_17235,JANPHL_04720
group_2617,ddpA,"ABC-type transport system, periplasmic component",3,3,1,3,644,,,,1682,1682,1682,ICDOIP_04180,JCOPOM_06415,JANPHL_17655
gspD,,type II secretion system secretin GspD,3,3,1,4,118,,,,2024,2024,2024,ICDOIP_15840,JCOPOM_10280,JANPHL_15205
group_2619,proC,Uncharacterized protein in proC 3'region,3,3,1,3,11,,,,557,557,557,ICDOIP_20325,JCOPOM_05715,JANPHL_20660
group_262,adhE,Acyl-CoA reductase or other NAD-dependent aldehyde dehydrogenase,3,3,1,1,744,,,,1526,1526,1526,ICDOIP_11435,JCOPOM_03180,JANPHL_10780
Toxin-antitoxin system protein,,Toxin-antitoxin system protein,3,3,1,1,864,,,,221,221,221,ICDOIP_10830,JCOPOM_03785,JANPHL_10175
ATP-dependent Lon protease,,ATP-dependent Lon protease,3,3,1,4,134,,,,464,464,464,ICDOIP_15760,JCOPOM_10200,JANPHL_15125
ebsC,,"Cys-tRNA(Pro) deacylase, prolyl-tRNA editing enzyme YbaK/EbsC",3,3,1,3,743,,,,476,476,476,ICDOIP_20495,JCOPOM_05880,JANPHL_20490
group_2623,glpR,"DNA-binding transcriptional regulator of sugar metabolism, DeoR/GlpR family",3,3,1,4,363,,,,761,761,761,ICDOIP_12240,JCOPOM_09210,JANPHL_11865
tsaB,,tRNA (adenosine(37)-N6)-threonylcarbamoyltransferase complex dimerization subunit type 1 TsaB,3,3,1,1,1176,,,,701,701,701,ICDOIP_07775,JCOPOM_05365,JANPHL_07425
DUF3069 domain-containing protein,,DUF3069 domain-containing protein,3,3,1,2,147,,,,437,437,437,ICDOIP_20180,JCOPOM_00620,JANPHL_20210
group_2626,yadS,Uncharacterized membrane protein YeiH,3,3,1,4,450,,,,620,620,620,ICDOIP_12695,JCOPOM_08760,JANPHL_11410
group_2627,HTH cro/C1-type domain-containing protein,HTH cro/C1-type domain-containing protein,3,3,1,2,383,,,,407,407,407,ICDOIP_00830,JCOPOM_01820,JANPHL_03030
DUF3849 domain-containing protein,,DUF3849 domain-containing protein,3,3,1,4,9,,,,338,338,338,ICDOIP_23465,JCOPOM_22415,JANPHL_23510
group_2629,tapT,"tRNA U47 aminocarboxypropyltransferaseTapT/TuaA/ YfiP, DTW domain",3,3,1,1,1111,,,,614,614,614,ICDOIP_08065,JCOPOM_05035,JANPHL_07135
group_263,dadA,Glycine/D-amino acid oxidase (deaminating),3,3,1,1,742,,,,1256,1256,1256,ICDOIP_11445,JCOPOM_03165,JANPHL_10790
rpsI,,30S ribosomal protein S9,3,3,1,4,486,,,,392,392,392,ICDOIP_12515,JCOPOM_08940,JANPHL_11590
group_2631,citB,"DNA-binding response regulator, NarL/FixJ family, contains REC and HTH domains",3,3,1,1,110,,,,644,644,644,ICDOIP_18505,JCOPOM_18950,JANPHL_18535
dctQ,,"TRAP-type C4-dicarboxylate transport system, large permease component",3,3,1,2,807,,,,1301,1301,1301,ICDOIP_02950,JCOPOM_15385,JANPHL_00905
ackA1,,Acetate kinase 1,3,3,1,3,264,,,,1196,1196,1196,ICDOIP_06085,JCOPOM_08320,JANPHL_04900
narK,,Nitrate/nitrite transporter NarK,3,3,1,5,490,,,,1232,1232,1232,ICDOIP_13225,JCOPOM_18345,JANPHL_12570
rpsH,,30S ribosomal protein S8,3,3,1,4,282,,,,392,392,392,ICDOIP_11835,JCOPOM_09615,JANPHL_12270
dnaA,,chromosomal replication initiator protein DnaA,3,3,1,8,56,,,,1406,1406,1406,ICDOIP_19520,JCOPOM_19455,JANPHL_19810
rpsB,,30S ribosomal protein S2,3,3,1,3,481,,,,728,728,728,ICDOIP_05000,JCOPOM_07230,JANPHL_05985
nqrB,,NADH:ubiquinone reductase (Na(+)-transporting) subunit B,3,3,1,3,512,,,,1244,1244,1244,ICDOIP_04835,JCOPOM_07065,JANPHL_06150
FGE-sulfatase domain-containing protein,,FGE-sulfatase domain-containing protein,3,3,1,5,305,,,,482,482,482,ICDOIP_08970,JCOPOM_12085,JANPHL_08315
dapA,,4-hydroxy-tetrahydrodipicolinate synthase/N-acetylneuraminate lyase,3,3,1,1,739,,,,806,914,878,ICDOIP_11460,JCOPOM_03150,JANPHL_10805
group_2640,ompR,"DNA-binding response regulator, OmpR family, contains REC and winged-helix (wHTH) domain",3,3,1,1,858,,,,659,659,659,ICDOIP_10860,JCOPOM_03755,JANPHL_10205
gyrA,,DNA gyrase subunit A,3,3,1,3,113,,,,2636,2636,2636,ICDOIP_06840,JCOPOM_16650,JANPHL_04145
group_2642,cyoE,heme o synthase,3,3,1,5,424,,,,908,908,908,ICDOIP_14050,JCOPOM_12640,JANPHL_13395
slmA,,nucleoid occlusion factor SlmA,3,3,1,4,164,,,,590,590,590,ICDOIP_15610,JCOPOM_10050,JANPHL_14975
HTH-8 domain-containing protein,,HTH-8 domain-containing protein,3,3,1,4,606,,,,248,248,248,ICDOIP_21020,JCOPOM_20685,JANPHL_20855
acnB,,bifunctional aconitate hydratase 2/2-methylisocitrate dehydratase,3,3,1,3,660,,,,2597,2597,2597,ICDOIP_04100,JCOPOM_06335,JANPHL_17575
Cytochrome oxidase biogenesis cluster protein,,Cytochrome oxidase biogenesis cluster protein,3,3,1,5,422,,,,536,536,536,ICDOIP_14060,JCOPOM_12630,JANPHL_13405
group_2647,Signal transduction histidine kinase regulating C4-dicarboxylate transport system,Signal transduction histidine kinase regulating C4-dicarboxylate transport system,3,3,1,1,527,,,,2039,2039,2039,ICDOIP_16860,JCOPOM_14335,JANPHL_15840
hpt,,hypoxanthine phosphoribosyltransferase,3,3,1,3,676,,,,530,530,530,ICDOIP_04020,JCOPOM_06250,JANPHL_17495
group_2649,mgtE,Mg/Co/Ni transporter MgtE (contains CBS domain),3,3,1,2,459,,,,1346,1346,1346,ICDOIP_01205,JCOPOM_02195,JANPHL_02655
group_265,Secreted protein,Secreted protein,3,3,1,1,720,,,,338,338,338,ICDOIP_11550,JCOPOM_03060,JANPHL_10895
group_2650,cheY,chemotaxis protein CheY,3,3,1,3,395,,,,380,380,380,ICDOIP_05430,JCOPOM_07660,JANPHL_05555
sdhD,,"succinate dehydrogenase, hydrophobic membrane anchor protein",3,3,1,1,1195,,,,344,344,344,ICDOIP_07675,JCOPOM_05465,JANPHL_07525
trbL,,P-type conjugative transfer protein TrbL,3,3,1,4,665,,,,1307,1307,1307,ICDOIP_23560,JCOPOM_22190,JANPHL_24010
group_2653,araC,AraC-type DNA-binding domain and AraC-containing proteins,3,3,1,2,832,,,,812,812,812,ICDOIP_03065,JCOPOM_15265,JANPHL_00790
rho,,transcription termination factor Rho,3,3,1,13,6,,,,1259,1259,1259,ICDOIP_22980,JCOPOM_23310,JANPHL_23025
group_2655,fadL,Long-chain fatty acid transport protein,3,3,1,3,376,,,,1319,1319,1319,ICDOIP_05520,JCOPOM_07750,JANPHL_05465
group_2656,OMP-b-brl domain-containing protein,OMP-b-brl domain-containing protein,3,3,1,1,628,,,,599,599,599,ICDOIP_16390,JCOPOM_20095,JANPHL_16310
coaD,,pantetheine-phosphate adenylyltransferase,3,3,1,4,172,,,,482,482,482,ICDOIP_15570,JCOPOM_10010,JANPHL_14935
Pre-MotY,,Pre-MotY,3,3,1,3,293,,,,68,68,68,ICDOIP_05935,JCOPOM_08165,JANPHL_05050
comEA,,DNA uptake protein ComE or related DNA-binding protein,3,3,1,1,1113,,,,293,293,293,ICDOIP_08055,JCOPOM_05045,JANPHL_07145
DUF3135 domain-containing protein,,DUF3135 domain-containing protein,3,3,1,4,248,,,,356,356,356,ICDOIP_11665,JCOPOM_09750,JANPHL_12440
LXG domain-containing protein,,LXG domain-containing protein,3,3,1,4,650,,,,1274,1274,1274,ICDOIP_20755,JCOPOM_20875,JANPHL_21120
rpoS,,RNA polymerase sigma factor RpoS,3,3,1,3,714,,,,989,989,989,ICDOIP_20640,JCOPOM_06025,JANPHL_20345
flaB,,flagellin,3,3,1,1,52,,,,1136,1136,1136,ICDOIP_07380,JCOPOM_21505,JANPHL_07825
rplL,,50S ribosomal protein L7/L12,3,3,1,15,12,,,,368,368,368,ICDOIP_22855,JCOPOM_23435,JANPHL_22900
DUF5405 domain-containing protein,,DUF5405 domain-containing protein,3,3,1,4,700,,,,284,284,284,ICDOIP_23420,JCOPOM_22370,JANPHL_23465
group_2665,tar,Methyl-accepting chemotaxis protein (MCP),3,3,1,1,883,,,,1613,1613,1613,ICDOIP_10735,JCOPOM_03880,JANPHL_10080
Antirestriction protein,,Antirestriction protein,3,3,1,4,10,,,,482,482,482,ICDOIP_23460,JCOPOM_22410,JANPHL_23505
flgI1,,Flagellar P-ring protein 1,3,3,1,5,174,,,,1121,1121,1121,ICDOIP_09610,JCOPOM_11395,JANPHL_08955
ppa,,inorganic diphosphatase,3,3,1,4,321,,,,530,530,530,ICDOIP_12030,JCOPOM_09420,JANPHL_12075
malK,,maltose/maltodextrin ABC transporter ATP-binding protein MalK,3,3,1,2,514,,,,1118,1118,1118,ICDOIP_01510,JCOPOM_02480,JANPHL_02350
ftsN,,cell division protein FtsN,3,3,1,4,263,,,,527,545,539,ICDOIP_11740,JCOPOM_09710,JANPHL_12365
rbsC,,ribose ABC transporter permease,3,3,1,2,303,,,,983,983,983,ICDOIP_00450,JCOPOM_01430,JANPHL_03410
trmJ,,tRNA (cytosine(32)/uridine(32)-2'-O)-methyltransferase TrmJ,3,3,1,6,31,,,,719,719,719,ICDOIP_15180,JCOPOM_17545,JANPHL_14545
lptA,,lipopolysaccharide transport periplasmic protein LptA,3,3,1,1,154,,,,494,494,494,ICDOIP_18710,JCOPOM_19155,JANPHL_18740
plsX,,phosphate acyltransferase PlsX,3,3,1,3,239,,,,1061,1061,1061,ICDOIP_06210,JCOPOM_17290,JANPHL_04775
sctS,,SctS family type III secretion system export apparatus subunit VscS,3,3,1,1,357,,,,266,266,266,ICDOIP_17770,JCOPOM_13540,JANPHL_17135
DUF2933 domain-containing protein,,DUF2933 domain-containing protein,3,3,1,5,612,,,,263,263,263,ICDOIP_13835,JCOPOM_18865,JANPHL_13180
group_2676,acrR,"DNA-binding protein, AcrR family, includes nucleoid occlusion protein SlmA",3,3,1,10,14,,,,635,635,635,ICDOIP_21230,JCOPOM_21170,JANPHL_21425
"ABC-type oligopeptide transport system, ATPase component",,"ABC-type oligopeptide transport system, ATPase component",3,3,1,4,158,,,,839,839,839,ICDOIP_15640,JCOPOM_10080,JANPHL_15005
purR,,HTH-type transcriptional repressor PurR,3,3,1,1,1014,,,,1004,1004,1004,ICDOIP_08565,JCOPOM_04540,JANPHL_06630
group_2679,uspA,universal stress protein UspA,3,3,1,4,63,,,,425,425,425,ICDOIP_16120,JCOPOM_10565,JANPHL_15485
DUF2780 domain-containing protein,,DUF2780 domain-containing protein,3,3,1,4,295,,,,479,479,479,ICDOIP_11900,JCOPOM_09550,JANPHL_12205
group_2680,pgpB,Membrane-associated phospholipid phosphatase,3,3,1,4,354,,,,548,548,548,ICDOIP_12195,JCOPOM_09255,JANPHL_11910
purA,,adenylosuccinate synthase,3,3,1,7,11,,,,1316,1316,1316,ICDOIP_18975,JCOPOM_22890,JANPHL_19385
nqrF,,NADH:ubiquinone reductase (Na(+)-transporting) subunit F,3,3,1,3,508,,,,1223,1223,1223,ICDOIP_04855,JCOPOM_07085,JANPHL_06130
ilvC,,ketol-acid reductoisomerase,3,3,1,18,5,,,,1484,1484,1484,ICDOIP_24080,JCOPOM_23590,JANPHL_24065
group_2684,lysA,Diaminopimelate decarboxylase,3,3,1,2,768,,,,1202,1202,1202,ICDOIP_02750,JCOPOM_15585,JANPHL_01105
group_2685,serA,Phosphoglycerate dehydrogenase or related dehydrogenase,3,3,1,3,358,,,,1238,1238,1238,ICDOIP_05610,JCOPOM_07840,JANPHL_05375
mshJ,,MSHA biogenesis protein MshJ,3,3,1,1,114,,,,650,650,650,ICDOIP_18525,JCOPOM_18970,JANPHL_18555
psiE,,Protein PsiE,3,3,1,4,159,,,,425,425,425,ICDOIP_15635,JCOPOM_10075,JANPHL_15000
group_2688,flgC,flagellar basal body rod protein FlgC,3,3,1,5,168,,,,434,434,434,ICDOIP_09640,JCOPOM_11365,JANPHL_08985
Pas-Saposin domain-containing protein,,Pas-Saposin domain-containing protein,3,3,1,5,343,,,,230,230,230,ICDOIP_08780,JCOPOM_12240,JANPHL_08125
Zinc-binding protein,,Zinc-binding protein,3,3,1,4,312,,,,629,629,629,ICDOIP_11985,JCOPOM_09465,JANPHL_12120
hflK,,FtsH protease activity modulator HflK,3,3,1,7,8,,,,1202,1202,1202,ICDOIP_18960,JCOPOM_22905,JANPHL_19400
gGDEF,,"GGDEF domain, diguanylate cyclase (c-di-GMP synthetase) or its enzymatically inactive variants",3,3,1,1,549,,,,962,962,962,ICDOIP_16765,JCOPOM_14430,JANPHL_15935
cysD,,sulfate adenylyltransferase subunit CysD,3,3,1,4,303,,,,908,908,908,ICDOIP_11940,JCOPOM_09510,JANPHL_12165
prkA,,PrkA family serine protein kinase,3,3,1,1,1053,,,,1934,1934,1934,ICDOIP_08370,JCOPOM_04735,JANPHL_06825
vscG,,YscG family type III secretion system chaperone VscG,3,3,1,1,336,,,,359,359,359,ICDOIP_17680,JCOPOM_13455,JANPHL_17045
group_2695,rfaB,Glycosyltransferase involved in cell wall bisynthesis,3,3,1,1,565,,,,1172,1172,1172,ICDOIP_16685,JCOPOM_14510,JANPHL_16015
group_2696,lysR,"DNA-binding transcriptional regulator, LysR family",3,3,1,5,475,,,,908,908,908,ICDOIP_13150,JCOPOM_18270,JANPHL_12495
msrC,,"GAF domain-containing protein, putative methionine-R-sulfoxide reductase",3,3,1,1,423,,,,473,473,473,ICDOIP_21940,JCOPOM_13865,JANPHL_21940
group_2698,Transposase,Transposase,3,3,1,3,547,,,,89,89,89,ICDOIP_04670,JCOPOM_06900,JANPHL_06315
pldB,,"Lysophospholipase, alpha-beta hydrolase superfamily",3,3,1,9,56,,,,1010,1010,1010,ICDOIP_22405,JCOPOM_20230,JANPHL_22555
thiQ,,thiamine ABC transporter ATP-binding protein,3,3,1,4,327,,,,704,704,704,ICDOIP_12060,JCOPOM_09390,JANPHL_12045
group_2700,Transposase,Transposase,3,3,1,4,623,,,,320,320,320,ICDOIP_20935,JCOPOM_20600,JANPHL_20940
ydiY,,Putative salt-induced outer membrane protein YdiY,3,3,1,7,72,,,,764,764,764,ICDOIP_19335,JCOPOM_22630,JANPHL_19025
"TRAP-type uncharacterized transport system, fused permease components",,"TRAP-type uncharacterized transport system, fused permease components",3,3,1,4,329,,,,2579,2579,2579,ICDOIP_12070,JCOPOM_09380,JANPHL_12035
cmtB,,Phosphotransferase system mannitol/fructose-specific IIA domain (Ntr-type),3,3,1,5,136,,,,443,443,443,ICDOIP_09795,JCOPOM_11210,JANPHL_09140
nspC,,carboxynorspermidine decarboxylase,3,3,1,3,122,,,,1133,1133,1133,ICDOIP_06795,JCOPOM_16695,JANPHL_04190
rpsM,,30S ribosomal protein S13,3,3,1,4,290,,,,356,356,356,ICDOIP_11875,JCOPOM_09575,JANPHL_12230
kduD,,2-dehydro-3-deoxy-D-gluconate 5-dehydrogenase KduD,3,3,1,2,953,,,,761,761,761,ICDOIP_03535,JCOPOM_14785,JANPHL_00320
Type II toxin-antitoxin system Phd/YefM family antitoxin,,Type II toxin-antitoxin system Phd/YefM family antitoxin,3,3,1,4,701,,,,254,254,254,ICDOIP_23425,JCOPOM_22375,JANPHL_23470
group_2708,hflC,"Regulator of protease activity HflC, stomatin/prohibitin superfamily",3,3,1,1,1238,,,,917,917,917,ICDOIP_07445,JCOPOM_05650,JANPHL_07760
yciA,,Acyl-CoA hydrolase,3,3,1,2,509,,,,485,485,485,ICDOIP_01480,JCOPOM_02450,JANPHL_02380
SH3b domain-containing protein,,SH3b domain-containing protein,3,3,1,4,353,,,,779,797,791,ICDOIP_12190,JCOPOM_09260,JANPHL_11915
group_2710,nfnB,NAD(P)H nitroreductase,3,3,1,3,315,,,,548,548,548,ICDOIP_05820,JCOPOM_08050,JANPHL_05165
Transposase,,Transposase,3,3,1,4,613,,,,275,275,275,ICDOIP_20985,JCOPOM_20650,JANPHL_20890
group_2712,fliJ,flagellar export protein FliJ,3,3,1,3,409,,,,443,443,443,ICDOIP_05360,JCOPOM_07590,JANPHL_05625
hupA,,DNA-binding protein HU-alpha,3,3,1,15,24,,,,272,272,272,ICDOIP_22920,JCOPOM_23370,JANPHL_22965
rimP,,ribosome maturation factor RimP,3,3,1,3,621,,,,455,455,455,ICDOIP_04305,JCOPOM_06540,JANPHL_17780
iscU,,"Fe-S cluster assembly scaffold protein IscU, NifU family",3,3,1,6,34,,,,383,383,383,ICDOIP_15165,JCOPOM_17560,JANPHL_14530
pTC1,,Serine/threonine protein phosphatase PrpC,3,3,1,2,255,,,,788,788,788,ICDOIP_00215,JCOPOM_01195,JANPHL_03645
sgaB,,"Phosphotransferase system, galactitol-specific IIB component",3,3,1,5,135,,,,287,287,287,ICDOIP_09800,JCOPOM_11205,JANPHL_09145
Flagellar basal-body protein,,Flagellar basal-body protein,3,3,1,1,30,,,,1235,1235,1235,ICDOIP_07275,JCOPOM_21400,JANPHL_07930
Zf-AD domain-containing protein,,Zf-AD domain-containing protein,3,3,1,2,824,,,,248,248,248,ICDOIP_03025,JCOPOM_15305,JANPHL_00830
IS3 family transposase,,IS3 family transposase,3,3,1,4,567,,,,404,458,440,ICDOIP_12255,JCOPOM_20825,JANPHL_11850
flaC,,Polar flagellin C,3,3,1,1,51,,,,1154,1154,1154,ICDOIP_07375,JCOPOM_21500,JANPHL_07830
eVE,,"putative RNA-binding protein, contains EVE domain",3,3,1,9,54,,,,470,470,470,ICDOIP_22395,JCOPOM_20220,JANPHL_22565
glmU,,bifunctional UDP-N-acetylglucosamine diphosphorylase/glucosamine-1-phosphate N-acetyltransferase GlmU,3,3,1,8,99,,,,1361,1361,1361,ICDOIP_19715,JCOPOM_19650,JANPHL_19620
nusA,,"Transcription antitermination factor NusA, contains S1 and KH domains",3,3,1,3,620,,,,1487,1487,1487,ICDOIP_04310,JCOPOM_06545,JANPHL_17785
group_2724,Uncharacterized membrane protein,Uncharacterized membrane protein,3,3,1,2,222,,,,308,308,308,ICDOIP_00050,JCOPOM_01025,JANPHL_03815
creA,,Periplasmic catabolite regulation protein CreA (function unknown),3,3,1,2,64,,,,473,473,473,ICDOIP_18180,JCOPOM_00205,JANPHL_18290
group_2726,Transporter,Transporter,3,3,1,1,811,,,,377,377,377,ICDOIP_11100,JCOPOM_03515,JANPHL_10445
group_2727,flgH,flagellar basal body L-ring protein FlgH,3,3,1,5,173,,,,671,671,671,ICDOIP_09615,JCOPOM_11390,JANPHL_08960
group_2728,norM,Multidrug resistance protein NorM,3,3,1,1,554,,,,1370,1370,1370,ICDOIP_16740,JCOPOM_14455,JANPHL_15960
astE,,Succinylglutamate desuccinylase,3,3,1,1,763,,,,1028,1028,1028,ICDOIP_11340,JCOPOM_03275,JANPHL_10685
DUF3316 domain-containing protein,,DUF3316 domain-containing protein,3,3,1,4,536,,,,377,377,377,ICDOIP_12275,JCOPOM_09200,JANPHL_11830
ppiB,,Peptidyl-prolyl cis-trans isomerase (rotamase) - cyclophilin family,3,3,1,1,919,,,,494,494,494,ICDOIP_10555,JCOPOM_04060,JANPHL_09900
group_2731,purR,"DNA-binding transcriptional regulator, LacI/PurR family",3,3,1,4,45,,,,1007,1007,1007,ICDOIP_16210,JCOPOM_10655,JANPHL_15575
group_2732,crcB,Fluoride efflux transporter CrcB,3,3,1,2,123,,,,92,92,92,ICDOIP_24675,JCOPOM_00495,JANPHL_24725
rep,,DNA helicase Rep,3,3,1,18,2,,,,2015,2015,2015,ICDOIP_24105,JCOPOM_23615,JANPHL_24090
GGDEF domain-containing protein,,GGDEF domain-containing protein,3,3,1,1,1231,,,,65,65,65,ICDOIP_07500,JCOPOM_05640,JANPHL_07705
group_2735,emrA,Multidrug resistance efflux pump EmrA,3,3,1,2,838,,,,1391,1391,1391,ICDOIP_03095,JCOPOM_15230,JANPHL_00760
group_2736,marR,MarR family transcriptional regulator,3,3,1,3,94,,,,389,389,389,ICDOIP_06935,JCOPOM_16555,JANPHL_04050
rraA,,putative 4-hydroxy-4-methyl-2-oxoglutarate aldolase,3,3,1,4,435,,,,482,482,482,ICDOIP_12770,JCOPOM_08685,JANPHL_11335
ybgE,,cyd operon protein YbgE,3,3,1,1,991,,,,302,302,302,ICDOIP_08680,JCOPOM_04425,JANPHL_06515
Delta-VPH,,Delta-VPH,3,3,1,1,295,,,,611,611,611,ICDOIP_17490,JCOPOM_13255,JANPHL_16855
baeS,,Signal transduction histidine kinase,3,3,1,4,534,,,,1373,1385,1377,ICDOIP_12285,JCOPOM_09190,JANPHL_11820
group_2740,mscS,Small-conductance mechanosensitive channel,3,3,1,2,551,,,,869,869,869,ICDOIP_01695,JCOPOM_02665,JANPHL_02165
Transcription initiation factor TFIIIB,,Transcription initiation factor TFIIIB,3,3,1,2,68,,,,215,215,215,ICDOIP_18200,JCOPOM_00225,JANPHL_18270
pdxY,,pyridoxal kinase PdxY,3,3,1,2,737,,,,869,869,869,ICDOIP_02595,JCOPOM_15730,JANPHL_01260
WD-REPEATS-REGION domain-containing protein,,WD-REPEATS-REGION domain-containing protein,3,3,1,4,703,,,,416,416,416,ICDOIP_23435,JCOPOM_22385,JANPHL_23480
rpoZ,,DNA-directed RNA polymerase subunit omega,3,3,1,4,145,,,,272,272,272,ICDOIP_15705,JCOPOM_10145,JANPHL_15070
nfuA,,NfuA family Fe-S biogenesis protein,3,3,1,4,131,,,,584,584,584,ICDOIP_15775,JCOPOM_10215,JANPHL_15140
group_2746,yciA,acyl-CoA thioester hydrolase YciA,3,3,1,3,150,,,,395,395,395,ICDOIP_06635,JCOPOM_16855,JANPHL_04350
group_2747,hisJ,"ABC-type amino acid transport/signal transduction system, periplasmic component/domain",3,3,1,2,623,,,,932,932,932,ICDOIP_02050,JCOPOM_16300,JANPHL_01810
ttcA,,tRNA 2-thiocytidine(32) synthetase TtcA,3,3,1,1,501,,,,893,893,893,ICDOIP_16990,JCOPOM_14205,JANPHL_15710
ldhA,,Lactate dehydrogenase or related 2-hydroxyacid dehydrogenase,3,3,1,5,51,,,,995,995,995,ICDOIP_10235,JCOPOM_10740,JANPHL_09580
mtlR,,"DNA-binding transcriptional regulator, MltR family",3,3,1,4,528,,,,530,530,530,ICDOIP_12295,JCOPOM_09160,JANPHL_11810
phaC,,PhaC PHA synthase,3,3,1,10,26,,,,563,563,563,ICDOIP_21290,JCOPOM_21110,JANPHL_21365
DUF1845 domain-containing protein,,DUF1845 domain-containing protein,3,3,1,4,697,,,,539,539,539,ICDOIP_23405,JCOPOM_22355,JANPHL_23450
Type II secretion system protein,,Type II secretion system protein,3,3,1,2,910,,,,527,527,527,ICDOIP_03755,JCOPOM_21770,JANPHL_00100
glnK,,P-II family nitrogen regulator,3,3,1,3,658,,,,338,338,338,ICDOIP_04110,JCOPOM_06345,JANPHL_17585
deoA,,thymidine phosphorylase,3,3,1,3,598,,,,1328,1328,1328,ICDOIP_04420,JCOPOM_06655,JANPHL_17895
group_2755,ompR,two-component system response regulator OmpR,3,3,1,4,139,,,,719,719,719,ICDOIP_15735,JCOPOM_10175,JANPHL_15100
gorA,,glutathione-disulfide reductase,3,3,1,4,55,,,,1355,1355,1355,ICDOIP_16160,JCOPOM_10605,JANPHL_15525
group_2757,gGDEF,"GGDEF domain, diguanylate cyclase (c-di-GMP synthetase) or its enzymatically inactive variants",3,3,1,2,962,,,,1091,1091,1091,ICDOIP_03490,JCOPOM_14830,JANPHL_00365
Lactoylglutathione lyase,,Lactoylglutathione lyase,3,3,1,5,195,,,,371,371,371,ICDOIP_09505,JCOPOM_11505,JANPHL_08850
OMP-b-brl domain-containing protein,,OMP-b-brl domain-containing protein,3,3,1,1,829,,,,545,545,545,ICDOIP_11010,JCOPOM_03605,JANPHL_10355
mtlD,,mannitol-1-phosphate 5-dehydrogenase,3,3,1,4,527,,,,1148,1148,1148,ICDOIP_12300,JCOPOM_09155,JANPHL_11805
rlmB,,23S rRNA (guanosine(2251)-2'-O)-methyltransferase RlmB,3,3,1,7,16,,,,743,743,743,ICDOIP_19000,JCOPOM_22865,JANPHL_19360
group_2761,adhE,bifunctional acetaldehyde-CoA/alcohol dehydrogenase,3,3,1,3,301,,,,2702,2702,2702,ICDOIP_05895,JCOPOM_08125,JANPHL_05090
group_2762,emrA,Multidrug resistance efflux pump EmrA,3,3,1,1,311,,,,980,980,980,ICDOIP_17560,JCOPOM_13335,JANPHL_16925
yjgA,,ribosome-associated protein,3,3,1,1,145,,,,527,527,527,ICDOIP_18665,JCOPOM_19110,JANPHL_18695
ktrB,,Ktr system potassium uptake protein B,3,3,1,1,1129,,,,1367,1367,1367,ICDOIP_07975,JCOPOM_05125,JANPHL_07225
torR,,two-component system response regulator TorR,3,3,1,1,1012,,,,713,713,713,ICDOIP_08575,JCOPOM_04530,JANPHL_06620
group_2766,cheW,purine-binding chemotaxis protein CheW,3,3,1,3,389,,,,494,494,494,ICDOIP_05460,JCOPOM_07690,JANPHL_05525
celC,,Phosphotransferase system cellobiose-specific component IIA,3,3,1,1,98,,,,311,311,311,ICDOIP_18895,JCOPOM_19325,JANPHL_18925
group_2768,exbD,Biopolymer transport protein ExbD,3,3,1,4,149,,,,407,407,407,ICDOIP_15685,JCOPOM_10125,JANPHL_15050
group_2769,atoC,"DNA-binding transcriptional response regulator, NtrC family, contains REC, AAA-type ATPase, and a Fis-type DNA-binding domains",3,3,1,3,417,,,,1466,1466,1466,ICDOIP_05320,JCOPOM_07550,JANPHL_05665
group_277,osmY,"Osmotically-inducible protein OsmY, contains BON domain",3,3,1,4,480,,,,671,689,677,ICDOIP_12545,JCOPOM_08910,JANPHL_11560
rpsU,,30S ribosomal protein S21,3,3,1,4,516,,,,215,215,215,ICDOIP_12365,JCOPOM_09090,JANPHL_11740
group_2771,flgB,flagellar basal body rod protein FlgB,3,3,1,1,38,,,,395,395,395,ICDOIP_07315,JCOPOM_21440,JANPHL_07890
Conserved domain protein,,Conserved domain protein,3,3,1,15,17,,,,491,491,491,ICDOIP_22885,JCOPOM_23405,JANPHL_22930
group_2773,hypothetical protein,hypothetical protein,3,3,1,6,120,,,,86,86,86,ICDOIP_14740,JCOPOM_17890,JANPHL_14105
gpmM,,"2,3-bisphosphoglycerate-independent phosphoglycerate mutase",3,3,1,10,7,,,,1532,1532,1532,ICDOIP_21195,JCOPOM_21205,JANPHL_21460
Glutathione peroxidase,,Glutathione peroxidase,3,3,1,2,784,,,,245,245,245,ICDOIP_02830,JCOPOM_15505,JANPHL_01025
mlaA,,Lipoprotein subunit MlaA of the ABC-type intermembrane phospholipid transporter Mla,3,3,1,3,377,,,,776,776,776,ICDOIP_05515,JCOPOM_07745,JANPHL_05470
ndk,,nucleoside-diphosphate kinase,3,3,1,6,41,,,,425,425,425,ICDOIP_15130,JCOPOM_17595,JANPHL_14495
ihfA,,integration host factor subunit alpha,3,3,1,1,778,,,,296,296,296,ICDOIP_11265,JCOPOM_03350,JANPHL_10610
hemE,,uroporphyrinogen decarboxylase,3,3,1,15,19,,,,1067,1067,1067,ICDOIP_22895,JCOPOM_23395,JANPHL_22940
yraN,,YraN family protein,3,3,1,4,478,,,,365,365,365,ICDOIP_12555,JCOPOM_08900,JANPHL_11550
DUF2523 domain-containing protein,,DUF2523 domain-containing protein,3,3,1,2,120,,,,314,314,314,ICDOIP_18460,JCOPOM_00485,JANPHL_18010
TIGR02808 family protein,,TIGR02808 family protein,3,3,1,2,419,,,,134,134,134,ICDOIP_01010,JCOPOM_02000,JANPHL_02850
CG2 omega domain protein,,CG2 omega domain protein,3,3,1,3,370,,,,254,254,254,ICDOIP_05550,JCOPOM_07780,JANPHL_05435
group_2783,flgD,flagellar hook assembly protein FlgD,3,3,1,5,169,,,,683,683,683,ICDOIP_09635,JCOPOM_11370,JANPHL_08980
group_2784,HTH cro/C1-type domain-containing protein,HTH cro/C1-type domain-containing protein,3,3,1,2,464,,,,758,758,758,ICDOIP_01235,JCOPOM_02225,JANPHL_02625
group_2785,hcp,Type VI protein secretion system component Hcp (secreted cytotoxin),3,3,1,1,644,,,,518,518,518,ICDOIP_16310,JCOPOM_20015,JANPHL_16390
group_2786,ptsN,PTS IIA-like nitrogen regulatory protein PtsN,3,3,1,1,150,,,,446,446,446,ICDOIP_18690,JCOPOM_19135,JANPHL_18720
ruvC,,crossover junction endodeoxyribonuclease RuvC,3,3,1,1,998,,,,521,521,521,ICDOIP_08645,JCOPOM_04460,JANPHL_06550
yceD,,23S rRNA accumulation protein YceD,3,3,1,3,241,,,,524,524,524,ICDOIP_06200,JCOPOM_17300,JANPHL_04785
dapB,,4-hydroxy-tetrahydrodipicolinate reductase,3,3,1,4,458,,,,809,809,809,ICDOIP_12660,JCOPOM_08795,JANPHL_11445
DUF3293 domain-containing protein,,DUF3293 domain-containing protein,3,3,1,4,436,,,,407,407,407,ICDOIP_12765,JCOPOM_08690,JANPHL_11340
spoVV,,"Spore dipicolinate transporter SpoVV/YjiH/YlbJ, contains nucleoside recognition GATE domain",3,3,1,5,395,,,,1364,1364,1364,ICDOIP_14195,JCOPOM_12500,JANPHL_13540
hisIE,,bifunctional phosphoribosyl-AMP cyclohydrolase/phosphoribosyl-ATP diphosphatase HisIE,3,3,1,1,923,,,,635,635,635,ICDOIP_10535,JCOPOM_04080,JANPHL_09880
aspA,,aspartate ammonia-lyase,3,3,1,10,38,,,,1451,1451,1451,ICDOIP_21350,JCOPOM_21050,JANPHL_21305
group_2793,dapA,4-hydroxy-tetrahydrodipicolinate synthase,3,3,1,3,436,,,,878,878,878,ICDOIP_05225,JCOPOM_07455,JANPHL_05760
group_2794,bamA,outer membrane protein assembly factor BamA,3,3,1,3,473,,,,2414,2414,2414,ICDOIP_05040,JCOPOM_07270,JANPHL_05945
fixJ,,"DNA-binding response regulator, FixJ family, consists of REC and HTH domains",3,3,1,3,192,,,,611,611,611,ICDOIP_06445,JCOPOM_17055,JANPHL_04540
group_2796,ycgL,YcgL domain-containing protein VIBHAR-01387,3,3,1,1,1167,,,,284,284,284,ICDOIP_07820,JCOPOM_05320,JANPHL_07380
group_2797,pAS,PAS domain,3,3,1,2,399,,,,1568,1568,1568,ICDOIP_00910,JCOPOM_01900,JANPHL_02950
yggU,,DUF167 domain-containing protein,3,3,1,3,10,,,,290,290,290,ICDOIP_20320,JCOPOM_05710,JANPHL_20665
fabZ,,3-hydroxyacyl-ACP dehydratase FabZ,3,3,1,3,470,,,,452,452,452,ICDOIP_05055,JCOPOM_07285,JANPHL_05930
DNA-directed RNA polymerase,,DNA-directed RNA polymerase,3,3,1,1,86,,,,311,575,487,ICDOIP_16465,JCOPOM_23995,JANPHL_16235
trmN6,,tRNA1(Val) (adenine(37)-N6)-methyltransferase,3,3,1,4,420,,,,647,647,647,ICDOIP_12845,JCOPOM_08615,JANPHL_11260
atpD,,F0F1 ATP synthase subunit beta,3,3,1,8,97,,,,1403,1403,1403,ICDOIP_19705,JCOPOM_19640,JANPHL_19630
group_2801,yhhN,Uncharacterized membrane protein YhhN,3,3,1,9,68,,,,620,620,620,ICDOIP_22465,JCOPOM_20290,JANPHL_22495
czcD,,Cobalt-zinc-cadmium resistance protein CzcD,3,3,1,2,481,,,,188,188,188,ICDOIP_01320,JCOPOM_02310,JANPHL_02540
group_2803,lysR,"DNA-binding transcriptional regulator, LysR family",3,3,1,3,348,,,,875,875,875,ICDOIP_05655,JCOPOM_07885,JANPHL_05330
rnd,,ribonuclease D,3,3,1,1,1171,,,,1166,1166,1166,ICDOIP_07800,JCOPOM_05340,JANPHL_07400
ykaA,,"Phosphate transport regulator YkaA, distantly related to PhoU, UPF0111/DUF47 family",3,3,1,4,504,,,,680,680,680,ICDOIP_12425,JCOPOM_09030,JANPHL_11680
group_2806,Transcriptional regulator,Transcriptional regulator,3,3,1,5,429,,,,542,542,542,ICDOIP_14025,JCOPOM_12665,JANPHL_13370
yfcL,,YfcL family protein,3,3,1,3,362,,,,263,263,263,ICDOIP_05590,JCOPOM_07820,JANPHL_05395
nqrE,,NADH:ubiquinone reductase (Na(+)-transporting) subunit E,3,3,1,3,509,,,,596,596,596,ICDOIP_04850,JCOPOM_07080,JANPHL_06135
ytfP,,"putative gamma-glutamylamine cyclotransferase YtfP, GGCT/AIG2-like family",3,3,1,4,319,,,,347,347,347,ICDOIP_12020,JCOPOM_09430,JANPHL_12085
prfB,,peptide chain release factor 2,3,3,1,4,414,,,,782,962,902,ICDOIP_12875,JCOPOM_08585,JANPHL_11230
glyA1,,Serine hydroxymethyltransferase 1,3,3,1,6,157,,,,1250,1250,1250,ICDOIP_14515,JCOPOM_18115,JANPHL_13880
group_2811,"Signal-transduction protein containing cAMP-binding, CBS, and nucleotidyltransferase domains","Signal-transduction protein containing cAMP-binding, CBS, and nucleotidyltransferase domains",3,3,1,3,84,,,,1889,1889,1889,ICDOIP_06985,JCOPOM_16505,JANPHL_04000
group_2812,srmB,ATP-dependent RNA helicase SrmB,3,3,1,4,421,,,,1223,1223,1223,ICDOIP_12840,JCOPOM_08620,JANPHL_11265
DUF3319 domain-containing protein,,DUF3319 domain-containing protein,3,3,1,2,116,,,,389,389,389,ICDOIP_18440,JCOPOM_00465,JANPHL_18030
xseB,,exodeoxyribonuclease VII small subunit,3,3,1,6,137,,,,242,242,242,ICDOIP_14650,JCOPOM_17980,JANPHL_14015
tcyP,,"L-cystine transporter TcyP, sodium:dicarboxylate symporter family",3,3,1,1,770,,,,1373,1373,1373,ICDOIP_11305,JCOPOM_03310,JANPHL_10650
ubiT,,"Ubiquinone biosynthesis accessory factor UbiT, lipid carrier SCP2 domain",3,3,1,3,608,,,,527,527,527,ICDOIP_04370,JCOPOM_06605,JANPHL_17845
rpsG,,30S ribosomal protein S7,3,3,1,7,46,,,,470,470,470,ICDOIP_19150,JCOPOM_22715,JANPHL_19210
hflC,,protease modulator HflC,3,3,1,7,9,,,,980,980,980,ICDOIP_18965,JCOPOM_22900,JANPHL_19395
dppD,,"ABC-type dipeptide/oligopeptide/nickel transport system, ATPase component",3,3,1,3,648,,,,995,995,995,ICDOIP_04160,JCOPOM_06395,JANPHL_17635
pgeF,,peptidoglycan editing factor PgeF,3,3,1,4,369,,,,728,728,728,ICDOIP_13105,JCOPOM_08355,JANPHL_11000
metG,,tRNA-binding protein,3,3,1,3,557,,,,332,332,332,ICDOIP_04625,JCOPOM_06860,JANPHL_06360
group_2821,gloA,lactoylglutathione lyase,3,3,1,3,290,,,,416,416,416,ICDOIP_05950,JCOPOM_08180,JANPHL_05035
rhtB,,Threonine transporter RhtB,3,3,1,1,282,,,,539,539,539,ICDOIP_17425,JCOPOM_13190,JANPHL_16790
guaA,,glutamine-hydrolyzing GMP synthase,3,3,1,6,53,,,,1553,1553,1553,ICDOIP_15070,JCOPOM_17655,JANPHL_14435
group_2824,soxR,"DNA-binding transcriptional regulator, MerR family",3,3,1,2,340,,,,386,386,386,ICDOIP_00635,JCOPOM_01620,JANPHL_03225
group_2825,hypothetical protein,hypothetical protein,3,3,1,2,118,,,,110,110,110,ICDOIP_18450,JCOPOM_00475,JANPHL_18020
gpsA,,NAD(P)H-dependent glycerol-3-phosphate dehydrogenase,3,3,1,10,10,,,,1037,1037,1037,ICDOIP_21210,JCOPOM_21190,JANPHL_21445
gcvH,,glycine cleavage system protein GcvH,3,3,1,2,32,,,,380,380,380,ICDOIP_18015,JCOPOM_00045,JANPHL_18455
group_2828,lysR,"DNA-binding transcriptional regulator, LysR family",3,3,1,1,1165,,,,944,944,944,ICDOIP_07830,JCOPOM_05310,JANPHL_07370
sdhB,,"Succinate dehydrogenase/fumarate reductase, Fe-S protein subunit",3,3,1,1,1193,,,,710,710,710,ICDOIP_07685,JCOPOM_05455,JANPHL_07515
group_283,tadA,Type II/IV secretion system ATP hydrolase TadA/VirB11/CpaF TadA subfamily,3,3,1,5,467,,,,815,1265,965,ICDOIP_13115,JCOPOM_18235,JANPHL_12460
rpsA,,30S ribosomal protein S1,3,3,1,3,212,,,,1670,1670,1670,ICDOIP_06345,JCOPOM_17155,JANPHL_04640
lpcA,,D-sedoheptulose 7-phosphate isomerase,3,3,1,3,451,,,,575,575,575,ICDOIP_05150,JCOPOM_07380,JANPHL_05835
yjeT,,DUF2065 domain-containing protein,3,3,1,7,10,,,,185,185,185,ICDOIP_18970,JCOPOM_22895,JANPHL_19390
hslJ,,Heat shock protein HslJ,3,3,1,1,866,,,,446,446,446,ICDOIP_10820,JCOPOM_03795,JANPHL_10165
argR,,transcriptional regulator ArgR,3,3,1,4,331,,,,476,476,476,ICDOIP_12080,JCOPOM_09370,JANPHL_12025
group_2835,nirD,Ferredoxin subunit of nitrite reductase or a ring-hydroxylating dioxygenase,3,3,1,2,272,,,,335,335,335,ICDOIP_00300,JCOPOM_01280,JANPHL_03560
ybeY,,rRNA maturation RNase YbeY,3,3,1,6,141,,,,464,464,464,ICDOIP_14435,JCOPOM_18195,JANPHL_13800
group_2837,katE,Catalase,3,3,1,2,530,,,,1439,1439,1439,ICDOIP_01590,JCOPOM_02560,JANPHL_02270
apaG,,Co2+/Mg2+ efflux protein ApaG,3,3,1,4,342,,,,380,380,380,ICDOIP_12135,JCOPOM_09315,JANPHL_11970
pcnB,,tRNA nucleotidyltransferase/poly(A) polymerase,3,3,1,3,667,,,,1367,1367,1367,ICDOIP_04065,JCOPOM_06300,JANPHL_17540
group_284,eAL,"EAL domain, c-di-GMP-specific phosphodiesterase class I (or its enzymatically inactive variant)",3,3,1,5,479,,,,737,746,743,ICDOIP_13170,JCOPOM_18290,JANPHL_12515
group_2840,grxC,Glutaredoxin,3,3,1,5,428,,,,359,359,359,ICDOIP_14030,JCOPOM_12660,JANPHL_13375
group_2841,gloB,hydroxyacylglutathione hydrolase,3,3,1,3,458,,,,758,758,758,ICDOIP_05115,JCOPOM_07345,JANPHL_05870
Ion-trans-2 domain-containing protein,,Ion-trans-2 domain-containing protein,3,3,1,2,685,,,,686,686,686,ICDOIP_02355,JCOPOM_15990,JANPHL_01500
fre,,NAD(P)H-flavin reductase,3,3,1,13,2,,,,713,713,713,ICDOIP_22960,JCOPOM_23330,JANPHL_23005
rpsN,,30S ribosomal protein S14,3,3,1,4,281,,,,305,305,305,ICDOIP_11830,JCOPOM_09620,JANPHL_12275
yoaK,,"Uncharacterized membrane protein YoaK, UPF0700 family",3,3,1,5,396,,,,671,671,671,ICDOIP_14190,JCOPOM_12505,JANPHL_13535
trmH,,tRNA (guanosine(18)-2'-O)-methyltransferase TrmH,3,3,1,4,143,,,,683,683,683,ICDOIP_15715,JCOPOM_10155,JANPHL_15080
flhA,,flagellar biosynthesis protein,3,3,1,3,399,,,,2099,2099,2099,ICDOIP_05410,JCOPOM_07640,JANPHL_05575
sspB,,ClpXP protease specificity-enhancing factor,3,3,1,4,481,,,,482,482,482,ICDOIP_12540,JCOPOM_08915,JANPHL_11565
ycbK,,DUF882 domain-containing protein,3,3,1,3,97,,,,548,548,548,ICDOIP_06920,JCOPOM_16570,JANPHL_04065
cqsA,,quorum-sensing autoinducer CAI-1 synthase,3,3,1,5,481,,,,1181,1181,1181,ICDOIP_13180,JCOPOM_18300,JANPHL_12525
pth,,aminoacyl-tRNA hydrolase,3,3,1,1,3,,,,590,590,590,ICDOIP_07135,JCOPOM_21260,JANPHL_08070
Alkyl hydroperoxide reductase C,,Alkyl hydroperoxide reductase C,3,3,1,6,19,,,,611,611,611,ICDOIP_15240,JCOPOM_17485,JANPHL_14605
pulM,,"Type II secretory pathway, component PulM",3,3,1,4,127,,,,491,491,491,ICDOIP_15795,JCOPOM_10235,JANPHL_15160
dLH,,Dienelactone hydrolase,3,3,1,2,278,,,,914,914,914,ICDOIP_00330,JCOPOM_01310,JANPHL_03530
fdh3B,,formate dehydrogenase FDH3 subunit beta,3,3,1,1,517,,,,608,608,608,ICDOIP_16910,JCOPOM_14285,JANPHL_15790
Oxaloacetate decarboxylase beta chain,,Oxaloacetate decarboxylase beta chain,3,3,1,3,704,,,,1130,1130,1130,ICDOIP_03880,JCOPOM_06110,JANPHL_17355
group_2856,tVP38,"Uncharacterized membrane protein YdjX, related to fungal oxalate transporter, TVP38/TMEM64 family",3,3,1,1,1016,,,,692,692,692,ICDOIP_08555,JCOPOM_04550,JANPHL_06640
group_2857,HTH-8 domain-containing protein,HTH-8 domain-containing protein,3,3,1,4,681,,,,269,269,269,ICDOIP_23320,JCOPOM_22270,JANPHL_23365
rplB,,50S ribosomal protein L2,3,3,1,4,271,,,,824,824,824,ICDOIP_11780,JCOPOM_09670,JANPHL_12325
group_2859,parA,ParA-like ATPase involved in chromosome/plasmid partitioning or cellulose biosynthesis protein BcsQ,3,3,1,8,88,,,,773,773,773,ICDOIP_19660,JCOPOM_19595,JANPHL_19675
group_286,rimI,Ribosomal protein S18 acetylase RimI and related acetyltransferases,3,3,1,5,484,,,,548,548,548,ICDOIP_13195,JCOPOM_18315,JANPHL_12540
pilW,,Type IV pilus assembly protein PilW,3,3,1,1,127,,,,713,713,713,ICDOIP_18585,JCOPOM_19030,JANPHL_18615
rpe,,ribulose-phosphate 3-epimerase,3,3,1,7,77,,,,671,671,671,ICDOIP_19310,JCOPOM_22605,JANPHL_19050
radA,,DNA repair protein RadA,3,3,1,3,592,,,,1379,1379,1379,ICDOIP_04450,JCOPOM_06685,JANPHL_17925
group_2863,mscS,Small-conductance mechanosensitive channel,3,3,1,2,612,,,,1097,1097,1097,ICDOIP_02000,JCOPOM_02965,JANPHL_01860
Peptidase-M23 domain-containing protein,,Peptidase-M23 domain-containing protein,3,3,1,4,609,,,,1139,1139,1139,ICDOIP_21005,JCOPOM_20670,JANPHL_20870
DUF445 domain-containing protein,,DUF445 domain-containing protein,3,3,1,2,821,,,,707,707,707,ICDOIP_03010,JCOPOM_15320,JANPHL_00845
DUF3847 domain-containing protein,,DUF3847 domain-containing protein,3,3,1,1,600,,,,218,218,218,ICDOIP_16510,JCOPOM_14685,JANPHL_16190
fnr,,Fumarate and nitrate reduction regulatory protein,3,3,1,1,498,,,,746,746,746,ICDOIP_17000,JCOPOM_14190,JANPHL_15700
group_2868,tar,Methyl-accepting chemotaxis protein (MCP),3,3,1,2,878,,,,1661,1661,1661,ICDOIP_03295,JCOPOM_15030,JANPHL_00560
group_2869,cheW,Chemotaxis signal transduction protein CheW,3,3,1,3,219,,,,953,953,953,ICDOIP_06310,JCOPOM_17190,JANPHL_04675
Fanconi-associated nuclease,,Fanconi-associated nuclease,3,3,1,5,491,,,,1637,1637,1637,ICDOIP_13230,JCOPOM_18350,JANPHL_12575
ccmE,,cytochrome c maturation protein CcmE,3,3,1,3,382,,,,485,485,485,ICDOIP_05490,JCOPOM_07720,JANPHL_05495
menC,,o-succinylbenzoate synthase,3,3,1,1,1103,,,,989,989,989,ICDOIP_08105,JCOPOM_04995,JANPHL_07095
group_2872,lysM,"Murein DD-endopeptidase MepM and murein hydrolase activator NlpD, contains LysM domain",3,3,1,5,399,,,,1283,1283,1283,ICDOIP_14175,JCOPOM_12520,JANPHL_13520
dam,,DNA-adenine methylase,3,3,1,7,78,,,,839,839,839,ICDOIP_19305,JCOPOM_22600,JANPHL_19055
DUF4136 domain-containing protein,,DUF4136 domain-containing protein,3,3,1,2,314,,,,518,518,518,ICDOIP_00500,JCOPOM_01485,JANPHL_03360
motB,,Flagellar motor protein MotB,3,3,1,6,181,,,,947,947,947,ICDOIP_14640,JCOPOM_17990,JANPHL_14005
dnaB,,replicative DNA helicase,3,3,1,7,71,,,,1400,1400,1400,ICDOIP_19340,JCOPOM_22635,JANPHL_19020
menB,,"1,4-dihydroxy-2-naphthoyl-CoA synthase",3,3,1,1,1104,,,,866,866,866,ICDOIP_08100,JCOPOM_05000,JANPHL_07100
rpoH,,RNA polymerase sigma factor RpoH,3,3,1,9,77,,,,860,860,860,ICDOIP_22510,JCOPOM_20330,JANPHL_22450
Glycyl-tRNA synthetase subunit alpha,,Glycyl-tRNA synthetase subunit alpha,3,3,1,8,44,,,,260,260,260,ICDOIP_19460,JCOPOM_19395,JANPHL_19875
group_288,bepA,"Outer membrane protein chaperone/metalloprotease BepA/YfgC, contains M48 and TPR domains",3,3,1,5,492,,,,1127,1127,1127,ICDOIP_13235,JCOPOM_18355,JANPHL_12580
DUF3622 domain-containing protein,,DUF3622 domain-containing protein,3,3,1,6,115,,,,302,302,302,ICDOIP_14765,JCOPOM_17865,JANPHL_14130
ubiG,,"2-polyprenyl-3-methyl-5-hydroxy-6-metoxy-1,4-benzoquinol methylase",3,3,1,4,97,,,,638,638,638,ICDOIP_15945,JCOPOM_10385,JANPHL_15310
uspE,,universal stress protein UspE,3,3,1,1,499,,,,947,947,947,ICDOIP_16995,JCOPOM_14195,JANPHL_15705
group_2883,fliG,flagellar motor switch protein FliG,3,3,1,3,412,,,,1055,1055,1055,ICDOIP_05345,JCOPOM_07575,JANPHL_05640
group_2884,Uncharacterized membrane protein,Uncharacterized membrane protein,3,3,1,3,444,,,,443,443,443,ICDOIP_05185,JCOPOM_07415,JANPHL_05800
hisH,,imidazole glycerol phosphate synthase subunit HisH,3,3,1,1,926,,,,614,614,614,ICDOIP_10520,JCOPOM_04095,JANPHL_09865
fimT,,Type IV pilus assembly protein FimT,3,3,1,6,105,,,,515,515,515,ICDOIP_14810,JCOPOM_17820,JANPHL_14175
cpaC,,"Flp pilus assembly protein, secretin CpaC",3,3,1,3,582,,,,1463,1463,1463,ICDOIP_04500,JCOPOM_06735,JANPHL_17975
yhbY,,ribosome assembly RNA-binding protein YhbY,3,3,1,3,628,,,,296,296,296,ICDOIP_04260,JCOPOM_06495,JANPHL_17735
group_2889,gloA,"Catechol 2,3-dioxygenase or related enzyme, vicinal oxygen chelate (VOC) family",3,3,1,2,790,,,,419,419,419,ICDOIP_02860,JCOPOM_15475,JANPHL_00995
yegS,,lipid kinase YegS,3,3,1,5,497,,,,899,899,899,ICDOIP_13260,JCOPOM_18380,JANPHL_12605
nqrA,,Na(+)-translocating NADH-quinone reductase subunit A,3,3,1,3,513,,,,1400,1400,1400,ICDOIP_04830,JCOPOM_07060,JANPHL_06155
group_2891,"Signal-transduction protein containing cAMP-binding, CBS, and nucleotidyltransferase domains","Signal-transduction protein containing cAMP-binding, CBS, and nucleotidyltransferase domains",3,3,1,2,955,,,,1868,1868,1868,ICDOIP_03525,JCOPOM_14795,JANPHL_00330
group_2892,ppiB,Peptidyl-prolyl cis-trans isomerase (rotamase) - cyclophilin family,3,3,1,2,877,,,,494,494,494,ICDOIP_03290,JCOPOM_15035,JANPHL_00565
group_2893,cpaC,"Flp pilus assembly protein, secretin CpaC",3,3,1,5,470,,,,1343,1343,1343,ICDOIP_13130,JCOPOM_18250,JANPHL_12475
ycjU,,"Beta-phosphoglucomutase, HAD superfamily",3,3,1,2,67,,,,668,668,668,ICDOIP_18195,JCOPOM_00220,JANPHL_18275
Rpn family recombination-promoting nuclease/putative transposase,,Rpn family recombination-promoting nuclease/putative transposase,3,3,1,4,26,,,,470,470,470,ICDOIP_23600,JCOPOM_22145,JANPHL_24505
truD,,tRNA pseudouridine(13) synthase TruD,3,3,1,3,718,,,,1043,1043,1043,ICDOIP_20620,JCOPOM_06005,JANPHL_20365
gstA,,Glutathione S-transferase,3,3,1,2,269,,,,614,614,614,ICDOIP_00285,JCOPOM_01265,JANPHL_03575
HTH cro/C1-type domain-containing protein,,HTH cro/C1-type domain-containing protein,3,3,1,1,787,,,,809,809,809,ICDOIP_11220,JCOPOM_03395,JANPHL_10565
group_2899,Phage protein,Phage protein,3,3,1,1,322,,,,137,137,137,ICDOIP_17615,JCOPOM_13390,JANPHL_16980
group_29,hypothetical protein,hypothetical protein,3,3,1,1,87,,,,269,491,343,ICDOIP_16470,JCOPOM_24000,JANPHL_16230
DUF4381 domain-containing protein,,DUF4381 domain-containing protein,3,3,1,5,503,,,,578,578,578,ICDOIP_13290,JCOPOM_18410,JANPHL_12635
group_2900,asd,aspartate-semialdehyde dehydrogenase,3,3,1,3,357,,,,1013,1013,1013,ICDOIP_05615,JCOPOM_07845,JANPHL_05370
queD,,6-carboxytetrahydropterin synthase QueD,3,3,1,3,75,,,,362,362,362,ICDOIP_07030,JCOPOM_16460,JANPHL_03955
celA,,Phosphotransferase system cellobiose-specific component IIB,3,3,1,1,100,,,,305,305,305,ICDOIP_18885,JCOPOM_19315,JANPHL_18915
Phage protein,,Phage protein,3,3,1,4,541,,,,176,176,176,ICDOIP_21035,JCOPOM_20700,JANPHL_20840
mobA,,molybdenum cofactor guanylyltransferase MobA,3,3,1,1,532,,,,587,587,587,ICDOIP_16835,JCOPOM_14360,JANPHL_15865
pntB,,Re/Si-specific NAD(P)(+) transhydrogenase subunit beta,3,3,1,2,140,,,,1376,1376,1376,ICDOIP_20215,JCOPOM_00585,JANPHL_20245
Repressor,,Repressor,3,3,1,2,128,,,,176,176,176,ICDOIP_24625,JCOPOM_00520,JANPHL_24685
yhhL,,DUF1145 domain-containing protein,3,3,1,9,72,,,,266,266,266,ICDOIP_22485,JCOPOM_20305,JANPHL_22475
rplC,,50S ribosomal protein L3,3,3,1,4,268,,,,629,629,629,ICDOIP_11765,JCOPOM_09685,JANPHL_12340
Pilus assembly protein,,Pilus assembly protein,3,3,1,2,772,,,,89,89,89,ICDOIP_02770,JCOPOM_15565,JANPHL_01085
group_291,lysR,LysR family transcriptional regulator,3,3,1,5,508,,,,857,857,857,ICDOIP_13315,JCOPOM_18435,JANPHL_12660
corC,,CNNM family magnesium/cobalt transport protein CorC,3,3,1,6,142,,,,899,899,899,ICDOIP_14440,JCOPOM_18190,JANPHL_13805
arsR,,"DNA-binding transcriptional regulator, ArsR family",3,3,1,5,345,,,,293,293,293,ICDOIP_08770,JCOPOM_12250,JANPHL_08115
group_2912,htpX,protease HtpX,3,3,1,1,948,,,,863,863,863,ICDOIP_10410,JCOPOM_04205,JANPHL_09755
vecA,,CesT family type III secretion system chaperone VecA,3,3,1,1,346,,,,458,458,458,ICDOIP_17730,JCOPOM_13505,JANPHL_17095
ppsA,,phosphoenolpyruvate synthase,3,3,1,5,269,,,,2369,2369,2369,ICDOIP_09145,JCOPOM_11895,JANPHL_08490
rnk,,nucleoside diphosphate kinase regulator,3,3,1,2,209,,,,407,407,407,ICDOIP_19930,JCOPOM_00935,JANPHL_19960
group_2916,ABC transporter permease,ABC transporter permease,3,3,1,9,67,,,,179,179,179,ICDOIP_22460,JCOPOM_20285,JANPHL_22500
iscX,,Fe-S cluster assembly protein IscX,3,3,1,6,39,,,,194,194,194,ICDOIP_15140,JCOPOM_17585,JANPHL_14505
uhpT,,hexose-6-phosphate:phosphate antiporter,3,3,1,2,184,,,,1394,1394,1394,ICDOIP_20055,JCOPOM_00810,JANPHL_20085
DNA primase,,DNA primase,3,3,1,4,706,,,,893,893,893,ICDOIP_23450,JCOPOM_22400,JANPHL_23495
bepA,,"Outer membrane protein chaperone/metalloprotease BepA/YfgC, contains M48 and TPR domains",3,3,1,5,509,,,,2315,2315,2315,ICDOIP_13320,JCOPOM_18440,JANPHL_12665
tadB,,Flp pilus assembly protein TadB,3,3,1,3,575,,,,968,968,968,ICDOIP_04535,JCOPOM_06770,JANPHL_06450
mgtE,,magnesium transporter,3,3,1,1,147,,,,1355,1355,1355,ICDOIP_18675,JCOPOM_19120,JANPHL_18705
Uronate isomerase,,Uronate isomerase,3,3,1,4,73,,,,398,398,398,ICDOIP_16070,JCOPOM_10515,JANPHL_15435
2TM domain-containing protein,,2TM domain-containing protein,3,3,1,1,237,,,,332,332,332,ICDOIP_17225,JCOPOM_12985,JANPHL_16590
rplE,,50S ribosomal protein L5,3,3,1,4,280,,,,539,539,539,ICDOIP_11825,JCOPOM_09625,JANPHL_12280
group_2925,hypothetical protein,hypothetical protein,3,3,1,7,22,,,,122,122,122,ICDOIP_19030,JCOPOM_22835,JANPHL_19330
ftsW,,cell division protein FtsW,3,3,1,4,468,,,,1196,1196,1196,ICDOIP_12610,JCOPOM_08845,JANPHL_11495
group_2927,hypothetical protein,hypothetical protein,3,3,1,4,411,,,,110,110,110,ICDOIP_12890,JCOPOM_08570,JANPHL_11215
pckA,,phosphoenolpyruvate carboxykinase (ATP),3,3,1,4,114,,,,1628,1628,1628,ICDOIP_15860,JCOPOM_10300,JANPHL_15225
group_2929,lrp,"DNA-binding transcriptional regulator, Lrp family",3,3,1,2,822,,,,476,476,476,ICDOIP_03015,JCOPOM_15315,JANPHL_00840
group_293,ompR,"DNA-binding response regulator, OmpR family, contains REC and winged-helix (wHTH) domain",3,3,1,5,512,,,,422,422,422,ICDOIP_13335,JCOPOM_18455,JANPHL_12680
torC,,pentaheme c-type cytochrome TorC,3,3,1,1,907,,,,1184,1184,1184,ICDOIP_10615,JCOPOM_04000,JANPHL_09960
group_2931,fabB,beta-ketoacyl-ACP synthase I,3,3,1,3,359,,,,1211,1211,1211,ICDOIP_05605,JCOPOM_07835,JANPHL_05380
DUF3299 domain-containing protein,,DUF3299 domain-containing protein,3,3,1,4,309,,,,494,494,494,ICDOIP_11970,JCOPOM_09480,JANPHL_12135
lafD,,LafD,3,3,1,2,660,,,,320,320,320,ICDOIP_02235,JCOPOM_16115,JANPHL_01620
eCF-S,,ECF-type riboflavin transporter substrate-binding protein,3,3,1,2,593,,,,548,548,548,ICDOIP_01905,JCOPOM_02870,JANPHL_01955
rpmF,,50S ribosomal protein L32,3,3,1,3,240,,,,170,170,170,ICDOIP_06205,JCOPOM_17295,JANPHL_04780
DUF2489 domain-containing protein,,DUF2489 domain-containing protein,3,3,1,4,99,,,,488,488,488,ICDOIP_15935,JCOPOM_10375,JANPHL_15300
pilT,,"Type IV pilus assembly protein PilT, pilus retraction ATPase",3,3,1,3,14,,,,1040,1040,1040,ICDOIP_20340,JCOPOM_05730,JANPHL_20645
rsmH,,16S rRNA (cytosine(1402)-N(4))-methyltransferase RsmH,3,3,1,4,475,,,,950,950,950,ICDOIP_12575,JCOPOM_08880,JANPHL_11530
yqaE,,"Membrane putative modulator PMP3/YqaE, plasma membrane proteolipid 3 (PMP3)/Esi3/RCI2/UPF0057 family",3,3,1,5,301,,,,164,164,164,ICDOIP_08990,JCOPOM_12065,JANPHL_08335
DUF2218 domain-containing protein,,DUF2218 domain-containing protein,3,3,1,5,525,,,,281,281,281,ICDOIP_13400,JCOPOM_18520,JANPHL_12745
group_2940,cheW,Chemotaxis signal transduction protein CheW,3,3,1,11,21,,,,974,974,974,ICDOIP_22100,JCOPOM_21920,JANPHL_22290
group_2941,amtB,Ammonia channel protein AmtB,3,3,1,3,657,,,,1229,1229,1229,ICDOIP_04115,JCOPOM_06350,JANPHL_17590
group_2942,lysR,"DNA-binding transcriptional regulator, LysR family",3,3,1,6,20,,,,905,905,905,ICDOIP_15235,JCOPOM_17490,JANPHL_14600
trhO,,rhodanese-related sulfurtransferase,3,3,1,2,700,,,,980,980,980,ICDOIP_02430,JCOPOM_15915,JANPHL_01425
group_2944,DNA repair protein,DNA repair protein,3,3,1,3,387,,,,491,491,491,ICDOIP_05465,JCOPOM_07695,JANPHL_05520
rppH,,RNA pyrophosphohydrolase,3,3,1,4,406,,,,524,524,524,ICDOIP_12915,JCOPOM_08545,JANPHL_11190
udg4,,Uracil-DNA glycosylase,3,3,1,15,20,,,,572,572,572,ICDOIP_22900,JCOPOM_23390,JANPHL_22945
pykF,,pyruvate kinase PykF,3,3,1,4,362,,,,1412,1412,1412,ICDOIP_12235,JCOPOM_09215,JANPHL_11870
seqA,,replication initiation negative regulator SeqA,3,3,1,1,1201,,,,542,542,542,ICDOIP_07645,JCOPOM_05495,JANPHL_07555
sapF,,"ABC-type antimicrobial peptide export system, ATPase component SapF",3,3,1,1,901,,,,782,782,782,ICDOIP_10645,JCOPOM_03970,JANPHL_09990
glcD,,FAD/FMN-containing lactate dehydrogenase/glycolate oxidase,3,3,1,5,554,,,,1385,1385,1385,ICDOIP_13540,JCOPOM_18655,JANPHL_12885
group_2950,flgM,flagellar biosynthesis anti-sigma factor FlgM,3,3,1,5,165,,,,281,281,281,ICDOIP_09655,JCOPOM_11350,JANPHL_09000
pilQ,,"Type II secretory pathway, component HofQ",3,3,1,7,82,,,,1742,1742,1742,ICDOIP_19285,JCOPOM_22580,JANPHL_19075
uspA,,"Nucleotide-binding universal stress protein, UspA family",3,3,1,4,328,,,,437,437,437,ICDOIP_12065,JCOPOM_09385,JANPHL_12040
group_2953,Secreted protein,Secreted protein,3,3,1,4,34,,,,278,278,278,ICDOIP_16265,JCOPOM_10715,JANPHL_15630
dppC,,"ABC-type dipeptide/oligopeptide/nickel transport system, permease component",3,3,1,3,646,,,,1025,1025,1025,ICDOIP_04170,JCOPOM_06405,JANPHL_17645
"putative Co/Zn/Cd cation transporter, cation efflux family",,"putative Co/Zn/Cd cation transporter, cation efflux family",3,3,1,5,452,,,,896,896,896,ICDOIP_13910,JCOPOM_12780,JANPHL_13255
DUF2788 domain-containing protein,,DUF2788 domain-containing protein,3,3,1,1,1203,,,,221,221,221,ICDOIP_07635,JCOPOM_05505,JANPHL_07565
betT,,Glycine betaine transporter 1,3,3,1,3,87,,,,1571,1571,1571,ICDOIP_06970,JCOPOM_16520,JANPHL_04015
recR,,recombination mediator RecR,3,3,1,3,341,,,,599,599,599,ICDOIP_05690,JCOPOM_07920,JANPHL_05295
grxD,,Grx4 family monothiol glutaredoxin,3,3,1,3,297,,,,335,335,335,ICDOIP_05915,JCOPOM_08145,JANPHL_05070
group_296,Chalcone-isomerase domain-containing protein,Chalcone-isomerase domain-containing protein,3,3,1,5,557,,,,515,515,515,ICDOIP_13555,JCOPOM_18670,JANPHL_12900
gltS,,Na+/glutamate symporter,3,3,1,1,595,,,,1343,1343,1343,ICDOIP_16535,JCOPOM_14660,JANPHL_16165
group_2961,DUF4381 domain-containing protein,DUF4381 domain-containing protein,3,3,1,2,564,,,,476,476,476,ICDOIP_01760,JCOPOM_02730,JANPHL_02100
"putative nucleic-acid-binding protein, contains Zn-ribbon domain",,"putative nucleic-acid-binding protein, contains Zn-ribbon domain",3,3,1,7,35,,,,200,200,200,ICDOIP_19095,JCOPOM_22770,JANPHL_19265
group_2963,dsbC,Protein thiol-disulfide isomerase DsbC,3,3,1,2,471,,,,599,599,599,ICDOIP_01270,JCOPOM_02260,JANPHL_02590
group_2964,Membrane protein,Membrane protein,3,3,1,8,42,,,,182,182,182,ICDOIP_19450,JCOPOM_19385,JANPHL_19885
lptF,,LPS export ABC transporter permease LptF,3,3,1,1,179,,,,1100,1100,1100,ICDOIP_18835,JCOPOM_19280,JANPHL_18865
zntB,,Zinc transport protein ZntB,3,3,1,3,552,,,,947,947,947,ICDOIP_04645,JCOPOM_06875,JANPHL_06340
yqiB,,DUF1249 domain-containing protein,3,3,1,4,496,,,,443,443,443,ICDOIP_12465,JCOPOM_08990,JANPHL_11640
group_2968,wza,"Periplasmic protein Wza involved in polysaccharide export, contains SLBB domain of the beta-grasp fold",3,3,1,2,517,,,,533,533,533,ICDOIP_01525,JCOPOM_02495,JANPHL_02335
rpmG,,50S ribosomal protein L33,3,3,1,4,169,,,,170,170,170,ICDOIP_15585,JCOPOM_10025,JANPHL_14950
group_297,caiD,Enoyl-CoA hydratase/carnithine racemase,3,3,1,5,566,,,,785,785,785,ICDOIP_13600,JCOPOM_18715,JANPHL_12945
group_2970,"Cyclic di-GMP metabolism protein, combines GGDEF and EAL domains with a 6TM membrane domain","Cyclic di-GMP metabolism protein, combines GGDEF and EAL domains with a 6TM membrane domain",3,3,1,5,579,,,,1538,1538,1538,ICDOIP_13665,JCOPOM_18780,JANPHL_13010
group_2971,Signal transduction histidine kinase,Signal transduction histidine kinase,3,3,1,1,284,,,,158,158,158,ICDOIP_17435,JCOPOM_13200,JANPHL_16800
sucA,,2-oxoglutarate dehydrogenase E1 component,3,3,1,1,1192,,,,2825,2825,2825,ICDOIP_07690,JCOPOM_05450,JANPHL_07510
group_2973,Transcriptional regulator,Transcriptional regulator,3,3,1,5,514,,,,191,191,191,ICDOIP_13345,JCOPOM_18465,JANPHL_12690
ihfB,,integration host factor subunit beta,3,3,1,3,211,,,,281,281,281,ICDOIP_06350,JCOPOM_17150,JANPHL_04635
group_2975,rpoE,"DNA-directed RNA polymerase specialized sigma subunit, sigma24 family",3,3,1,3,373,,,,575,575,575,ICDOIP_05535,JCOPOM_07765,JANPHL_05450
group_2976,citB,"DNA-binding response regulator, NarL/FixJ family, contains REC and HTH domains",3,3,1,3,89,,,,638,638,638,ICDOIP_06960,JCOPOM_16530,JANPHL_04025
Ribosome recycling factor,,Ribosome recycling factor,3,3,1,5,274,,,,407,407,407,ICDOIP_09120,JCOPOM_11920,JANPHL_08465
repB,,RepB,3,3,1,7,60,,,,230,230,230,ICDOIP_19395,JCOPOM_22690,JANPHL_18965
elaA,,"putative N-acyltransferase, GNAT family",3,3,1,5,143,,,,410,410,410,ICDOIP_09765,JCOPOM_11240,JANPHL_09110
paaJ,,Acetyl-CoA acetyltransferase,3,3,1,5,569,,,,1226,1241,1231,ICDOIP_13615,JCOPOM_18730,JANPHL_12960
gspF,,type II secretion system inner membrane protein GspF,3,3,1,4,120,,,,1217,1217,1217,ICDOIP_15830,JCOPOM_10270,JANPHL_15195
yajQ,,YajQ family cyclic di-GMP-binding protein,3,3,1,1,414,,,,482,482,482,ICDOIP_21890,JCOPOM_13815,JANPHL_21990
Cellobiose phosphorylase,,Cellobiose phosphorylase,3,3,1,3,652,,,,2408,2408,2408,ICDOIP_04140,JCOPOM_06375,JANPHL_17615
yjfL,,"Uncharacterized membrane protein YjfL, UPF0719 family",3,3,1,1,981,,,,416,416,416,ICDOIP_08730,JCOPOM_04375,JANPHL_06465
yajC,,preprotein translocase subunit YajC,3,3,1,6,27,,,,329,329,329,ICDOIP_15200,JCOPOM_17525,JANPHL_14565
Permease,,Permease,3,3,1,2,952,,,,524,524,524,ICDOIP_03540,JCOPOM_14780,JANPHL_00315
group_2986,copG,CopG family transcriptional regulator,3,3,1,13,22,,,,284,284,284,ICDOIP_23065,JCOPOM_23225,JANPHL_23110
plsY,,glycerol-3-phosphate 1-O-acyltransferase PlsY,3,3,1,4,513,,,,611,611,611,ICDOIP_12380,JCOPOM_09075,JANPHL_11725
astA,,arginine N-succinyltransferase,3,3,1,7,24,,,,1019,1019,1019,ICDOIP_19040,JCOPOM_22825,JANPHL_19320
fliG,,Flagellar motor switch protein FliG,3,3,1,2,644,,,,1019,1019,1019,ICDOIP_02155,JCOPOM_16195,JANPHL_01705
Uncharacterized integral membrane protein,,Uncharacterized integral membrane protein,3,3,1,5,575,,,,551,551,551,ICDOIP_13645,JCOPOM_18760,JANPHL_12990
fni,,type 2 isopentenyl-diphosphate Delta-isomerase,3,3,1,5,182,,,,1019,1019,1019,ICDOIP_09570,JCOPOM_11440,JANPHL_08915
tonB,,"Periplasmic protein TonB, links inner and outer membranes",3,3,1,4,148,,,,632,632,632,ICDOIP_15690,JCOPOM_10130,JANPHL_15055
RVT-N domain-containing protein,,RVT-N domain-containing protein,3,3,1,5,85,,,,86,86,86,ICDOIP_10060,JCOPOM_10910,JANPHL_09405
cls,,cardiolipin synthase,3,3,1,1,885,,,,1454,1454,1454,ICDOIP_10725,JCOPOM_03890,JANPHL_10070
group_2994,tssB,type VI secretion system contractile sheath small subunit,3,3,1,1,636,,,,506,506,506,ICDOIP_16350,JCOPOM_20055,JANPHL_16350
group_2995,endA,deoxyribonuclease I,3,3,1,3,20,,,,695,695,695,ICDOIP_20370,JCOPOM_05760,JANPHL_20615
group_2996,ribE,riboflavin synthase,3,3,1,6,129,,,,653,653,653,ICDOIP_14695,JCOPOM_17935,JANPHL_14060
group_2997,deoD,purine-nucleoside phosphorylase,3,3,1,2,587,,,,710,710,710,ICDOIP_01875,JCOPOM_02840,JANPHL_01985
Uncharacterized protein VP2110,,Uncharacterized protein VP2110,3,3,1,3,291,,,,434,434,434,ICDOIP_05945,JCOPOM_08175,JANPHL_05040
atpB,,F0F1 ATP synthase subunit A,3,3,1,8,91,,,,812,812,812,ICDOIP_19675,JCOPOM_19610,JANPHL_19660
group_300,hypothetical protein,hypothetical protein,3,3,1,5,603,,,,173,173,173,ICDOIP_13790,JCOPOM_18820,JANPHL_13135
secD,,Protein translocase subunit SecD,3,3,1,6,28,,,,1823,1823,1823,ICDOIP_15195,JCOPOM_17530,JANPHL_14560
Conjugal transfer protein,,Conjugal transfer protein,3,3,1,4,666,,,,674,674,674,ICDOIP_23555,JCOPOM_22195,JANPHL_24015
vscB,,YscB family type III secretion system chaperone VscB,3,3,1,1,330,,,,428,428,428,ICDOIP_17655,JCOPOM_13430,JANPHL_17020
DUF6680 domain-containing protein,,DUF6680 domain-containing protein,3,3,1,4,635,,,,638,638,638,ICDOIP_20880,JCOPOM_20540,JANPHL_20995
smg,,DUF494 domain-containing protein,3,3,1,8,9,,,,479,479,479,ICDOIP_19850,JCOPOM_19785,JANPHL_19485
Phage tail protein,,Phage tail protein,3,3,1,4,551,,,,575,575,575,ICDOIP_21085,JCOPOM_20750,JANPHL_20790
dppB,,"ABC-type dipeptide/oligopeptide/nickel transport system, permease component",3,3,1,3,645,,,,986,986,986,ICDOIP_04175,JCOPOM_06410,JANPHL_17650
eCM27,,Ca2+/Na+ antiporter,3,3,1,1,157,,,,965,965,965,ICDOIP_18725,JCOPOM_19170,JANPHL_18755
argB,,Acetylglutamate kinase,3,3,1,7,93,,,,791,791,791,ICDOIP_19220,JCOPOM_22525,JANPHL_19140
group_3009,lysR,"DNA-binding transcriptional regulator, LysR family",3,3,1,4,46,,,,935,935,935,ICDOIP_16205,JCOPOM_10650,JANPHL_15570
DUF6701 domain-containing protein,,DUF6701 domain-containing protein,3,3,1,5,609,,,,3020,3020,3020,ICDOIP_13820,JCOPOM_18850,JANPHL_13165
znuB,,"ABC-type Mn2+/Zn2+ transport system, permease component",3,3,1,5,71,,,,875,875,875,ICDOIP_10135,JCOPOM_10840,JANPHL_09480
group_3011,lysR,"DNA-binding transcriptional regulator, LysR family",3,3,1,6,179,,,,920,920,920,ICDOIP_14625,JCOPOM_18005,JANPHL_13990
yifE,,UPF0438 protein,3,3,1,2,989,,,,353,353,353,ICDOIP_03355,JCOPOM_14965,JANPHL_00500
lafA,,lateral flagellin LafA,3,3,1,2,657,,,,854,854,854,ICDOIP_02220,JCOPOM_16130,JANPHL_01640
yggL,,DUF469 domain-containing protein,3,3,1,5,86,,,,338,338,338,ICDOIP_10055,JCOPOM_10915,JANPHL_09400
glpT,,glycerol-3-phosphate transporter,3,3,1,3,546,,,,1370,1370,1370,ICDOIP_04675,JCOPOM_06905,JANPHL_06310
group_3016,pilZ,Pilus assembly protein PilZ,3,3,1,2,434,,,,662,662,662,ICDOIP_01085,JCOPOM_02075,JANPHL_02775
recX,,recombination regulator RecX,3,3,1,3,710,,,,467,467,467,ICDOIP_20660,JCOPOM_06045,JANPHL_20325
pyrI,,aspartate carbamoyltransferase regulatory subunit,3,3,1,1,167,,,,461,461,461,ICDOIP_18775,JCOPOM_19220,JANPHL_18805
cysB,,HTH-type transcriptional regulator CysB,3,3,1,1,965,,,,974,974,974,ICDOIP_10325,JCOPOM_04290,JANPHL_09670
pcp,,pyroglutamyl-peptidase I,3,3,1,5,613,,,,638,638,638,ICDOIP_13840,JCOPOM_18870,JANPHL_13185
yqiK,,"Uncharacterized membrane protein YqiK, contains Band7/PHB/SPFH domain",3,3,1,10,21,,,,1403,1403,1403,ICDOIP_21265,JCOPOM_21135,JANPHL_21390
group_3021,hypothetical protein,hypothetical protein,3,3,1,3,418,,,,104,104,104,ICDOIP_05315,JCOPOM_07545,JANPHL_05670
pflB,,formate C-acetyltransferase,3,3,1,1,1048,,,,2276,2276,2276,ICDOIP_08395,JCOPOM_04710,JANPHL_06800
group_3023,hisJ,"ABC-type amino acid transport/signal transduction system, periplasmic component/domain",3,3,1,1,412,,,,1028,1028,1028,ICDOIP_21880,JCOPOM_13805,JANPHL_22000
DUF2786 domain-containing protein,,DUF2786 domain-containing protein,3,3,1,1,804,,,,695,695,695,ICDOIP_11135,JCOPOM_03480,JANPHL_10480
Endonuclease,,Endonuclease,3,3,1,2,454,,,,89,89,89,ICDOIP_01180,JCOPOM_02170,JANPHL_02680
guaB,,IMP dehydrogenase,3,3,1,6,52,,,,1466,1466,1466,ICDOIP_15075,JCOPOM_17650,JANPHL_14440
group_3027,dacC,D-alanyl-D-alanine carboxypeptidase,3,3,1,6,153,,,,1178,1178,1178,ICDOIP_14495,JCOPOM_18135,JANPHL_13860
rpmE2,,type B 50S ribosomal protein L31,3,3,1,3,493,,,,260,260,260,ICDOIP_04930,JCOPOM_07160,JANPHL_06055
ANK-REP-REGION domain-containing protein,,ANK-REP-REGION domain-containing protein,3,3,1,5,210,,,,467,467,467,ICDOIP_09425,JCOPOM_11605,JANPHL_08770
Alkaline phosphatase,,Alkaline phosphatase,3,3,1,5,458,,,,1769,1769,1769,ICDOIP_13880,JCOPOM_12810,JANPHL_13225
hpf,,ribosome hibernation promoting factor,3,3,1,1,151,,,,287,287,287,ICDOIP_18695,JCOPOM_19140,JANPHL_18725
metP,,"ABC-type methionine transport system, permease component",3,3,1,6,166,,,,677,677,677,ICDOIP_14560,JCOPOM_18070,JANPHL_13925
tesB,,acyl-CoA thioesterase II,3,3,1,1,1088,,,,860,860,860,ICDOIP_08190,JCOPOM_04915,JANPHL_07005
group_3033,hinT,purine nucleoside phosphoramidase,3,3,1,1,1075,,,,350,350,350,ICDOIP_08260,JCOPOM_04845,JANPHL_06935
rplA,,50S ribosomal protein L1,3,3,1,15,10,,,,701,701,701,ICDOIP_22845,JCOPOM_23445,JANPHL_22890
lptE,,Outer membrane lipoprotein LptE/RlpB (LPS assembly),3,3,1,6,146,,,,542,542,542,ICDOIP_14460,JCOPOM_18170,JANPHL_13825
mscK,,Small-conductance mechanosensitive channel MscK,3,3,1,2,349,,,,866,866,866,ICDOIP_00680,JCOPOM_01665,JANPHL_03180
araC,,AraC family transcriptional regulator,3,3,1,5,306,,,,689,689,689,ICDOIP_08965,JCOPOM_12090,JANPHL_08310
group_3038,baeS,Signal transduction histidine kinase,3,3,1,3,416,,,,1031,1031,1031,ICDOIP_05325,JCOPOM_07555,JANPHL_05660
mazF,,endoribonuclease MazF,3,3,1,4,550,,,,341,341,341,ICDOIP_21080,JCOPOM_20745,JANPHL_20795
yliI,,"Glucose/arabinose dehydrogenase, beta-propeller fold",3,3,1,5,443,,,,1076,1076,1076,ICDOIP_13955,JCOPOM_12740,JANPHL_13300
ygjP,,"UTP pyrophosphatase, metal-dependent hydrolase family",3,3,1,1,750,,,,515,515,515,ICDOIP_11405,JCOPOM_03210,JANPHL_10750
DNA polymerase III subunit beta,,DNA polymerase III subunit beta,3,3,1,4,438,,,,464,464,464,ICDOIP_12755,JCOPOM_08700,JANPHL_11350
tACO1,,putative transcriptional regulatory protein VPA0011,3,3,1,2,867,,,,716,716,716,ICDOIP_03240,JCOPOM_15085,JANPHL_00615
infB,,translation initiation factor IF-2,3,3,1,3,619,,,,2717,2717,2717,ICDOIP_04315,JCOPOM_06550,JANPHL_17790
Acyl dehydratase,,Acyl dehydratase,3,3,1,4,183,,,,410,410,410,ICDOIP_15515,JCOPOM_09955,JANPHL_14880
group_3045,yheO,"putative transcriptional regulator YheO, contains PAS and DNA-binding HTH domains",3,3,1,3,336,,,,659,659,659,ICDOIP_05715,JCOPOM_07945,JANPHL_05270
folK,,2-amino-4-hydroxy-6-hydroxymethyldihydropteridine diphosphokinase,3,3,1,3,668,,,,485,485,485,ICDOIP_04060,JCOPOM_06295,JANPHL_17535
pgi,,glucose-6-phosphate isomerase,3,3,1,7,66,,,,1652,1652,1652,ICDOIP_19365,JCOPOM_22660,JANPHL_18995
rplU,,50S ribosomal protein L21,3,3,1,4,335,,,,311,311,311,ICDOIP_12100,JCOPOM_09350,JANPHL_12005
group_3049,lysR,"DNA-binding transcriptional regulator, LysR family",3,3,1,8,41,,,,992,992,992,ICDOIP_19445,JCOPOM_19380,JANPHL_19890
group_305,gph,"Phosphoglycolate phosphatase, HAD superfamily",3,3,1,5,442,,,,608,638,618,ICDOIP_13960,JCOPOM_12735,JANPHL_13305
spoU,,tRNA G18 (ribose-2'-O)-methylase SpoU,3,3,1,1,1083,,,,734,734,734,ICDOIP_08220,JCOPOM_04885,JANPHL_06975
yheU,,YheU family protein,3,3,1,7,29,,,,212,212,212,ICDOIP_19065,JCOPOM_22800,JANPHL_19295
pstB,,phosphate ABC transporter ATP-binding protein PstB,3,3,1,2,570,,,,749,749,749,ICDOIP_01790,JCOPOM_02760,JANPHL_02070
surA,,peptidylprolyl isomerase SurA,3,3,1,4,345,,,,1283,1283,1283,ICDOIP_12150,JCOPOM_09300,JANPHL_11955
DUF2919 domain-containing protein,,DUF2919 domain-containing protein,3,3,1,3,427,,,,485,485,485,ICDOIP_05270,JCOPOM_07500,JANPHL_05715
group_3055,menH,"2-succinyl-6-hydroxy-2,4-cyclohexadiene-1-carboxylate synthase MenH and related esterases, alpha/beta hydrolase fold",3,3,1,2,975,,,,857,857,857,ICDOIP_03425,JCOPOM_14895,JANPHL_00430
Signal peptide protein,,Signal peptide protein,3,3,1,3,740,,,,446,446,446,ICDOIP_20510,JCOPOM_05895,JANPHL_20475
ydcH,,DUF465 domain-containing protein,3,3,1,5,295,,,,239,239,239,ICDOIP_09020,JCOPOM_12035,JANPHL_08365
group_3058,Signal transduction histidine kinase regulating C4-dicarboxylate transport system,Signal transduction histidine kinase regulating C4-dicarboxylate transport system,3,3,1,1,662,,,,1337,1337,1337,ICDOIP_22730,JCOPOM_19935,JANPHL_22685
TPR-REGION domain-containing protein,,TPR-REGION domain-containing protein,3,3,1,6,171,,,,2282,2282,2282,ICDOIP_14585,JCOPOM_18045,JANPHL_13950
Alginate-exp domain-containing protein,,Alginate-exp domain-containing protein,3,3,1,5,439,,,,1217,1217,1217,ICDOIP_13975,JCOPOM_12720,JANPHL_13320
tupA,,"ABC-type tungstate transport system, permease component TupA",3,3,1,1,529,,,,818,818,818,ICDOIP_16850,JCOPOM_14345,JANPHL_15850
group_3061,ygjV,YgjV family protein,3,3,1,5,524,,,,251,251,251,ICDOIP_13395,JCOPOM_18515,JANPHL_12740
Exonuclease V subunit gamma,,Exonuclease V subunit gamma,3,3,1,3,536,,,,188,188,188,ICDOIP_04725,JCOPOM_06955,JANPHL_06260
Proline and glycine rich transmembrane protein gene in bax,,Proline and glycine rich transmembrane protein gene in bax,3,3,1,1,504,,,,797,797,797,ICDOIP_16975,JCOPOM_14220,JANPHL_15725
group_3064,rimL,"Protein N-acetyltransferase, RimJ/RimL family",3,3,1,3,489,,,,506,506,506,ICDOIP_04955,JCOPOM_07185,JANPHL_06030
puuD,,"Gamma-glutamyl-gamma-aminobutyrate hydrolase PuuD (putrescine degradation), contains GATase1-like domain",3,3,1,1,217,,,,746,746,746,ICDOIP_17125,JCOPOM_23490,JANPHL_16490
ctaD,,"Heme/copper-type cytochrome/quinol oxidase, subunit 1",3,3,1,5,417,,,,1637,1637,1637,ICDOIP_14085,JCOPOM_12610,JANPHL_13430
group_3067,hypothetical protein,hypothetical protein,3,3,1,5,352,,,,122,122,122,ICDOIP_14410,JCOPOM_12285,JANPHL_13755
ald,,alanine dehydrogenase,3,3,1,1,963,,,,1124,1124,1124,ICDOIP_10335,JCOPOM_04280,JANPHL_09680
rluE,,Ribosomal large subunit pseudouridine synthase E,3,3,1,1,1033,,,,698,698,698,ICDOIP_08470,JCOPOM_04635,JANPHL_06725
arfA,,Stalled ribosome alternative rescue factor ArfA,3,3,1,5,432,,,,263,293,273,ICDOIP_14010,JCOPOM_12680,JANPHL_13355
acoB,,"Pyruvate/2-oxoglutarate/acetoin dehydrogenase complex, dehydrogenase (E1) component, beta subunit",3,3,1,5,542,,,,983,983,983,ICDOIP_13485,JCOPOM_18600,JANPHL_12830
group_3071,perM,putative PurR-regulated permease PerM,3,3,1,3,641,,,,1085,1085,1085,ICDOIP_04195,JCOPOM_06430,JANPHL_17670
group_3072,pilP,Type IV pilus biogenesis protein PilP,3,3,1,4,673,,,,638,638,638,ICDOIP_23520,JCOPOM_22230,JANPHL_24050
pspE,,Rhodanese-related sulfurtransferase,3,3,1,10,8,,,,434,434,434,ICDOIP_21200,JCOPOM_21200,JANPHL_21455
pdhR,,pyruvate dehydrogenase complex transcriptional repressor PdhR,3,3,1,3,681,,,,767,767,767,ICDOIP_03995,JCOPOM_06225,JANPHL_17470
L-threonine 3-dehydrogenase,,L-threonine 3-dehydrogenase,3,3,1,2,611,,,,347,347,347,ICDOIP_01995,JCOPOM_02960,JANPHL_01865
tet(34),,oxytetracycline resistance phosphoribosyltransferase domain-containing protein Tet(34),3,3,1,6,122,,,,464,464,464,ICDOIP_14730,JCOPOM_17900,JANPHL_14095
trbH,,Conjugal transfer protein TrbH,3,3,1,4,668,,,,422,422,422,ICDOIP_23545,JCOPOM_22205,JANPHL_24025
uvrY,,UvrY/SirA/GacA family response regulator transcription factor,3,3,1,3,127,,,,644,644,644,ICDOIP_06750,JCOPOM_16740,JANPHL_04235
phbB,,"NAD(P)-dependent dehydrogenase, short-chain alcohol dehydrogenase family",3,3,1,2,423,,,,740,740,740,ICDOIP_01030,JCOPOM_02020,JANPHL_02830
group_308,ompA,Outer membrane protein OmpA and related peptidoglycan-associated (lipo)proteins,3,3,1,5,427,,,,563,677,601,ICDOIP_14035,JCOPOM_12655,JANPHL_13380
msrB,,Peptide methionine sulfoxide reductase MsrB,3,3,1,3,321,,,,410,410,410,ICDOIP_05790,JCOPOM_08020,JANPHL_05195
group_3081,argA,"N-acetylglutamate synthase or related acetyltransferase, GNAT family",3,3,1,15,2,,,,428,428,428,ICDOIP_22785,JCOPOM_23820,JANPHL_22830
thrA,,bifunctional aspartate kinase/homoserine dehydrogenase I,3,3,1,4,432,,,,2459,2459,2459,ICDOIP_12785,JCOPOM_08670,JANPHL_11320
Aminopyrimidine aminohydrolase,,Aminopyrimidine aminohydrolase,3,3,1,4,702,,,,398,398,398,ICDOIP_23430,JCOPOM_22380,JANPHL_23475
tatB,,Sec-independent protein translocase protein TatB,3,3,1,4,86,,,,398,398,398,ICDOIP_16005,JCOPOM_10450,JANPHL_15370
DUF2861 domain-containing protein,,DUF2861 domain-containing protein,3,3,1,2,137,,,,881,881,881,ICDOIP_20230,JCOPOM_00570,JANPHL_20260
sapC,,Antimicrobial peptide ABC transporter permease SapC,3,3,1,1,899,,,,887,887,887,ICDOIP_10655,JCOPOM_03960,JANPHL_10000
sfsA,,DNA/RNA nuclease SfsA,3,3,1,3,664,,,,716,716,716,ICDOIP_04080,JCOPOM_06315,JANPHL_17555
DUF1852 domain-containing protein,,DUF1852 domain-containing protein,3,3,1,3,172,,,,974,974,974,ICDOIP_06535,JCOPOM_16955,JANPHL_04450
DUF2492 domain-containing protein,,DUF2492 domain-containing protein,3,3,1,9,69,,,,221,221,221,ICDOIP_22470,JCOPOM_20295,JANPHL_22490
group_309,hypothetical protein,hypothetical protein,3,3,1,5,421,,,,548,836,644,ICDOIP_14065,JCOPOM_12625,JANPHL_13410
group_3090,Transposase,Transposase,3,3,1,2,823,,,,167,167,167,ICDOIP_03020,JCOPOM_15310,JANPHL_00835
rsfS,,ribosome silencing factor,3,3,1,6,148,,,,317,317,317,ICDOIP_14470,JCOPOM_18160,JANPHL_13835
petA,,ubiquinol-cytochrome c reductase iron-sulfur subunit,3,3,1,4,485,,,,590,590,590,ICDOIP_12520,JCOPOM_08935,JANPHL_11585
Tn3 family transposase,,Tn3 family transposase,3,3,1,25,2,,,,3002,3002,3002,ICDOIP_24515,JCOPOM_23900,JANPHL_24540
pPX1,,manganese-dependent inorganic pyrophosphatase,3,3,1,1,903,,,,905,905,905,ICDOIP_10635,JCOPOM_03980,JANPHL_09980
csrA,,Translational regulator CsrA,3,3,1,3,707,,,,197,197,197,ICDOIP_20675,JCOPOM_06060,JANPHL_20310
rseA,,"RseA, negative regulator of sigma E activity",3,3,1,3,737,,,,638,638,638,ICDOIP_20525,JCOPOM_05910,JANPHL_20460
udp,,Uridine phosphorylase,3,3,1,2,297,,,,731,731,731,ICDOIP_00420,JCOPOM_01400,JANPHL_03440
Regulatory P domain of the subtilisin-like proprotein convertases and other proteases,,Regulatory P domain of the subtilisin-like proprotein convertases and other proteases,3,3,1,5,132,,,,2033,2033,2033,ICDOIP_09815,JCOPOM_11190,JANPHL_09160
ampC,,"CubicO group peptidase, beta-lactamase class C family",3,3,1,1,1028,,,,1040,1040,1040,ICDOIP_08495,JCOPOM_04610,JANPHL_06700
group_31,lysR,"DNA-binding transcriptional regulator, LysR family",3,3,1,2,132,,,,539,833,735,ICDOIP_20255,JCOPOM_00545,JANPHL_20285
group_310,rimI,Ribosomal protein S18 acetylase RimI and related acetyltransferases,3,3,1,5,414,,,,422,422,422,ICDOIP_14100,JCOPOM_12595,JANPHL_13445
prpC,,2-methylcitrate synthase,3,3,1,1,383,,,,1142,1142,1142,ICDOIP_17900,JCOPOM_13670,JANPHL_17265
ABC transporter,,ABC transporter,3,3,1,2,884,,,,833,833,833,ICDOIP_03320,JCOPOM_15000,JANPHL_00535
group_3102,DUF1254 domain-containing protein,DUF1254 domain-containing protein,3,3,1,5,204,,,,1493,1493,1493,ICDOIP_09455,JCOPOM_11575,JANPHL_08800
pdxI,,NADP(H)-dependent aldo-keto reductase,3,3,1,4,409,,,,1034,1034,1034,ICDOIP_12900,JCOPOM_08560,JANPHL_11205
group_3104,tolC,Outer membrane protein TolC,3,3,1,2,682,,,,1640,1640,1640,ICDOIP_02340,JCOPOM_16005,JANPHL_01515
chb,,"N,N'-diacetylchitobiase",3,3,1,1,19,,,,2651,2651,2651,ICDOIP_07220,JCOPOM_21345,JANPHL_07985
rfbA,,glucose-1-phosphate thymidylyltransferase RfbA,3,3,1,4,180,,,,866,866,866,ICDOIP_15530,JCOPOM_09970,JANPHL_14895
lys9,,"Saccharopine dehydrogenase, NADP-dependent",3,3,1,3,123,,,,1250,1253,1252,ICDOIP_06790,JCOPOM_16700,JANPHL_04195
group_3108,znuB,"ABC-type Mn2+/Zn2+ transport system, permease component",3,3,1,2,505,,,,803,803,803,ICDOIP_01460,JCOPOM_02430,JANPHL_02400
btuF,,vitamin B12 ABC transporter substrate-binding protein BtuF,3,3,1,4,449,,,,824,824,824,ICDOIP_12700,JCOPOM_08755,JANPHL_11405
group_311,sdaC,Amino acid permease,3,3,1,5,392,,,,1157,1223,1179,ICDOIP_14210,JCOPOM_12485,JANPHL_13555
araD,,"5-methylthioribulose/5-deoxyribulose/Fuculose 1-phosphate aldolase (methionine salvage, sugar degradation)",3,3,1,2,780,,,,740,740,740,ICDOIP_02810,JCOPOM_15525,JANPHL_01045
wD40,,WD40 repeat,3,3,1,7,39,,,,986,986,986,ICDOIP_19115,JCOPOM_22750,JANPHL_19245
plsC,,1-acyl-sn-glycerol-3-phosphate acyltransferase,3,3,1,1,1099,,,,1874,1874,1874,ICDOIP_08125,JCOPOM_04975,JANPHL_07075
DUF411 domain-containing protein,,DUF411 domain-containing protein,3,3,1,1,21,,,,449,449,449,ICDOIP_07230,JCOPOM_21355,JANPHL_07975
ilvG,,acetolactate synthase 2 catalytic subunit,3,3,1,8,27,,,,1646,1646,1646,ICDOIP_19760,JCOPOM_19695,JANPHL_19575
DUF1254 domain-containing protein,,DUF1254 domain-containing protein,3,3,1,11,11,,,,1451,1451,1451,ICDOIP_22055,JCOPOM_21875,JANPHL_22335
mdh,,Malate/lactate dehydrogenase,3,3,1,5,54,,,,953,953,953,ICDOIP_10220,JCOPOM_10755,JANPHL_09565
trkA,,Trk system potassium transporter TrkA,3,3,1,8,15,,,,1376,1376,1376,ICDOIP_19820,JCOPOM_19755,JANPHL_19515
group_3118,lolC,"ABC-type transport system involved in lipoprotein release, permease component LolC",3,3,1,5,436,,,,1229,1229,1229,ICDOIP_13990,JCOPOM_12705,JANPHL_13335
group_3119,araC,AraC-type DNA-binding domain and AraC-containing proteins,3,3,1,5,297,,,,788,788,788,ICDOIP_09010,JCOPOM_12045,JANPHL_08355
DUF1236 domain-containing protein,,DUF1236 domain-containing protein,3,3,1,5,389,,,,749,764,759,ICDOIP_14225,JCOPOM_12470,JANPHL_13570
group_3120,tar,Methyl-accepting chemotaxis protein (MCP),3,3,1,2,405,,,,1769,1769,1769,ICDOIP_00940,JCOPOM_01930,JANPHL_02920
odhB,,2-oxoglutarate dehydrogenase complex dihydrolipoyllysine-residue succinyltransferase,3,3,1,1,1191,,,,1205,1205,1205,ICDOIP_07695,JCOPOM_05445,JANPHL_07505
kdsB,,3-deoxy-manno-octulosonate cytidylyltransferase,3,3,1,1,1056,,,,755,755,755,ICDOIP_08355,JCOPOM_04750,JANPHL_06840
group_3123,focA,formate transporter FocA,3,3,1,2,78,,,,1451,1451,1451,ICDOIP_18250,JCOPOM_00275,JANPHL_18220
group_3124,lolC,"ABC-type transport system involved in lipoprotein release, permease component LolC",3,3,1,2,871,,,,1268,1268,1268,ICDOIP_03260,JCOPOM_15065,JANPHL_00595
group_3125,aRO8,"DNA-binding transcriptional regulator, MocR family, contains an aminotransferase domain",3,3,1,5,292,,,,1148,1148,1148,ICDOIP_09035,JCOPOM_12020,JANPHL_08380
cinA,,ADP-ribose pyrophosphatase domain of DNA damage- and competence-inducible protein CinA,3,3,1,3,118,,,,1232,1232,1232,ICDOIP_06815,JCOPOM_16675,JANPHL_04170
nfnB,,Nitroreductase,3,3,1,2,325,,,,707,707,707,ICDOIP_00560,JCOPOM_01545,JANPHL_03300
ptr,,"Secreted/periplasmic Zn-dependent peptidases, insulinase-like",3,3,1,3,369,,,,2777,2777,2777,ICDOIP_05555,JCOPOM_07785,JANPHL_05430
group_3129,tar,Methyl-accepting chemotaxis protein (MCP),3,3,1,2,796,,,,1061,1061,1061,ICDOIP_02890,JCOPOM_15445,JANPHL_00965
coaA,,nucleoside/nucleotide kinase family protein,3,3,1,5,387,,,,734,734,734,ICDOIP_14235,JCOPOM_12460,JANPHL_13580
group_3130,gGDEF,"GGDEF domain, diguanylate cyclase (c-di-GMP synthetase) or its enzymatically inactive variants",3,3,1,2,285,,,,1913,1913,1913,ICDOIP_00365,JCOPOM_01345,JANPHL_03495
pilE,,Type IV pilus assembly protein PilE,3,3,1,6,104,,,,431,431,431,ICDOIP_14815,JCOPOM_17815,JANPHL_14180
oadA,,sodium-extruding oxaloacetate decarboxylase subunit alpha,3,3,1,3,705,,,,1787,1787,1787,ICDOIP_03875,JCOPOM_06105,JANPHL_17350
group_3133,mdlB,"ABC-type multidrug transport system, ATPase and permease component",3,3,1,11,64,,,,1760,1760,1760,ICDOIP_22315,JCOPOM_22140,JANPHL_22075
group_3134,arsR,"DNA-binding transcriptional regulator, ArsR family",3,3,1,2,178,,,,308,308,308,ICDOIP_20090,JCOPOM_00775,JANPHL_20120
fepB,,"ABC-type Fe3+-hydroxamate transport system, periplasmic component",3,3,1,2,549,,,,923,929,927,ICDOIP_01685,JCOPOM_02655,JANPHL_02175
Flagellar brake protein,,Flagellar brake protein,3,3,1,2,602,,,,743,743,743,ICDOIP_01950,JCOPOM_02915,JANPHL_01910
punR,,DNA-binding transcriptional activator PunR,3,3,1,8,103,,,,902,902,902,ICDOIP_19735,JCOPOM_19670,JANPHL_19600
lpxB,,lipid-A-disaccharide synthase,3,3,1,3,468,,,,1139,1139,1139,ICDOIP_05065,JCOPOM_07295,JANPHL_05920
group_3139,acrR,"DNA-binding protein, AcrR family, includes nucleoid occlusion protein SlmA",3,3,1,2,976,,,,590,590,590,ICDOIP_03420,JCOPOM_14900,JANPHL_00435
group_314,pgl,"6-phosphogluconolactonase, cycloisomerase 2 family",3,3,1,5,376,,,,1025,1028,1027,ICDOIP_14290,JCOPOM_12405,JANPHL_13635
punC,,purine nucleoside transporter PunC,3,3,1,8,102,,,,1205,1205,1205,ICDOIP_19730,JCOPOM_19665,JANPHL_19605
ulaA,,PTS ascorbate transporter subunit IIC,3,3,1,5,134,,,,1256,1256,1256,ICDOIP_09805,JCOPOM_11200,JANPHL_09150
sctT,,SctT family type III secretion system export apparatus subunit VscT,3,3,1,1,356,,,,785,785,785,ICDOIP_17765,JCOPOM_13535,JANPHL_17130
group_3143,pstA,phosphate ABC transporter permease PstA,3,3,1,2,571,,,,863,863,863,ICDOIP_01795,JCOPOM_02765,JANPHL_02065
group_3144,tar,Methyl-accepting chemotaxis protein (MCP),3,3,1,2,603,,,,1628,1628,1628,ICDOIP_01955,JCOPOM_02920,JANPHL_01905
Arginase,,Arginase,3,3,1,5,608,,,,839,839,839,ICDOIP_13815,JCOPOM_18845,JANPHL_13160
group_3146,tyrS,tyrosine--tRNA ligase,3,3,1,3,633,,,,1187,1187,1187,ICDOIP_04235,JCOPOM_06470,JANPHL_17710
prmB,,50S ribosomal protein L3 N(5)-glutamine methyltransferase,3,3,1,3,366,,,,932,932,932,ICDOIP_05570,JCOPOM_07800,JANPHL_05415
gsiA,,energy-coupling factor transporter ATPase,3,3,1,2,594,,,,1739,1739,1739,ICDOIP_01910,JCOPOM_02875,JANPHL_01950
Maltose operon protein,,Maltose operon protein,3,3,1,2,748,,,,809,809,809,ICDOIP_02650,JCOPOM_15680,JANPHL_01205
yafD,,"Uncharacterized conserved protein YafD, endonuclease/exonuclease/phosphatase (EEP) superfamily",3,3,1,5,370,,,,908,941,930,ICDOIP_14320,JCOPOM_12375,JANPHL_13665
fabF,,beta-ketoacyl-ACP synthase II,3,3,1,3,234,,,,1250,1250,1250,ICDOIP_06235,JCOPOM_17265,JANPHL_04750
mPO1,,2-hydroxy fatty acid dioxygenase MPO1 (alpha-oxidation of fatty acids),3,3,1,1,235,,,,434,434,434,ICDOIP_17215,JCOPOM_12975,JANPHL_16580
group_3152,yafD,endonuclease/exonuclease/phosphatase family protein,3,3,1,3,461,,,,845,845,845,ICDOIP_05100,JCOPOM_07330,JANPHL_05885
argD,,Acetylornithine aminotransferase/4-aminobutyrate aminotransferase,3,3,1,3,124,,,,2876,2876,2876,ICDOIP_06785,JCOPOM_16705,JANPHL_04200
gmk,,guanylate kinase,3,3,1,4,146,,,,623,623,623,ICDOIP_15700,JCOPOM_10140,JANPHL_15065
cytochrome c nitrite reductase pentaheme subunit,,cytochrome c nitrite reductase pentaheme subunit,3,3,1,3,109,,,,602,602,602,ICDOIP_06860,JCOPOM_16630,JANPHL_04125
Periplasmic ligand-binding sensor domain,,Periplasmic ligand-binding sensor domain,3,3,1,1,1185,,,,3371,3371,3371,ICDOIP_07725,JCOPOM_05415,JANPHL_07475
yfgM,,"Putative negative regulator of RcsB-dependent stress response, UPF0070 family",3,3,1,6,46,,,,614,614,614,ICDOIP_15105,JCOPOM_17620,JANPHL_14470
leuC,,3-isopropylmalate dehydratase large subunit,3,3,1,4,350,,,,1415,1415,1415,ICDOIP_12175,JCOPOM_09275,JANPHL_11930
tusD,,sulfurtransferase complex subunit TusD,3,3,1,7,42,,,,395,395,395,ICDOIP_19130,JCOPOM_22735,JANPHL_19230
blaCARB-18,,carbenicillin-hydrolyzing class A beta-lactamase CARB-18,3,3,1,5,361,,,,716,851,806,ICDOIP_14365,JCOPOM_12330,JANPHL_13710
group_3160,rhtB,Threonine/homoserine/homoserine lactone efflux protein,3,3,1,5,275,,,,614,614,614,ICDOIP_09115,JCOPOM_11925,JANPHL_08460
cpaF,,"Pilus assembly protein, ATPase of CpaF family",3,3,1,3,576,,,,1451,1451,1451,ICDOIP_04530,JCOPOM_06765,JANPHL_06455
murG,,undecaprenyldiphospho-muramoylpentapeptide beta-N-acetylglucosaminyltransferase,3,3,1,4,467,,,,1067,1067,1067,ICDOIP_12615,JCOPOM_08840,JANPHL_11490
group_3163,HTH araC/xylS-type domain-containing protein,HTH araC/xylS-type domain-containing protein,3,3,1,2,800,,,,833,833,833,ICDOIP_02910,JCOPOM_15425,JANPHL_00945
pilF,,Type IV pilus assembly protein PilF/PilW,3,3,1,1,291,,,,635,638,636,ICDOIP_17470,JCOPOM_13235,JANPHL_16835
yaiL,,DUF2058 domain-containing protein,3,3,1,5,276,,,,521,521,521,ICDOIP_09110,JCOPOM_11930,JANPHL_08455
group_3166,hcp,hydroxylamine reductase,3,3,1,1,879,,,,1661,1661,1661,ICDOIP_10755,JCOPOM_03860,JANPHL_10100
rES,,"Uncharacterized protein, contains RES domain",3,3,1,11,42,,,,470,470,470,ICDOIP_22210,JCOPOM_22030,JANPHL_22180
rlmI,,23S rRNA G2069 N7-methylase RlmK or C1962 C5-methylase RlmI,3,3,1,1,881,,,,932,932,932,ICDOIP_10745,JCOPOM_03870,JANPHL_10090
group_3169,rimL,"Protein N-acetyltransferase, RimJ/RimL family",3,3,1,1,1068,,,,548,548,548,ICDOIP_08295,JCOPOM_04810,JANPHL_06900
group_317,Signal peptide protein,Signal peptide protein,3,3,1,5,357,,,,797,797,797,ICDOIP_14385,JCOPOM_12310,JANPHL_13730
group_3170,"Signal-transduction protein containing cAMP-binding, CBS, and nucleotidyltransferase domains","Signal-transduction protein containing cAMP-binding, CBS, and nucleotidyltransferase domains",3,3,1,1,1225,,,,407,407,407,ICDOIP_07530,JCOPOM_05610,JANPHL_07675
group_3171,sPS1,Serine/threonine protein kinase,3,3,1,1,638,,,,2003,2003,2003,ICDOIP_16340,JCOPOM_20045,JANPHL_16360
group_3172,dnaK,Molecular chaperone DnaK (HSP70),3,3,1,1,591,,,,1952,1952,1952,ICDOIP_16555,JCOPOM_14640,JANPHL_16145
group_3173,Membrane protein,Membrane protein,3,3,1,1,784,,,,791,791,791,ICDOIP_11235,JCOPOM_03380,JANPHL_10580
group_3174,hflC,"Regulator of protease activity HflC, stomatin/prohibitin superfamily",3,3,1,2,323,,,,785,785,785,ICDOIP_00550,JCOPOM_01535,JANPHL_03310
wbbJ,,"Acetyltransferase, isoleucine patch superfamily",3,3,1,2,350,,,,548,548,548,ICDOIP_00685,JCOPOM_01670,JANPHL_03175
citB,,"DNA-binding response regulator, NarL/FixJ family, contains REC and HTH domains",3,3,1,2,558,,,,644,644,644,ICDOIP_01730,JCOPOM_02700,JANPHL_02130
group_3177,lysR,"DNA-binding transcriptional regulator, LysR family",3,3,1,5,273,,,,869,869,869,ICDOIP_09125,JCOPOM_11915,JANPHL_08470
tauB,,"ABC-type nitrate/sulfonate/bicarbonate transport system, ATPase component",3,3,1,2,274,,,,836,836,836,ICDOIP_00310,JCOPOM_01290,JANPHL_03550
yfcC,,putative basic amino acid antiporter YfcC,3,3,1,2,230,,,,1532,1532,1532,ICDOIP_00100,JCOPOM_01075,JANPHL_03765
fadL,,Long-chain fatty acid transport protein,3,3,1,5,356,,,,1085,1109,1101,ICDOIP_14390,JCOPOM_12305,JANPHL_13735
rlmL,,bifunctional 23S rRNA (guanine(2069)-N(7))-methyltransferase RlmK/23S rRNA (guanine(2445)-N(2))-methyltransferase RlmL,3,3,1,1,431,,,,2123,2123,2123,ICDOIP_21980,JCOPOM_13905,JANPHL_21900
vscL,,SctL family type III secretion system stator protein VscL,3,3,1,1,341,,,,638,638,638,ICDOIP_17705,JCOPOM_13480,JANPHL_17070
lipB,,lipoyl(octanoyl) transferase LipB,3,3,1,6,155,,,,662,662,662,ICDOIP_14505,JCOPOM_18125,JANPHL_13870
flgI,,Flagellar P-ring protein,3,3,1,1,47,,,,1091,1091,1091,ICDOIP_07355,JCOPOM_21480,JANPHL_07850
group_3184,nlpD,"Murein DD-endopeptidase MepM and murein hydrolase activator NlpD, contains LysM domain",3,3,1,4,380,,,,1001,1001,1001,ICDOIP_13045,JCOPOM_08415,JANPHL_11060
rnaY,,"HD superfamily phosphodieaserase, includes HD domain of RNase Y",3,3,1,2,463,,,,638,638,638,ICDOIP_01230,JCOPOM_02220,JANPHL_02630
group_3186,fdhD,"Formate dehydrogenase assembly factor FdhD, a sulfurtransferase",3,3,1,1,524,,,,833,833,833,ICDOIP_16875,JCOPOM_14320,JANPHL_15825
ccoP,,"cytochrome-c oxidase, cbb3-type subunit III",3,3,1,1,493,,,,974,974,974,ICDOIP_17025,JCOPOM_14165,JANPHL_15675
group_3188,rfaB,Glycosyltransferase involved in cell wall bisynthesis,3,3,1,2,520,,,,1052,1052,1052,ICDOIP_01540,JCOPOM_02510,JANPHL_02320
pdxJ,,pyridoxine 5'-phosphate synthase,3,3,1,3,729,,,,731,731,731,ICDOIP_20565,JCOPOM_05950,JANPHL_20420
dedA,,"Membrane integrity protein DedA, putative transporter, DedA/Tvp38 family",3,3,1,6,68,,,,611,644,633,ICDOIP_14995,JCOPOM_17730,JANPHL_14360
group_3190,uup,ABC transporter ATP-binding protein,3,3,1,1,433,,,,1919,1919,1919,ICDOIP_21990,JCOPOM_13915,JANPHL_21890
ubiB,,ubiquinone biosynthesis regulatory protein kinase UbiB,3,3,1,4,84,,,,1634,1634,1634,ICDOIP_16015,JCOPOM_10460,JANPHL_15380
HTH lysR-type domain-containing protein,,HTH lysR-type domain-containing protein,3,3,1,2,608,,,,899,899,899,ICDOIP_01980,JCOPOM_02945,JANPHL_01880
murI,,glutamate racemase,3,3,1,9,2,,,,812,812,812,ICDOIP_22590,JCOPOM_20525,JANPHL_22370
ADP-ribosylglycohydrolase,,ADP-ribosylglycohydrolase,3,3,1,5,185,,,,401,401,401,ICDOIP_09555,JCOPOM_11455,JANPHL_08900
lrgB,,Putative effector of murein hydrolase,3,3,1,1,773,,,,677,677,677,ICDOIP_11290,JCOPOM_03325,JANPHL_10635
labA,,"NYN domain, putative PIN-related RNAse, tRNA/rRNA maturation",3,3,1,2,203,,,,488,488,488,ICDOIP_19960,JCOPOM_00905,JANPHL_19990
HEAT repeat domain-containing protein,,HEAT repeat domain-containing protein,3,3,1,13,5,,,,992,992,992,ICDOIP_22975,JCOPOM_23315,JANPHL_23020
pepE,,Peptidase E,3,3,1,2,851,,,,665,665,665,ICDOIP_03160,JCOPOM_15165,JANPHL_00695
curA,,NADPH-dependent curcumin reductase CurA,3,3,1,2,528,,,,1034,1034,1034,ICDOIP_01580,JCOPOM_02550,JANPHL_02280
nhaC,,Na+/H+ antiporter NhaC/MleN,3,3,1,6,67,,,,1367,1424,1386,ICDOIP_15000,JCOPOM_17725,JANPHL_14365
group_3200,menE,O-succinylbenzoic acid-CoA ligase MenE or related acyl-CoA synthetase (AMP-forming),3,3,1,3,143,,,,1541,1541,1541,ICDOIP_06670,JCOPOM_16820,JANPHL_04315
group_3201,eAL,"EAL domain, c-di-GMP-specific phosphodiesterase class I (or its enzymatically inactive variant)",3,3,1,3,73,,,,1715,1715,1715,ICDOIP_07040,JCOPOM_16450,JANPHL_03945
"Uncharacterized conserved protein, PKD repeat domain",,"Uncharacterized conserved protein, PKD repeat domain",3,3,1,1,734,,,,2444,2444,2444,ICDOIP_11485,JCOPOM_03125,JANPHL_10830
hMG1,,Hydroxymethylglutaryl-CoA reductase,3,3,1,2,189,,,,1262,1262,1262,ICDOIP_20030,JCOPOM_00835,JANPHL_20060
pxpC,,5-oxoprolinase subunit C/Allophanate hydrolase subunit 2,3,3,1,2,105,,,,935,935,935,ICDOIP_18385,JCOPOM_00410,JANPHL_18085
asnC,,transcriptional regulator AsnC,3,3,1,4,58,,,,464,464,464,ICDOIP_16145,JCOPOM_10590,JANPHL_15510
Porin,,Porin,3,3,1,2,507,,,,1142,1142,1142,ICDOIP_01470,JCOPOM_02440,JANPHL_02390
sPS1,,Serine/threonine protein kinase,3,3,1,4,44,,,,1352,1352,1352,ICDOIP_16215,JCOPOM_10660,JANPHL_15580
bamB,,outer membrane protein assembly factor BamB,3,3,1,6,47,,,,1160,1160,1160,ICDOIP_15100,JCOPOM_17625,JANPHL_14465
emrA,,Multidrug resistance efflux pump EmrA,3,3,1,3,167,,,,1064,1064,1064,ICDOIP_06550,JCOPOM_16940,JANPHL_04435
DUF849 domain-containing protein,,DUF849 domain-containing protein,3,3,1,6,66,,,,839,839,839,ICDOIP_15005,JCOPOM_17720,JANPHL_14370
group_3210,caiD,Enoyl-CoA hydratase/carnithine racemase,3,3,1,5,573,,,,845,845,845,ICDOIP_13635,JCOPOM_18750,JANPHL_12980
group_3211,araC,AraC-type DNA-binding domain and AraC-containing proteins,3,3,1,5,277,,,,1004,1004,1004,ICDOIP_09105,JCOPOM_11935,JANPHL_08450
rlmE,,23S rRNA (uridine(2552)-2'-O)-methyltransferase RlmE,3,3,1,3,627,,,,629,629,629,ICDOIP_04265,JCOPOM_06500,JANPHL_17740
group_3213,exeA,Type II secretory pathway ATPase component GspA/ExeA/MshM,3,3,1,4,508,,,,1619,1619,1619,ICDOIP_12405,JCOPOM_09050,JANPHL_11700
group_3214,tsaC,L-threonylcarbamoyladenylate synthase,3,3,1,3,134,,,,620,620,620,ICDOIP_06715,JCOPOM_16775,JANPHL_04270
yhdR,,YhdP family protein,3,3,1,1,137,,,,3878,3878,3878,ICDOIP_18625,JCOPOM_19070,JANPHL_18655
group_3216,yigB,"FMN and 5-amino-6-(5-phospho-D-ribitylamino)uracil phosphatase YigB, HAD superfamily (riboflavin biosynthesis)",3,3,1,4,33,,,,725,725,725,ICDOIP_16270,JCOPOM_10720,JANPHL_15635
cpdA,,"3',5'-cyclic-AMP phosphodiesterase",3,3,1,4,495,,,,806,806,806,ICDOIP_12470,JCOPOM_08985,JANPHL_11635
birA,,bifunctional biotin--[acetyl-CoA-carboxylase] ligase/biotin operon repressor BirA,3,3,1,15,4,,,,965,965,965,ICDOIP_22795,JCOPOM_23810,JANPHL_22840
murJ,,murein biosynthesis integral membrane protein MurJ,3,3,1,4,396,,,,1562,1562,1562,ICDOIP_12965,JCOPOM_08495,JANPHL_11140
mepA,,penicillin-insensitive murein endopeptidase,3,3,1,6,2,,,,836,839,838,ICDOIP_15325,JCOPOM_17405,JANPHL_14690
group_3220,Recombinase family protein,Recombinase family protein,3,3,1,1,251,,,,1583,1589,1585,ICDOIP_17295,JCOPOM_13055,JANPHL_16660
ampD,,"1,6-anhydro-N-acetylmuramyl-L-alanine amidase AmpD",3,3,1,3,682,,,,551,551,551,ICDOIP_03990,JCOPOM_06220,JANPHL_17465
Na(+)-translocating NADH-quinone reductase subunit C,,Na(+)-translocating NADH-quinone reductase subunit C,3,3,1,5,398,,,,629,629,629,ICDOIP_14180,JCOPOM_12515,JANPHL_13525
group_3223,gGDEF,"GGDEF domain, diguanylate cyclase (c-di-GMP synthetase) or its enzymatically inactive variants",3,3,1,2,590,,,,1583,1583,1583,ICDOIP_01890,JCOPOM_02855,JANPHL_01970
group_3224,mauG,Cytochrome c peroxidase,3,3,1,2,319,,,,962,962,962,ICDOIP_00530,JCOPOM_01515,JANPHL_03330
wvaD,,WvaD,3,3,1,4,184,,,,1097,1097,1097,ICDOIP_15510,JCOPOM_09950,JANPHL_14875
group_3226,alr,alanine racemase,3,3,1,10,24,,,,1214,1214,1214,ICDOIP_21280,JCOPOM_21120,JANPHL_21375
S4 RNA-binding domain-containing protein,,S4 RNA-binding domain-containing protein,3,3,1,2,46,,,,539,539,539,ICDOIP_18085,JCOPOM_00115,JANPHL_18385
cytC553,,Cytochrome c553,3,3,1,4,96,,,,617,617,617,ICDOIP_15950,JCOPOM_10395,JANPHL_15315
codB,,cytosine permease,3,3,1,2,460,,,,1238,1238,1238,ICDOIP_01215,JCOPOM_02205,JANPHL_02645
tnp,,IS481 family ISVvu4 transposase,3,3,1,4,224,,,,818,1040,966,ICDOIP_15340,JCOPOM_23830,JANPHL_14705
uxuA,,mannonate dehydratase,3,3,1,2,803,,,,1187,1187,1187,ICDOIP_02925,JCOPOM_15410,JANPHL_00930
ppk2,,polyphosphate kinase 2,3,3,1,6,17,,,,776,776,776,ICDOIP_15250,JCOPOM_17475,JANPHL_14615
pabA,,aminodeoxychorismate/anthranilate synthase component II,3,3,1,7,21,,,,587,587,587,ICDOIP_19025,JCOPOM_22840,JANPHL_19335
gabT,,4-aminobutyrate--2-oxoglutarate transaminase,3,3,1,1,224,,,,1271,1271,1271,ICDOIP_17160,JCOPOM_23525,JANPHL_16525
group_3234,lolD,lipoprotein-releasing ABC transporter ATP-binding protein LolD,3,3,1,1,1063,,,,707,707,707,ICDOIP_08320,JCOPOM_04785,JANPHL_06875
pyrD,,quinone-dependent dihydroorotate dehydrogenase,3,3,1,1,429,,,,1010,1010,1010,ICDOIP_21970,JCOPOM_13895,JANPHL_21910
ligA,,NAD-dependent DNA ligase LigA,3,3,1,1,61,,,,2012,2012,2012,ICDOIP_07425,JCOPOM_21550,JANPHL_07780
viaA,,ATPase RavA stimulator ViaA,3,3,1,2,225,,,,1454,1454,1454,ICDOIP_00075,JCOPOM_01050,JANPHL_03790
rimI,,Ribosomal protein S18 acetylase RimI and related acetyltransferases,3,3,1,11,32,,,,485,485,485,ICDOIP_22160,JCOPOM_21980,JANPHL_22230
group_3239,ompR,"DNA-binding response regulator, OmpR family, contains REC and winged-helix (wHTH) domain",3,3,1,2,544,,,,698,698,698,ICDOIP_01660,JCOPOM_02630,JANPHL_02200
group_324,wza,"Periplasmic protein Wza involved in polysaccharide export, contains SLBB domain of the beta-grasp fold",3,3,1,4,200,,,,2672,2672,2672,ICDOIP_15440,JCOPOM_09870,JANPHL_14805
ispC,,1-deoxy-D-xylulose-5-phosphate reductoisomerase,3,3,1,3,475,,,,1205,1205,1205,ICDOIP_05030,JCOPOM_07260,JANPHL_05955
group_3241,hDGYP,"HD-GYP domain, c-di-GMP phosphodiesterase class II (or its inactivated variant)",3,3,1,1,94,,,,1253,1253,1253,ICDOIP_18915,JCOPOM_19345,JANPHL_18945
Pyruvate dehydrogenase,,Pyruvate dehydrogenase,3,3,1,2,238,,,,380,380,380,ICDOIP_00135,JCOPOM_01115,JANPHL_03730
OmpA-like domain-containing protein,,OmpA-like domain-containing protein,3,3,1,4,569,,,,1097,1097,1097,ICDOIP_23810,JCOPOM_20835,JANPHL_23625
mdoB,,"Phosphoglycerol transferase MdoB/OpgB, AlkP superfamily",3,3,1,1,288,,,,1925,1925,1925,ICDOIP_17455,JCOPOM_13220,JANPHL_16820
ulaG,,"L-ascorbate lactonase UlaG, metallo-beta-lactamase superfamily",3,3,1,2,930,,,,1244,1244,1244,ICDOIP_03650,JCOPOM_21670,JANPHL_00205
group_3246,yuxH,"c-di-GMP phosphodiesterase YuxH/PdeH, contains EAL and HDOD domains",3,3,1,1,921,,,,1214,1214,1214,ICDOIP_10545,JCOPOM_04070,JANPHL_09890
hemA,,glutamyl-tRNA reductase,3,3,1,1,7,,,,1256,1256,1256,ICDOIP_07155,JCOPOM_21280,JANPHL_08050
ecfT,,ECF-type transporter transmembrane protein EcfT,3,3,1,2,595,,,,839,839,839,ICDOIP_01915,JCOPOM_02880,JANPHL_01945
ccmF,,Cytochrome c biogenesis protein CcmF,3,3,1,3,381,,,,1976,1976,1976,ICDOIP_05495,JCOPOM_07725,JANPHL_05490
group_325,OMP-b-brl domain-containing protein,OMP-b-brl domain-containing protein,3,3,1,4,199,,,,515,515,515,ICDOIP_15445,JCOPOM_09875,JANPHL_14810
tssH,,type VI secretion system ATPase TssH,3,3,1,1,645,,,,2678,2678,2678,ICDOIP_16305,JCOPOM_20010,JANPHL_16395
cah,,Carbonic anhydrase,3,3,1,2,613,,,,716,716,716,ICDOIP_02005,JCOPOM_02970,JANPHL_01855
cyoC,,cytochrome o ubiquinol oxidase subunit III,3,3,1,5,560,,,,602,602,602,ICDOIP_13570,JCOPOM_18685,JANPHL_12915
lafU,,Chemotaxis protein LafU,3,3,1,2,665,,,,992,992,992,ICDOIP_02260,JCOPOM_16090,JANPHL_01595
group_3254,rhaT,Permease of the drug/metabolite transporter (DMT) superfamily,3,3,1,2,912,,,,899,899,899,ICDOIP_03745,JCOPOM_21760,JANPHL_00110
group_3255,pgsA,CDP-diacylglycerol--glycerol-3-phosphate 3-phosphatidyltransferase,3,3,1,3,125,,,,557,557,557,ICDOIP_06760,JCOPOM_16730,JANPHL_04225
group_3256,ompA,Outer membrane protein OmpA and related peptidoglycan-associated (lipo)proteins,3,3,1,2,648,,,,1022,1022,1022,ICDOIP_02175,JCOPOM_16175,JANPHL_01685
tyrB,,Aspartate/aromatic aminotransferase,3,3,1,3,82,,,,1190,1190,1190,ICDOIP_06995,JCOPOM_16495,JANPHL_03990
acrB,,efflux RND transporter permease subunit VmeI,3,3,1,1,890,,,,3101,3101,3101,ICDOIP_10700,JCOPOM_03915,JANPHL_10045
group_3259,paaI,"Acyl-CoA thioesterase PaaI, contains HGG motif",3,3,1,2,90,,,,434,434,434,ICDOIP_18310,JCOPOM_00335,JANPHL_18160
gfcB,,Lipoprotein GfcB,3,3,1,4,197,,,,674,674,674,ICDOIP_15455,JCOPOM_09885,JANPHL_14820
group_3260,DUF2541 domain-containing protein,DUF2541 domain-containing protein,3,3,1,5,124,,,,434,434,434,ICDOIP_09855,JCOPOM_11150,JANPHL_09200
ccdA,,Cytochrome C biogenesis protein CcdA,3,3,1,2,114,,,,569,569,569,ICDOIP_18430,JCOPOM_00455,JANPHL_18040
flgJ,,flagellar assembly peptidoglycan hydrolase FlgJ,3,3,1,1,48,,,,926,926,926,ICDOIP_07360,JCOPOM_21485,JANPHL_07845
kdkA,,3-deoxy-D-manno-octulosonic acid kinase,3,3,1,4,178,,,,710,710,710,ICDOIP_15540,JCOPOM_09980,JANPHL_14905
DUF1499 domain-containing protein,,DUF1499 domain-containing protein,3,3,1,4,446,,,,428,431,429,ICDOIP_12715,JCOPOM_08740,JANPHL_11390
group_3265,ptsN,Phosphotransferase system mannitol/fructose-specific IIA domain (Ntr-type),3,3,1,2,532,,,,1871,1871,1871,ICDOIP_01600,JCOPOM_02570,JANPHL_02260
vmeY,,multidrug efflux RND transporter periplasmic adaptor subunit VmeY,3,3,1,2,407,,,,1127,1127,1127,ICDOIP_00950,JCOPOM_01940,JANPHL_02910
arsB,,ACR3 family arsenite efflux transporter,3,3,1,5,380,,,,1055,1055,1055,ICDOIP_14270,JCOPOM_12425,JANPHL_13615
group_3268,lysR,"DNA-binding transcriptional regulator, LysR family",3,3,1,5,263,,,,881,881,881,ICDOIP_09175,JCOPOM_11865,JANPHL_08520
yhaK,,"Redox-sensitive bicupin YhaK, pirin superfamily",3,3,1,2,987,,,,695,695,695,ICDOIP_03365,JCOPOM_14955,JANPHL_00490
yjbH,,YjbH domain-containing protein,3,3,1,4,195,,,,2162,2198,2174,ICDOIP_15465,JCOPOM_09895,JANPHL_14830
Outer membrane protein A,,Outer membrane protein A,3,3,1,6,80,,,,563,563,563,ICDOIP_14980,JCOPOM_17745,JANPHL_14345
group_3271,mdlB,"ABC-type multidrug transport system, ATPase and permease component",3,3,1,2,819,,,,1850,1850,1850,ICDOIP_03005,JCOPOM_15330,JANPHL_00850
group_3272,argD,Acetylornithine aminotransferase,3,3,1,7,23,,,,1211,1211,1211,ICDOIP_19035,JCOPOM_22830,JANPHL_19325
ycbB,,"Murein L,D-transpeptidase YcbB/YkuD",3,3,1,3,98,,,,1541,1541,1541,ICDOIP_06915,JCOPOM_16575,JANPHL_04070
walK,,Sensor histidine kinase WalK,3,3,1,5,56,,,,1373,1373,1373,ICDOIP_10210,JCOPOM_10765,JANPHL_09555
exsC,,type III secretion system regulatory chaperone ExsC,3,3,1,1,326,,,,446,446,446,ICDOIP_17635,JCOPOM_13410,JANPHL_17000
pilZ,,Pilus assembly protein PilZ,3,3,1,3,593,,,,2348,2348,2348,ICDOIP_04445,JCOPOM_06680,JANPHL_17920
Medium chain reductase/dehydrogenase,,Medium chain reductase/dehydrogenase,3,3,1,2,891,,,,524,524,524,ICDOIP_03850,JCOPOM_21865,JANPHL_00005
group_3278,ribD,bifunctional diaminohydroxyphosphoribosylaminopyrimidine deaminase/5-amino-6-(5-phosphoribosylamino)uracil reductase RibD,3,3,1,6,128,,,,1124,1124,1124,ICDOIP_14700,JCOPOM_17930,JANPHL_14065
sppA,,signal peptide peptidase SppA,3,3,1,3,317,,,,1850,1850,1850,ICDOIP_05810,JCOPOM_08040,JANPHL_05175
waaA,,lipid IV(A) 3-deoxy-D-manno-octulosonic acid transferase,3,3,1,4,189,,,,1271,1271,1271,ICDOIP_15485,JCOPOM_09925,JANPHL_14850
WD40 repeat protein,,WD40 repeat protein,3,3,1,1,426,,,,701,701,701,ICDOIP_21955,JCOPOM_13880,JANPHL_21925
potC,,spermidine/putrescine ABC transporter permease PotC,3,3,1,1,507,,,,770,770,770,ICDOIP_16960,JCOPOM_14235,JANPHL_15740
Pectate disaccharide-lyase,,Pectate disaccharide-lyase,3,3,1,2,944,,,,2228,2228,2228,ICDOIP_03580,JCOPOM_21600,JANPHL_00275
lldP,,L-lactate permease,3,3,1,2,609,,,,1691,1691,1691,ICDOIP_01985,JCOPOM_02950,JANPHL_01875
group_3284,araC,AraC-type DNA-binding domain and AraC-containing proteins,3,3,1,5,582,,,,803,803,803,ICDOIP_13680,JCOPOM_18795,JANPHL_13025
yqfB,,N(4)-acetylcytidine aminohydrolase,3,3,1,2,526,,,,323,323,323,ICDOIP_01570,JCOPOM_02540,JANPHL_02290
folC,,bifunctional tetrahydrofolate synthase/dihydrofolate synthase,3,3,1,3,352,,,,1262,1262,1262,ICDOIP_05635,JCOPOM_07865,JANPHL_05350
tolQ,,Biopolymer transport protein ExbB/TolQ,3,3,1,5,59,,,,1367,1367,1367,ICDOIP_10195,JCOPOM_10780,JANPHL_09540
nupC,,Nucleoside permease NupC,3,3,1,5,101,,,,1208,1208,1208,ICDOIP_09975,JCOPOM_11000,JANPHL_09320
group_3289,purR,"DNA-binding transcriptional regulator, LacI/PurR family",3,3,1,3,558,,,,998,998,998,ICDOIP_04620,JCOPOM_06855,JANPHL_06365
CAP10 domain-containing protein,,CAP10 domain-containing protein,3,3,1,4,173,,,,935,935,935,ICDOIP_15565,JCOPOM_10005,JANPHL_14930
group_3290,tyrB,Aspartate/aromatic aminotransferase,3,3,1,2,155,,,,1187,1187,1187,ICDOIP_20140,JCOPOM_00660,JANPHL_20170
nhaA,,Na+/H+ antiporter NhaA,3,3,1,1,842,,,,1151,1151,1151,ICDOIP_10940,JCOPOM_03675,JANPHL_10285
Integron gene cassette protein,,Integron gene cassette protein,3,3,1,1,585,,,,350,350,350,ICDOIP_16585,JCOPOM_14610,JANPHL_16115
Signal transduction histidine kinase regulating C4-dicarboxylate transport system,,Signal transduction histidine kinase regulating C4-dicarboxylate transport system,3,3,1,2,836,,,,1850,1850,1850,ICDOIP_03085,JCOPOM_15240,JANPHL_00770
proW,,glycine betaine/L-proline ABC transporter permease ProW,3,3,1,1,297,,,,1085,1085,1085,ICDOIP_17500,JCOPOM_13265,JANPHL_16865
oLE1,,Fatty-acid desaturase,3,3,1,5,485,,,,1124,1124,1124,ICDOIP_13200,JCOPOM_18320,JANPHL_12545
pgsA,,Phosphatidylglycerophosphate synthase,3,3,1,1,876,,,,611,611,611,ICDOIP_10770,JCOPOM_03845,JANPHL_10115
modF,,molybdate ABC transporter ATP-binding protein ModF,3,3,1,5,605,,,,1454,1454,1454,ICDOIP_13800,JCOPOM_18830,JANPHL_13145
rsmB,,16S rRNA (cytosine(967)-C(5))-methyltransferase RsmB,3,3,1,8,14,,,,1283,1283,1283,ICDOIP_19825,JCOPOM_19760,JANPHL_19510
pulA,,Pullulanase/glycogen debranching enzyme,3,3,1,2,744,,,,3989,3989,3989,ICDOIP_02630,JCOPOM_15700,JANPHL_01225
DUF4440 domain-containing protein,,DUF4440 domain-containing protein,3,3,1,4,170,,,,476,476,476,ICDOIP_15580,JCOPOM_10020,JANPHL_14945
group_3300,DUF11 domain-containing protein,DUF11 domain-containing protein,3,3,1,2,212,,,,2624,2624,2624,ICDOIP_19905,JCOPOM_00965,JANPHL_19935
recB,,exodeoxyribonuclease V subunit beta,3,3,1,3,538,,,,3683,3683,3683,ICDOIP_04715,JCOPOM_06945,JANPHL_06270
fabV2,,Enoyl-[acyl-carrier-protein] reductase [NADH] 2,3,3,1,2,100,,,,1199,1199,1199,ICDOIP_18360,JCOPOM_00385,JANPHL_18110
yutH,,Spore coat protein YutH,3,3,1,5,340,,,,875,875,875,ICDOIP_08795,JCOPOM_12225,JANPHL_08140
uvrB,,excinuclease ABC subunit UvrB,3,3,1,3,282,,,,2030,2030,2030,ICDOIP_05990,JCOPOM_08225,JANPHL_04995
yqfA,,hemolysin III family protein,3,3,1,8,18,,,,653,653,653,ICDOIP_19805,JCOPOM_19740,JANPHL_19530
glnG,,nitrogen regulation protein NR(I),3,3,1,4,103,,,,1403,1403,1403,ICDOIP_15915,JCOPOM_10355,JANPHL_15280
group_3307,preP,"Prolyl endopeptidase PreP, S9A serine peptidase family",3,3,1,2,607,,,,2033,2033,2033,ICDOIP_01975,JCOPOM_02940,JANPHL_01885
group_3308,sUL1,"Sulfate permease or related transporter, MFS superfamily",3,3,1,3,674,,,,1670,1670,1670,ICDOIP_04030,JCOPOM_06260,JANPHL_17505
group_3309,acrR,"DNA-binding protein, AcrR family, includes nucleoid occlusion protein SlmA",3,3,1,2,270,,,,605,605,605,ICDOIP_00290,JCOPOM_01270,JANPHL_03570
comFC,,"DNA utilization protein ComFC/GntX, contains phosphoribosyltransferase domain",3,3,1,4,132,,,,725,725,725,ICDOIP_15770,JCOPOM_10210,JANPHL_15135
nrfA,,ammonia-forming nitrite reductase cytochrome c552 subunit,3,3,1,3,110,,,,1427,1427,1427,ICDOIP_06855,JCOPOM_16635,JANPHL_04130
purH,,bifunctional phosphoribosylaminoimidazolecarboxamide formyltransferase/IMP cyclohydrolase,3,3,1,15,30,,,,1592,1592,1592,ICDOIP_22935,JCOPOM_23355,JANPHL_22980
ribX,,"N-glycosidase YbiA/RibX (riboflavin biosynthesis, damage control), NADAR superfamily",3,3,1,2,863,,,,1061,1061,1061,ICDOIP_03220,JCOPOM_15105,JANPHL_00635
group_3313,atoC,"DNA-binding transcriptional response regulator, NtrC family, contains REC, AAA-type ATPase, and a Fis-type DNA-binding domains",3,3,1,2,56,,,,1268,1268,1268,ICDOIP_18135,JCOPOM_00165,JANPHL_18335
mutL,,DNA mismatch repair endonuclease MutL,3,3,1,7,4,,,,2009,2009,2009,ICDOIP_18940,JCOPOM_22925,JANPHL_19420
group_3315,pilM,"Type IV pilus assembly protein, ATPase PilM",3,3,1,7,86,,,,1016,1016,1016,ICDOIP_19265,JCOPOM_22560,JANPHL_19095
nudE,,ADP compounds hydrolase NudE,3,3,1,4,130,,,,569,569,569,ICDOIP_15780,JCOPOM_10220,JANPHL_15145
mipA,,MltA-interacting MipA family protein,3,3,1,5,116,,,,869,869,869,ICDOIP_09895,JCOPOM_11110,JANPHL_09240
group_3318,hDGYP,"HD-GYP domain, c-di-GMP phosphodiesterase class II (or its inactivated variant)",3,3,1,1,659,,,,1211,1211,1211,ICDOIP_22745,JCOPOM_19950,JANPHL_22670
ubiJ,,Ubiquinone biosynthesis accessory factor UbiJ,3,3,1,4,83,,,,635,635,635,ICDOIP_16020,JCOPOM_10465,JANPHL_15385
Nucleic acid-binding protein,,Nucleic acid-binding protein,3,3,1,4,88,,,,134,134,134,ICDOIP_15995,JCOPOM_10440,JANPHL_15360
pepD2,,Di- or tripeptidase,3,3,1,1,726,,,,1106,1106,1106,ICDOIP_11520,JCOPOM_03090,JANPHL_10865
glgA,,glycogen synthase GlgA,3,3,1,1,1019,,,,1457,1457,1457,ICDOIP_08540,JCOPOM_04565,JANPHL_06655
group_3322,ompR,"DNA-binding response regulator, OmpR family, contains REC and winged-helix (wHTH) domain",3,3,1,4,535,,,,692,692,692,ICDOIP_12280,JCOPOM_09195,JANPHL_11825
group_3323,yocR,"Na+-dependent transporter, SNF family",3,3,1,1,884,,,,1430,1430,1430,ICDOIP_10730,JCOPOM_03885,JANPHL_10075
ectB,,diaminobutyrate--2-oxoglutarate transaminase,3,3,1,1,303,,,,1265,1265,1265,ICDOIP_17530,JCOPOM_13295,JANPHL_16895
mdlB,,"ABC-type multidrug transport system, ATPase and permease component",3,3,1,1,597,,,,1739,1739,1739,ICDOIP_16525,JCOPOM_14670,JANPHL_16175
brkB,,virulence factor BrkB family protein,3,3,1,4,110,,,,944,944,944,ICDOIP_15880,JCOPOM_10320,JANPHL_15245
rseP,,sigma E protease regulator RseP,3,3,1,3,474,,,,1358,1358,1358,ICDOIP_05035,JCOPOM_07265,JANPHL_05950
caiD,,Enoyl-CoA hydratase/carnithine racemase,3,3,1,5,565,,,,1136,1136,1136,ICDOIP_13595,JCOPOM_18710,JANPHL_12940
nhaP2,,potassium/proton antiporter,3,3,1,10,61,,,,1745,1745,1745,ICDOIP_21370,JCOPOM_21030,JANPHL_21285
group_333,Transposase,Transposase,3,3,1,4,77,,,,335,350,340,ICDOIP_16050,JCOPOM_10495,JANPHL_15415
hflD,,high frequency lysogenization protein HflD,3,3,1,1,938,,,,617,617,617,ICDOIP_10460,JCOPOM_04155,JANPHL_09805
aroG,,3-deoxy-7-phosphoheptulonate synthase AroG,3,3,1,2,401,,,,1052,1052,1052,ICDOIP_00920,JCOPOM_01910,JANPHL_02940
tssE,,type VI secretion system baseplate subunit TssE,3,3,1,1,634,,,,410,410,410,ICDOIP_16360,JCOPOM_20065,JANPHL_16340
nudF,,ADP-ribose diphosphatase,3,3,1,4,497,,,,650,650,650,ICDOIP_12460,JCOPOM_08995,JANPHL_11645
group_3334,manB,Phosphomannomutase,3,3,1,3,653,,,,1412,1412,1412,ICDOIP_04135,JCOPOM_06370,JANPHL_17610
speA,,arginine decarboxylase,3,3,1,5,78,,,,1922,1922,1922,ICDOIP_10100,JCOPOM_10870,JANPHL_09445
Flagellin,,Flagellin,3,3,1,5,178,,,,1040,1040,1040,ICDOIP_09590,JCOPOM_11415,JANPHL_08935
pepN,,aminopeptidase N,3,3,1,1,427,,,,2606,2606,2606,ICDOIP_21960,JCOPOM_13885,JANPHL_21920
group_3338,cls,Phosphatidylserine/phosphatidylglycerophosphate/cardiolipin synthase,3,3,1,5,239,,,,1517,1517,1517,ICDOIP_09280,JCOPOM_11750,JANPHL_08625
mobB,,bifunctional molybdopterin-guanine dinucleotide biosynthesis adaptor protein MobB/molybdopterin molybdotransferase MoeA,3,3,1,1,533,,,,1778,1778,1778,ICDOIP_16830,JCOPOM_14365,JANPHL_15870
Ribosomal-L40e domain-containing protein,,Ribosomal-L40e domain-containing protein,3,3,1,4,61,,,,572,572,572,ICDOIP_16130,JCOPOM_10575,JANPHL_15495
atl1,,DNA base-flipping protein,3,3,1,1,1086,,,,302,302,302,ICDOIP_08200,JCOPOM_04905,JANPHL_06995
dacC,,D-alanyl-D-alanine carboxypeptidase,3,3,1,2,697,,,,1157,1157,1157,ICDOIP_02415,JCOPOM_15930,JANPHL_01440
Zn-dependent protease,,Zn-dependent protease,3,3,1,2,88,,,,1028,1028,1028,ICDOIP_18300,JCOPOM_00325,JANPHL_18170
hPtr,,HPt (histidine-containing phosphotransfer) domain,3,3,1,11,12,,,,3665,3665,3665,ICDOIP_22060,JCOPOM_21880,JANPHL_22330
rluA,,bifunctional tRNA pseudouridine(32) synthase/23S rRNA pseudouridine(746) synthase RluA,3,3,1,1,143,,,,752,752,752,ICDOIP_18655,JCOPOM_19100,JANPHL_18685
rnpA,,ribonuclease P protein component,3,3,1,8,61,,,,323,323,323,ICDOIP_19550,JCOPOM_19485,JANPHL_19785
group_3346,"Cyclic di-GMP metabolism protein, combines GGDEF and EAL domains with a 6TM membrane domain","Cyclic di-GMP metabolism protein, combines GGDEF and EAL domains with a 6TM membrane domain",3,3,1,3,609,,,,2039,2039,2039,ICDOIP_04365,JCOPOM_06600,JANPHL_17840
torT,,TMAO reductase system periplasmic protein TorT,3,3,1,5,516,,,,1004,1004,1004,ICDOIP_13355,JCOPOM_18475,JANPHL_12700
group_3348,Chitodextrinase,Chitodextrinase,3,3,1,2,938,,,,1178,1178,1178,ICDOIP_03610,JCOPOM_21630,JANPHL_00245
mutH,,DNA mismatch repair endonuclease MutH,3,3,1,4,407,,,,680,680,680,ICDOIP_12910,JCOPOM_08550,JANPHL_11195
SPOR domain-containing protein,,SPOR domain-containing protein,3,3,1,4,39,,,,1004,1004,1004,ICDOIP_16240,JCOPOM_10690,JANPHL_15605
wcaA,,Glycosyltransferase involved in cell wall bisynthesis,3,3,1,4,175,,,,767,767,767,ICDOIP_15555,JCOPOM_09995,JANPHL_14920
prmC,,peptide chain release factor N(5)-glutamine methyltransferase,3,3,1,1,9,,,,857,857,857,ICDOIP_07165,JCOPOM_21290,JANPHL_08040
zipA,,cell division protein ZipA,3,3,1,1,60,,,,950,950,950,ICDOIP_07420,JCOPOM_21545,JANPHL_07785
group_3353,rodA,rod shape-determining protein RodA,3,3,1,6,151,,,,1121,1121,1121,ICDOIP_14485,JCOPOM_18145,JANPHL_13850
group_3354,ompR,"DNA-binding response regulator, OmpR family, contains REC and winged-helix (wHTH) domain",3,3,1,2,138,,,,662,662,662,ICDOIP_20225,JCOPOM_00575,JANPHL_20255
group_3355,N-acetyltransferase domain-containing protein,N-acetyltransferase domain-containing protein,3,3,1,1,174,,,,905,908,906,ICDOIP_18810,JCOPOM_19255,JANPHL_18840
sunT,,"ABC-type bacteriocin/lantibiotic exporters, contain an N-terminal double-glycine peptidase domain",3,3,1,2,841,,,,2114,2114,2114,ICDOIP_03110,JCOPOM_15215,JANPHL_00745
deoB,,phosphopentomutase,3,3,1,3,597,,,,1220,1220,1220,ICDOIP_04425,JCOPOM_06660,JANPHL_17900
ceuD,,iron chelate ABC transporter ATP-binding protein VctC,3,3,1,5,530,,,,755,755,755,ICDOIP_13425,JCOPOM_18540,JANPHL_12770
mmdA,,"Acetyl-CoA carboxylase, carboxyltransferase component",3,3,1,5,572,,,,1604,1604,1604,ICDOIP_13630,JCOPOM_18745,JANPHL_12975
DUF695 domain-containing protein,,DUF695 domain-containing protein,3,3,1,1,90,,,,434,527,465,ICDOIP_16450,JCOPOM_24005,JANPHL_16250
group_3360,wzb,Protein-tyrosine-phosphatase,3,3,1,2,706,,,,440,440,440,ICDOIP_02460,JCOPOM_15885,JANPHL_01395
group_3361,rbsK,"Sugar or nucleoside kinase, ribokinase family",3,3,1,1,935,,,,1304,1304,1304,ICDOIP_10475,JCOPOM_04140,JANPHL_09820
envZ,,two-component system sensor histidine kinase EnvZ,3,3,1,4,140,,,,1292,1292,1292,ICDOIP_15730,JCOPOM_10170,JANPHL_15095
MoxR-like ATPase,,MoxR-like ATPase,3,3,1,5,117,,,,4118,4118,4118,ICDOIP_09890,JCOPOM_11115,JANPHL_09235
oppA,,"ABC-type oligopeptide transport system, periplasmic component",3,3,1,3,273,,,,1673,1673,1673,ICDOIP_06040,JCOPOM_08275,JANPHL_04945
vopR,,type III secretion system effector VopR,3,3,1,1,345,,,,977,977,977,ICDOIP_17725,JCOPOM_13500,JANPHL_17090
pleD,,"Two-component response regulator, PleD family, consists of two REC domains and a diguanylate cyclase (GGDEF) domain",3,3,1,4,440,,,,1745,1745,1745,ICDOIP_12745,JCOPOM_08710,JANPHL_11360
fmt,,methionyl-tRNA formyltransferase,3,3,1,8,13,,,,947,947,947,ICDOIP_19830,JCOPOM_19765,JANPHL_19505
group_3368,mntH,"Mn2+ or Fe2+ transporter, NRAMP family",3,3,1,2,387,,,,1238,1238,1238,ICDOIP_00850,JCOPOM_01840,JANPHL_03010
purC,,phosphoribosylaminoimidazolesuccinocarboxamide synthase,3,3,1,1,809,,,,1103,1103,1103,ICDOIP_11110,JCOPOM_03505,JANPHL_10455
group_337,terC,Tellurite resistance membrane protein TerC,3,3,1,1,606,,,,293,299,297,ICDOIP_16480,JCOPOM_14715,JANPHL_16220
cybB,,Cytochrome b561,3,3,1,2,76,,,,539,539,539,ICDOIP_18240,JCOPOM_00265,JANPHL_18230
erfK,,Lipoprotein-anchoring transpeptidase ErfK/SrfK,3,3,1,2,583,,,,926,926,926,ICDOIP_01855,JCOPOM_02820,JANPHL_02005
thiI,,tRNA sulfurtransferase,3,3,1,6,180,,,,1448,1448,1448,ICDOIP_14635,JCOPOM_17995,JANPHL_14000
gdh2,,NAD-specific glutamate dehydrogenase,3,3,1,1,428,,,,4841,4841,4841,ICDOIP_21965,JCOPOM_13890,JANPHL_21915
group_3374,acrB,multidrug efflux RND transporter permease subunit VmeK,3,3,1,3,635,,,,3131,3131,3131,ICDOIP_04225,JCOPOM_06460,JANPHL_17700
group_3375,yfdV,"putative permease, AEC (auxin efflux carrier) family",3,3,1,1,971,,,,956,956,956,ICDOIP_10295,JCOPOM_04320,JANPHL_09640
tauA,,"ABC-type nitrate/sulfonate/bicarbonate transport system, periplasmic component",3,3,1,2,898,,,,950,950,950,ICDOIP_03815,JCOPOM_21830,JANPHL_00040
vmrA,,sodium-coupled multidrug efflux MATE transporter VmrA,3,3,1,3,612,,,,1346,1346,1346,ICDOIP_04350,JCOPOM_06585,JANPHL_17825
yfbU,,YfbU family protein,3,3,1,1,1052,,,,500,500,500,ICDOIP_08375,JCOPOM_04730,JANPHL_06820
fliF,,flagellar basal-body MS-ring/collar protein FliF,3,3,1,2,645,,,,1715,1715,1715,ICDOIP_02160,JCOPOM_16190,JANPHL_01700
terB,,Tellurite resistance protein TerB,3,3,1,1,587,,,,440,494,476,ICDOIP_16575,JCOPOM_14620,JANPHL_16125
DUF1090 domain-containing protein,,DUF1090 domain-containing protein,3,3,1,4,138,,,,392,392,392,ICDOIP_15740,JCOPOM_10180,JANPHL_15105
group_3381,lysR,"DNA-binding transcriptional regulator, LysR family",3,3,1,5,401,,,,887,887,887,ICDOIP_14165,JCOPOM_12530,JANPHL_13510
9-hexadecenoic acid cis-trans isomerase,,9-hexadecenoic acid cis-trans isomerase,3,3,1,5,513,,,,2384,2384,2384,ICDOIP_13340,JCOPOM_18460,JANPHL_12685
group_3383,ubiH,FAD-dependent 2-octaprenylphenol hydroxylase,3,3,1,3,745,,,,1208,1208,1208,ICDOIP_20485,JCOPOM_05870,JANPHL_20500
sulA,,"Cell division inhibitor SulA, prevents FtsZ ring assembly",3,3,1,1,808,,,,392,392,392,ICDOIP_11115,JCOPOM_03500,JANPHL_10460
sctW,,SctW family type III secretion system gatekeeper subunit VopN,3,3,1,1,363,,,,893,893,893,ICDOIP_17800,JCOPOM_13570,JANPHL_17165
group_3386,flgE,flagellar hook protein FlgE,3,3,1,5,170,,,,1196,1196,1196,ICDOIP_09630,JCOPOM_11375,JANPHL_08975
group_3387,moxR,MoxR-like ATPase,3,3,1,2,226,,,,1661,1661,1661,ICDOIP_00080,JCOPOM_01055,JANPHL_03785
rsxB,,electron transport complex subunit RsxB,3,3,1,3,284,,,,596,596,596,ICDOIP_05975,JCOPOM_08210,JANPHL_05010
fadH,,"2,4-dienoyl-CoA reductase or related NADH-dependent reductase, Old Yellow Enzyme (OYE) family",3,3,1,11,45,,,,1100,1100,1100,ICDOIP_22225,JCOPOM_22045,JANPHL_22165
azoR,,FMN-dependent NADH:quinone oxidoreductase,3,3,1,1,578,,,,584,584,584,ICDOIP_16620,JCOPOM_14575,JANPHL_16080
ycjX,,DUF463 domain-containing protein,3,3,1,3,63,,,,1376,1376,1376,ICDOIP_07090,JCOPOM_16400,JANPHL_03895
rfbX,,Membrane protein involved in the export of O-antigen and teichoic acid,3,3,1,1,566,,,,1430,1430,1430,ICDOIP_16680,JCOPOM_14515,JANPHL_16020
group_3392,Methyl-accepting chemotaxis protein,Methyl-accepting chemotaxis protein,3,3,1,14,1,,,,1625,1625,1625,ICDOIP_21795,JCOPOM_23860,JANPHL_21835
pyk,,pyruvate kinase,3,3,1,3,221,,,,1442,1442,1442,ICDOIP_06300,JCOPOM_17200,JANPHL_04685
ygiQ,,YgiQ family radical SAM protein,3,3,1,3,158,,,,2333,2333,2333,ICDOIP_06595,JCOPOM_16895,JANPHL_04390
group_3395,moxR,MoxR-like ATPase,3,3,1,5,505,,,,983,983,983,ICDOIP_13300,JCOPOM_18420,JANPHL_12645
polA,,DNA polymerase I,3,3,1,4,93,,,,2792,2792,2792,ICDOIP_15965,JCOPOM_10410,JANPHL_15330
group_3397,fadL,Long-chain fatty acid transport protein,3,3,1,2,553,,,,3515,3515,3515,ICDOIP_01705,JCOPOM_02675,JANPHL_02155
group_3398,tolQ,protein TolQ,3,3,1,1,989,,,,698,698,698,ICDOIP_08690,JCOPOM_04415,JANPHL_06505
choV,,choline ABC transporter ATP-binding protein,3,3,1,2,326,,,,1184,1184,1184,ICDOIP_00565,JCOPOM_01550,JANPHL_03295
group_34,lysR,"DNA-binding transcriptional regulator, LysR family",3,3,1,11,10,,,,479,956,797,ICDOIP_22050,JCOPOM_21870,JANPHL_22340
group_340,hrpA,ATP-dependent RNA helicase HrpA,3,3,1,1,577,,,,3986,4139,4088,ICDOIP_16625,JCOPOM_14570,JANPHL_16075
group_3400,Regulatory P domain of the subtilisin-like proprotein convertases and other proteases,Regulatory P domain of the subtilisin-like proprotein convertases and other proteases,3,3,1,2,287,,,,1778,1778,1778,ICDOIP_00375,JCOPOM_01355,JANPHL_03485
adaB,,DNA repair enzyme Ada (O6-methylguanine-DNA--protein-cysteine methyltransferase),3,3,1,2,983,,,,482,482,482,ICDOIP_03385,JCOPOM_14935,JANPHL_00470
group_3402,plsC,1-acyl-sn-glycerol-3-phosphate acyltransferase,3,3,1,8,24,,,,878,878,878,ICDOIP_19775,JCOPOM_19710,JANPHL_19560
kbl,,glycine C-acetyltransferase,3,3,1,2,621,,,,1193,1193,1193,ICDOIP_02040,JCOPOM_16310,JANPHL_01820
tmk,,dTMP kinase,3,3,1,3,231,,,,632,632,632,ICDOIP_06250,JCOPOM_17250,JANPHL_04735
group_3405,yccT,UPF0319 protein VPA1584,3,3,1,2,687,,,,671,671,671,ICDOIP_02365,JCOPOM_15980,JANPHL_01490
tyrA,,bifunctional chorismate mutase/prephenate dehydrogenase,3,3,1,4,381,,,,1127,1127,1127,ICDOIP_13040,JCOPOM_08420,JANPHL_11065
group_3407,OMP-b-brl domain-containing protein,OMP-b-brl domain-containing protein,3,3,1,3,224,,,,590,590,590,ICDOIP_06285,JCOPOM_17215,JANPHL_04700
group_3408,"Cyclic di-GMP metabolism protein, combines GGDEF and EAL domains with a 6TM membrane domain","Cyclic di-GMP metabolism protein, combines GGDEF and EAL domains with a 6TM membrane domain",3,3,1,2,306,,,,2363,2363,2363,ICDOIP_00465,JCOPOM_01445,JANPHL_03395
vscQ,,SctQ family type III secretion system cytoplasmic ring protein VscQ,3,3,1,1,359,,,,965,965,965,ICDOIP_17780,JCOPOM_13550,JANPHL_17145
group_341,rfaB,Glycosyltransferase involved in cell wall bisynthesis,3,3,1,1,570,,,,1118,1118,1118,ICDOIP_16660,JCOPOM_14535,JANPHL_16040
group_3410,baeS,Signal transduction histidine kinase,3,3,1,2,291,,,,1241,1241,1241,ICDOIP_00395,JCOPOM_01375,JANPHL_03465
hdrA,,"Heterodisulfide reductase, subunit A (polyferredoxin)",3,3,1,1,521,,,,1661,1661,1661,ICDOIP_16890,JCOPOM_14305,JANPHL_15810
dnaG,,DNA primase (bacterial type),3,3,1,4,518,,,,1760,1760,1760,ICDOIP_12355,JCOPOM_09100,JANPHL_11750
tex,,Transcriptional accessory protein Tex/SPT6,3,3,1,4,135,,,,2321,2321,2321,ICDOIP_15755,JCOPOM_10195,JANPHL_15120
group_3414,lysR,"DNA-binding transcriptional regulator, LysR family",3,3,1,2,182,,,,884,884,884,ICDOIP_20065,JCOPOM_00800,JANPHL_20095
pulE,,Type II secretory pathway ATPase GspE/PulE or T4P pilus assembly pathway ATPase PilB,3,3,1,1,119,,,,1724,1724,1724,ICDOIP_18550,JCOPOM_18995,JANPHL_18580
potE,,"Serine transporter YbeC, amino acid:H+ symporter family",3,3,1,1,247,,,,1427,1427,1427,ICDOIP_17275,JCOPOM_13035,JANPHL_16640
group_3417,Signal transduction histidine kinase regulating C4-dicarboxylate transport system,Signal transduction histidine kinase regulating C4-dicarboxylate transport system,3,3,1,1,827,,,,1940,1940,1940,ICDOIP_11020,JCOPOM_03595,JANPHL_10365
group_3418,cydB,cytochrome d ubiquinol oxidase subunit II,3,3,1,1,993,,,,1136,1136,1136,ICDOIP_08670,JCOPOM_04435,JANPHL_06525
kdgR,,DNA-binding transcriptional regulator KdgR,3,3,1,2,954,,,,782,782,782,ICDOIP_03530,JCOPOM_14790,JANPHL_00325
group_342,rfaB,Glycosyltransferase involved in cell wall bisynthesis,3,3,1,1,568,,,,1124,1124,1124,ICDOIP_16670,JCOPOM_14525,JANPHL_16030
ppro0129,,putative flavin-containing amine oxidase,3,3,1,1,945,,,,1292,1292,1292,ICDOIP_10425,JCOPOM_04190,JANPHL_09770
group_3421,tauE,"Sulfite exporter TauE/SafE/YfcA and related permeases, UPF0721 family",3,3,1,4,453,,,,779,779,779,ICDOIP_12685,JCOPOM_08770,JANPHL_11420
group_3422,nirB,"NAD(P)H-nitrite reductase, large subunit",3,3,1,2,273,,,,2519,2519,2519,ICDOIP_00305,JCOPOM_01285,JANPHL_03555
group_3423,eda,2-keto-3-deoxy-6-phosphogluconate aldolase,3,3,1,2,947,,,,623,623,623,ICDOIP_03565,JCOPOM_21585,JANPHL_00290
lolB,,lipoprotein insertase outer membrane protein LolB,3,3,1,1,6,,,,638,638,638,ICDOIP_07150,JCOPOM_21275,JANPHL_08055
group_3425,hutH,Histidine ammonia-lyase,3,3,1,1,1145,,,,1553,1553,1553,ICDOIP_07895,JCOPOM_05205,JANPHL_07305
group_3426,ccmA,cytochrome c biogenesis heme-transporting ATPase CcmA,3,3,1,3,386,,,,617,617,617,ICDOIP_05470,JCOPOM_07700,JANPHL_05515
group_3427,ldhA,Lactate dehydrogenase or related 2-hydroxyacid dehydrogenase,3,3,1,1,144,,,,962,962,962,ICDOIP_18660,JCOPOM_19105,JANPHL_18690
group_3428,Resolvase,Resolvase,3,3,1,4,626,,,,332,332,332,ICDOIP_20920,JCOPOM_20585,JANPHL_20955
group_3429,metE,methionine synthase,3,3,1,3,169,,,,1028,1028,1028,ICDOIP_06540,JCOPOM_16950,JANPHL_04445
group_343,hypothetical protein,hypothetical protein,3,3,1,1,538,,,,218,218,218,ICDOIP_16805,JCOPOM_14390,JANPHL_15895
fadB,,fatty acid oxidation complex subunit alpha FadB,3,3,1,8,38,,,,2171,2171,2171,ICDOIP_19430,JCOPOM_19365,JANPHL_19905
group_3431,dinG,ATP-dependent DNA helicase DinG,3,3,1,1,1036,,,,2075,2075,2075,ICDOIP_08455,JCOPOM_04650,JANPHL_06740
fliDL,,Lateral flagellar hook-associated protein 2,3,3,1,2,658,,,,1337,1337,1337,ICDOIP_02225,JCOPOM_16125,JANPHL_01630
lruC,,LruC domain-containing protein,3,3,1,2,391,,,,2111,2111,2111,ICDOIP_00870,JCOPOM_01860,JANPHL_02990
abgT,,p-Aminobenzoyl-glutamate transporter AbgT,3,3,1,6,111,,,,1559,1559,1559,ICDOIP_14785,JCOPOM_17845,JANPHL_14150
group_3435,gumC,Exopolysaccharide export protein/domain GumC/Wzc1,3,3,1,2,707,,,,2159,2159,2159,ICDOIP_02465,JCOPOM_15880,JANPHL_01390
group_3436,rpfG,"Response regulator c-di-GMP phosphodiesterase, RpfG family, contains REC and HD-GYP domains",3,3,1,1,604,,,,1265,1265,1265,ICDOIP_16490,JCOPOM_14705,JANPHL_16210
murC,,UDP-N-acetylmuramate--L-alanine ligase,3,3,1,4,466,,,,1457,1457,1457,ICDOIP_12620,JCOPOM_08835,JANPHL_11485
badF,,"BadF-type ATPase, related to human N-acetylglucosamine kinase",3,3,1,3,650,,,,890,890,890,ICDOIP_04150,JCOPOM_06385,JANPHL_17625
tkt,,transketolase,3,3,1,2,398,,,,1991,2000,1994,ICDOIP_00905,JCOPOM_01895,JANPHL_02955
rhsA,,"Uncharacterized conserved protein RhaS, contains 28 RHS repeats",3,3,1,1,514,,,,4376,4385,4379,ICDOIP_16925,JCOPOM_14270,JANPHL_15775
hutC,,histidine utilization repressor,3,3,1,1,795,,,,707,707,707,ICDOIP_11180,JCOPOM_03435,JANPHL_10525
hemB,,porphobilinogen synthase,3,3,1,4,90,,,,1061,1064,1062,ICDOIP_15985,JCOPOM_10430,JANPHL_15350
group_3442,plsC,1-acyl-sn-glycerol-3-phosphate acyltransferase,3,3,1,5,307,,,,1109,1109,1109,ICDOIP_08960,JCOPOM_12095,JANPHL_08305
copG,,CopG family transcriptional regulator,3,3,1,5,391,,,,311,311,311,ICDOIP_14215,JCOPOM_12480,JANPHL_13560
pncB,,nicotinate phosphoribosyltransferase,3,3,1,5,213,,,,1310,1310,1310,ICDOIP_09410,JCOPOM_11620,JANPHL_08755
pasI,,RnfH family protein,3,3,1,6,93,,,,347,347,347,ICDOIP_14865,JCOPOM_17765,JANPHL_14230
Glycine zipper family protein,,Glycine zipper family protein,3,3,1,2,477,,,,389,389,389,ICDOIP_01300,JCOPOM_02290,JANPHL_02560
elbB,,isoprenoid biosynthesis glyoxalase ElbB,3,3,1,5,445,,,,650,650,650,ICDOIP_13945,JCOPOM_12750,JANPHL_13290
group_3448,dnaJ,DnaJ-class molecular chaperone with C-terminal Zn finger domain,3,3,1,2,97,,,,620,620,620,ICDOIP_18345,JCOPOM_00370,JANPHL_18125
fsa,,Transaldolase/fructose-6-phosphate aldolase,3,3,1,2,673,,,,674,674,674,ICDOIP_02300,JCOPOM_16050,JANPHL_01555
Lipoprotein,,Lipoprotein,3,3,1,1,511,,,,179,179,179,ICDOIP_16940,JCOPOM_14255,JANPHL_15760
group_3450,pleD,"Two-component response regulator, PleD family, consists of two REC domains and a diguanylate cyclase (GGDEF) domain",3,3,1,2,146,,,,959,959,959,ICDOIP_20185,JCOPOM_00615,JANPHL_20215
fldB,,flavodoxin FldB,3,3,1,4,418,,,,518,518,518,ICDOIP_12855,JCOPOM_08605,JANPHL_11250
group_3452,citB,"DNA-binding response regulator, NarL/FixJ family, contains REC and HTH domains",3,3,1,11,17,,,,608,608,608,ICDOIP_22085,JCOPOM_21905,JANPHL_22305
group_3453,atoC,"DNA-binding transcriptional response regulator, NtrC family, contains REC, AAA-type ATPase, and a Fis-type DNA-binding domains",3,3,1,4,67,,,,1343,1343,1343,ICDOIP_16100,JCOPOM_10545,JANPHL_15465
yjiC,,"UDP:flavonoid glycosyltransferase YjiC, YdhE family",3,3,1,4,355,,,,1046,1046,1046,ICDOIP_12200,JCOPOM_09250,JANPHL_11905
celF,,"Alpha-galactosidase/6-phospho-beta-glucosidase, family 4 of glycosyl hydrolase",3,3,1,1,97,,,,1322,1322,1322,ICDOIP_18900,JCOPOM_19330,JANPHL_18930
bamD,,"Outer membrane protein assembly factor BamD, BamD/ComL family",3,3,1,4,371,,,,728,728,728,ICDOIP_13095,JCOPOM_08365,JANPHL_11010
group_3457,citB,DNA-binding response regulator DpiB of citrate/malate metabolism,3,3,1,1,315,,,,686,686,686,ICDOIP_17580,JCOPOM_13355,JANPHL_16945
dusB,,tRNA dihydrouridine synthase DusB,3,3,1,10,46,,,,1022,1022,1022,ICDOIP_21445,JCOPOM_20955,JANPHL_21210
coaE,,dephospho-CoA kinase,3,3,1,3,688,,,,614,614,614,ICDOIP_03960,JCOPOM_06190,JANPHL_17435
VOC family protein,,VOC family protein,3,3,1,1,212,,,,203,362,309,ICDOIP_17100,JCOPOM_23465,JANPHL_16465
group_3460,wcaJ,undecaprenyl-phosphate glucose phosphotransferase,3,3,1,2,515,,,,1400,1400,1400,ICDOIP_01515,JCOPOM_02485,JANPHL_02345
bcsA,,"Glycosyltransferase, catalytic subunit of cellulose synthase and poly-beta-1,6-N-acetylglucosamine synthase",3,3,1,1,571,,,,1193,1193,1193,ICDOIP_16655,JCOPOM_14540,JANPHL_16045
hslU,,HslU--HslV peptidase ATPase subunit,3,3,1,4,261,,,,1331,1331,1331,ICDOIP_11730,JCOPOM_09720,JANPHL_12375
group_3463,lysM,LysM repeat,3,3,1,7,3,,,,1712,1712,1712,ICDOIP_18935,JCOPOM_22930,JANPHL_19425
nrdD,,anaerobic ribonucleoside-triphosphate reductase,3,3,1,2,172,,,,2120,2120,2120,ICDOIP_20120,JCOPOM_00745,JANPHL_20150
arsJ,,organoarsenical effux MFS transporter ArsJ,3,3,1,9,62,,,,1217,1217,1217,ICDOIP_22435,JCOPOM_20260,JANPHL_22525
group_3466,amyA,Glycosidase/amylase (phosphorylase),3,3,1,5,344,,,,1349,1349,1349,ICDOIP_08775,JCOPOM_12245,JANPHL_08120
group_3467,tauE,"Sulfite exporter TauE/SafE/YfcA and related permeases, UPF0721 family",3,3,1,1,1037,,,,764,764,764,ICDOIP_08450,JCOPOM_04655,JANPHL_06745
group_3468,potC,"ABC-type spermidine/putrescine transport system, permease component II",3,3,1,1,736,,,,848,848,848,ICDOIP_11475,JCOPOM_03135,JANPHL_10820
pspF,,phage shock protein operon transcriptional activator,3,3,1,1,896,,,,1010,1010,1010,ICDOIP_10670,JCOPOM_03945,JANPHL_10015
DUF3291 domain-containing protein,,DUF3291 domain-containing protein,3,3,1,1,213,,,,446,446,446,ICDOIP_17105,JCOPOM_23470,JANPHL_16470
tauC,,"ABC-type nitrate/sulfonate/bicarbonate transport system, permease component",3,3,1,2,897,,,,800,800,800,ICDOIP_03820,JCOPOM_21835,JANPHL_00035
focA,,"Formate/nitrite transporter FocA, FNT family",3,3,1,2,206,,,,848,848,848,ICDOIP_19945,JCOPOM_00920,JANPHL_19975
Cyclic diguanosine monophosphate-binding protein,,Cyclic diguanosine monophosphate-binding protein,3,3,1,4,379,,,,368,368,368,ICDOIP_13050,JCOPOM_08410,JANPHL_11055
rng,,ribonuclease G,3,3,1,1,136,,,,1469,1469,1469,ICDOIP_18620,JCOPOM_19065,JANPHL_18650
group_3474,acs,Acyl-coenzyme A synthetase/AMP-(fatty) acid ligase,3,3,1,1,386,,,,1877,1877,1877,ICDOIP_17915,JCOPOM_13685,JANPHL_17280
rrtA,,rhombosortase,3,3,1,1,1112,,,,551,551,551,ICDOIP_08060,JCOPOM_05040,JANPHL_07140
group_3476,Glutamate synthase,Glutamate synthase,3,3,1,3,454,,,,1250,1250,1250,ICDOIP_05135,JCOPOM_07365,JANPHL_05850
pntA,,Re/Si-specific NAD(P)(+) transhydrogenase subunit alpha,3,3,1,2,141,,,,1556,1556,1556,ICDOIP_20210,JCOPOM_00590,JANPHL_20240
group_3478,Zn-protease domain-containing protein,Zn-protease domain-containing protein,3,3,1,4,136,,,,1880,1880,1880,ICDOIP_15750,JCOPOM_10190,JANPHL_15115
mutS,,DNA mismatch repair protein MutS,3,3,1,3,713,,,,2531,2531,2531,ICDOIP_20645,JCOPOM_06030,JANPHL_20340
group_348,pPX1,manganese-dependent inorganic pyrophosphatase,3,3,1,1,225,,,,998,1016,1010,ICDOIP_17165,JCOPOM_23530,JANPHL_16530
group_3480,cheY,"CheY-like REC (receiver) domain, includes chemotaxis protein CheY and sporulation regulator Spo0F",3,3,1,2,318,,,,2357,2357,2357,ICDOIP_00525,JCOPOM_01510,JANPHL_03335
artM,,"ABC-type arginine/histidine transport system, permease component",3,3,1,1,1042,,,,677,677,677,ICDOIP_08425,JCOPOM_04680,JANPHL_06770
Phosphoribosylglycinamide formyltransferase,,Phosphoribosylglycinamide formyltransferase,3,3,1,1,777,,,,773,773,773,ICDOIP_11270,JCOPOM_03345,JANPHL_10615
epmA,,elongation factor P--(R)-beta-lysine ligase,3,3,1,10,16,,,,971,971,971,ICDOIP_21240,JCOPOM_21160,JANPHL_21415
group_3484,putP,sodium/proline symporter PutP,3,3,1,2,829,,,,1493,1493,1493,ICDOIP_03050,JCOPOM_15280,JANPHL_00805
menA,,"1,4-dihydroxy-2-naphthoate polyprenyltransferase",3,3,1,4,257,,,,917,917,917,ICDOIP_11690,JCOPOM_09725,JANPHL_12415
group_3486,fbpB,putative 2-aminoethylphosphonate ABC transporter permease subunit,3,3,1,5,145,,,,1724,1724,1724,ICDOIP_09755,JCOPOM_11250,JANPHL_09100
nlpA,,"ABC-type metal ion transport system, periplasmic component/surface antigen",3,3,1,4,520,,,,803,803,803,ICDOIP_12340,JCOPOM_09115,JANPHL_11765
Tetratricopeptide repeat protein,,Tetratricopeptide repeat protein,3,3,1,4,147,,,,1214,1214,1214,ICDOIP_15695,JCOPOM_10135,JANPHL_15060
dadA,,Glycine/D-amino acid oxidase (deaminating),3,3,1,1,220,,,,1277,1277,1277,ICDOIP_17140,JCOPOM_23505,JANPHL_16505
cyaB,,class IV adenylate cyclase,3,3,1,1,236,,,,542,542,542,ICDOIP_17220,JCOPOM_12980,JANPHL_16585
katG,,catalase/peroxidase HPI,3,3,1,5,337,,,,2165,2165,2165,ICDOIP_08810,JCOPOM_12210,JANPHL_08155
ompU,,Outer membrane protein U,3,3,1,3,630,,,,1013,1013,1013,ICDOIP_04250,JCOPOM_06485,JANPHL_17725
Antibiotic biosynthesis monooxygenase,,Antibiotic biosynthesis monooxygenase,3,3,1,5,120,,,,314,314,314,ICDOIP_09875,JCOPOM_11130,JANPHL_09220
tesA,,Arylesterase,3,3,1,2,101,,,,497,497,497,ICDOIP_18365,JCOPOM_00390,JANPHL_18105
cyoB,,cytochrome o ubiquinol oxidase subunit I,3,3,1,5,561,,,,2036,2036,2036,ICDOIP_13575,JCOPOM_18690,JANPHL_12920
gumC,,Exopolysaccharide export protein/domain GumC/Wzc1,3,3,1,1,569,,,,1433,1433,1433,ICDOIP_16665,JCOPOM_14530,JANPHL_16035
fadJ,,fatty acid oxidation complex subunit alpha FadJ,3,3,1,3,371,,,,2111,2111,2111,ICDOIP_05545,JCOPOM_07775,JANPHL_05440
group_3497,folK,2-amino-4-hydroxy-6-hydroxymethyldihydropteridine diphosphokinase,3,3,1,4,511,,,,482,482,482,ICDOIP_12390,JCOPOM_09065,JANPHL_11715
ldcC,,Arginine/lysine/ornithine decarboxylase,3,3,1,15,26,,,,2135,2135,2135,ICDOIP_22955,JCOPOM_23335,JANPHL_23000
rapA,,RNA polymerase-associated protein RapA,3,3,1,1,141,,,,2909,2909,2909,ICDOIP_18645,JCOPOM_19090,JANPHL_18675
mazG,,"NTP pyrophosphatase, house-cleaning of non-canonical NTPs",3,3,1,11,49,,,,233,389,337,ICDOIP_22240,JCOPOM_22065,JANPHL_22150
group_350,Membrane protein,Membrane protein,3,3,1,1,248,,,,113,113,113,ICDOIP_17280,JCOPOM_13040,JANPHL_16645
nlpC,,"Cell wall-associated hydrolase, NlpC_P60 family",3,3,1,1,547,,,,494,494,494,ICDOIP_16775,JCOPOM_14420,JANPHL_15925
tolA,,cell envelope integrity protein TolA,3,3,1,1,987,,,,1070,1070,1070,ICDOIP_08700,JCOPOM_04405,JANPHL_06495
group_3502,citB,"DNA-binding response regulator, NarL/FixJ family, contains REC and HTH domains",3,3,1,5,267,,,,806,806,806,ICDOIP_09155,JCOPOM_11885,JANPHL_08500
group_3503,tar,Methyl-accepting chemotaxis protein (MCP),3,3,1,2,69,,,,1430,1430,1430,ICDOIP_18205,JCOPOM_00230,JANPHL_18265
group_3504,paaJ,Acetyl-CoA acetyltransferase,3,3,1,2,422,,,,1208,1211,1209,ICDOIP_01025,JCOPOM_02015,JANPHL_02835
arnT,,"PMT family glycosyltransferase ArnT/Agl22, involved in glycosylation of proteins and lipid IVA",3,3,1,3,202,,,,1724,1724,1724,ICDOIP_06395,JCOPOM_17105,JANPHL_04590
ygjK,,alpha-glucosidase,3,3,1,2,928,,,,2690,2690,2690,ICDOIP_03660,JCOPOM_21680,JANPHL_00195
group_3507,plsC,1-acyl-sn-glycerol-3-phosphate acyltransferase,3,3,1,1,1138,,,,767,767,767,ICDOIP_07930,JCOPOM_05170,JANPHL_07270
DUF1538 domain-containing protein,,DUF1538 domain-containing protein,3,3,1,1,1228,,,,734,734,734,ICDOIP_07515,JCOPOM_05625,JANPHL_07690
iscS,,IscS subfamily cysteine desulfurase,3,3,1,6,33,,,,1214,1214,1214,ICDOIP_15170,JCOPOM_17555,JANPHL_14535
group_351,Metal-dependent carboxypeptidase,Metal-dependent carboxypeptidase,3,3,1,1,250,,,,215,284,238,ICDOIP_17290,JCOPOM_13050,JANPHL_16655
group_3510,Lipoprotein,Lipoprotein,3,3,1,6,160,,,,899,899,899,ICDOIP_14530,JCOPOM_18100,JANPHL_13895
proQ,,RNA chaperone ProQ,3,3,1,1,424,,,,629,629,629,ICDOIP_21945,JCOPOM_13870,JANPHL_21935
group_3512,accC,Biotin carboxylase,3,3,1,2,764,,,,1211,1211,1211,ICDOIP_02730,JCOPOM_15605,JANPHL_01125
yjjP,,DUF1212 domain-containing protein,3,3,1,4,338,,,,800,800,800,ICDOIP_12115,JCOPOM_09335,JANPHL_11990
tssM,,type VI secretion system membrane subunit TssM,3,3,1,2,257,,,,3518,3518,3518,ICDOIP_00225,JCOPOM_01205,JANPHL_03635
group_3515,lolA,outer membrane lipoprotein chaperone LolA,3,3,1,1,960,,,,626,626,626,ICDOIP_10350,JCOPOM_04265,JANPHL_09695
group_3516,lolC,lipoprotein-releasing ABC transporter permease subunit LolC,3,3,1,1,1064,,,,1208,1208,1208,ICDOIP_08315,JCOPOM_04790,JANPHL_06880
thiM,,hydroxyethylthiazole kinase,3,3,1,2,900,,,,791,791,791,ICDOIP_03805,JCOPOM_21820,JANPHL_00050
gltA,,citrate synthase,3,3,1,1,1197,,,,1289,1289,1289,ICDOIP_07665,JCOPOM_05475,JANPHL_07535
group_3519,Uncharacterized membrane protein,Uncharacterized membrane protein,3,3,1,9,53,,,,1550,1550,1550,ICDOIP_22390,JCOPOM_20215,JANPHL_22570
Metal-dependent carboxypeptidase,,Metal-dependent carboxypeptidase,3,3,1,1,280,,,,1532,1532,1532,ICDOIP_17415,JCOPOM_13180,JANPHL_16780
gltB,,glutamate synthase large subunit,3,3,1,4,442,,,,4553,4553,4553,ICDOIP_12735,JCOPOM_08720,JANPHL_11370
eGL9,,"Proline 4-hydroxylase (includes Rps23 Pro-64 3,4-dihydroxylase Tpa1), contains SM-20 domain",3,3,1,1,605,,,,602,602,602,ICDOIP_16485,JCOPOM_14710,JANPHL_16215
group_3522,DUF4382 domain-containing protein,DUF4382 domain-containing protein,3,3,1,4,522,,,,1049,1049,1049,ICDOIP_12330,JCOPOM_09125,JANPHL_11775
lldD,,FMN-dependent L-lactate dehydrogenase LldD,3,3,1,2,610,,,,1139,1139,1139,ICDOIP_01990,JCOPOM_02955,JANPHL_01870
DUF3305 domain-containing protein,,DUF3305 domain-containing protein,3,3,1,1,523,,,,464,464,464,ICDOIP_16880,JCOPOM_14315,JANPHL_15820
group_3525,fabG,YciK family oxidoreductase,3,3,1,3,215,,,,746,746,746,ICDOIP_06330,JCOPOM_17170,JANPHL_04655
priB,,primosomal replication protein N,3,3,1,7,75,,,,302,302,302,ICDOIP_19320,JCOPOM_22615,JANPHL_19040
ruvB,,Holliday junction branch migration DNA helicase RuvB,3,3,1,1,995,,,,1004,1004,1004,ICDOIP_08660,JCOPOM_04445,JANPHL_06535
cytochrome-c oxidase,,cytochrome-c oxidase,3,3,1,5,420,,,,884,884,884,ICDOIP_14075,JCOPOM_12620,JANPHL_13420
ycbX,,"N-hydroxylaminopurine reductase subunit YcbX, contains MOSC domain",3,3,1,5,302,,,,1817,1817,1817,ICDOIP_08985,JCOPOM_12070,JANPHL_08330
VOC domain-containing protein,,VOC domain-containing protein,3,3,1,1,287,,,,365,365,365,ICDOIP_17450,JCOPOM_13215,JANPHL_16815
sstT,,serine/threonine transporter SstT,3,3,1,2,735,,,,1217,1217,1217,ICDOIP_02585,JCOPOM_15740,JANPHL_01270
nth,,endonuclease III,3,3,1,3,289,,,,641,641,641,ICDOIP_05955,JCOPOM_08185,JANPHL_05030
ppc,,phosphoenolpyruvate carboxylase,3,3,1,7,96,,,,2633,2633,2633,ICDOIP_19205,JCOPOM_22510,JANPHL_19155
ectC,,L-ectoine synthase,3,3,1,1,304,,,,386,386,386,ICDOIP_17535,JCOPOM_13300,JANPHL_16900
group_3534,Transposase,Transposase,3,3,1,4,568,,,,311,311,311,ICDOIP_12260,JCOPOM_20830,JANPHL_11845
group_3535,caiA,Acyl-CoA dehydrogenase related to the alkylation response protein AidB,3,3,1,1,840,,,,2282,2282,2282,ICDOIP_10955,JCOPOM_03660,JANPHL_10300
Amidinotransferase,,Amidinotransferase,3,3,1,2,818,,,,1001,1001,1001,ICDOIP_03000,JCOPOM_15335,JANPHL_00855
nrfD,,cytochrome c nitrite reductase subunit NrfD,3,3,1,3,107,,,,971,971,971,ICDOIP_06870,JCOPOM_16620,JANPHL_04115
rsmG,,16S rRNA (guanine(527)-N(7))-methyltransferase RsmG,3,3,1,8,87,,,,635,635,635,ICDOIP_19655,JCOPOM_19590,JANPHL_19680
group_3539,galE,UDP-glucose 4-epimerase GalE,3,3,1,2,109,,,,1016,1016,1016,ICDOIP_18405,JCOPOM_00430,JANPHL_18065
group_354,fAA1,Long-chain acyl-CoA synthetase (AMP-forming),3,3,1,1,294,,,,1559,1559,1559,ICDOIP_17485,JCOPOM_13250,JANPHL_16850
group_3540,yecA,UPF0149 protein,3,3,1,3,256,,,,608,608,608,ICDOIP_06125,JCOPOM_17375,JANPHL_04860
group_3541,Transcriptional regulator,Transcriptional regulator,3,3,1,2,929,,,,767,767,767,ICDOIP_03655,JCOPOM_21675,JANPHL_00200
glpQ,,glycerophosphodiester phosphodiesterase,3,3,1,3,545,,,,1055,1055,1055,ICDOIP_04680,JCOPOM_06910,JANPHL_06305
dnaJ,,molecular chaperone DnaJ,3,3,1,6,102,,,,1145,1145,1145,ICDOIP_14825,JCOPOM_17805,JANPHL_14190
truA,,tRNA pseudouridine(38-40) synthase TruA,3,3,1,3,354,,,,794,794,794,ICDOIP_05625,JCOPOM_07855,JANPHL_05360
group_3545,dppC,"ABC-type dipeptide/oligopeptide/nickel transport system, permease component",3,3,1,1,729,,,,932,932,932,ICDOIP_11505,JCOPOM_03105,JANPHL_10850
group_3546,yjjU,"putative phospholipase, patatin/cPLA2 family",3,3,1,2,488,,,,848,848,848,ICDOIP_01355,JCOPOM_02345,JANPHL_02505
puuR,,HTH-type transcriptional regulator PuuR,3,3,1,1,218,,,,557,557,557,ICDOIP_17130,JCOPOM_23495,JANPHL_16495
DUF2132 domain-containing protein,,DUF2132 domain-containing protein,3,3,1,5,616,,,,410,413,411,ICDOIP_13855,JCOPOM_18885,JANPHL_13200
dsdA,,D-serine ammonia-lyase,3,3,1,1,824,,,,1331,1331,1331,ICDOIP_11035,JCOPOM_03580,JANPHL_10380
Multidrug ABC transporter permease,,Multidrug ABC transporter permease,3,3,1,1,310,,,,1166,1166,1166,ICDOIP_17555,JCOPOM_13330,JANPHL_16920
znuA,,"ABC-type Zn uptake system ZnuABC, Zn-binding component ZnuA",3,3,1,5,69,,,,842,842,842,ICDOIP_10145,JCOPOM_10830,JANPHL_09490
group_3551,Aminopeptidase,Aminopeptidase,3,3,1,6,3,,,,308,308,308,ICDOIP_15320,JCOPOM_17410,JANPHL_14685
fadA,,acetyl-CoA C-acyltransferase FadA,3,3,1,8,39,,,,1175,1175,1175,ICDOIP_19435,JCOPOM_19370,JANPHL_19900
group_3553,crp,cAMP-binding domain of CRP or a regulatory subunit of cAMP-dependent protein kinases,3,3,1,4,300,,,,572,572,572,ICDOIP_11925,JCOPOM_09525,JANPHL_12180
phnR,,phosphonate utilization transcriptional regulator PhnR,3,3,1,5,146,,,,704,704,704,ICDOIP_09750,JCOPOM_11255,JANPHL_09095
group_3555,gGDEF,"GGDEF domain, diguanylate cyclase (c-di-GMP synthetase) or its enzymatically inactive variants",3,3,1,2,970,,,,1157,1157,1157,ICDOIP_03450,JCOPOM_14870,JANPHL_00405
livK,,"ABC-type branched-chain amino acid transport system, periplasmic component",3,3,1,2,369,,,,1244,1244,1244,ICDOIP_00755,JCOPOM_01750,JANPHL_03105
yhiN,,putative flavoprotein YhiN,3,3,1,4,66,,,,1193,1193,1193,ICDOIP_16105,JCOPOM_10550,JANPHL_15470
eAL,,"EAL domain, c-di-GMP-specific phosphodiesterase class I (or its enzymatically inactive variant)",3,3,1,2,840,,,,1913,1913,1913,ICDOIP_03105,JCOPOM_15220,JANPHL_00750
cgtA,,Obg family GTPase CgtA,3,3,1,4,337,,,,1172,1172,1172,ICDOIP_12110,JCOPOM_09340,JANPHL_11995
DUF1980 domain-containing protein,,DUF1980 domain-containing protein,3,3,1,1,319,,,,542,542,542,ICDOIP_17600,JCOPOM_13375,JANPHL_16965
lysX,,"Glutathione synthase, LysX or RimK-type ligase, ATP-grasp superfamily",3,3,1,1,1005,,,,968,968,968,ICDOIP_08610,JCOPOM_04495,JANPHL_06585
group_3561,phoA,Alkaline phosphatase,3,3,1,3,328,,,,1577,1577,1577,ICDOIP_05755,JCOPOM_07985,JANPHL_05230
Outer membrane lipoprotein-sorting protein,,Outer membrane lipoprotein-sorting protein,3,3,1,2,872,,,,773,773,773,ICDOIP_03265,JCOPOM_15060,JANPHL_00590
minC,,septum site-determining protein MinC,3,3,1,1,1168,,,,662,662,662,ICDOIP_07815,JCOPOM_05325,JANPHL_07385
gshA,,glutamate--cysteine ligase,3,3,1,3,700,,,,1568,1568,1568,ICDOIP_03900,JCOPOM_06130,JANPHL_17375
mukF,,chromosome partition protein MukF,3,3,1,1,1009,,,,1337,1337,1337,ICDOIP_08590,JCOPOM_04515,JANPHL_06605
Yip1 domain-containing protein,,Yip1 domain-containing protein,3,3,1,3,460,,,,686,686,686,ICDOIP_05105,JCOPOM_07335,JANPHL_05880
rsxD,,electron transport complex subunit RsxD,3,3,1,3,286,,,,1046,1046,1046,ICDOIP_05970,JCOPOM_08200,JANPHL_05015
ispH,,4-hydroxy-3-methylbut-2-enyl diphosphate reductase,3,3,1,4,391,,,,953,953,953,ICDOIP_12990,JCOPOM_08470,JANPHL_11115
mltG,,"Endolytic transglycosylase MltG, terminates peptidoglycan polymerization",3,3,1,3,232,,,,1016,1016,1016,ICDOIP_06245,JCOPOM_17255,JANPHL_04740
exsE2,,T3SS regulon translocated regulator ExsE2,3,3,1,1,325,,,,311,311,311,ICDOIP_17630,JCOPOM_13405,JANPHL_16995
csdA,,Selenocysteine lyase/Cysteine desulfurase,3,3,1,2,624,,,,1406,1406,1406,ICDOIP_02055,JCOPOM_16295,JANPHL_01805
mukB,,chromosome partition protein MukB,3,3,1,1,1007,,,,4469,4469,4469,ICDOIP_08600,JCOPOM_04505,JANPHL_06595
nrfG,,Cytochrome c-type biogenesis protein CcmH/NrfG,3,3,1,3,112,,,,707,707,707,ICDOIP_06845,JCOPOM_16645,JANPHL_04140
paaY,,"Carbonic anhydrase or acetyltransferase, isoleucine patch superfamily",3,3,1,8,1,,,,548,548,548,ICDOIP_19890,JCOPOM_19825,JANPHL_19445
glpF,,Glycerol uptake facilitator or related aquaporin (Major Intrinsic protein Family),3,3,1,3,548,,,,854,854,854,ICDOIP_04665,JCOPOM_06895,JANPHL_06320
group_3575,acrR,"DNA-binding protein, AcrR family, includes nucleoid occlusion protein SlmA",3,3,1,18,3,,,,581,581,581,ICDOIP_24100,JCOPOM_23610,JANPHL_24085
GTPase,,GTPase,3,3,1,2,591,,,,380,380,380,ICDOIP_01895,JCOPOM_02860,JANPHL_01965
fepD,,"ABC-type Fe3+-siderophore transport system, permease component",3,3,1,5,313,,,,1037,1037,1037,ICDOIP_08930,JCOPOM_12125,JANPHL_08275
fliD,,flagellar filament capping protein FliD,3,3,1,3,421,,,,2000,2012,2008,ICDOIP_05300,JCOPOM_07530,JANPHL_05685
hipB,,"Transcriptional regulator, contains XRE-family HTH domain",3,3,1,2,34,,,,623,623,623,ICDOIP_18025,JCOPOM_00055,JANPHL_18445
Putative type III chaperone,,Putative type III chaperone,3,3,1,1,342,,,,428,428,428,ICDOIP_17710,JCOPOM_13485,JANPHL_17075
manB,,Phosphomannomutase,3,3,1,5,415,,,,1694,1694,1694,ICDOIP_14095,JCOPOM_12600,JANPHL_13440
citA,,Sensor histidine kinase DipB regulating citrate/malate metabolism,3,3,1,11,36,,,,1574,1574,1574,ICDOIP_22180,JCOPOM_22000,JANPHL_22210
Translation elongation factor,,Translation elongation factor,3,3,1,2,858,,,,1970,1970,1970,ICDOIP_03195,JCOPOM_15130,JANPHL_00660
yktD,,O-Methyltransferase involved in polyketide biosynthesis,3,3,1,9,33,,,,794,794,794,ICDOIP_22550,JCOPOM_20370,JANPHL_22410
group_3584,dsbC,Protein thiol-disulfide isomerase DsbC,3,3,1,8,23,,,,602,602,602,ICDOIP_19780,JCOPOM_19715,JANPHL_19555
irpA,,"Imelysin-like iron-regulated protein IrpA, duplicated M75 peptidase-like domain",3,3,1,3,102,,,,1262,1262,1262,ICDOIP_06895,JCOPOM_16595,JANPHL_04090
prpB,,methylisocitrate lyase,3,3,1,1,382,,,,896,896,896,ICDOIP_17895,JCOPOM_13665,JANPHL_17260
btuC,,vitamin B12 ABC transporter permease BtuC,3,3,1,1,762,,,,995,995,995,ICDOIP_11345,JCOPOM_03270,JANPHL_10690
group_3588,afuA,"ABC-type Fe3+ transport system, periplasmic component",3,3,1,3,656,,,,1013,1013,1013,ICDOIP_04120,JCOPOM_06355,JANPHL_17595
ccmC,,"ABC-type transport system involved in cytochrome c biogenesis, permease component",3,3,1,3,384,,,,743,743,743,ICDOIP_05480,JCOPOM_07710,JANPHL_05505
Type III secretion system needle length determinant,,Type III secretion system needle length determinant,3,3,1,1,360,,,,1340,1340,1340,ICDOIP_17785,JCOPOM_13555,JANPHL_17150
tadC,,Flp pilus assembly protein TadC,3,3,1,3,574,,,,941,941,941,ICDOIP_04540,JCOPOM_06775,JANPHL_06445
acnD,,Fe/S-dependent 2-methylisocitrate dehydratase AcnD,3,3,1,1,384,,,,2591,2591,2591,ICDOIP_17905,JCOPOM_13675,JANPHL_17270
ydgA,,DUF945 domain-containing protein,3,3,1,1,826,,,,1265,1265,1265,ICDOIP_11025,JCOPOM_03590,JANPHL_10370
prmA,,50S ribosomal protein L11 methyltransferase,3,3,1,10,47,,,,887,887,887,ICDOIP_21440,JCOPOM_20960,JANPHL_21215
hisC,,histidinol-phosphate transaminase,3,3,1,1,928,,,,1040,1040,1040,ICDOIP_10510,JCOPOM_04105,JANPHL_09855
yegD,,molecular chaperone,3,3,1,5,538,,,,1352,1352,1352,ICDOIP_13465,JCOPOM_18580,JANPHL_12810
ftsX,,permease-like cell division protein FtsX,3,3,1,9,76,,,,968,968,968,ICDOIP_22505,JCOPOM_20325,JANPHL_22455
yesM,,Sensor histidine kinase YesM,3,3,1,2,874,,,,1031,1031,1031,ICDOIP_03275,JCOPOM_15050,JANPHL_00580
ecfA2,,Energy-coupling factor transporter ATP-binding protein EcfA2,3,3,1,1,531,,,,719,719,719,ICDOIP_16840,JCOPOM_14355,JANPHL_15860
rapZ,,RNase adapter RapZ,3,3,1,1,149,,,,863,863,863,ICDOIP_18685,JCOPOM_19130,JANPHL_18715
vscY,,type III secretion system chaperone VscY,3,3,1,1,367,,,,344,344,344,ICDOIP_17820,JCOPOM_13590,JANPHL_17185
oppC,,oligopeptide ABC transporter permease OppC,3,3,1,3,271,,,,902,902,902,ICDOIP_06050,JCOPOM_08285,JANPHL_04935
rlmA,,23S rRNA (guanine(745)-N(1))-methyltransferase,3,3,1,3,325,,,,836,839,838,ICDOIP_05770,JCOPOM_08000,JANPHL_05215
fcbT1,,"TRAP-type mannitol/chloroaromatic compound transport system, periplasmic component",3,3,1,3,93,,,,1088,1088,1088,ICDOIP_06940,JCOPOM_16550,JANPHL_04045
icmH,,type IVB secretion system protein IcmH/DotU,3,3,1,2,258,,,,1292,1292,1292,ICDOIP_00230,JCOPOM_01210,JANPHL_03630
group_3604,oppB,oligopeptide ABC transporter permease OppB,3,3,1,1,728,,,,920,920,920,ICDOIP_11510,JCOPOM_03100,JANPHL_10855
group_3605,gGDEF,"GGDEF domain, diguanylate cyclase (c-di-GMP synthetase) or its enzymatically inactive variants",3,3,1,5,434,,,,1442,1442,1442,ICDOIP_14000,JCOPOM_12695,JANPHL_13345
oppD,,"ABC-type dipeptide/oligopeptide/nickel transport system, ATPase component",3,3,1,1,730,,,,983,983,983,ICDOIP_11500,JCOPOM_03110,JANPHL_10845
ABC transporter substrate-binding protein,,ABC transporter substrate-binding protein,3,3,1,5,251,,,,1082,1082,1082,ICDOIP_09235,JCOPOM_11805,JANPHL_08580
tenA,,thiaminase II,3,3,1,2,899,,,,662,662,662,ICDOIP_03810,JCOPOM_21825,JANPHL_00045
group_3609,alr,alanine racemase,3,3,1,7,70,,,,1085,1085,1085,ICDOIP_19345,JCOPOM_22640,JANPHL_19015
vcrV,,type III secretion system needle tip protein VcrV,3,3,1,1,371,,,,1817,1817,1817,ICDOIP_17840,JCOPOM_13610,JANPHL_17205
group_3610,spo0M,Stage 0 sporulation-control protein Spo0M,3,3,1,8,19,,,,806,806,806,ICDOIP_19800,JCOPOM_19735,JANPHL_19535
group_3611,citT,Di- and tricarboxylate antiporter,3,3,1,1,663,,,,1418,1418,1418,ICDOIP_22725,JCOPOM_19930,JANPHL_22690
group_3612,acrB,multidrug efflux RND transporter permease subunit VmeV,3,3,1,2,39,,,,3059,3059,3059,ICDOIP_18050,JCOPOM_00080,JANPHL_18420
cysG2,,Siroheme synthase (precorrin-2 oxidase/ferrochelatase domain),3,3,1,1,413,,,,920,920,920,ICDOIP_21885,JCOPOM_13810,JANPHL_21995
kefB,,glutathione-regulated potassium-efflux system protein KefB,3,3,1,7,34,,,,1796,1796,1796,ICDOIP_19090,JCOPOM_22775,JANPHL_19270
ATP-dependent transcriptional regulator,,ATP-dependent transcriptional regulator,3,3,1,2,589,,,,1484,1484,1484,ICDOIP_01885,JCOPOM_02850,JANPHL_01975
group_3616,citT,Di- and tricarboxylate antiporter,3,3,1,4,305,,,,1724,1724,1724,ICDOIP_11950,JCOPOM_09500,JANPHL_12155
group_3617,serA,Phosphoglycerate dehydrogenase or related dehydrogenase,3,3,1,15,21,,,,923,923,923,ICDOIP_22905,JCOPOM_23385,JANPHL_22950
Iron-sulfur cluster biosynthesis protein,,Iron-sulfur cluster biosynthesis protein,3,3,1,5,403,,,,347,347,347,ICDOIP_14155,JCOPOM_12540,JANPHL_13500
group_3619,emrA,Multidrug resistance efflux pump EmrA,3,3,1,2,933,,,,1025,1025,1025,ICDOIP_03635,JCOPOM_21655,JANPHL_00220
vopB,,type III secretion system translocon subunit VopB,3,3,1,1,373,,,,1199,1199,1199,ICDOIP_17850,JCOPOM_13620,JANPHL_17215
trpB,,tryptophan synthase subunit beta,3,3,1,5,615,,,,1223,1223,1223,ICDOIP_13850,JCOPOM_18880,JANPHL_13195
metA,,homoserine O-succinyltransferase,3,3,1,1,245,,,,941,941,941,ICDOIP_17265,JCOPOM_13025,JANPHL_16630
prt,,Microbial collagenase,3,3,1,5,342,,,,2450,2450,2450,ICDOIP_08785,JCOPOM_12235,JANPHL_08130
fadE,,acyl-CoA dehydrogenase FadE,3,3,1,3,452,,,,2444,2444,2444,ICDOIP_05145,JCOPOM_07375,JANPHL_05840
phuW,,Putative heme-binding protein PhuW,3,3,1,3,326,,,,947,947,947,ICDOIP_05765,JCOPOM_07995,JANPHL_05220
group_3625,norM,"Na+-driven multidrug efflux pump, DinF/NorM/MATE family",3,3,1,2,446,,,,1337,1337,1337,ICDOIP_01140,JCOPOM_02130,JANPHL_02720
lnt,,apolipoprotein N-acyltransferase,3,3,1,6,143,,,,1517,1517,1517,ICDOIP_14445,JCOPOM_18185,JANPHL_13810
Ribosomal S4P,,Ribosomal S4P,3,3,1,3,299,,,,503,503,503,ICDOIP_05905,JCOPOM_08135,JANPHL_05080
purD,,Phosphoribosylamine--glycine ligase,3,3,1,15,31,,,,1289,1289,1289,ICDOIP_22930,JCOPOM_23360,JANPHL_22975
yccC,,Uncharacterized membrane protein YccC,3,3,1,5,519,,,,2153,2153,2153,ICDOIP_13370,JCOPOM_18490,JANPHL_12715
prpF,,2-methylaconitate cis-trans isomerase PrpF,3,3,1,1,385,,,,1196,1196,1196,ICDOIP_17910,JCOPOM_13680,JANPHL_17275
group_3630,parA,Chromosome partitioning protein ParA,3,3,1,4,43,,,,1472,1472,1472,ICDOIP_16220,JCOPOM_10665,JANPHL_15585
group_3631,bamA,Outer membrane protein assembly factor BamA,3,3,1,7,69,,,,1175,1175,1175,ICDOIP_19350,JCOPOM_22645,JANPHL_19010
DUF2390 domain-containing protein,,DUF2390 domain-containing protein,3,3,1,7,31,,,,488,488,488,ICDOIP_19075,JCOPOM_22790,JANPHL_19285
lipA,,lipoyl synthase,3,3,1,6,156,,,,965,965,965,ICDOIP_14510,JCOPOM_18120,JANPHL_13875
group_3634,tar,Methyl-accepting chemotaxis protein (MCP),3,3,1,5,105,,,,1997,1997,1997,ICDOIP_09955,JCOPOM_11020,JANPHL_09300
metR,,HTH-type transcriptional regulator MetR,3,3,1,3,154,,,,911,911,911,ICDOIP_06615,JCOPOM_16875,JANPHL_04370
ctaA,,Heme A synthase,3,3,1,5,423,,,,1019,1019,1019,ICDOIP_14055,JCOPOM_12635,JANPHL_13400
group_3637,rbsK,"Sugar or nucleoside kinase, ribokinase family",3,3,1,2,948,,,,929,929,929,ICDOIP_03560,JCOPOM_21580,JANPHL_00295
group_3638,eda,2-keto-3-deoxy-6-phosphogluconate aldolase,3,3,1,2,811,,,,629,629,629,ICDOIP_02970,JCOPOM_15365,JANPHL_00885
group_3639,lpxL,Palmitoleoyl-ACP: Kdo2-lipid-IV acyltransferase (lipid A biosynthesis),3,3,1,4,163,,,,950,950,950,ICDOIP_15615,JCOPOM_10055,JANPHL_14980
group_364,rimI,Ribosomal protein S18 acetylase RimI and related acetyltransferases,3,3,1,1,387,,,,482,548,526,ICDOIP_17920,JCOPOM_13690,JANPHL_17285
truB,,tRNA pseudouridine(55) synthase TruB,3,3,1,3,617,,,,944,944,944,ICDOIP_04325,JCOPOM_06560,JANPHL_17800
msbA,,lipid A ABC transporter ATP-binding protein/permease MsbA,3,3,1,1,1059,,,,1748,1748,1748,ICDOIP_08340,JCOPOM_04765,JANPHL_06855
group_3642,pAS,PAS domain,3,3,1,4,360,,,,1880,1880,1880,ICDOIP_12225,JCOPOM_09225,JANPHL_11880
galK,,galactokinase,3,3,1,3,563,,,,1160,1160,1160,ICDOIP_04595,JCOPOM_06830,JANPHL_06390
gspE,,type II secretion system ATPase GspE,3,3,1,4,119,,,,1502,1502,1502,ICDOIP_15835,JCOPOM_10275,JANPHL_15200
group_3645,pyk,pyruvate kinase,3,3,1,2,52,,,,1478,1478,1478,ICDOIP_18115,JCOPOM_00145,JANPHL_18355
lysA,,diaminopimelate decarboxylase,3,3,1,9,46,,,,1253,1253,1253,ICDOIP_22355,JCOPOM_20180,JANPHL_22605
group_3647,cheY,"CheY-like REC (receiver) domain, includes chemotaxis protein CheY and sporulation regulator Spo0F",3,3,1,5,482,,,,2048,2048,2048,ICDOIP_13185,JCOPOM_18305,JANPHL_12530
Sel1 repeat family protein,,Sel1 repeat family protein,3,3,1,2,869,,,,668,668,668,ICDOIP_03250,JCOPOM_15075,JANPHL_00605
metE,,5-methyltetrahydropteroyltriglutamate--homocysteine S-methyltransferase,3,3,1,3,153,,,,2282,2282,2282,ICDOIP_06620,JCOPOM_16870,JANPHL_04365
group_365,acrA,multidrug efflux RND transporter periplasmic adaptor subunit VmeT,3,3,1,2,37,,,,1073,1073,1073,ICDOIP_18040,JCOPOM_00070,JANPHL_18430
group_3650,tolC,Outer membrane protein TolC,3,3,1,1,312,,,,1415,1415,1415,ICDOIP_17565,JCOPOM_13340,JANPHL_16930
comEB,,Deoxycytidylate deaminase,3,3,1,2,408,,,,464,464,464,ICDOIP_00955,JCOPOM_01945,JANPHL_02905
DUF1800 domain-containing protein,,DUF1800 domain-containing protein,3,3,1,2,190,,,,1508,1508,1508,ICDOIP_20025,JCOPOM_00840,JANPHL_20055
group_3653,gGDEF,"GGDEF domain, diguanylate cyclase (c-di-GMP synthetase) or its enzymatically inactive variants",3,3,1,1,817,,,,1337,1337,1337,ICDOIP_11070,JCOPOM_03545,JANPHL_10415
sodB,,superoxide dismutase [Fe],3,3,1,3,298,,,,584,584,584,ICDOIP_05910,JCOPOM_08140,JANPHL_05075
group_3655,cheX,Chemotaxis protein CheX,3,3,1,1,803,,,,680,680,680,ICDOIP_11140,JCOPOM_03475,JANPHL_10485
group_3656,sdaA,L-serine ammonia-lyase,3,3,1,5,158,,,,1370,1370,1370,ICDOIP_09690,JCOPOM_11315,JANPHL_09035
pxpB,,5-oxoprolinase subunit B/Allophanate hydrolase subunit 1,3,3,1,2,106,,,,683,683,683,ICDOIP_18390,JCOPOM_00415,JANPHL_18080
CHO cell elongating factor,,CHO cell elongating factor,3,3,1,2,86,,,,2408,2408,2408,ICDOIP_18290,JCOPOM_00315,JANPHL_18180
prlC,,oligopeptidase A,3,3,1,4,57,,,,2042,2042,2042,ICDOIP_16150,JCOPOM_10595,JANPHL_15515
group_366,hisJ,"ABC-type amino acid transport/signal transduction system, periplasmic component/domain",3,3,1,2,49,,,,818,821,820,ICDOIP_18100,JCOPOM_00130,JANPHL_18370
group_3660,tar,Methyl-accepting chemotaxis protein (MCP),3,3,1,1,975,,,,1637,1637,1637,ICDOIP_10275,JCOPOM_04340,JANPHL_09620
hisF,,Imidazole glycerol phosphate synthase subunit HisF,3,3,1,1,924,,,,773,773,773,ICDOIP_10530,JCOPOM_04085,JANPHL_09875
group_3662,atoC,"DNA-binding transcriptional response regulator, NtrC family, contains REC, AAA-type ATPase, and a Fis-type DNA-binding domains",3,3,1,2,837,,,,1226,1226,1226,ICDOIP_03090,JCOPOM_15235,JANPHL_00765
glnE,,bifunctional [glutamate--ammonia ligase]-adenylyl-L-tyrosine phosphorylase/[glutamate--ammonia-ligase] adenylyltransferase,3,3,1,4,500,,,,2843,2843,2843,ICDOIP_12445,JCOPOM_09010,JANPHL_11660
DUF3298 domain-containing protein,,DUF3298 domain-containing protein,3,3,1,5,291,,,,1028,1028,1028,ICDOIP_09040,JCOPOM_12015,JANPHL_08385
group_3665,tehA,Tellurite resistance protein TehA and related permeases,3,3,1,2,386,,,,965,965,965,ICDOIP_00845,JCOPOM_01835,JANPHL_03015
spoVR,,SpoVR family protein,3,3,1,1,1055,,,,1559,1559,1559,ICDOIP_08360,JCOPOM_04745,JANPHL_06835
pncC,,nicotinamide-nucleotide amidase,3,3,1,3,712,,,,482,482,482,ICDOIP_20650,JCOPOM_06035,JANPHL_20335
group_3668,tolB,Periplasmic component TolB of the Tol biopolymer transport system,3,3,1,2,942,,,,1166,1166,1166,ICDOIP_03590,JCOPOM_21610,JANPHL_00265
bglB,,Beta-glucosidase/6-phospho-beta-glucosidase/beta-galactosidase,3,3,1,5,88,,,,1391,1391,1391,ICDOIP_10045,JCOPOM_10925,JANPHL_09390
group_367,hypothetical protein,hypothetical protein,3,3,1,2,121,,,,629,1592,950,ICDOIP_18465,JCOPOM_00490,JANPHL_18005
NADP-dependent isocitrate dehydrogenase,,NADP-dependent isocitrate dehydrogenase,3,3,1,1,1032,,,,2225,2225,2225,ICDOIP_08475,JCOPOM_04630,JANPHL_06720
pAS,,PAS domain,3,3,1,5,577,,,,1313,1313,1313,ICDOIP_13655,JCOPOM_18770,JANPHL_13000
Cysteine-rich CWC family protein,,Cysteine-rich CWC family protein,3,3,1,5,460,,,,308,308,308,ICDOIP_13870,JCOPOM_12820,JANPHL_13215
aqpZ,,aquaporin Z,3,3,1,3,340,,,,698,698,698,ICDOIP_05695,JCOPOM_07925,JANPHL_05290
group_3674,atoC,"DNA-binding transcriptional response regulator, NtrC family, contains REC, AAA-type ATPase, and a Fis-type DNA-binding domains",3,3,1,1,528,,,,1451,1451,1451,ICDOIP_16855,JCOPOM_14340,JANPHL_15845
3-phenylpropionate MFS transporter,,3-phenylpropionate MFS transporter,3,3,1,10,54,,,,1190,1190,1190,ICDOIP_21405,JCOPOM_20995,JANPHL_21250
tctB,,Tripartite tricarboxylate transporter TctB family protein,3,3,1,1,378,,,,494,494,494,ICDOIP_17875,JCOPOM_13645,JANPHL_17240
FAD-dependent dehydrogenase,,FAD-dependent dehydrogenase,3,3,1,1,1081,,,,1619,1619,1619,ICDOIP_08230,JCOPOM_04875,JANPHL_06965
group_3678,Peptidase,Peptidase,3,3,1,2,309,,,,641,641,641,ICDOIP_00475,JCOPOM_01460,JANPHL_03385
yidC,,membrane protein insertase YidC,3,3,1,8,62,,,,1622,1622,1622,ICDOIP_19555,JCOPOM_19490,JANPHL_19780
mshF,,MSHA biogenesis protein MshF,3,3,1,1,121,,,,428,428,428,ICDOIP_18560,JCOPOM_19005,JANPHL_18590
group_3680,araJ,"putative arabinose efflux permease AraJ, MFS family",3,3,1,2,194,,,,1160,1160,1160,ICDOIP_20005,JCOPOM_00860,JANPHL_20035
group_3681,tar,Methyl-accepting chemotaxis protein (MCP),3,3,1,10,5,,,,1880,1880,1880,ICDOIP_21185,JCOPOM_21215,JANPHL_21470
group_3682,lysR,"DNA-binding transcriptional regulator, LysR family",3,3,1,2,692,,,,923,923,923,ICDOIP_02390,JCOPOM_15955,JANPHL_01465
group_3683,tar,Methyl-accepting chemotaxis protein (MCP),3,3,1,4,166,,,,1673,1673,1673,ICDOIP_15600,JCOPOM_10040,JANPHL_14965
group_3684,"TRAP-type uncharacterized transport system, fused permease components","TRAP-type uncharacterized transport system, fused permease components",3,3,1,5,95,,,,2123,2123,2123,ICDOIP_10010,JCOPOM_10965,JANPHL_09355
Alpha-acetolactate decarboxylase,,Alpha-acetolactate decarboxylase,3,3,1,1,853,,,,659,659,659,ICDOIP_10885,JCOPOM_03730,JANPHL_10230
uvrA,,excinuclease ABC subunit UvrA,3,3,1,1,108,,,,2825,2825,2825,ICDOIP_18495,JCOPOM_18940,JANPHL_18525
gppA,,"guanosine-5'-triphosphate,3'-diphosphate diphosphatase",3,3,1,13,9,,,,1493,1493,1493,ICDOIP_22995,JCOPOM_23295,JANPHL_23040
queE,,7-carboxy-7-deazaguanine synthase QueE,3,3,1,1,391,,,,668,668,668,ICDOIP_17940,JCOPOM_13710,JANPHL_17305
group_3689,dppD,"ABC-type dipeptide/oligopeptide/nickel transport system, ATPase component",3,3,1,3,647,,,,983,983,983,ICDOIP_04165,JCOPOM_06400,JANPHL_17640
mshA,,MSHA biogenesis protein MshA,3,3,1,1,124,,,,233,233,233,ICDOIP_18570,JCOPOM_19015,JANPHL_18600
group_3690,wcaA,Glycosyltransferase involved in cell wall bisynthesis,3,3,1,3,204,,,,749,749,749,ICDOIP_06385,JCOPOM_17115,JANPHL_04600
group_3691,Methyl-accepting chemotaxis protein,Methyl-accepting chemotaxis protein,3,3,1,3,324,,,,2036,2036,2036,ICDOIP_05775,JCOPOM_08005,JANPHL_05210
ylqF,,ribosome biogenesis GTPase YlqF,3,3,1,5,480,,,,944,944,944,ICDOIP_13175,JCOPOM_18295,JANPHL_12520
norM,,"Na+-driven multidrug efflux pump, DinF/NorM/MATE family",3,3,1,2,196,,,,1385,1385,1385,ICDOIP_19995,JCOPOM_00870,JANPHL_20025
ytcJ,,putative amidohydrolase YtcJ,3,3,1,6,63,,,,1745,1745,1745,ICDOIP_15020,JCOPOM_17705,JANPHL_14385
group_3695,DUF1538 domain-containing protein,DUF1538 domain-containing protein,3,3,1,1,1227,,,,791,791,791,ICDOIP_07520,JCOPOM_05620,JANPHL_07685
DUF2982 domain-containing protein,,DUF2982 domain-containing protein,3,3,1,3,95,,,,665,665,665,ICDOIP_06930,JCOPOM_16560,JANPHL_04055
group_3697,fepA,ligand-gated channel protein,3,3,1,3,26,,,,1958,1958,1958,ICDOIP_20400,JCOPOM_05790,JANPHL_20585
group_3698,sgrR,"DNA-binding transcriptional regulator SgrR of sgrS sRNA, contains a MarR-type HTH domain and a periplasmic-type solute-binding domain",3,3,1,5,382,,,,1757,1757,1757,ICDOIP_14260,JCOPOM_12435,JANPHL_13605
sYLF,,"Lipid-binding SYLF domain, Ysc84/FYVE family",3,3,1,5,268,,,,779,779,779,ICDOIP_09150,JCOPOM_11890,JANPHL_08495
UPF0056 membrane protein,,UPF0056 membrane protein,3,3,1,9,71,,,,353,584,430,ICDOIP_22475,JCOPOM_20300,JANPHL_22485
pulG,,"Type II secretory pathway, pseudopilin PulG",3,3,1,1,125,,,,449,485,473,ICDOIP_18575,JCOPOM_19020,JANPHL_18605
group_3700,rimI,Ribosomal protein S18 acetylase RimI and related acetyltransferases,3,3,1,2,699,,,,488,488,488,ICDOIP_02425,JCOPOM_15920,JANPHL_01430
DUF3429 domain-containing protein,,DUF3429 domain-containing protein,3,3,1,2,469,,,,446,446,446,ICDOIP_01260,JCOPOM_02250,JANPHL_02600
group_3702,Transcriptional regulator,Transcriptional regulator,3,3,1,1,947,,,,419,419,419,ICDOIP_10415,JCOPOM_04200,JANPHL_09760
Zn-protease domain-containing protein,,Zn-protease domain-containing protein,3,3,1,1,1003,,,,746,746,746,ICDOIP_08620,JCOPOM_04485,JANPHL_06575
ybaY,,Uncharacterized lipoprotein YbaY,3,3,1,1,1087,,,,434,434,434,ICDOIP_08195,JCOPOM_04910,JANPHL_07000
fepC,,"ABC-type cobalamin/Fe3+-siderophores transport system, ATPase component",3,3,1,2,548,,,,785,785,785,ICDOIP_01680,JCOPOM_02650,JANPHL_02180
hemL,,"glutamate-1-semialdehyde 2,1-aminomutase",3,3,1,3,638,,,,1295,1295,1295,ICDOIP_04210,JCOPOM_06445,JANPHL_17685
virK,,DUF535 domain-containing protein,3,3,1,5,149,,,,908,908,908,ICDOIP_09735,JCOPOM_11270,JANPHL_09080
group_3708,norM,"Na+-driven multidrug efflux pump, DinF/NorM/MATE family",3,3,1,1,846,,,,1376,1376,1376,ICDOIP_10920,JCOPOM_03695,JANPHL_10265
group_3709,rhtB,homoserine/homoserine lactone efflux protein,3,3,1,9,57,,,,617,617,617,ICDOIP_22410,JCOPOM_20235,JANPHL_22550
group_371,hypothetical protein,hypothetical protein,3,3,1,1,350,,,,602,602,602,ICDOIP_18865,JCOPOM_13525,JANPHL_18895
cydD,,cysteine/glutathione ABC transporter permease/ATP-binding protein CydD,3,3,1,1,822,,,,1787,1787,1787,ICDOIP_11045,JCOPOM_03570,JANPHL_10390
group_3711,dnaQ,3'-5' exonuclease,3,3,1,10,52,,,,629,629,629,ICDOIP_21415,JCOPOM_20985,JANPHL_21240
glgP,,Glucan phosphorylase,3,3,1,2,727,,,,2453,2453,2453,ICDOIP_02540,JCOPOM_15785,JANPHL_01315
Orphan protein,,Orphan protein,3,3,1,2,484,,,,374,374,374,ICDOIP_01335,JCOPOM_02325,JANPHL_02525
Type II secretion system protein N,,Type II secretion system protein N,3,3,1,4,128,,,,761,761,761,ICDOIP_15790,JCOPOM_10230,JANPHL_15155
aroB,,3-dehydroquinate synthase,3,3,1,7,80,,,,1100,1100,1100,ICDOIP_19295,JCOPOM_22590,JANPHL_19065
cra,,catabolite repressor/activator,3,3,1,2,44,,,,980,980,980,ICDOIP_18075,JCOPOM_00105,JANPHL_18395
group_3717,DUF4156 domain-containing protein,DUF4156 domain-containing protein,3,3,1,5,290,,,,332,332,332,ICDOIP_09045,JCOPOM_12010,JANPHL_08390
flgM,,flagellar biosynthesis anti-sigma factor FlgM,3,3,1,1,34,,,,317,317,317,ICDOIP_07295,JCOPOM_21420,JANPHL_07910
gyrB,,DNA topoisomerase (ATP-hydrolyzing) subunit B,3,3,1,8,53,,,,2417,2417,2417,ICDOIP_19505,JCOPOM_19440,JANPHL_19830
group_372,hypothetical protein,hypothetical protein,3,3,1,1,348,,,,1013,1013,1013,ICDOIP_18875,JCOPOM_13515,JANPHL_18905
rsxG,,electron transport complex subunit RsxG,3,3,1,3,287,,,,635,635,635,ICDOIP_05965,JCOPOM_08195,JANPHL_05020
argO,,Arginine exporter protein ArgO,3,3,1,3,33,,,,629,629,629,ICDOIP_20435,JCOPOM_05820,JANPHL_20550
gnd,,decarboxylating NADP(+)-dependent phosphogluconate dehydrogenase,3,3,1,1,318,,,,1448,1448,1448,ICDOIP_17595,JCOPOM_13370,JANPHL_16960
yhbS,,putative N-acetyltransferase YhbS,3,3,1,6,69,,,,1532,1532,1532,ICDOIP_14990,JCOPOM_17735,JANPHL_14355
cyaA,,class I adenylate cyclase,3,3,1,9,44,,,,2528,2528,2528,ICDOIP_22345,JCOPOM_20170,JANPHL_22615
group_3725,TPR-REGION domain-containing protein,TPR-REGION domain-containing protein,3,3,1,1,1074,,,,1397,1397,1397,ICDOIP_08265,JCOPOM_04840,JANPHL_06930
argP,,HTH-type transcriptional regulator ArgP,3,3,1,3,34,,,,896,896,896,ICDOIP_20440,JCOPOM_05825,JANPHL_20545
tyrR,,transcriptional regulator TyrR,3,3,1,3,61,,,,1544,1544,1544,ICDOIP_07100,JCOPOM_16390,JANPHL_03885
group_3728,mdlB,"ABC-type multidrug transport system, ATPase and permease component",3,3,1,2,546,,,,1826,1826,1826,ICDOIP_01670,JCOPOM_02640,JANPHL_02190
group_3729,betT,Glycine betaine/proline/choline transporter VP1723,3,3,1,1,301,,,,1661,1661,1661,ICDOIP_17520,JCOPOM_13285,JANPHL_16885
pilP,,Type IV pilus assembly protein PilP,3,3,1,7,83,,,,515,515,515,ICDOIP_19280,JCOPOM_22575,JANPHL_19080
trpE,,anthranilate synthase component 1,3,3,1,3,136,,,,1625,1625,1625,ICDOIP_06705,JCOPOM_16785,JANPHL_04280
vopD,,type III secretion system translocon subunit VopD,3,3,1,1,374,,,,1004,1004,1004,ICDOIP_17855,JCOPOM_13625,JANPHL_17220
flgC,,flagellar basal body rod protein FlgC,3,3,1,1,39,,,,413,413,413,ICDOIP_07320,JCOPOM_21445,JANPHL_07885
AAA-31 domain-containing protein,,AAA-31 domain-containing protein,3,3,1,4,653,,,,1199,1199,1199,ICDOIP_23785,JCOPOM_20860,JANPHL_23600
group_3734,imp,"TRAP-type uncharacterized transport system, periplasmic component",3,3,1,1,375,,,,971,971,971,ICDOIP_17860,JCOPOM_13630,JANPHL_17225
cyoD,,cytochrome o ubiquinol oxidase subunit IV,3,3,1,5,559,,,,311,311,311,ICDOIP_13565,JCOPOM_18680,JANPHL_12910
metH,,methionine synthase,3,3,1,1,104,,,,3680,3680,3680,ICDOIP_18475,JCOPOM_18920,JANPHL_18505
ftsK,,DNA translocase FtsK,3,3,1,1,961,,,,3086,3086,3086,ICDOIP_10345,JCOPOM_04270,JANPHL_09690
group_3738,udp,uridine phosphorylase,3,3,1,1,1078,,,,758,758,758,ICDOIP_08245,JCOPOM_04860,JANPHL_06950
lysC,,lysine-sensitive aspartokinase 3,3,3,1,1,105,,,,1352,1352,1352,ICDOIP_18480,JCOPOM_18925,JANPHL_18510
yjbQ,,"Thiamin phosphate synthase YjbQ, UPF0047 family",3,3,1,7,68,,,,419,419,419,ICDOIP_19355,JCOPOM_22650,JANPHL_19005
group_3740,yadH,"ABC-type multidrug transport system, permease component",3,3,1,5,372,,,,1100,1100,1100,ICDOIP_14310,JCOPOM_12385,JANPHL_13655
group_3741,cadA,Cation-transporting P-type ATPase,3,3,1,1,495,,,,2363,2363,2363,ICDOIP_17015,JCOPOM_14175,JANPHL_15685
pnp,,polyribonucleotide nucleotidyltransferase,3,3,1,3,615,,,,2135,2135,2135,ICDOIP_04335,JCOPOM_06570,JANPHL_17810
guaC,,GMP reductase,3,3,1,2,378,,,,1046,1046,1046,ICDOIP_00805,JCOPOM_01795,JANPHL_03055
group_3744,lruC,LruC domain-containing protein,3,3,1,5,186,,,,1679,1679,1679,ICDOIP_09550,JCOPOM_11460,JANPHL_08895
group_3745,tauC,"ABC-type nitrate/sulfonate/bicarbonate transport system, permease component",3,3,1,2,275,,,,965,965,965,ICDOIP_00315,JCOPOM_01295,JANPHL_03545
fcbT2,,"TRAP-type mannitol/chloroaromatic compound transport system, small permease component",3,3,1,3,92,,,,539,539,539,ICDOIP_06945,JCOPOM_16545,JANPHL_04040
helD,,DNA helicase IV,3,3,1,5,518,,,,2069,2069,2069,ICDOIP_13365,JCOPOM_18485,JANPHL_12710
PINc domain-containing protein,,PINc domain-containing protein,3,3,1,1,140,,,,1376,1376,1376,ICDOIP_18640,JCOPOM_19085,JANPHL_18670
lpxD,,UDP-3-O-(3-hydroxymyristoyl)glucosamine N-acyltransferase,3,3,1,3,471,,,,1031,1031,1031,ICDOIP_05050,JCOPOM_07280,JANPHL_05935
trkH,,Trk system potassium uptake protein TrkH,3,3,1,8,36,,,,1457,1517,1477,ICDOIP_19420,JCOPOM_19355,JANPHL_19915
group_3750,znuC,zinc ABC transporter ATP-binding protein ZnuC,3,3,1,1,1187,,,,788,788,788,ICDOIP_07715,JCOPOM_05425,JANPHL_07485
group_3751,msrB,bifunctional methionine sulfoxide reductase B/A protein,3,3,1,5,112,,,,1142,1142,1142,ICDOIP_09915,JCOPOM_11060,JANPHL_09260
pheT,,phenylalanine--tRNA ligase subunit beta,3,3,1,1,780,,,,2405,2405,2405,ICDOIP_11255,JCOPOM_03360,JANPHL_10600
group_3753,tssG,type VI secretion system baseplate subunit TssG,3,3,1,1,632,,,,998,998,998,ICDOIP_16370,JCOPOM_20075,JANPHL_16330
yceI,,YceI family protein,3,3,1,2,77,,,,569,569,569,ICDOIP_18245,JCOPOM_00270,JANPHL_18225
Sugar transporter,,Sugar transporter,3,3,1,1,1127,,,,812,812,812,ICDOIP_07985,JCOPOM_05115,JANPHL_07215
group_3756,rarD,EamA family transporter RarD,3,3,1,11,24,,,,905,905,905,ICDOIP_22115,JCOPOM_21935,JANPHL_22275
group_3757,acs,acetoacetate--CoA ligase,3,3,1,5,455,,,,1970,1970,1970,ICDOIP_13895,JCOPOM_12795,JANPHL_13240
cysK,,Cysteine synthase,3,3,1,1,1091,,,,1094,1094,1094,ICDOIP_08175,JCOPOM_04930,JANPHL_07020
group_3759,gltB,glutamate synthase large subunit,3,3,1,4,444,,,,4463,4463,4463,ICDOIP_12725,JCOPOM_08730,JANPHL_11380
group_376,greA,"Transcription elongation factor, GreA/GreB family",3,3,1,8,52,,,,410,416,412,ICDOIP_19500,JCOPOM_19435,JANPHL_19835
lonB,,putative ATP-dependent protease,3,3,1,2,604,,,,2360,2360,2360,ICDOIP_01960,JCOPOM_02925,JANPHL_01900
group_3761,purR,"DNA-binding transcriptional regulator, LacI/PurR family",3,3,1,5,137,,,,1028,1028,1028,ICDOIP_09790,JCOPOM_11215,JANPHL_09135
group_3762,Signal transduction histidine kinase regulating C4-dicarboxylate transport system,Signal transduction histidine kinase regulating C4-dicarboxylate transport system,3,3,1,1,1120,,,,1802,1802,1802,ICDOIP_08015,JCOPOM_05080,JANPHL_07185
DUF2214 domain-containing protein,,DUF2214 domain-containing protein,3,3,1,5,539,,,,626,626,626,ICDOIP_13470,JCOPOM_18585,JANPHL_12815
glpX,,class II fructose-bisphosphatase,3,3,1,4,250,,,,1007,1007,1007,ICDOIP_11675,JCOPOM_09740,JANPHL_12430
LHH domain-containing protein,,LHH domain-containing protein,3,3,1,4,552,,,,731,731,731,ICDOIP_21090,JCOPOM_20755,JANPHL_20785
mltF,,membrane-bound lytic murein transglycosylase MltF,3,3,1,6,113,,,,1577,1577,1577,ICDOIP_14775,JCOPOM_17855,JANPHL_14140
3-oxoacyl-ACP synthase,,3-oxoacyl-ACP synthase,3,3,1,1,639,,,,944,944,944,ICDOIP_16335,JCOPOM_20040,JANPHL_16365
S-formylglutathione hydrolase,,S-formylglutathione hydrolase,3,3,1,2,960,,,,839,839,839,ICDOIP_03500,JCOPOM_14820,JANPHL_00355
tssC,,type VI secretion system contractile sheath large subunit,3,3,1,2,252,,,,1493,1493,1493,ICDOIP_00200,JCOPOM_01180,JANPHL_03660
group_377,glnQ,"ABC-type polar amino acid transport system, ATPase component",3,3,1,8,59,,,,737,737,737,ICDOIP_19540,JCOPOM_19475,JANPHL_19795
uhpB,,signal transduction histidine-protein kinase/phosphatase UhpB,3,3,1,2,186,,,,1502,1502,1502,ICDOIP_20045,JCOPOM_00820,JANPHL_20075
fdnI,,formate dehydrogenase subunit gamma,3,3,1,1,516,,,,1052,1052,1052,ICDOIP_16915,JCOPOM_14280,JANPHL_15785
dmeF,,CDF family Co(II)/Ni(II) efflux transporter DmeF,3,3,1,2,487,,,,914,914,914,ICDOIP_01350,JCOPOM_02340,JANPHL_02510
rpoB,,DNA-directed RNA polymerase subunit beta,3,3,1,15,13,,,,4028,4028,4028,ICDOIP_22865,JCOPOM_23425,JANPHL_22910
hemH,,ferrochelatase,3,3,1,1,1216,,,,962,962,962,ICDOIP_07575,JCOPOM_05565,JANPHL_07630
group_3775,eAL,"EAL domain, c-di-GMP-specific phosphodiesterase class I (or its enzymatically inactive variant)",3,3,1,2,541,,,,2045,2045,2045,ICDOIP_01645,JCOPOM_02615,JANPHL_02215
group_3776,wbbJ,"Acetyltransferase, isoleucine patch superfamily",3,3,1,2,882,,,,638,638,638,ICDOIP_03310,JCOPOM_15010,JANPHL_00545
group_3777,Uncharacterized membrane protein,Uncharacterized membrane protein,3,3,1,5,235,,,,395,395,395,ICDOIP_09300,JCOPOM_11730,JANPHL_08645
group_3778,dadA,Glycine/D-amino acid oxidase (deaminating),3,3,1,6,59,,,,1256,1256,1256,ICDOIP_15040,JCOPOM_17685,JANPHL_14405
thiP,,thiamine/thiamine pyrophosphate ABC transporter permease ThiP,3,3,1,4,326,,,,1550,1550,1550,ICDOIP_12055,JCOPOM_09395,JANPHL_12050
Excisionase family DNA binding protein,,Excisionase family DNA binding protein,3,3,1,8,65,,,,335,335,335,ICDOIP_19570,JCOPOM_19505,JANPHL_19765
group_3780,rimL,"Protein N-acetyltransferase, RimJ/RimL family",3,3,1,2,599,,,,500,500,500,ICDOIP_01935,JCOPOM_02900,JANPHL_01925
group_3781,Transcriptional regulator,Transcriptional regulator,3,3,1,1,746,,,,764,764,764,ICDOIP_11425,JCOPOM_03190,JANPHL_10770
group_3782,rhtB,Threonine/homoserine/homoserine lactone efflux protein,3,3,1,2,424,,,,551,551,551,ICDOIP_01035,JCOPOM_02025,JANPHL_02825
queC,,7-cyano-7-deazaguanine synthase QueC,3,3,1,1,392,,,,698,698,698,ICDOIP_17945,JCOPOM_13715,JANPHL_17310
pncA,,Nicotinamidase-related amidase,3,3,1,5,211,,,,653,653,653,ICDOIP_09420,JCOPOM_11610,JANPHL_08765
ectA,,diaminobutyrate acetyltransferase,3,3,1,1,302,,,,533,533,533,ICDOIP_17525,JCOPOM_13290,JANPHL_16890
wcaJ,,"Sugar transferase involved in LPS biosynthesis (colanic, teichoic acid)",3,3,1,1,572,,,,638,638,638,ICDOIP_16650,JCOPOM_14545,JANPHL_16050
nlpI,,lipoprotein NlpI,3,3,1,3,614,,,,920,920,920,ICDOIP_04340,JCOPOM_06575,JANPHL_17815
xkdP,,"Cytoplasmic potassium-binding protein Kbp/XkdP/YgaU, contains LysM domain",3,3,1,8,11,,,,1094,1094,1094,ICDOIP_19840,JCOPOM_19775,JANPHL_19495
Methyl-accepting chemotaxis protein,,Methyl-accepting chemotaxis protein,3,3,1,2,561,,,,1916,1916,1916,ICDOIP_01745,JCOPOM_02715,JANPHL_02115
DUF927 domain-containing protein,,DUF927 domain-containing protein,3,3,1,8,66,,,,1673,1673,1673,ICDOIP_19575,JCOPOM_19510,JANPHL_19760
group_3790,ddpA,"ABC-type transport system, periplasmic component",3,3,1,3,207,,,,2000,2000,2000,ICDOIP_06370,JCOPOM_17130,JANPHL_04615
hisS,,histidine--tRNA ligase,3,3,1,6,45,,,,1238,1238,1238,ICDOIP_15110,JCOPOM_17615,JANPHL_14475
group_3792,parA,Chromosome partitioning protein ParA,3,3,1,1,285,,,,734,734,734,ICDOIP_17440,JCOPOM_13205,JANPHL_16805
group_3793,bepA,"Outer membrane protein chaperone/metalloprotease BepA/YfgC, contains M48 and TPR domains",3,3,1,2,89,,,,788,788,788,ICDOIP_18305,JCOPOM_00330,JANPHL_18165
celB,,Phosphotransferase system cellobiose-specific component IIC,3,3,1,1,99,,,,1334,1334,1334,ICDOIP_18890,JCOPOM_19320,JANPHL_18920
queA,,tRNA preQ1(34) S-adenosylmethionine ribosyltransferase-isomerase QueA,3,3,1,6,25,,,,1052,1052,1052,ICDOIP_15210,JCOPOM_17515,JANPHL_14575
group_3796,dedA,"Membrane integrity protein DedA, putative transporter, DedA/Tvp38 family",3,3,1,2,312,,,,677,677,677,ICDOIP_00490,JCOPOM_01475,JANPHL_03370
iucA,,Siderophore synthetase component IucA/IucC/SbnC,3,3,1,2,767,,,,1829,1829,1829,ICDOIP_02745,JCOPOM_15590,JANPHL_01110
arfB,,alternative ribosome rescue aminoacyl-tRNA hydrolase ArfB,3,3,1,2,404,,,,413,413,413,ICDOIP_00935,JCOPOM_01925,JANPHL_02925
ydhF,,putative oxidoreductase YdhF,3,3,1,2,382,,,,908,908,908,ICDOIP_00825,JCOPOM_01815,JANPHL_03035
HTH-17 domain-containing protein,,HTH-17 domain-containing protein,3,3,1,8,72,,,,191,191,191,ICDOIP_19580,JCOPOM_19515,JANPHL_19755
dnaE2,,Error-prone DNA polymerase,3,3,1,3,218,,,,3074,3074,3074,ICDOIP_06315,JCOPOM_17185,JANPHL_04670
fN3K,,putative ketoamine kinase VP1481,3,3,1,1,551,,,,866,866,866,ICDOIP_16755,JCOPOM_14440,JANPHL_15945
group_3802,arsR,"putative transcriptional regulator, ArsR family",3,3,1,4,249,,,,614,614,614,ICDOIP_11670,JCOPOM_09745,JANPHL_12435
bPH-1 domain-containing protein,,bPH-1 domain-containing protein,3,3,1,2,667,,,,377,377,377,ICDOIP_02270,JCOPOM_16080,JANPHL_01585
group_3804,mazG,nucleoside triphosphate pyrophosphohydrolase,3,3,1,3,724,,,,791,791,791,ICDOIP_20590,JCOPOM_05975,JANPHL_20395
tpm,,thiopurine S-methyltransferase,3,3,1,1,776,,,,650,650,650,ICDOIP_11275,JCOPOM_03340,JANPHL_10620
group_3806,glxA,"Transcriptional regulator GlxA, contains an amidase domain and an AraC-type DNA-binding HTH domain",3,3,1,5,84,,,,866,866,866,ICDOIP_10065,JCOPOM_10905,JANPHL_09410
group_3807,DUF1254 domain-containing protein,DUF1254 domain-containing protein,3,3,1,2,924,,,,1307,1307,1307,ICDOIP_03680,JCOPOM_21700,JANPHL_00175
group_3808,citB,DNA-binding response regulator DpiB of citrate/malate metabolism,3,3,1,1,828,,,,497,497,497,ICDOIP_11015,JCOPOM_03600,JANPHL_10360
group_3809,sUL1,"Sulfate permease or related transporter, MFS superfamily",3,3,1,3,245,,,,1559,1559,1559,ICDOIP_06180,JCOPOM_17320,JANPHL_04805
group_381,Lipoprotein,Lipoprotein,3,3,1,8,84,,,,857,857,857,ICDOIP_19640,JCOPOM_19575,JANPHL_19695
group_3810,rhaT,Permease of the drug/metabolite transporter (DMT) superfamily,3,3,1,5,406,,,,857,857,857,ICDOIP_14140,JCOPOM_12555,JANPHL_13485
Usp domain-containing protein,,Usp domain-containing protein,3,3,1,11,50,,,,875,875,875,ICDOIP_22245,JCOPOM_22070,JANPHL_22145
ilvD,,dihydroxy-acid dehydratase,3,3,1,8,105,,,,1841,1841,1841,ICDOIP_19745,JCOPOM_19680,JANPHL_19590
pssA,,CDP-diacylglycerol--serine O-phosphatidyltransferase,3,3,1,15,1,,,,1340,1340,1340,ICDOIP_22780,JCOPOM_23825,JANPHL_22825
group_3814,mtlR,"DNA-binding transcriptional regulator, MltR family",3,3,1,5,386,,,,518,518,518,ICDOIP_14240,JCOPOM_12455,JANPHL_13585
insA,,Transposase InsA,3,3,1,2,588,,,,1469,1469,1469,ICDOIP_01880,JCOPOM_02845,JANPHL_01980
aguB,,N-carbamoylputrescine amidase,3,3,1,1,221,,,,866,866,866,ICDOIP_17145,JCOPOM_23510,JANPHL_16510
uvrD,,DNA helicase II,3,3,1,13,17,,,,2174,2174,2174,ICDOIP_23040,JCOPOM_23250,JANPHL_23085
fecA,,TonB-dependent siderophore vibrioferrin receptor PvuA,3,3,1,2,762,,,,2138,2138,2138,ICDOIP_02720,JCOPOM_15615,JANPHL_01135
group_3819,menH,"2-succinyl-6-hydroxy-2,4-cyclohexadiene-1-carboxylate synthase MenH and related esterases, alpha/beta hydrolase fold",3,3,1,2,698,,,,1295,1295,1295,ICDOIP_02420,JCOPOM_15925,JANPHL_01435
purK,,5-(carboxyamino)imidazole ribonucleotide synthase,3,3,1,8,7,,,,1133,1133,1133,ICDOIP_19860,JCOPOM_19795,JANPHL_19475
group_3820,fadR,"DNA-binding transcriptional regulator, FadR family",3,3,1,2,804,,,,791,791,791,ICDOIP_02935,JCOPOM_15400,JANPHL_00920
purB,,adenylosuccinate lyase,3,3,1,1,939,,,,1370,1370,1370,ICDOIP_10455,JCOPOM_04160,JANPHL_09800
yhcC,,TIGR01212 family radical SAM protein,3,3,1,4,441,,,,959,959,959,ICDOIP_12740,JCOPOM_08715,JANPHL_11365
cbiB,,cobalamin biosynthesis family protein,3,3,1,4,448,,,,953,953,953,ICDOIP_12705,JCOPOM_08750,JANPHL_11400
avtA,,valine--pyruvate transaminase,3,3,1,8,49,,,,1253,1253,1253,ICDOIP_19485,JCOPOM_19420,JANPHL_19850
ehuA,,"ABC-type polar amino acid transport system, ATPase component",3,3,1,2,51,,,,734,734,734,ICDOIP_18110,JCOPOM_00140,JANPHL_18360
yebE,,DUF533 domain-containing protein,3,3,1,3,496,,,,668,668,668,ICDOIP_04915,JCOPOM_07145,JANPHL_06070
ntrY,,Signal transduction histidine kinase NtrY involved in nitrogen fixation and metabolism regulation,3,3,1,2,108,,,,1958,1958,1958,ICDOIP_18400,JCOPOM_00425,JANPHL_18070
eutG,,"Alcohol dehydrogenase, class IV",3,3,1,1,603,,,,1190,1190,1190,ICDOIP_16495,JCOPOM_14700,JANPHL_16205
group_3829,norM,"Na+-driven multidrug efflux pump, DinF/NorM/MATE family",3,3,1,2,157,,,,1385,1385,1385,ICDOIP_20130,JCOPOM_00670,JANPHL_20160
hemF,,oxygen-dependent coproporphyrinogen oxidase,3,3,1,8,4,,,,917,917,917,ICDOIP_19875,JCOPOM_19810,JANPHL_19460
Putative two-component response regulator,,Putative two-component response regulator,3,3,1,2,647,,,,1334,1334,1334,ICDOIP_02170,JCOPOM_16180,JANPHL_01690
yjeH,,L-methionine/branched-chain amino acid transporter,3,3,1,2,455,,,,1262,1262,1262,ICDOIP_01185,JCOPOM_02175,JANPHL_02675
group_3832,acrR,"DNA-binding protein, AcrR family, includes nucleoid occlusion protein SlmA",3,3,1,2,527,,,,599,599,599,ICDOIP_01575,JCOPOM_02545,JANPHL_02285
zapE,,cell division protein ZapE,3,3,1,4,488,,,,1103,1103,1103,ICDOIP_12505,JCOPOM_08950,JANPHL_11600
group_3834,lysR,"DNA-binding transcriptional regulator, LysR family",3,3,1,3,590,,,,926,926,926,ICDOIP_04460,JCOPOM_06695,JANPHL_17935
group_3835,mdh,malate dehydrogenase,3,3,1,4,332,,,,935,935,935,ICDOIP_12085,JCOPOM_09365,JANPHL_12020
wrbA,,NAD(P)H:quinone oxidoreductase,3,3,1,3,443,,,,572,572,572,ICDOIP_05190,JCOPOM_07420,JANPHL_05795
glnD,,bifunctional uridylyltransferase/uridylyl-removing protein GlnD,3,3,1,3,483,,,,2624,2624,2624,ICDOIP_04985,JCOPOM_07215,JANPHL_06000
group_3838,potA,"ABC-type Fe3+/spermidine/putrescine transport systems, ATPase component",3,3,1,3,654,,,,1031,1031,1031,ICDOIP_04130,JCOPOM_06365,JANPHL_17605
Potassium channel protein,,Potassium channel protein,3,3,1,1,982,,,,1043,1043,1043,ICDOIP_08725,JCOPOM_04380,JANPHL_06470
DUF11 domain-containing protein,,DUF11 domain-containing protein,3,3,1,2,211,,,,1802,1802,1802,ICDOIP_19920,JCOPOM_00945,JANPHL_19950
group_3840,lysR,"DNA-binding transcriptional regulator, LysR family",3,3,1,5,82,,,,890,890,890,ICDOIP_10080,JCOPOM_10890,JANPHL_09425
group_3841,fliR,flagellar biosynthetic protein FliR,3,3,1,3,401,,,,782,782,782,ICDOIP_05400,JCOPOM_07630,JANPHL_05585
ynjC,,"ABC-type uncharacterized transport system YnjBCD, permease component",3,3,1,1,874,,,,1709,1709,1709,ICDOIP_10780,JCOPOM_03835,JANPHL_10125
cyoA,,ubiquinol oxidase subunit II,3,3,1,5,562,,,,881,881,881,ICDOIP_13580,JCOPOM_18695,JANPHL_12925
hemN,,oxygen-independent coproporphyrinogen III oxidase,3,3,1,4,100,,,,1391,1391,1391,ICDOIP_15930,JCOPOM_10370,JANPHL_15295
group_3845,tar,Methyl-accepting chemotaxis protein (MCP),3,3,1,5,375,,,,1631,1631,1631,ICDOIP_14295,JCOPOM_12400,JANPHL_13640
group_3846,trpS,tryptophan--tRNA ligase,3,3,1,1,970,,,,1022,1022,1022,ICDOIP_10300,JCOPOM_04315,JANPHL_09645
group_3847,fabG,3-oxoacyl-ACP reductase FabG,3,3,1,3,236,,,,737,737,737,ICDOIP_06225,JCOPOM_17275,JANPHL_04760
fliR,,flagellar biosynthetic protein FliR,3,3,1,2,653,,,,776,776,776,ICDOIP_02200,JCOPOM_16150,JANPHL_01660
Glyco-trans-2-like domain-containing protein,,Glyco-trans-2-like domain-containing protein,3,3,1,4,185,,,,944,944,944,ICDOIP_15505,JCOPOM_09945,JANPHL_14870
DUF4174 domain-containing protein,,DUF4174 domain-containing protein,3,3,1,2,204,,,,440,440,440,ICDOIP_19955,JCOPOM_00910,JANPHL_19985
VPA0450 family T3SS effector inositol phosphatase,,VPA0450 family T3SS effector inositol phosphatase,3,3,1,5,333,,,,1493,1493,1493,ICDOIP_08825,JCOPOM_12195,JANPHL_08170
group_3851,potC,"ABC-type spermidine/putrescine transport system, permease component II",3,3,1,5,248,,,,785,785,785,ICDOIP_09250,JCOPOM_11790,JANPHL_08595
cpdB,,"2',3'-cyclic-nucleotide 2'-phosphodiesterase",3,3,1,4,301,,,,1961,1961,1961,ICDOIP_11930,JCOPOM_09520,JANPHL_12175
ppx,,exopolyphosphatase,3,3,1,6,10,,,,1505,1505,1505,ICDOIP_15285,JCOPOM_17445,JANPHL_14650
thrB,,homoserine kinase,3,3,1,4,431,,,,956,956,956,ICDOIP_12790,JCOPOM_08665,JANPHL_11315
flaG,,flagellar protein FlaG,3,3,1,3,422,,,,434,434,434,ICDOIP_05295,JCOPOM_07525,JANPHL_05690
ompA,,Outer membrane protein OmpA and related peptidoglycan-associated (lipo)proteins,3,3,1,1,400,,,,617,617,617,ICDOIP_21820,JCOPOM_13745,JANPHL_22060
group_3857,acrB,Multidrug efflux pump subunit AcrB,3,3,1,5,241,,,,3158,3158,3158,ICDOIP_09270,JCOPOM_11760,JANPHL_08615
nfsB,,oxygen-insensitive NAD(P)H nitroreductase,3,3,1,2,694,,,,653,653,653,ICDOIP_02400,JCOPOM_15945,JANPHL_01455
YceK/YidQ family lipoprotein,,YceK/YidQ family lipoprotein,3,3,1,11,55,,,,329,329,329,ICDOIP_22270,JCOPOM_22095,JANPHL_22120
FhuF-C domain-containing protein,,FhuF-C domain-containing protein,3,3,1,2,201,,,,737,737,737,ICDOIP_19970,JCOPOM_00895,JANPHL_20000
fixC,,Dehydrogenase (flavoprotein),3,3,1,1,1134,,,,1244,1244,1244,ICDOIP_07950,JCOPOM_05150,JANPHL_07250
yndB,,"Chalcone/flavanone-binding protein YndB, AHSA1/START/SRPBCC domain",3,3,1,2,637,,,,452,452,452,ICDOIP_02120,JCOPOM_16230,JANPHL_01740
ceuC,,iron chelate uptake ABC transporter permease subunit VctG,3,3,1,5,531,,,,950,950,950,ICDOIP_13430,JCOPOM_18545,JANPHL_12775
rbsK,,"Sugar or nucleoside kinase, ribokinase family",3,3,1,2,63,,,,1304,1304,1304,ICDOIP_18175,JCOPOM_00200,JANPHL_18295
fabB,,beta-ketoacyl-ACP synthase,3,3,1,1,1154,,,,1223,1223,1223,ICDOIP_07855,JCOPOM_05245,JANPHL_07345
group_3865,araJ,Bcr/CflA family multidrug efflux MFS transporter,3,3,1,1,854,,,,1202,1202,1202,ICDOIP_10880,JCOPOM_03735,JANPHL_10225
DUF2062 domain-containing protein,,DUF2062 domain-containing protein,3,3,1,1,1061,,,,509,509,509,ICDOIP_08330,JCOPOM_04775,JANPHL_06865
Dockerin domain-containing protein,,Dockerin domain-containing protein,3,3,1,1,932,,,,2372,2372,2372,ICDOIP_10490,JCOPOM_04125,JANPHL_09835
ycfJ,,"Uncharacterized conserved protein YcfJ, contains glycine zipper 2TM domain",3,3,1,5,215,,,,518,518,518,ICDOIP_09400,JCOPOM_11630,JANPHL_08745
group_3869,flhB,flagellar biosynthesis protein FlhB,3,3,1,2,654,,,,1127,1127,1127,ICDOIP_02205,JCOPOM_16145,JANPHL_01655
group_387,rimL,"Protein N-acetyltransferase, RimJ/RimL family",3,3,1,2,198,,,,509,509,509,ICDOIP_19985,JCOPOM_00880,JANPHL_20015
Nucleoside triphosphate pyrophosphohydrolase family protein,,Nucleoside triphosphate pyrophosphohydrolase family protein,3,3,1,1,760,,,,575,575,575,ICDOIP_11355,JCOPOM_03260,JANPHL_10700
group_3871,Transporter,Transporter,3,3,1,5,160,,,,656,656,656,ICDOIP_09680,JCOPOM_11325,JANPHL_09025
group_3872,rlhA,"23S rRNA C2501 and tRNA U34 5'-hydroxylation protein RlhA/YrrN/YrrO, U32 peptidase family",3,3,1,3,610,,,,1013,1013,1013,ICDOIP_04360,JCOPOM_06595,JANPHL_17835
group_3873,mutT,"8-oxo-dGTP pyrophosphatase MutT and related house-cleaning NTP pyrophosphohydrolases, NUDIX family",3,3,1,11,31,,,,458,458,458,ICDOIP_22155,JCOPOM_21975,JANPHL_22235
Cytochrom-C-asm domain-containing protein,,Cytochrom-C-asm domain-containing protein,3,3,1,3,156,,,,686,686,686,ICDOIP_06605,JCOPOM_16885,JANPHL_04380
rsd,,sigma D regulator,3,3,1,15,15,,,,485,485,485,ICDOIP_22875,JCOPOM_23415,JANPHL_22920
yceH,,UPF0502 protein VPA1223,3,3,1,2,441,,,,650,650,650,ICDOIP_01120,JCOPOM_02110,JANPHL_02740
group_3877,doxX,DoxX family protein,3,3,1,1,539,,,,380,380,380,ICDOIP_16800,JCOPOM_14395,JANPHL_15900
epmB,,EF-P beta-lysylation protein EpmB,3,3,1,10,23,,,,1022,1022,1022,ICDOIP_21275,JCOPOM_21125,JANPHL_21380
group_3879,nagC,"Sugar kinase of the NBD/HSP70 family, may contain an N-terminal HTH domain",3,3,1,3,220,,,,1217,1217,1217,ICDOIP_06305,JCOPOM_17195,JANPHL_04680
nitrous oxide-stimulated promoter family protein,,nitrous oxide-stimulated promoter family protein,3,3,1,2,197,,,,413,413,413,ICDOIP_19990,JCOPOM_00875,JANPHL_20020
group_3880,rhtB,Threonine/homoserine/homoserine lactone efflux protein,3,3,1,1,281,,,,683,683,683,ICDOIP_17420,JCOPOM_13185,JANPHL_16785
group_3881,gltS,sodium/glutamate symporter,3,3,1,2,993,,,,1226,1226,1226,ICDOIP_03335,JCOPOM_14985,JANPHL_00520
bioD,,dethiobiotin synthase,3,3,1,1,950,,,,686,686,686,ICDOIP_10400,JCOPOM_04215,JANPHL_09745
DUF3549 domain-containing protein,,DUF3549 domain-containing protein,3,3,1,3,487,,,,1037,1037,1037,ICDOIP_04965,JCOPOM_07195,JANPHL_06020
group_3884,lysR,"DNA-binding transcriptional regulator, LysR family",3,3,1,5,546,,,,833,833,833,ICDOIP_13505,JCOPOM_18620,JANPHL_12850
hemC,,hydroxymethylbilane synthase,3,3,1,9,43,,,,938,938,938,ICDOIP_22340,JCOPOM_20165,JANPHL_22620
group_3886,yifB,"putative Mg-chelatase, contains ChlI-like and ATPase domains, YifB family",3,3,1,3,584,,,,1316,1316,1316,ICDOIP_04490,JCOPOM_06725,JANPHL_17965
ispF,,"2-C-methyl-D-erythritol 2,4-cyclodiphosphate synthase",3,3,1,3,719,,,,476,476,476,ICDOIP_20615,JCOPOM_06000,JANPHL_20370
group_3888,tar,Methyl-accepting chemotaxis protein (MCP),3,3,1,1,1076,,,,1991,1991,1991,ICDOIP_08255,JCOPOM_04850,JANPHL_06940
group_3889,fliM,flagellar motor switch protein FliM,3,3,1,3,406,,,,1046,1046,1046,ICDOIP_05375,JCOPOM_07605,JANPHL_05610
manA,,"mannose-6-phosphate isomerase, class I",3,3,1,2,188,,,,1217,1235,1223,ICDOIP_20035,JCOPOM_00830,JANPHL_20065
metL,,Aspartate kinase,3,3,1,7,99,,,,2408,2408,2408,ICDOIP_19190,JCOPOM_22495,JANPHL_19170
group_3891,cheY,"CheY-like REC (receiver) domain, includes chemotaxis protein CheY and sporulation regulator Spo0F",3,3,1,11,18,,,,1631,1631,1631,ICDOIP_22090,JCOPOM_21910,JANPHL_22300
asnB,,asparagine synthase B,3,3,1,1,1213,,,,1664,1664,1664,ICDOIP_07590,JCOPOM_05550,JANPHL_07615
rdgC,,recombination-associated protein RdgC,3,3,1,6,6,,,,914,914,914,ICDOIP_15305,JCOPOM_17425,JANPHL_14670
group_3894,mdlB,"ABC-type multidrug transport system, ATPase and permease component",3,3,1,1,598,,,,1778,1778,1778,ICDOIP_16520,JCOPOM_14675,JANPHL_16180
group_3895,betT,Glycine betaine/proline/choline/ectoine transporter VP1456,3,3,1,1,574,,,,1580,1580,1580,ICDOIP_16640,JCOPOM_14555,JANPHL_16060
livH,,"Branched-chain amino acid ABC-type transport system, permease component",3,3,1,2,371,,,,893,893,893,ICDOIP_00770,JCOPOM_01760,JANPHL_03090
dinB,,DNA polymerase IV,3,3,1,3,504,,,,1064,1064,1064,ICDOIP_04875,JCOPOM_07105,JANPHL_06110
group_3898,qor,NADPH:quinone reductase or related Zn-dependent oxidoreductase,3,3,1,3,703,,,,950,950,950,ICDOIP_03885,JCOPOM_06115,JANPHL_17360
group_3899,fabG,"NAD(P)-dependent dehydrogenase, short-chain alcohol dehydrogenase family",3,3,1,5,563,,,,758,758,758,ICDOIP_13585,JCOPOM_18700,JANPHL_12930
Cytochrome c,,Cytochrome c,3,3,1,2,229,,,,317,317,317,ICDOIP_00095,JCOPOM_01070,JANPHL_03770
nrdG,,anaerobic ribonucleoside-triphosphate reductase-activating protein,3,3,1,2,171,,,,338,470,426,ICDOIP_20125,JCOPOM_00675,JANPHL_20155
moaC,,cyclic pyranopterin monophosphate synthase MoaC,3,3,1,3,276,,,,479,479,479,ICDOIP_06025,JCOPOM_08260,JANPHL_04960
flaA,,Polar flagellin A,3,3,1,3,423,,,,1130,1130,1130,ICDOIP_05290,JCOPOM_07520,JANPHL_05695
group_3902,lysR,"DNA-binding transcriptional regulator, LysR family",3,3,1,3,25,,,,893,893,893,ICDOIP_20395,JCOPOM_05785,JANPHL_20590
group_3903,citA,Sensor histidine kinase DipB regulating citrate/malate metabolism,3,3,1,1,314,,,,1619,1619,1619,ICDOIP_17575,JCOPOM_13350,JANPHL_16940
argH,,argininosuccinate lyase,3,3,1,7,91,,,,1874,1874,1874,ICDOIP_19230,JCOPOM_22535,JANPHL_19130
group_3905,dsbD,Thiol:disulfide interchange protein DsbD,3,3,1,10,40,,,,1841,1841,1841,ICDOIP_21360,JCOPOM_21040,JANPHL_21295
ccoG,,cytochrome c oxidase accessory protein CcoG,3,3,1,8,21,,,,1421,1421,1421,ICDOIP_19790,JCOPOM_19725,JANPHL_19545
"Uncharacterized protein, contains GH25 family domain",,"Uncharacterized protein, contains GH25 family domain",3,3,1,5,66,,,,830,830,830,ICDOIP_10160,JCOPOM_10815,JANPHL_09505
prc,,carboxy terminal-processing peptidase,3,3,1,1,425,,,,2006,2006,2006,ICDOIP_21950,JCOPOM_13875,JANPHL_21930
pstS,,"ABC-type phosphate transport system, periplasmic component",3,3,1,6,9,,,,959,959,959,ICDOIP_15290,JCOPOM_17440,JANPHL_14655
ydeI,,"putative periplasmic protein YdeI with OB-fold, BOF family",3,3,1,2,152,,,,371,371,371,ICDOIP_20155,JCOPOM_00645,JANPHL_20185
norR,,nitric oxide reductase transcriptional regulator NorR,3,3,1,1,878,,,,1529,1529,1529,ICDOIP_10760,JCOPOM_03855,JANPHL_10105
aceB,,Malate synthase,3,3,1,5,107,,,,578,578,578,ICDOIP_09940,JCOPOM_11035,JANPHL_09285
maeA,,NAD-dependent malic enzyme,3,3,1,1,814,,,,1688,1688,1688,ICDOIP_11085,JCOPOM_03530,JANPHL_10430
sgrR,,"DNA-binding transcriptional regulator SgrR of sgrS sRNA, contains a MarR-type HTH domain and a periplasmic-type solute-binding domain",3,3,1,5,220,,,,1658,1658,1658,ICDOIP_09375,JCOPOM_11655,JANPHL_08720
Type IV pilin,,Type IV pilin,3,3,1,2,736,,,,494,494,494,ICDOIP_02590,JCOPOM_15735,JANPHL_01265
pilN,,Type IV pilus assembly protein PilN,3,3,1,7,85,,,,578,578,578,ICDOIP_19270,JCOPOM_22565,JANPHL_19090
DUF2959 domain-containing protein,,DUF2959 domain-containing protein,3,3,1,4,109,,,,641,641,641,ICDOIP_15885,JCOPOM_10325,JANPHL_15250
phoB,,phosphate regulon transcriptional regulator PhoB,3,3,1,6,7,,,,689,692,690,ICDOIP_15300,JCOPOM_17430,JANPHL_14665
sapB,,"ABC-type antimicrobial peptide export system, permease component SapB",3,3,1,1,898,,,,962,962,962,ICDOIP_10660,JCOPOM_03955,JANPHL_10005
group_3919,ddpA,"ABC-type transport system, periplasmic component",3,3,1,4,156,,,,1826,1826,1826,ICDOIP_15650,JCOPOM_10090,JANPHL_15015
yoaH,,YoaH family protein,3,3,1,2,135,,,,158,158,158,ICDOIP_20240,JCOPOM_00560,JANPHL_20270
tnaA,,Tryptophanase,3,3,1,5,99,,,,1400,1400,1400,ICDOIP_09990,JCOPOM_10985,JANPHL_09335
group_3921,Transcriptional regulator,Transcriptional regulator,3,3,1,2,290,,,,929,929,929,ICDOIP_00390,JCOPOM_01370,JANPHL_03470
group_3922,rimI,ribosomal protein S18-alanine N-acetyltransferase,3,3,1,3,604,,,,455,455,455,ICDOIP_04390,JCOPOM_06625,JANPHL_17865
Rick-17kDa-Anti domain-containing protein,,Rick-17kDa-Anti domain-containing protein,3,3,1,1,1024,,,,476,476,476,ICDOIP_08515,JCOPOM_04590,JANPHL_06680
secB,,protein-export chaperone SecB,3,3,1,10,9,,,,464,464,464,ICDOIP_21205,JCOPOM_21195,JANPHL_21450
group_3925,acrA,multidrug efflux RND transporter periplasmic adaptor subunit VmeE,3,3,1,1,1096,,,,1094,1094,1094,ICDOIP_08150,JCOPOM_04955,JANPHL_07045
group_3926,lysR,"DNA-binding transcriptional regulator, LysR family",3,3,1,2,957,,,,869,869,869,ICDOIP_03515,JCOPOM_14805,JANPHL_00340
clcA,,H(+)/Cl(-) exchange transporter ClcA,3,3,1,2,385,,,,1403,1403,1403,ICDOIP_00840,JCOPOM_01830,JANPHL_03020
"Bacillopeptidase F, M6 metalloprotease family",,"Bacillopeptidase F, M6 metalloprotease family",3,3,1,5,477,,,,3035,3035,3035,ICDOIP_13160,JCOPOM_18280,JANPHL_12505
flgA,,Flagellar basal body P-ring formation protein FlgA,3,3,1,1,35,,,,746,746,746,ICDOIP_07300,JCOPOM_21425,JANPHL_07905
Quinolinate synthase,,Quinolinate synthase,3,3,1,2,131,,,,368,368,368,ICDOIP_20260,JCOPOM_00535,JANPHL_20290
group_3930,OMP-b-brl domain-containing protein,OMP-b-brl domain-containing protein,3,3,1,1,1093,,,,575,575,575,ICDOIP_08165,JCOPOM_04940,JANPHL_07030
nhaP,,NhaP-type Na+/H+ or K+/H+ antiporter,3,3,1,1,103,,,,1334,1334,1334,ICDOIP_18470,JCOPOM_18915,JANPHL_18500
dusC,,tRNA dihydrouridine(16) synthase DusC,3,3,1,3,257,,,,968,968,968,ICDOIP_06120,JCOPOM_17380,JANPHL_04865
malF,,maltose ABC transporter permease MalF,3,3,1,2,512,,,,1574,1574,1574,ICDOIP_01500,JCOPOM_02470,JANPHL_02360
Hemolysin,,Hemolysin,3,3,1,5,192,,,,971,971,971,ICDOIP_09520,JCOPOM_11490,JANPHL_08865
group_3935,ompR,"DNA-binding response regulator, OmpR family, contains REC and winged-helix (wHTH) domain",3,3,1,1,290,,,,656,656,656,ICDOIP_17465,JCOPOM_13230,JANPHL_16830
group_3936,araC,arabinose operon transcriptional regulator AraC,3,3,1,2,783,,,,839,839,839,ICDOIP_02825,JCOPOM_15510,JANPHL_01030
metK,,methionine adenosyltransferase,3,3,1,3,23,,,,1154,1154,1154,ICDOIP_20385,JCOPOM_05775,JANPHL_20600
arcA,,arginine deiminase,3,3,1,1,171,,,,1223,1223,1223,ICDOIP_18795,JCOPOM_19240,JANPHL_18825
appC,,"Cytochrome bd-type quinol oxidase, subunit 1",3,3,1,2,352,,,,1364,1364,1364,ICDOIP_00695,JCOPOM_01680,JANPHL_03165
group_394,ebsC,"Cys-tRNA(Pro) deacylase, prolyl-tRNA editing enzyme YbaK/EbsC",3,3,1,3,32,,,,482,482,482,ICDOIP_20430,JCOPOM_05815,JANPHL_20555
group_3940,serB,Phosphoserine phosphatase,3,3,1,2,937,,,,620,620,620,ICDOIP_03615,JCOPOM_21635,JANPHL_00240
gap,,ArsJ-associated glyceraldehyde-3-phosphate dehydrogenase,3,3,1,9,60,,,,1001,1001,1001,ICDOIP_22425,JCOPOM_20250,JANPHL_22535
vscX,,type III secretion system C-ring protein VscX for secretion specificity,3,3,1,1,366,,,,377,377,377,ICDOIP_17815,JCOPOM_13585,JANPHL_17180
nadA,,quinolinate synthase NadA,3,3,1,1,983,,,,1061,1061,1061,ICDOIP_08720,JCOPOM_04385,JANPHL_06475
Phosphatidate cytidylyltransferase,,Phosphatidate cytidylyltransferase,3,3,1,3,476,,,,842,842,842,ICDOIP_05025,JCOPOM_07255,JANPHL_05960
astD,,succinylglutamate-semialdehyde dehydrogenase,3,3,1,7,25,,,,1457,1457,1457,ICDOIP_19045,JCOPOM_22820,JANPHL_19315
group_3946,lysR,"DNA-binding transcriptional regulator, LysR family",3,3,1,2,797,,,,932,932,932,ICDOIP_02895,JCOPOM_15440,JANPHL_00960
DUF1501 domain-containing protein,,DUF1501 domain-containing protein,3,3,1,2,191,,,,1325,1325,1325,ICDOIP_20020,JCOPOM_00845,JANPHL_20050
betI,,transcriptional regulator BetI,3,3,1,2,331,,,,599,599,599,ICDOIP_00590,JCOPOM_01575,JANPHL_03270
group_3949,alsT,Na+/alanine symporter,3,3,1,6,58,,,,1547,1547,1547,ICDOIP_15045,JCOPOM_17680,JANPHL_14410
fAU1,,5-formyltetrahydrofolate cyclo-ligase,3,3,1,3,38,,,,713,728,718,ICDOIP_20460,JCOPOM_05845,JANPHL_20525
glyS,,Glycine--tRNA ligase beta subunit,3,3,1,8,47,,,,2066,2066,2066,ICDOIP_19475,JCOPOM_19410,JANPHL_19860
group_3951,uup,ABC transporter ATP-binding protein,3,3,1,7,32,,,,2024,2024,2024,ICDOIP_19080,JCOPOM_22785,JANPHL_19280
group_3952,ccmA,"ABC-type multidrug transport system, ATPase component",3,3,1,3,673,,,,917,917,917,ICDOIP_04035,JCOPOM_06265,JANPHL_17510
azu,,azurin,3,3,1,2,540,,,,452,452,452,ICDOIP_01640,JCOPOM_02610,JANPHL_02220
ompX,,"Putative outer membrane protein, Ail and OmpX",3,3,1,3,83,,,,641,641,641,ICDOIP_06990,JCOPOM_16500,JANPHL_03995
group_3955,hypothetical protein,hypothetical protein,3,3,1,1,721,,,,659,659,659,ICDOIP_11545,JCOPOM_03065,JANPHL_10890
frmA,,S-(hydroxymethyl)glutathione dehydrogenase/class III alcohol dehydrogenase,3,3,1,2,959,,,,1148,1148,1148,ICDOIP_03505,JCOPOM_14815,JANPHL_00350
gcvP,,aminomethyl-transferring glycine dehydrogenase,3,3,1,2,31,,,,2864,2864,2864,ICDOIP_18010,JCOPOM_00040,JANPHL_18460
dcuA,,Anaerobic C4-dicarboxylate transporter,3,3,1,2,202,,,,1331,1331,1331,ICDOIP_19965,JCOPOM_00900,JANPHL_19995
pdxH,,pyridoxamine 5'-phosphate oxidase,3,3,1,2,835,,,,635,635,635,ICDOIP_03080,JCOPOM_15245,JANPHL_00775
group_396,DUF2913 domain-containing protein,DUF2913 domain-containing protein,3,3,1,4,637,,,,389,584,519,ICDOIP_20870,JCOPOM_20930,JANPHL_21005
group_3960,pspE,Rhodanese-related sulfurtransferase,3,3,1,5,188,,,,350,350,350,ICDOIP_09540,JCOPOM_11470,JANPHL_08885
rlpA,,endolytic peptidoglycan transglycosylase RlpA,3,3,1,6,152,,,,803,803,803,ICDOIP_14490,JCOPOM_18140,JANPHL_13855
cysN,,sulfate adenylyltransferase subunit CysN,3,3,1,4,304,,,,1430,1430,1430,ICDOIP_11945,JCOPOM_09505,JANPHL_12160
group_3963,baeS,Signal transduction histidine kinase,3,3,1,1,859,,,,1349,1349,1349,ICDOIP_10855,JCOPOM_03760,JANPHL_10200
ampG,,AmpG permease,3,3,1,3,519,,,,1352,1352,1352,ICDOIP_04800,JCOPOM_07030,JANPHL_06185
DUF2384 domain-containing protein,,DUF2384 domain-containing protein,3,3,1,11,41,,,,452,452,452,ICDOIP_22205,JCOPOM_22025,JANPHL_22185
mcr-3,,"Phosphoethanolamine transferase for periplasmic glucans OpgE, AlkP superfamily",3,3,1,2,479,,,,1655,1655,1655,ICDOIP_01310,JCOPOM_02300,JANPHL_02550
Plasmid protein,,Plasmid protein,3,3,1,4,691,,,,290,290,290,ICDOIP_23375,JCOPOM_22325,JANPHL_23420
group_3969,norM,"Na+-driven multidrug efflux pump, DinF/NorM/MATE family",3,3,1,2,969,,,,1340,1340,1340,ICDOIP_03455,JCOPOM_14865,JANPHL_00400
Type II toxin-antitoxin system RelE/ParE family toxin,,Type II toxin-antitoxin system RelE/ParE family toxin,3,3,1,4,636,,,,200,203,202,ICDOIP_20875,JCOPOM_20535,JANPHL_21000
vscC,,SctC family type III secretion system outer membrane ring subunit VscC,3,3,1,1,331,,,,1886,1886,1886,ICDOIP_17660,JCOPOM_13435,JANPHL_17025
group_3971,tkt,transketolase,3,3,1,3,24,,,,1994,1994,1994,ICDOIP_20390,JCOPOM_05780,JANPHL_20595
panC,,pantoate--beta-alanine ligase,3,3,1,3,670,,,,905,905,905,ICDOIP_04050,JCOPOM_06285,JANPHL_17525
lpoA,,Penicillin-binding protein activator LpoA,3,3,1,4,477,,,,1811,1811,1811,ICDOIP_12560,JCOPOM_08895,JANPHL_11545
fliM,,Flagellar motor switch protein FliM,3,3,1,2,649,,,,818,818,818,ICDOIP_02180,JCOPOM_16170,JANPHL_01680
tssK,,type VI secretion system baseplate subunit TssK,3,3,1,1,625,,,,1325,1325,1325,ICDOIP_16405,JCOPOM_20110,JANPHL_16295
elsH,,"Metal-dependent hydrolase, endonuclease/exonuclease/phosphatase family",3,3,1,2,173,,,,866,866,866,ICDOIP_20115,JCOPOM_00750,JANPHL_20145
torS,,TMAO reductase system sensor histidine kinase/response regulator TorS,3,3,1,5,515,,,,2966,2966,2966,ICDOIP_13350,JCOPOM_18470,JANPHL_12695
xapA,,xanthosine phosphorylase,3,3,1,4,53,,,,824,824,824,ICDOIP_16170,JCOPOM_10615,JANPHL_15535
ybgF,,tol-pal system protein YbgF,3,3,1,1,984,,,,755,755,755,ICDOIP_08715,JCOPOM_04390,JANPHL_06480
group_398,Resolvase,Resolvase,3,3,1,4,627,,,,296,296,296,ICDOIP_20915,JCOPOM_20580,JANPHL_20960
nirB,,"NAD(P)H-nitrite reductase, large subunit",3,3,1,2,208,,,,2564,2564,2564,ICDOIP_19935,JCOPOM_00930,JANPHL_19965
tctC,,"Tripartite-type tricarboxylate transporter, extracytoplasmic receptor component TctC",3,3,1,1,379,,,,971,971,971,ICDOIP_17880,JCOPOM_13650,JANPHL_17245
group_3982,"ABC-type uncharacterized transport system, periplasmic component","ABC-type uncharacterized transport system, periplasmic component",3,3,1,3,262,,,,965,965,965,ICDOIP_06095,JCOPOM_08330,JANPHL_04890
"putative dioxygenase, 2-oxoglutarate and Fe-dependent (2OG-Fe) dioxygenase superfamily",,"putative dioxygenase, 2-oxoglutarate and Fe-dependent (2OG-Fe) dioxygenase superfamily",3,3,1,1,820,,,,656,656,656,ICDOIP_11055,JCOPOM_03560,JANPHL_10400
dxs,,1-deoxy-D-xylulose-5-phosphate synthase,3,3,1,6,135,,,,1865,1865,1865,ICDOIP_14660,JCOPOM_17970,JANPHL_14025
group_3985,Fimbrial protein,Fimbrial protein,3,3,1,4,556,,,,638,638,638,ICDOIP_21110,JCOPOM_20775,JANPHL_20765
group_3986,MFS transporter,MFS transporter,3,3,1,2,795,,,,695,695,695,ICDOIP_02885,JCOPOM_15450,JANPHL_00970
ccmI,,Cytochrome c-type biogenesis protein CcmH/NrfG,3,3,1,3,378,,,,1217,1217,1217,ICDOIP_05510,JCOPOM_07740,JANPHL_05475
group_3988,rhtB,Threonine/homoserine/homoserine lactone efflux protein,3,3,1,2,451,,,,614,614,614,ICDOIP_01165,JCOPOM_02155,JANPHL_02695
pqiA,,Intermembrane transporter PqiABC subunit PqiA,3,3,1,3,199,,,,1331,1331,1331,ICDOIP_06410,JCOPOM_17090,JANPHL_04575
group_399,DUF1566 domain-containing protein,DUF1566 domain-containing protein,3,3,1,4,543,,,,632,644,636,ICDOIP_21045,JCOPOM_20710,JANPHL_20830
RanBP2-type domain-containing protein,,RanBP2-type domain-containing protein,3,3,1,1,1017,,,,320,320,320,ICDOIP_08550,JCOPOM_04555,JANPHL_06645
leuB,,3-isopropylmalate dehydrogenase,3,3,1,4,351,,,,1091,1091,1091,ICDOIP_12180,JCOPOM_09270,JANPHL_11925
hmgA,,"Homogentisate 1,2-dioxygenase",3,3,1,1,724,,,,1130,1130,1130,ICDOIP_11530,JCOPOM_03080,JANPHL_10875
group_3993,tar,Methyl-accepting chemotaxis protein (MCP),3,3,1,3,76,,,,1625,1625,1625,ICDOIP_07025,JCOPOM_16465,JANPHL_03960
panP,,putative pyridoxal-dependent aspartate 1-decarboxylase,3,3,1,1,834,,,,1646,1646,1646,ICDOIP_10985,JCOPOM_03630,JANPHL_10330
frsA,,esterase FrsA,3,3,1,6,123,,,,1247,1247,1247,ICDOIP_14725,JCOPOM_17905,JANPHL_14090
group_3996,ccoO,"cytochrome-c oxidase, cbb3-type subunit II",3,3,1,1,491,,,,620,620,620,ICDOIP_17035,JCOPOM_14155,JANPHL_15665
group_3997,secD,protein translocase subunit SecD,3,3,1,2,427,,,,1838,1838,1838,ICDOIP_01050,JCOPOM_02040,JANPHL_02810
tsaE,,tRNA (adenosine(37)-N6)-threonylcarbamoyltransferase complex ATPase subunit type 1 TsaE,3,3,1,7,2,,,,464,464,464,ICDOIP_18930,JCOPOM_22935,JANPHL_19430
dmsC,,DMSO reductase anchor subunit DmsC,3,3,1,1,581,,,,851,851,851,ICDOIP_16605,JCOPOM_14590,JANPHL_16095
araJ,,"putative arabinose efflux permease AraJ, MFS family",3,3,1,2,232,,,,1124,1124,1124,ICDOIP_00110,JCOPOM_01085,JANPHL_03755
Bacterial Ig-like domain (Group 2),,Bacterial Ig-like domain (Group 2),3,3,1,4,544,,,,1004,1031,1013,ICDOIP_21050,JCOPOM_20715,JANPHL_20825
Replication-associated recombination protein A,,Replication-associated recombination protein A,3,3,1,1,959,,,,1349,1349,1349,ICDOIP_10355,JCOPOM_04260,JANPHL_09700
ilvA,,"threonine ammonia-lyase, biosynthetic",3,3,1,8,104,,,,1547,1547,1547,ICDOIP_19740,JCOPOM_19675,JANPHL_19595
ribD,,"Riboflavin biosynthesis protein RibD, pyrimidine deaminase domain",3,3,1,5,499,,,,425,425,425,ICDOIP_13270,JCOPOM_18390,JANPHL_12615
group_4003,ccmA,"ABC-type multidrug transport system, ATPase component",3,3,1,5,373,,,,926,926,926,ICDOIP_14305,JCOPOM_12390,JANPHL_13650
purL,,phosphoribosylformylglycinamidine synthase,3,3,1,6,114,,,,3908,3908,3908,ICDOIP_14770,JCOPOM_17860,JANPHL_14135
gspK,,type II secretion system minor pseudopilin GspK,3,3,1,4,125,,,,1010,1010,1010,ICDOIP_15805,JCOPOM_10245,JANPHL_15170
group_4006,uhpC,Sugar phosphate permease,3,3,1,2,187,,,,1340,1340,1340,ICDOIP_20040,JCOPOM_00825,JANPHL_20070
ebgR,,transcriptional regulator EbgR,3,3,1,3,566,,,,986,986,986,ICDOIP_04580,JCOPOM_06815,JANPHL_06405
exsD,,type III secretion system regulon anti-activator ExsD,3,3,1,1,329,,,,980,980,980,ICDOIP_17650,JCOPOM_13425,JANPHL_17015
nhaB,,Na(+)/H(+) antiporter NhaB,3,3,1,3,254,,,,1586,1586,1586,ICDOIP_06135,JCOPOM_17365,JANPHL_04850
group_401,ompA,OmpA family protein,3,3,1,4,561,,,,920,920,920,ICDOIP_21135,JCOPOM_20800,JANPHL_20740
ygfB,,UPF0149 protein VP2588,3,3,1,3,747,,,,578,578,578,ICDOIP_20475,JCOPOM_05860,JANPHL_20510
yuxH,,"c-di-GMP phosphodiesterase YuxH/PdeH, contains EAL and HDOD domains",3,3,1,9,58,,,,1223,1223,1223,ICDOIP_22415,JCOPOM_20240,JANPHL_22545
group_4012,lysR,"DNA-binding transcriptional regulator, LysR family",3,3,1,11,16,,,,989,989,989,ICDOIP_22080,JCOPOM_21900,JANPHL_22310
trpD,,Anthranilate phosphoribosyltransferase,3,3,1,3,138,,,,998,998,998,ICDOIP_06695,JCOPOM_16795,JANPHL_04290
hscB,,co-chaperone HscB,3,3,1,6,36,,,,515,515,515,ICDOIP_15155,JCOPOM_17570,JANPHL_14520
potD,,Spermidine/putrescine-binding periplasmic protein,3,3,1,1,509,,,,1037,1037,1037,ICDOIP_16950,JCOPOM_14245,JANPHL_15750
mltC,,membrane-bound lytic murein transglycosylase MltC,3,3,1,3,1,,,,1139,1139,1139,ICDOIP_20275,JCOPOM_05665,JANPHL_20710
group_4017,Transmembrane protein,Transmembrane protein,3,3,1,5,536,,,,461,461,461,ICDOIP_13455,JCOPOM_18570,JANPHL_12800
group_4018,leuA,2-isopropylmalate synthase,3,3,1,4,352,,,,1547,1547,1547,ICDOIP_12185,JCOPOM_09265,JANPHL_11920
glmS,,glutamine--fructose-6-phosphate transaminase (isomerizing),3,3,1,4,364,,,,1832,1832,1832,ICDOIP_12245,JCOPOM_09205,JANPHL_11860
Big-5 domain-containing protein,,Big-5 domain-containing protein,3,3,1,4,562,,,,2771,2777,2775,ICDOIP_21140,JCOPOM_20805,JANPHL_20735
group_4020,parA,ParA-like ATPase involved in chromosome/plasmid partitioning or cellulose biosynthesis protein BcsQ,3,3,1,3,391,,,,779,779,779,ICDOIP_05450,JCOPOM_07680,JANPHL_05535
group_4021,aspA,Fumarate hydratase class II,3,3,1,10,56,,,,1385,1385,1385,ICDOIP_21395,JCOPOM_21005,JANPHL_21260
asnS,,asparagine--tRNA ligase,3,3,1,3,77,,,,1400,1400,1400,ICDOIP_07020,JCOPOM_16470,JANPHL_03965
group_4023,tssC,type VI secretion system contractile sheath large subunit,3,3,1,2,251,,,,1520,1520,1520,ICDOIP_00195,JCOPOM_01175,JANPHL_03665
imp,,"TRAP-type uncharacterized transport system, periplasmic component",3,3,1,5,94,,,,1010,1010,1010,ICDOIP_10015,JCOPOM_10960,JANPHL_09360
group_4025,rfaL,O-antigen ligase,3,3,1,1,107,,,,1778,1778,1778,ICDOIP_18490,JCOPOM_18935,JANPHL_18520
group_4026,ybjT,DUF2867 domain-containing protein,3,3,1,1,769,,,,695,695,695,ICDOIP_11310,JCOPOM_03305,JANPHL_10655
group_4027,baeS,Signal transduction histidine kinase,3,3,1,3,162,,,,1289,1289,1289,ICDOIP_06575,JCOPOM_16915,JANPHL_04410
rlhA,,U32 family peptidase,3,3,1,3,611,,,,890,890,890,ICDOIP_04355,JCOPOM_06590,JANPHL_17830
lepB,,signal peptidase I,3,3,1,3,733,,,,899,899,899,ICDOIP_20545,JCOPOM_05930,JANPHL_20440
group_403,gGDEF,"GGDEF domain, diguanylate cyclase (c-di-GMP synthetase) or its enzymatically inactive variants",3,3,1,10,42,,,,989,1190,1056,ICDOIP_21465,JCOPOM_20935,JANPHL_21190
sohB,,protease SohB,3,3,1,3,214,,,,1061,1061,1061,ICDOIP_06335,JCOPOM_17165,JANPHL_04650
group_4031,putative deacylase,putative deacylase,3,3,1,6,117,,,,1070,1070,1070,ICDOIP_14755,JCOPOM_17875,JANPHL_14120
group_4032,azlC,putative branched-chain amino acid permease (azaleucine resistance),3,3,1,2,221,,,,731,731,731,ICDOIP_00045,JCOPOM_01020,JANPHL_03820
moxR,,MoxR-like ATPase,3,3,1,2,562,,,,956,956,956,ICDOIP_01750,JCOPOM_02720,JANPHL_02110
group_4034,tssK,type VI secretion system baseplate subunit TssK,3,3,1,2,259,,,,1325,1325,1325,ICDOIP_00235,JCOPOM_01215,JANPHL_03625
group_4035,pgpB,Membrane-associated phospholipid phosphatase,3,3,1,2,902,,,,698,698,698,ICDOIP_03795,JCOPOM_21810,JANPHL_00060
group_4036,trkA,"Trk/Ktr K+ transport system regulatory component TrkA/KtrA/KtrC, RCK domain",3,3,1,2,543,,,,653,653,653,ICDOIP_01655,JCOPOM_02625,JANPHL_02205
group_4037,acrB,Multidrug efflux pump subunit AcrB,3,3,1,5,261,,,,3062,3062,3062,ICDOIP_09185,JCOPOM_11855,JANPHL_08530
group_4038,araJ,"putative arabinose efflux permease AraJ, MFS family",3,3,1,2,932,,,,1490,1490,1490,ICDOIP_03640,JCOPOM_21660,JANPHL_00215
ispA,,"(2E,6E)-farnesyl diphosphate synthase",3,3,1,6,136,,,,884,884,884,ICDOIP_14655,JCOPOM_17975,JANPHL_14020
calcium-binding protein,,calcium-binding protein,3,3,1,1,402,,,,2684,6302,5096,ICDOIP_21830,JCOPOM_13755,JANPHL_22050
group_4040,menH,"2-succinyl-6-hydroxy-2,4-cyclohexadiene-1-carboxylate synthase MenH and related esterases, alpha/beta hydrolase fold",3,3,1,4,514,,,,815,815,815,ICDOIP_12375,JCOPOM_09080,JANPHL_11730
group_4041,acrA,Multidrug efflux pump subunit AcrA (membrane-fusion protein),3,3,1,5,128,,,,1175,1175,1175,ICDOIP_09835,JCOPOM_11170,JANPHL_09180
group_4042,ebsC,"Cys-tRNA(Pro) deacylase, prolyl-tRNA editing enzyme YbaK/EbsC",3,3,1,11,38,,,,479,479,479,ICDOIP_22190,JCOPOM_22010,JANPHL_22200
sdaA,,L-serine ammonia-lyase,3,3,1,3,72,,,,1361,1361,1361,ICDOIP_07045,JCOPOM_16445,JANPHL_03940
fIST,,"FIST domain protein MJ1623, contains FIST_N and FIST_C domains",3,3,1,9,51,,,,2486,2486,2486,ICDOIP_22380,JCOPOM_20205,JANPHL_22580
group_4045,Methyl-accepting chemotaxis protein,Methyl-accepting chemotaxis protein,3,3,1,5,394,,,,1871,1871,1871,ICDOIP_14200,JCOPOM_12495,JANPHL_13545
DAO domain-containing protein,,DAO domain-containing protein,3,3,1,2,104,,,,1433,1433,1433,ICDOIP_18380,JCOPOM_00405,JANPHL_18090
topA,,type I DNA topoisomerase,3,3,1,1,1021,,,,2630,2630,2630,ICDOIP_08530,JCOPOM_04575,JANPHL_06665
fkpA,,FKBP-type peptidyl-prolyl cis-trans isomerase,3,3,1,4,296,,,,620,620,620,ICDOIP_11905,JCOPOM_09545,JANPHL_12200
zwf,,glucose-6-phosphate dehydrogenase,3,3,1,1,316,,,,1502,1502,1502,ICDOIP_17585,JCOPOM_13360,JANPHL_16950
tusE,,"Sulfur transfer complex TusBCD TusE component, DsrC family (tRNA 2-thiouridine synthesizing protein C)",3,3,1,1,406,,,,329,329,329,ICDOIP_21850,JCOPOM_13775,JANPHL_22030
mgtC,,DUF4010 domain-containing protein,3,3,1,3,266,,,,1274,1274,1274,ICDOIP_06075,JCOPOM_08310,JANPHL_04910
group_4051,potD,Spermidine/putrescine-binding periplasmic protein,3,3,1,1,741,,,,1073,1073,1073,ICDOIP_11450,JCOPOM_03160,JANPHL_10795
cytR,,DNA-binding transcriptional regulator CytR,3,3,1,4,264,,,,1007,1007,1007,ICDOIP_11745,JCOPOM_09705,JANPHL_12360
group_4053,paaI,"Acyl-CoA thioesterase PaaI, contains HGG motif",3,3,1,1,1205,,,,503,503,503,ICDOIP_07625,JCOPOM_05515,JANPHL_07575
pgpB,,Membrane-associated phospholipid phosphatase,3,3,1,11,26,,,,539,539,539,ICDOIP_22130,JCOPOM_21950,JANPHL_22260
group_4055,Secreted protein,Secreted protein,3,3,1,15,18,,,,743,743,743,ICDOIP_22890,JCOPOM_23400,JANPHL_22935
group_4056,tar,Methyl-accepting chemotaxis protein (MCP),3,3,1,3,159,,,,2096,2096,2096,ICDOIP_06590,JCOPOM_16900,JANPHL_04395
sIMPL,,"Outer membrane channel-forming protein BP26/OMP28, SIMPL family",3,3,1,4,523,,,,719,719,719,ICDOIP_12325,JCOPOM_09130,JANPHL_11780
moaA,,"GTP 3',8-cyclase MoaA",3,3,1,3,278,,,,989,989,989,ICDOIP_06015,JCOPOM_08250,JANPHL_04970
ribF,,bifunctional riboflavin kinase/FAD synthetase,3,3,1,4,395,,,,935,935,935,ICDOIP_12970,JCOPOM_08490,JANPHL_11135
group_406,Lipoprotein,Lipoprotein,3,3,1,1,440,,,,323,323,323,ICDOIP_22025,JCOPOM_13950,JANPHL_21855
bisC,,Anaerobic selenocysteine-containing dehydrogenase,3,3,1,2,181,,,,2324,2324,2324,ICDOIP_20070,JCOPOM_00795,JANPHL_20100
lrp,,"DNA-binding transcriptional regulator, Lrp family",3,3,1,1,1090,,,,479,479,479,ICDOIP_08180,JCOPOM_04925,JANPHL_07015
Phenylalanine-4-hydroxylase,,Phenylalanine-4-hydroxylase,3,3,1,5,456,,,,794,794,794,ICDOIP_13890,JCOPOM_12800,JANPHL_13235
group_4063,Spondin domain-containing protein,Spondin domain-containing protein,3,3,1,2,629,,,,683,683,683,ICDOIP_02080,JCOPOM_16270,JANPHL_01780
sodC,,superoxide dismutase [Cu-Zn] SodC,3,3,1,2,625,,,,515,515,515,ICDOIP_02060,JCOPOM_16290,JANPHL_01800
pqqL,,"putative Zn-dependent peptidase, M16 family",3,3,1,3,701,,,,2843,2843,2843,ICDOIP_03895,JCOPOM_06125,JANPHL_17370
nrdB,,ribonucleotide-diphosphate reductase subunit beta,3,3,1,3,116,,,,1133,1133,1133,ICDOIP_06825,JCOPOM_16665,JANPHL_04160
rlmD,,23S rRNA (uracil(1939)-C(5))-methyltransferase RlmD,3,3,1,3,726,,,,1319,1319,1319,ICDOIP_20580,JCOPOM_05965,JANPHL_20405
group_4068,gap,glyceraldehyde-3-phosphate dehydrogenase,3,3,1,2,449,,,,1433,1433,1433,ICDOIP_01155,JCOPOM_02145,JANPHL_02705
oppB,,oligopeptide ABC transporter permease OppB,3,3,1,3,272,,,,920,920,920,ICDOIP_06045,JCOPOM_08280,JANPHL_04940
group_407,hypothetical protein,hypothetical protein,3,3,1,11,5,,,,248,1385,627,ICDOIP_22030,JCOPOM_23780,JANPHL_22360
UPF0276 protein VP3015,,UPF0276 protein VP3015,3,3,1,13,19,,,,866,866,866,ICDOIP_23050,JCOPOM_23240,JANPHL_23095
group_4071,emrA,Multidrug resistance efflux pump EmrA,3,3,1,5,374,,,,947,947,947,ICDOIP_14300,JCOPOM_12395,JANPHL_13645
rfaL,,O-antigen ligase,3,3,1,1,567,,,,1364,1364,1364,ICDOIP_16675,JCOPOM_14520,JANPHL_16025
group_4073,RNA polymerase subunit sigma,RNA polymerase subunit sigma,3,3,1,9,65,,,,329,329,329,ICDOIP_22450,JCOPOM_20275,JANPHL_22510
tusC,,sulfurtransferase complex subunit TusC,3,3,1,7,43,,,,356,356,356,ICDOIP_19135,JCOPOM_22730,JANPHL_19225
DUF2169 domain-containing protein,,DUF2169 domain-containing protein,3,3,1,1,640,,,,992,992,992,ICDOIP_16330,JCOPOM_20035,JANPHL_16370
group_4076,hisM,"ABC-type amino acid transport system, permease component",3,3,1,1,410,,,,1097,1097,1097,ICDOIP_21870,JCOPOM_13795,JANPHL_22010
kefG,,glutathione-regulated potassium-efflux system ancillary protein KefG,3,3,1,7,33,,,,593,593,593,ICDOIP_19085,JCOPOM_22780,JANPHL_19275
group_4078,icmH,type IVB secretion system protein IcmH/DotU,3,3,1,1,624,,,,791,791,791,ICDOIP_16410,JCOPOM_20115,JANPHL_16290
yejM,,"Periplasmic protein PbgA/YejM, regulator of the LPS biosynthesis, AlkP superfamily",3,3,1,3,310,,,,1808,1808,1808,ICDOIP_05850,JCOPOM_08080,JANPHL_05135
group_408,adhE,Acyl-CoA reductase or other NAD-dependent aldehyde dehydrogenase,3,3,1,11,34,,,,1412,1412,1412,ICDOIP_22170,JCOPOM_21990,JANPHL_22220
Membrane protein,,Membrane protein,3,3,1,1,434,,,,1724,1724,1724,ICDOIP_21995,JCOPOM_13920,JANPHL_21885
cheY,,"CheY-like REC (receiver) domain, includes chemotaxis protein CheY and sporulation regulator Spo0F",3,3,1,2,346,,,,2621,2621,2621,ICDOIP_00665,JCOPOM_01650,JANPHL_03195
vOC,,"Lactoylglutathione lyase-related enzyme, vicinal oxygen chelate (VOC) family",3,3,1,5,208,,,,356,356,356,ICDOIP_09435,JCOPOM_11595,JANPHL_08780
rnfE,,Ion-translocating oxidoreductase complex subunit E,3,3,1,3,288,,,,692,692,692,ICDOIP_05960,JCOPOM_08190,JANPHL_05025
aroG1,,3-deoxy-7-phosphoheptulonate synthase,3,3,1,1,415,,,,1052,1052,1052,ICDOIP_21895,JCOPOM_13820,JANPHL_21985
nadC,,carboxylating nicotinate-nucleotide diphosphorylase,3,3,1,3,683,,,,887,887,887,ICDOIP_03985,JCOPOM_06215,JANPHL_17460
cusA,,Cu/Ag efflux pump CusA,3,3,1,5,365,,,,3140,3140,3140,ICDOIP_14345,JCOPOM_12350,JANPHL_13690
group_4087,doxX,"Uncharacterized membrane protein YphA, DoxX/SURF4 family",3,3,1,2,986,,,,443,443,443,ICDOIP_03370,JCOPOM_14950,JANPHL_00485
hisD,,Histidinol dehydrogenase,3,3,1,1,929,,,,1295,1295,1295,ICDOIP_10505,JCOPOM_04110,JANPHL_09850
salY,,"ABC-type antimicrobial peptide transport system, permease component",3,3,1,3,178,,,,1283,1283,1283,ICDOIP_06510,JCOPOM_16985,JANPHL_04475
group_409,citT,Di- and tricarboxylate antiporter,3,3,1,11,35,,,,1403,1511,1475,ICDOIP_22175,JCOPOM_21995,JANPHL_22215
sdaC,,Amino acid permease,3,3,1,2,283,,,,1256,1256,1256,ICDOIP_00355,JCOPOM_01335,JANPHL_03505
cmk,,(d)CMP kinase,3,3,1,3,213,,,,680,680,680,ICDOIP_06340,JCOPOM_17160,JANPHL_04645
frdD,,fumarate reductase subunit FrdD,3,3,1,10,20,,,,377,377,377,ICDOIP_21260,JCOPOM_21140,JANPHL_21395
cobT,,nicotinate-nucleotide--dimethylbenzimidazole phosphoribosyltransferase,3,3,1,1,768,,,,1043,1043,1043,ICDOIP_11315,JCOPOM_03300,JANPHL_10660
cmoM,,tRNA uridine 5-oxyacetic acid(34) methyltransferase CmoM,3,3,1,1,1010,,,,791,791,791,ICDOIP_08585,JCOPOM_04520,JANPHL_06610
truC,,tRNA pseudouridine(65) synthase TruC,3,3,1,3,485,,,,767,767,767,ICDOIP_04975,JCOPOM_07205,JANPHL_06010
argF,,ornithine carbamoyltransferase,3,3,1,1,170,,,,1004,1004,1004,ICDOIP_18790,JCOPOM_19235,JANPHL_18820
dld,,D-lactate dehydrogenase,3,3,1,2,223,,,,1706,1706,1706,ICDOIP_00055,JCOPOM_01030,JANPHL_03810
group_4098,mutT,CoA pyrophosphatase,3,3,1,3,70,,,,599,599,599,ICDOIP_07055,JCOPOM_16435,JANPHL_03930
group_4099,atoC,"DNA-binding transcriptional response regulator, NtrC family, contains REC, AAA-type ATPase, and a Fis-type DNA-binding domains",3,3,1,10,55,,,,3431,3431,3431,ICDOIP_21400,JCOPOM_21000,JANPHL_21255
group_41,araC,AraC-type DNA-binding domain and AraC-containing proteins,3,3,1,2,233,,,,830,830,830,ICDOIP_00115,JCOPOM_01090,JANPHL_03750
oafA,,"Peptidoglycan/LPS O-acetylase OafA/YrhL, contains acyltransferase and SGNH-hydrolase domains",3,3,1,11,43,,,,1850,1850,1850,ICDOIP_22215,JCOPOM_22035,JANPHL_22175
group_4100,Signal peptide protein,Signal peptide protein,3,3,1,3,187,,,,533,533,533,ICDOIP_06470,JCOPOM_17030,JANPHL_04515
group_4101,katG,catalase/peroxidase HPI,3,3,1,11,40,,,,2171,2174,2173,ICDOIP_22200,JCOPOM_22020,JANPHL_22190
RDD family protein,,RDD family protein,3,3,1,2,688,,,,488,488,488,ICDOIP_02370,JCOPOM_15975,JANPHL_01485
mrp,,"Fe-S cluster carrier ATPase, Mrp/ApbC/NBP35 family",3,3,1,1,560,,,,686,686,686,ICDOIP_16710,JCOPOM_14485,JANPHL_15990
Glutaredoxin-related protein,,Glutaredoxin-related protein,3,3,1,5,405,,,,614,614,614,ICDOIP_14145,JCOPOM_12550,JANPHL_13490
group_4105,fadH,"2,4-dienoyl-CoA reductase or related NADH-dependent reductase, Old Yellow Enzyme (OYE) family",3,3,1,3,316,,,,2012,2012,2012,ICDOIP_05815,JCOPOM_08045,JANPHL_05170
blc,,Bacterial lipocalin Blc,3,3,1,2,234,,,,521,521,521,ICDOIP_00120,JCOPOM_01095,JANPHL_03745
kch,,Voltage-gated potassium channel Kch,3,3,1,5,347,,,,1958,1958,1958,ICDOIP_08760,JCOPOM_12260,JANPHL_08105
cdr,,Rhodanese-related sulfurtransferase,3,3,1,2,180,,,,1703,1703,1703,ICDOIP_20075,JCOPOM_00785,JANPHL_20105
fbpB,,"ABC-type Fe3+ transport system, permease component",3,3,1,3,655,,,,1625,1625,1625,ICDOIP_04125,JCOPOM_06360,JANPHL_17600
group_411,gloA,lactoylglutathione lyase,3,3,1,11,46,,,,386,386,386,ICDOIP_22230,JCOPOM_22050,JANPHL_22160
group_4110,wza,"Periplasmic protein Wza involved in polysaccharide export, contains SLBB domain of the beta-grasp fold",3,3,1,1,559,,,,2102,2102,2102,ICDOIP_16715,JCOPOM_14480,JANPHL_15985
group_4111,salY,"ABC-type antimicrobial peptide transport system, permease component",3,3,1,3,179,,,,1214,1214,1214,ICDOIP_06505,JCOPOM_16990,JANPHL_04480
pbuX,,Xanthine/uracil permease,3,3,1,4,141,,,,1391,1391,1391,ICDOIP_15725,JCOPOM_10165,JANPHL_15090
aslA,,"Arylsulfatase A or related enzyme, AlkP superfamily",3,3,1,5,507,,,,1526,1526,1526,ICDOIP_13310,JCOPOM_18430,JANPHL_12655
cirA,,"Outer membrane receptor protein, Fe transport",3,3,1,2,200,,,,2177,2177,2177,ICDOIP_19975,JCOPOM_00890,JANPHL_20005
group_4115,cheB,Protein-glutamate methylesterase/protein-glutamine glutaminase,3,3,1,3,392,,,,1109,1109,1109,ICDOIP_05445,JCOPOM_07675,JANPHL_05540
Phage-base-V domain-containing protein,,Phage-base-V domain-containing protein,3,3,1,1,643,,,,2078,2078,2078,ICDOIP_16315,JCOPOM_20020,JANPHL_16385
tauE,,"Sulfite exporter TauE/SafE/YfcA and related permeases, UPF0721 family",3,3,1,1,1221,,,,755,755,755,ICDOIP_07550,JCOPOM_05590,JANPHL_07655
lolD,,"ABC-type lipoprotein export system, ATPase component",3,3,1,5,438,,,,713,713,713,ICDOIP_13980,JCOPOM_12715,JANPHL_13325
grxC,,Glutaredoxin,3,3,1,7,89,,,,728,728,728,ICDOIP_19250,JCOPOM_22545,JANPHL_19110
paaI,,"Acyl-CoA thioesterase PaaI, contains HGG motif",3,3,1,11,47,,,,428,428,428,ICDOIP_22235,JCOPOM_22055,JANPHL_22155
ymdB,,O-acetyl-ADP-ribose deacetylase,3,3,1,2,927,,,,512,512,512,ICDOIP_03665,JCOPOM_21685,JANPHL_00190
batB,,"ABC-type amino acid transport system, permease component",3,3,1,1,411,,,,1205,1205,1205,ICDOIP_21875,JCOPOM_13800,JANPHL_22005
holB,,DNA polymerase III subunit delta',3,3,1,3,230,,,,962,962,962,ICDOIP_06255,JCOPOM_17245,JANPHL_04730
group_4123,mgtE,Mg/Co/Ni transporter MgtE (contains CBS domain),3,3,1,11,51,,,,1346,1346,1346,ICDOIP_22250,JCOPOM_22075,JANPHL_22140
ubiX,,Flavin prenyltransferase UbiX,3,3,1,4,324,,,,638,638,638,ICDOIP_12045,JCOPOM_09405,JANPHL_12060
mtnN,,5'-methylthioadenosine/adenosylhomocysteine nucleosidase,3,3,1,2,307,,,,809,809,809,ICDOIP_00470,JCOPOM_01450,JANPHL_03390
group_4126,crp,cAMP-binding domain of CRP or a regulatory subunit of cAMP-dependent protein kinases,3,3,1,3,142,,,,692,692,692,ICDOIP_06675,JCOPOM_16815,JANPHL_04310
Plug domain-containing protein,,Plug domain-containing protein,3,3,1,1,668,,,,365,365,365,ICDOIP_22700,JCOPOM_19905,JANPHL_22715
group_4128,ompA,Outer membrane protein OmpA and related peptidoglycan-associated (lipo)proteins,3,3,1,2,552,,,,905,905,905,ICDOIP_01700,JCOPOM_02670,JANPHL_02160
yeaD2,,"Uncharacterized conserved protein, DUF58 family, contains vWF domain",3,3,1,2,563,,,,926,926,926,ICDOIP_01755,JCOPOM_02725,JANPHL_02105
putative ATPase,,putative ATPase,3,3,1,11,52,,,,536,536,536,ICDOIP_22255,JCOPOM_22080,JANPHL_22135
yeaD,,D-hexose-6-phosphate mutarotase,3,3,1,3,323,,,,884,884,884,ICDOIP_05780,JCOPOM_08010,JANPHL_05205
group_4131,gGDEF,"GGDEF domain, diguanylate cyclase (c-di-GMP synthetase) or its enzymatically inactive variants",3,3,1,1,1084,,,,2003,2003,2003,ICDOIP_08210,JCOPOM_04895,JANPHL_06985
group_4132,bepA,"Outer membrane protein chaperone/metalloprotease BepA/YfgC, contains M48 and TPR domains",3,3,1,3,441,,,,1451,1451,1451,ICDOIP_05200,JCOPOM_07430,JANPHL_05785
trxB,,thioredoxin-disulfide reductase,3,3,1,1,821,,,,959,959,959,ICDOIP_11050,JCOPOM_03565,JANPHL_10395
group_4134,eutG,"Alcohol dehydrogenase, class IV",3,3,1,1,836,,,,1238,1238,1238,ICDOIP_10975,JCOPOM_03640,JANPHL_10320
group_4135,flgL,flagellar hook-associated protein FlgL,3,3,1,1,50,,,,1193,1193,1193,ICDOIP_07370,JCOPOM_21495,JANPHL_07835
tilS,,tRNA(Ile)-lysidine synthase,3,3,1,3,464,,,,1316,1316,1316,ICDOIP_05085,JCOPOM_07315,JANPHL_05900
group_4137,wcaG,Nucleoside-diphosphate-sugar epimerase,3,3,1,3,205,,,,1004,1004,1004,ICDOIP_06380,JCOPOM_17120,JANPHL_04605
putative ATPase of the ABC class,,putative ATPase of the ABC class,3,3,1,2,98,,,,1655,1655,1655,ICDOIP_18350,JCOPOM_00375,JANPHL_18120
toxR,,transcriptional regulator ToxR,3,3,1,1,1219,,,,878,878,878,ICDOIP_07560,JCOPOM_05580,JANPHL_07645
yihS,,"Mannose or cellobiose epimerase, N-acyl-D-glucosamine 2-epimerase family",3,3,1,11,53,,,,1445,1499,1463,ICDOIP_22260,JCOPOM_22085,JANPHL_22130
deaA,,Chitin disaccharide deacetylase,3,3,1,1,101,,,,1283,1283,1283,ICDOIP_18880,JCOPOM_19310,JANPHL_18910
sbcD,,Nuclease SbcCD subunit D,3,3,1,2,241,,,,1133,1133,1133,ICDOIP_00145,JCOPOM_01125,JANPHL_03720
mltB,,Membrane-bound lytic murein transglycosylase B,3,3,1,1,1166,,,,971,971,971,ICDOIP_07825,JCOPOM_05315,JANPHL_07375
group_4143,pqiB,MCE family putative adhesion factor MAM7,3,3,1,1,420,,,,2648,2648,2648,ICDOIP_21925,JCOPOM_13850,JANPHL_21955
DUF945 domain-containing protein,,DUF945 domain-containing protein,3,3,1,2,753,,,,1727,1727,1727,ICDOIP_02675,JCOPOM_15655,JANPHL_01180
fhuE,,Outer membrane receptor for ferric coprogen and ferric-rhodotorulic acid,3,3,1,2,547,,,,2090,2090,2090,ICDOIP_01675,JCOPOM_02645,JANPHL_02185
nadD,,nicotinate-nicotinamide nucleotide adenylyltransferase,3,3,1,5,304,,,,533,533,533,ICDOIP_08975,JCOPOM_12080,JANPHL_08320
group_4147,aceB,malate synthase A,3,3,1,6,21,,,,1628,1628,1628,ICDOIP_15230,JCOPOM_17495,JANPHL_14595
nimA,,"Nitroimidazole reductase NimA or a related FMN-containing flavoprotein, pyridoxamine 5'-phosphate oxidase superfamily",3,3,1,2,457,,,,713,713,713,ICDOIP_01195,JCOPOM_02185,JANPHL_02665
group_4149,eAL,"EAL domain, c-di-GMP-specific phosphodiesterase class I (or its enzymatically inactive variant)",3,3,1,5,606,,,,1466,1466,1466,ICDOIP_13805,JCOPOM_18835,JANPHL_13150
DUF1622 domain-containing protein,,DUF1622 domain-containing protein,3,3,1,11,56,,,,326,458,370,ICDOIP_22275,JCOPOM_22100,JANPHL_22115
group_4150,bisC,Anaerobic selenocysteine-containing dehydrogenase,3,3,1,1,583,,,,2447,2447,2447,ICDOIP_16595,JCOPOM_14600,JANPHL_16105
hpaF,,5-carboxymethyl-2-hydroxymuconate isomerase,3,3,1,4,246,,,,347,347,347,ICDOIP_11655,JCOPOM_09760,JANPHL_12450
cmoB,,tRNA 5-methoxyuridine(34)/uridine 5-oxyacetic acid(34) synthase CmoB,3,3,1,1,1002,,,,971,971,971,ICDOIP_08625,JCOPOM_04480,JANPHL_06570
group_4153,gltD,NADPH-dependent glutamate synthase beta chain or related oxidoreductase,3,3,1,4,445,,,,1412,1412,1412,ICDOIP_12720,JCOPOM_08735,JANPHL_11385
yjaZ,,DUF2268 domain-containing protein,3,3,1,2,876,,,,635,635,635,ICDOIP_03285,JCOPOM_15040,JANPHL_00570
dctM,,C4-dicarboxylate TRAP transporter large permease protein DctM,3,3,1,1,1123,,,,1361,1361,1361,ICDOIP_08005,JCOPOM_05095,JANPHL_07195
marC,,YchE family NAAT transporter,3,3,1,3,302,,,,638,638,638,ICDOIP_05890,JCOPOM_08120,JANPHL_05095
cadC,,lysine decarboxylation/transport transcriptional activator CadC,3,3,1,15,28,,,,1568,1568,1568,ICDOIP_22945,JCOPOM_23345,JANPHL_22990
sSL2,,Superfamily II DNA or RNA helicase,3,3,1,1,856,,,,1751,1751,1751,ICDOIP_10870,JCOPOM_03745,JANPHL_10215
group_4159,hisM,"ABC-type amino acid transport system, permease component",3,3,1,8,100,,,,740,740,740,ICDOIP_19720,JCOPOM_19655,JANPHL_19615
group_416,soxR,"DNA-binding transcriptional regulator, MerR family",3,3,1,11,58,,,,407,428,421,ICDOIP_22285,JCOPOM_22110,JANPHL_22105
yheT,,hydrolase,3,3,1,7,30,,,,1007,1007,1007,ICDOIP_19070,JCOPOM_22795,JANPHL_19290
rseC,,"RseC, positive regulator of sigma E activity",3,3,1,3,735,,,,470,470,470,ICDOIP_20535,JCOPOM_05920,JANPHL_20450
group_4162,gntT,"H+/gluconate symporter GntT or related permease, GntP/DsdX family",3,3,1,2,915,,,,1352,1352,1352,ICDOIP_03730,JCOPOM_21745,JANPHL_00125
glmM,,phosphoglucosamine mutase,3,3,1,3,624,,,,1340,1340,1340,ICDOIP_04280,JCOPOM_06515,JANPHL_17755
yqeY,,"Uncharacterized conserved protein YqeY, may have tRNA amino acid amidase activity",3,3,1,4,517,,,,443,443,443,ICDOIP_12360,JCOPOM_09095,JANPHL_11745
gntT,,"H+/gluconate symporter GntT or related permease, GntP/DsdX family",3,3,1,4,51,,,,1376,1376,1376,ICDOIP_16180,JCOPOM_10625,JANPHL_15545
RCK N-terminal domain-containing protein,,RCK N-terminal domain-containing protein,3,3,1,5,180,,,,1799,1799,1799,ICDOIP_09580,JCOPOM_11430,JANPHL_08925
cHASE1,,Extracytoplasmic sensor domain CHASE1 (specificity unknown),3,3,1,1,589,,,,1541,1541,1541,ICDOIP_16565,JCOPOM_14630,JANPHL_16135
Cyclic nucleotide-binding protein,,Cyclic nucleotide-binding protein,3,3,1,10,53,,,,1826,1826,1826,ICDOIP_21410,JCOPOM_20990,JANPHL_21245
gcvR,,Glycine cleavage system regulator GcvR,3,3,1,3,437,,,,542,542,542,ICDOIP_05220,JCOPOM_07450,JANPHL_05765
DUF2938 domain-containing protein,,DUF2938 domain-containing protein,3,3,1,11,59,,,,503,503,503,ICDOIP_22290,JCOPOM_22115,JANPHL_22100
rnhB,,ribonuclease HII,3,3,1,3,467,,,,635,635,635,ICDOIP_05070,JCOPOM_07300,JANPHL_05915
fruB,,fused PTS fructose transporter subunit IIA/HPr protein,3,3,1,2,43,,,,1130,1130,1130,ICDOIP_18070,JCOPOM_00100,JANPHL_18400
group_4172,atoC,"DNA-binding transcriptional response regulator, NtrC family, contains REC, AAA-type ATPase, and a Fis-type DNA-binding domains",3,3,1,1,562,,,,1544,1544,1544,ICDOIP_16700,JCOPOM_14495,JANPHL_16000
group_4173,gGDEF,"GGDEF domain, diguanylate cyclase (c-di-GMP synthetase) or its enzymatically inactive variants",3,3,1,2,569,,,,2120,2120,2120,ICDOIP_01785,JCOPOM_02755,JANPHL_02075
hslV,,ATP-dependent protease subunit HslV,3,3,1,4,262,,,,551,551,551,ICDOIP_11735,JCOPOM_09715,JANPHL_12370
rsmI,,16S rRNA (cytidine(1402)-2'-O)-methyltransferase,3,3,1,4,476,,,,863,863,863,ICDOIP_12565,JCOPOM_08890,JANPHL_11540
group_4176,ompR,"DNA-binding response regulator, OmpR family, contains REC and winged-helix (wHTH) domain",3,3,1,2,475,,,,713,713,713,ICDOIP_01290,JCOPOM_02280,JANPHL_02570
sdhA,,succinate dehydrogenase flavoprotein subunit,3,3,1,1,1194,,,,1766,1766,1766,ICDOIP_07680,JCOPOM_05460,JANPHL_07520
alaS,,alanine--tRNA ligase,3,3,1,3,709,,,,2582,2582,2582,ICDOIP_20665,JCOPOM_06050,JANPHL_20320
efeB,,Periplasmic deferrochelatase/peroxidase EfeB,3,3,1,3,426,,,,902,902,902,ICDOIP_05275,JCOPOM_07505,JANPHL_05710
group_418,N-acetyltransferase domain-containing protein,N-acetyltransferase domain-containing protein,3,3,1,11,63,,,,392,392,392,ICDOIP_22310,JCOPOM_22135,JANPHL_22080
group_4180,glnA,glutamate--ammonia ligase,3,3,1,4,106,,,,1409,1409,1409,ICDOIP_15900,JCOPOM_10340,JANPHL_15265
nagZ,,beta-N-acetylhexosaminidase,3,3,1,4,383,,,,983,983,983,ICDOIP_13030,JCOPOM_08430,JANPHL_11075
nit2,,"Omega-amidase YafV/Nit2, hydrolyzes alpha-ketoglutaramate",3,3,1,1,138,,,,821,821,821,ICDOIP_18630,JCOPOM_19075,JANPHL_18660
glpC,,"Fe-S cluster-containing oxidoreductase, includes glycolate oxidase subunit GlcF",3,3,1,1,871,,,,770,770,770,ICDOIP_10795,JCOPOM_03820,JANPHL_10140
group_4184,pilW,type IV pilus biogenesis/stability protein PilW,3,3,1,1,244,,,,725,725,725,ICDOIP_17260,JCOPOM_13020,JANPHL_16625
pgm,,"phosphoglucomutase (alpha-D-glucose-1,6-bisphosphate-dependent)",3,3,1,1,1200,,,,1646,1646,1646,ICDOIP_07650,JCOPOM_05490,JANPHL_07550
Capsular biosynthesis protein,,Capsular biosynthesis protein,3,3,1,2,522,,,,833,833,833,ICDOIP_01550,JCOPOM_02520,JANPHL_02310
barA,,two-component sensor histidine kinase BarA,3,3,1,3,727,,,,2798,2798,2798,ICDOIP_20575,JCOPOM_05960,JANPHL_20410
maiA,,maleylacetoacetate isomerase,3,3,1,1,722,,,,668,668,668,ICDOIP_11540,JCOPOM_03070,JANPHL_10885
ubiD,,4-hydroxy-3-polyprenylbenzoate decarboxylase,3,3,1,13,4,,,,1853,1853,1853,ICDOIP_22970,JCOPOM_23320,JANPHL_23015
group_419,tapT,"tRNA U47 aminocarboxypropyltransferaseTapT/TuaA/ YfiP, DTW domain",3,3,1,9,52,,,,614,614,614,ICDOIP_22385,JCOPOM_20210,JANPHL_22575
mmcQ,,"putative DNA-binding protein with ‘double-wing’ structural motif, MmcQ/YjbR family",3,3,1,1,234,,,,353,353,353,ICDOIP_17210,JCOPOM_12970,JANPHL_16575
tldD,,metalloprotease TldD,3,3,1,1,139,,,,1445,1445,1445,ICDOIP_18635,JCOPOM_19080,JANPHL_18665
groL,,chaperonin GroEL,3,3,1,5,190,,,,1598,1598,1598,ICDOIP_09530,JCOPOM_11480,JANPHL_08875
DUF2947 domain-containing protein,,DUF2947 domain-containing protein,3,3,1,3,58,,,,473,473,473,ICDOIP_07115,JCOPOM_16375,JANPHL_03870
group_4194,caiA,Acyl-CoA dehydrogenase related to the alkylation response protein AidB,3,3,1,2,341,,,,1169,1169,1169,ICDOIP_00640,JCOPOM_01625,JANPHL_03220
group_4195,znuB,zinc ABC transporter permease subunit ZnuB,3,3,1,1,1188,,,,785,785,785,ICDOIP_07710,JCOPOM_05430,JANPHL_07490
fur,,ferric iron uptake transcriptional regulator,3,3,1,1,1206,,,,449,449,449,ICDOIP_07620,JCOPOM_05520,JANPHL_07580
moeA,,molybdopterin molybdotransferase MoeA,3,3,1,2,389,,,,1235,1235,1235,ICDOIP_00860,JCOPOM_01850,JANPHL_03000
mutT,,"8-oxo-dGTP pyrophosphatase MutT and related house-cleaning NTP pyrophosphohydrolases, NUDIX family",3,3,1,2,227,,,,515,515,515,ICDOIP_00085,JCOPOM_01060,JANPHL_03780
modB,,molybdate ABC transporter permease subunit,3,3,1,2,149,,,,689,689,689,ICDOIP_20170,JCOPOM_00630,JANPHL_20200
group_42,sbcC,DNA repair exonuclease SbcCD ATPase subunit,3,3,1,2,239,,,,3056,3056,3056,ICDOIP_00140,JCOPOM_01120,JANPHL_03725
dinF,,MATE family efflux transporter DinF,3,3,1,9,32,,,,1343,1343,1343,ICDOIP_22555,JCOPOM_20375,JANPHL_22405
group_4200,atoC,"DNA-binding transcriptional response regulator, NtrC family, contains REC, AAA-type ATPase, and a Fis-type DNA-binding domains",3,3,1,1,931,,,,956,956,956,ICDOIP_10495,JCOPOM_04120,JANPHL_09840
MFS transporter,,MFS transporter,3,3,1,3,168,,,,1019,1019,1019,ICDOIP_06545,JCOPOM_16945,JANPHL_04440
ATP-dependent Zn protease,,ATP-dependent Zn protease,3,3,1,2,154,,,,683,683,683,ICDOIP_20145,JCOPOM_00655,JANPHL_20175
sltY,,murein transglycosylase,3,3,1,4,377,,,,1937,1937,1937,ICDOIP_13065,JCOPOM_08395,JANPHL_11040
group_4204,srmB,Superfamily II DNA and RNA helicase,3,3,1,2,72,,,,1253,1253,1253,ICDOIP_18220,JCOPOM_00245,JANPHL_18250
group_4205,cytC553,Cytochrome c553,3,3,1,3,463,,,,311,311,311,ICDOIP_05090,JCOPOM_07320,JANPHL_05895
group_4206,citB,"DNA-binding response regulator, NarL/FixJ family, contains REC and HTH domains",3,3,1,10,41,,,,629,629,629,ICDOIP_21365,JCOPOM_21035,JANPHL_21290
glnS,,glutamine--tRNA ligase,3,3,1,1,1207,,,,1670,1670,1670,ICDOIP_07615,JCOPOM_05525,JANPHL_07585
slyD,,peptidylprolyl isomerase,3,3,1,7,36,,,,581,581,581,ICDOIP_19100,JCOPOM_22765,JANPHL_19260
argA,,amino-acid N-acetyltransferase,3,3,1,3,535,,,,1337,1337,1337,ICDOIP_04730,JCOPOM_06960,JANPHL_06255
Diphthami-syn-2 domain-containing protein,,Diphthami-syn-2 domain-containing protein,3,3,1,9,3,,,,683,683,683,ICDOIP_22585,JCOPOM_20520,JANPHL_22375
gspL,,type II secretion system protein GspL,3,3,1,4,126,,,,1202,1202,1202,ICDOIP_15800,JCOPOM_10240,JANPHL_15165
group_4211,lolC,"ABC-type transport system involved in lipoprotein release, permease component LolC",3,3,1,1,844,,,,2453,2453,2453,ICDOIP_10930,JCOPOM_03685,JANPHL_10275
group_4212,yqjQ,SDR family oxidoreductase,3,3,1,1,1230,,,,827,827,827,ICDOIP_07505,JCOPOM_05635,JANPHL_07700
group_4213,chlD,vWFA (von Willebrand factor type A) domain of Mg and Co chelatases,3,3,1,5,502,,,,1070,1070,1070,ICDOIP_13285,JCOPOM_18405,JANPHL_12630
mlaB,,"Binding protein subunit MlaB of the ABC-type intermembrane phospholipid transporter Mla, contains STAS domain",3,3,1,1,162,,,,320,320,320,ICDOIP_18750,JCOPOM_19195,JANPHL_18780
tcdA,,tRNA cyclic N6-threonylcarbamoyladenosine(37) synthase TcdA,3,3,1,3,532,,,,809,809,809,ICDOIP_04745,JCOPOM_06975,JANPHL_06240
group_4216,marR,"DNA-binding transcriptional regulator, MarR family",3,3,1,2,787,,,,458,458,458,ICDOIP_02845,JCOPOM_15490,JANPHL_01010
group_4217,plsC,1-acyl-sn-glycerol-3-phosphate acyltransferase,3,3,1,2,465,,,,1853,1853,1853,ICDOIP_01240,JCOPOM_02230,JANPHL_02620
Resolvase,,Resolvase,3,3,1,4,617,,,,341,341,341,ICDOIP_20965,JCOPOM_20630,JANPHL_20910
gspJ,,type II secretion system minor pseudopilin GspJ,3,3,1,4,124,,,,683,683,683,ICDOIP_15810,JCOPOM_10250,JANPHL_15175
DUF4056 domain-containing protein,,DUF4056 domain-containing protein,3,3,1,1,702,,,,1142,1142,1142,ICDOIP_22650,JCOPOM_03045,JANPHL_22765
pepT,,peptidase T,3,3,1,2,409,,,,1229,1229,1229,ICDOIP_00960,JCOPOM_01950,JANPHL_02900
treR,,trehalose operon repressor TreR,3,3,1,6,163,,,,947,947,947,ICDOIP_14545,JCOPOM_18085,JANPHL_13910
group_4222,spoVV,"Spore dipicolinate transporter SpoVV/YjiH/YlbJ, contains nucleoside recognition GATE domain",3,3,1,2,721,,,,737,737,737,ICDOIP_02510,JCOPOM_15815,JANPHL_01345
group_4223,cadA,zinc/cadmium/mercury/lead-transporting ATPase,3,3,1,1,1079,,,,2306,2306,2306,ICDOIP_08240,JCOPOM_04865,JANPHL_06955
ParB/RepB/Spo0J family partition protein,,ParB/RepB/Spo0J family partition protein,3,3,1,4,573,,,,1070,1070,1070,ICDOIP_23790,JCOPOM_20855,JANPHL_23605
dinG,,Rad3-related DNA helicase DinG,3,3,1,1,1177,,,,1919,1919,1919,ICDOIP_07770,JCOPOM_05370,JANPHL_07430
cDC9,,DNA ligase,3,3,1,1,556,,,,842,842,842,ICDOIP_16730,JCOPOM_14465,JANPHL_15970
pdxA,,4-hydroxythreonine-4-phosphate dehydrogenase PdxA,3,3,1,4,344,,,,998,998,998,ICDOIP_12145,JCOPOM_09305,JANPHL_11960
cysI,,assimilatory sulfite reductase (NADPH) hemoprotein subunit,3,3,1,7,58,,,,1736,1736,1736,ICDOIP_19405,JCOPOM_22700,JANPHL_18955
thiG,,Thiazole synthase,3,3,1,13,28,,,,767,773,771,ICDOIP_23090,JCOPOM_23200,JANPHL_23135
group_423,bamA,Outer membrane protein assembly factor BamA,3,3,1,1,691,,,,1181,1181,1181,ICDOIP_22655,JCOPOM_03040,JANPHL_22760
dcuC,,anaerobic C4-dicarboxylate transporter DcuC,3,3,1,5,486,,,,1367,1367,1367,ICDOIP_13205,JCOPOM_18325,JANPHL_12550
DUF2955 domain-containing protein,,DUF2955 domain-containing protein,3,3,1,2,435,,,,1037,1037,1037,ICDOIP_01090,JCOPOM_02080,JANPHL_02770
arcB,,aerobic respiration two-component sensor histidine kinase ArcB,3,3,1,4,439,,,,2351,2351,2351,ICDOIP_12750,JCOPOM_08705,JANPHL_11355
citT,,Di- and tricarboxylate antiporter,3,3,1,10,4,,,,1415,1415,1415,ICDOIP_21180,JCOPOM_21220,JANPHL_21475
vcrD,,SctV family type III secretion system export apparatus subunit VcrD,3,3,1,1,368,,,,2117,2117,2117,ICDOIP_17825,JCOPOM_13595,JANPHL_17190
group_4235,ydeI,"putative periplasmic protein YdeI with OB-fold, BOF family",3,3,1,5,496,,,,335,335,335,ICDOIP_13255,JCOPOM_18375,JANPHL_12600
aF2118,,"putative transcriptional regulator, contains an XRE-type HTH domain (archaeal members contain CBS pair)",3,3,1,3,157,,,,2456,2456,2456,ICDOIP_06600,JCOPOM_16890,JANPHL_04385
DUF2383 domain-containing protein,,DUF2383 domain-containing protein,3,3,1,4,74,,,,431,431,431,ICDOIP_16065,JCOPOM_10510,JANPHL_15430
group_4238,yjhB,"ADP-ribose pyrophosphatase YjhB, NUDIX family",3,3,1,1,389,,,,1532,1532,1532,ICDOIP_17930,JCOPOM_13700,JANPHL_17295
group_4239,acrR,"DNA-binding protein, AcrR family, includes nucleoid occlusion protein SlmA",3,3,1,1,786,,,,788,788,788,ICDOIP_11225,JCOPOM_03390,JANPHL_10570
argE,,Acetylornithine deacetylase/Succinyl-diaminopimelate desuccinylase or related deacylase,3,3,1,1,686,,,,1523,1523,1523,ICDOIP_22680,JCOPOM_19895,JANPHL_22735
pulF,,"Type II secretory pathway, component PulF",3,3,1,3,686,,,,1223,1223,1223,ICDOIP_03970,JCOPOM_06200,JANPHL_17445
cobO,,"cob(I)yrinic acid a,c-diamide adenosyltransferase",3,3,1,3,247,,,,605,605,605,ICDOIP_06170,JCOPOM_17330,JANPHL_04815
cheA,,Chemotaxis protein histidine kinase CheA,3,3,1,3,393,,,,2234,2234,2234,ICDOIP_05440,JCOPOM_07670,JANPHL_05545
ubiH,,2-octaprenyl-6-methoxyphenyl hydroxylase,3,3,1,3,746,,,,1178,1178,1178,ICDOIP_20480,JCOPOM_05865,JANPHL_20505
DUF3360 domain-containing protein,,DUF3360 domain-containing protein,3,3,1,5,324,,,,1457,1457,1457,ICDOIP_08875,JCOPOM_12180,JANPHL_08220
ABC sulfate transporter permease,,ABC sulfate transporter permease,3,3,1,1,239,,,,1088,1088,1088,ICDOIP_17235,JCOPOM_12995,JANPHL_16600
serC,,3-phosphoserine/phosphohydroxythreonine transaminase,3,3,1,1,825,,,,1094,1094,1094,ICDOIP_11030,JCOPOM_03585,JANPHL_10375
group_4247,trxA,Thiol-disulfide isomerase or thioredoxin,3,3,1,3,105,,,,533,533,533,ICDOIP_06880,JCOPOM_16610,JANPHL_04105
mlaE,,lipid asymmetry maintenance ABC transporter permease subunit MlaE,3,3,1,1,159,,,,791,791,791,ICDOIP_18735,JCOPOM_19180,JANPHL_18765
terC,,Tellurite resistance membrane protein TerC,3,3,1,2,83,,,,1019,1019,1019,ICDOIP_18275,JCOPOM_00300,JANPHL_18195
group_425,ygiN,Quinol monooxygenase YgiN,3,3,1,1,667,,,,251,284,262,ICDOIP_22705,JCOPOM_19910,JANPHL_22710
oCDMu,,ornithine cyclodeaminase family protein,3,3,1,1,740,,,,974,974,974,ICDOIP_11455,JCOPOM_03155,JANPHL_10800
"Cyclic di-GMP metabolism protein, combines GGDEF and EAL domains with a 6TM membrane domain",,"Cyclic di-GMP metabolism protein, combines GGDEF and EAL domains with a 6TM membrane domain",3,3,1,4,79,,,,2435,2435,2435,ICDOIP_16040,JCOPOM_10485,JANPHL_15405
ygdD,,DUF423 domain-containing protein,3,3,1,6,177,,,,398,398,398,ICDOIP_14615,JCOPOM_18015,JANPHL_13980
bfr,,bacterioferritin,3,3,1,7,51,,,,476,476,476,ICDOIP_19170,JCOPOM_22475,JANPHL_19190
"ABC-type uncharacterized transport system, periplasmic component",,"ABC-type uncharacterized transport system, periplasmic component",3,3,1,4,59,,,,3140,3140,3140,ICDOIP_16140,JCOPOM_10585,JANPHL_15505
group_4255,elaA,"putative N-acyltransferase, GNAT family",3,3,1,4,298,,,,461,461,461,ICDOIP_11915,JCOPOM_09535,JANPHL_12190
group_4256,Haloacid dehalogenase-like hydrolase,Haloacid dehalogenase-like hydrolase,3,3,1,6,57,,,,980,980,980,ICDOIP_15050,JCOPOM_17675,JANPHL_14415
group_4257,Lipoprotein,Lipoprotein,3,3,1,1,1149,,,,611,611,611,ICDOIP_07875,JCOPOM_05225,JANPHL_07325
cpxA,,envelope stress sensor histidine kinase CpxA,3,3,1,10,34,,,,1403,1403,1403,ICDOIP_21330,JCOPOM_21070,JANPHL_21325
group_4259,mltF,Membrane-bound lytic murein transglycosylase MltF,3,3,1,5,163,,,,746,746,746,ICDOIP_09665,JCOPOM_11340,JANPHL_09010
Inner membrane protein,,Inner membrane protein,3,3,1,1,665,,,,335,335,335,ICDOIP_22715,JCOPOM_19920,JANPHL_22700
pflD,,Pyruvate-formate lyase,3,3,1,2,671,,,,2423,2423,2423,ICDOIP_02290,JCOPOM_16060,JANPHL_01565
group_4261,luxU,Phosphorelay protein LuxU,3,3,1,2,264,,,,335,335,335,ICDOIP_00260,JCOPOM_01240,JANPHL_03600
tyrS,,tyrosine--tRNA ligase,3,3,1,5,266,,,,1259,1259,1259,ICDOIP_09160,JCOPOM_11880,JANPHL_08505
holA,,DNA polymerase III subunit delta,3,3,1,6,147,,,,1019,1019,1019,ICDOIP_14465,JCOPOM_18165,JANPHL_13830
group_4264,dacC,D-alanyl-D-alanine carboxypeptidase,3,3,1,2,496,,,,1169,1169,1169,ICDOIP_01395,JCOPOM_02385,JANPHL_02465
group_4265,araJ,"putative arabinose efflux permease AraJ, MFS family",3,3,1,13,23,,,,1271,1271,1271,ICDOIP_23070,JCOPOM_23220,JANPHL_23115
group_4266,"Signal-transduction protein containing cAMP-binding, CBS, and nucleotidyltransferase domains","Signal-transduction protein containing cAMP-binding, CBS, and nucleotidyltransferase domains",3,3,1,1,299,,,,1880,1880,1880,ICDOIP_17510,JCOPOM_13275,JANPHL_16875
arpD,,"ABC-type protease/lipase transport system, ATPase and permease components",3,3,1,2,556,,,,1718,1718,1718,ICDOIP_01720,JCOPOM_02690,JANPHL_02140
group_4268,ATPase,ATPase,3,3,1,2,430,,,,548,548,548,ICDOIP_01065,JCOPOM_02055,JANPHL_02795
group_427,argA,"N-acetylglutamate synthase or related acetyltransferase, GNAT family",3,3,1,1,664,,,,476,476,476,ICDOIP_22720,JCOPOM_19925,JANPHL_22695
group_4271,araJ,"putative arabinose efflux permease AraJ, MFS family",3,3,1,5,402,,,,1193,1193,1193,ICDOIP_14160,JCOPOM_12535,JANPHL_13505
afuA,,"ABC-type Fe3+ transport system, periplasmic component",3,3,1,2,54,,,,1286,1286,1286,ICDOIP_18125,JCOPOM_00155,JANPHL_18345
Cystatin,,Cystatin,3,3,1,5,97,,,,395,395,395,ICDOIP_10000,JCOPOM_10975,JANPHL_09345
group_4274,DUF2913 domain-containing protein,DUF2913 domain-containing protein,3,3,1,5,100,,,,611,611,611,ICDOIP_09985,JCOPOM_10990,JANPHL_09330
xerC,,tyrosine recombinase XerC,3,3,1,9,49,,,,932,932,932,ICDOIP_22370,JCOPOM_20195,JANPHL_22590
dprA,,DNA-processing protein DprA,3,3,1,8,10,,,,1112,1112,1112,ICDOIP_19845,JCOPOM_19780,JANPHL_19490
gAF,,GAF domain,3,3,1,5,360,,,,1067,1067,1067,ICDOIP_14370,JCOPOM_12325,JANPHL_13715
nudC,,NAD(+) diphosphatase,3,3,1,15,16,,,,782,782,782,ICDOIP_22880,JCOPOM_23410,JANPHL_22925
yiaY,,L-threonine dehydrogenase,3,3,1,5,444,,,,1148,1148,1148,ICDOIP_13950,JCOPOM_12745,JANPHL_13295
yjjW,,Pyruvate-formate lyase-activating enzyme,3,3,1,1,656,,,,881,881,881,ICDOIP_22760,JCOPOM_19965,JANPHL_22655
hutH,,histidine ammonia-lyase,3,3,1,1,799,,,,1535,1535,1535,ICDOIP_11160,JCOPOM_03455,JANPHL_10505
rbsB,,ribose ABC transporter substrate-binding protein RbsB,3,3,1,2,302,,,,878,878,878,ICDOIP_00445,JCOPOM_01425,JANPHL_03415
group_4282,gsiA,"ABC-type glutathione transport system ATPase component, contains duplicated ATPase domain",3,3,1,2,860,,,,932,932,932,ICDOIP_03205,JCOPOM_15120,JANPHL_00650
DUF3461 domain-containing protein,,DUF3461 domain-containing protein,3,3,1,3,484,,,,383,383,383,ICDOIP_04980,JCOPOM_07210,JANPHL_06005
pxpA,,5-oxoprolinase subunit A,3,3,1,2,107,,,,755,755,755,ICDOIP_18395,JCOPOM_00420,JANPHL_18075
wcaG,,Nucleoside-diphosphate-sugar epimerase,3,3,1,1,915,,,,827,827,827,ICDOIP_10575,JCOPOM_04040,JANPHL_09920
DNA repair protein,,DNA repair protein,3,3,1,2,674,,,,512,512,512,ICDOIP_02305,JCOPOM_16045,JANPHL_01550
DUF3103 domain-containing protein,,DUF3103 domain-containing protein,3,3,1,6,96,,,,1190,1190,1190,ICDOIP_14850,JCOPOM_17780,JANPHL_14215
fliO,,flagellar biosynthetic protein FliO,3,3,1,3,404,,,,359,359,359,ICDOIP_05385,JCOPOM_07615,JANPHL_05600
qnrS,,Qnr family pentapeptide repeat protein,3,3,1,2,935,,,,650,650,650,ICDOIP_03625,JCOPOM_21645,JANPHL_00230
fdx,,Ferredoxin,3,3,1,13,3,,,,269,269,269,ICDOIP_22965,JCOPOM_23325,JANPHL_23010
group_4290,eAL,"EAL domain, c-di-GMP-specific phosphodiesterase class I (or its enzymatically inactive variant)",3,3,1,2,47,,,,818,818,818,ICDOIP_18090,JCOPOM_00120,JANPHL_18380
group_4291,gGDEF,"GGDEF domain, diguanylate cyclase (c-di-GMP synthetase) or its enzymatically inactive variants",3,3,1,5,108,,,,1013,1013,1013,ICDOIP_09935,JCOPOM_11040,JANPHL_09280
DUF6795 domain-containing protein,,DUF6795 domain-containing protein,3,3,1,6,61,,,,506,506,506,ICDOIP_15030,JCOPOM_17695,JANPHL_14395
cdaR,,Sugar diacid utilization regulator CdaR,3,3,1,2,916,,,,1142,1142,1142,ICDOIP_03725,JCOPOM_21740,JANPHL_00130
D-Tyr-tRNAtyr deacylase,,D-Tyr-tRNAtyr deacylase,3,3,1,1,1089,,,,3044,3044,3044,ICDOIP_08185,JCOPOM_04920,JANPHL_07010
Long-chain fatty acid--CoA ligase,,Long-chain fatty acid--CoA ligase,3,3,1,1,293,,,,683,683,683,ICDOIP_17480,JCOPOM_13245,JANPHL_16845
group_4296,acrA,Multidrug efflux pump subunit AcrA (membrane-fusion protein),3,3,1,3,181,,,,1133,1133,1133,ICDOIP_06495,JCOPOM_17000,JANPHL_04490
group_4297,lysR,"DNA-binding transcriptional regulator, LysR family",3,3,1,3,166,,,,860,860,860,ICDOIP_06555,JCOPOM_16935,JANPHL_04430
dapD,,"2,3,4,5-tetrahydropyridine-2,6-dicarboxylate N-succinyltransferase",3,3,1,3,544,,,,1031,1031,1031,ICDOIP_04685,JCOPOM_06915,JANPHL_06300
rpiB,,Ribose 5-phosphate isomerase RpiB,3,3,1,2,950,,,,635,635,635,ICDOIP_03550,JCOPOM_21570,JANPHL_00305
Hisitidine kinase,,Hisitidine kinase,3,3,1,2,263,,,,1280,1535,1450,ICDOIP_00255,JCOPOM_01235,JANPHL_03605
DUF2063 domain-containing protein,,DUF2063 domain-containing protein,3,3,1,13,20,,,,758,758,758,ICDOIP_23055,JCOPOM_23235,JANPHL_23100
btuB,,Vitamin B12 transporter BtuB,3,3,1,9,4,,,,1874,1874,1874,ICDOIP_22580,JCOPOM_20515,JANPHL_22380
Signal transduction histidine kinase regulating phosphoglycerate transport system,,Signal transduction histidine kinase regulating phosphoglycerate transport system,3,3,1,2,55,,,,2354,2354,2354,ICDOIP_18130,JCOPOM_00160,JANPHL_18340
rarD,,EamA family transporter RarD,3,3,1,13,13,,,,914,914,914,ICDOIP_23015,JCOPOM_23275,JANPHL_23060
group_4303,nhaC,Na+/H+ antiporter NhaC,3,3,1,3,305,,,,1433,1433,1433,ICDOIP_05875,JCOPOM_08105,JANPHL_05110
fimD,,Outer membrane usher protein FimD/PapC,3,3,1,2,615,,,,2435,2435,2435,ICDOIP_02015,JCOPOM_02980,JANPHL_01845
group_4305,araC,AraC-type DNA-binding domain and AraC-containing proteins,3,3,1,2,59,,,,881,881,881,ICDOIP_18150,JCOPOM_00180,JANPHL_18320
mntH,,Nramp family divalent metal transporter,3,3,1,1,142,,,,1265,1265,1265,ICDOIP_18650,JCOPOM_19095,JANPHL_18680
ydfG,,NADP-dependent 3-hydroxy acid dehydrogenase YdfG,3,3,1,2,474,,,,719,719,719,ICDOIP_01285,JCOPOM_02275,JANPHL_02575
def,,peptide deformylase,3,3,1,11,57,,,,506,506,506,ICDOIP_22280,JCOPOM_22105,JANPHL_22110
putative transglutaminase-like protein,,putative transglutaminase-like protein,3,3,1,2,839,,,,683,683,683,ICDOIP_03100,JCOPOM_15225,JANPHL_00755
thiF,,thiazole biosynthesis adenylyltransferase ThiF,3,3,1,13,33,,,,782,782,782,ICDOIP_23100,JCOPOM_23190,JANPHL_23145
group_4310,recQ,ATP-dependent DNA helicase RecQ,3,3,1,13,12,,,,1835,1835,1835,ICDOIP_23010,JCOPOM_23280,JANPHL_23055
group_4311,Pilus assembly protein,Pilus assembly protein,3,3,1,3,579,,,,464,464,464,ICDOIP_04515,JCOPOM_06750,JANPHL_17990
rodZ,,cytoskeleton protein RodZ,3,3,1,6,43,,,,950,950,950,ICDOIP_15120,JCOPOM_17605,JANPHL_14485
group_4313,cheY,"CheY-like REC (receiver) domain, includes chemotaxis protein CheY and sporulation regulator Spo0F",3,3,1,2,448,,,,2636,2636,2636,ICDOIP_01150,JCOPOM_02140,JANPHL_02710
group_4314,ompR,"DNA-binding response regulator, OmpR family, contains REC and winged-helix (wHTH) domain",3,3,1,2,627,,,,731,731,731,ICDOIP_02070,JCOPOM_16280,JANPHL_01790
araB,,ribulokinase,3,3,1,2,779,,,,1703,1703,1703,ICDOIP_02805,JCOPOM_15530,JANPHL_01050
wza,,"Periplasmic protein Wza involved in polysaccharide export, contains SLBB domain of the beta-grasp fold",3,3,1,2,705,,,,1121,1121,1121,ICDOIP_02455,JCOPOM_15890,JANPHL_01400
group_4317,rfaB,Glycosyltransferase involved in cell wall bisynthesis,3,3,1,1,564,,,,1184,1184,1184,ICDOIP_16690,JCOPOM_14505,JANPHL_16010
group_4318,marR,MarR family transcriptional regulator,3,3,1,3,613,,,,413,413,413,ICDOIP_04345,JCOPOM_06580,JANPHL_17820
cysC,,Adenylyl-sulfate kinase,3,3,1,4,306,,,,617,617,617,ICDOIP_11955,JCOPOM_09495,JANPHL_12150
group_432,thiE,thiamine phosphate synthase,3,3,1,13,32,,,,1334,1334,1334,ICDOIP_23105,JCOPOM_23185,JANPHL_23150
amtB,,Ammonia channel protein AmtB,3,3,1,1,512,,,,1220,1220,1220,ICDOIP_16935,JCOPOM_14260,JANPHL_15765
miaA,,tRNA (adenosine(37)-N6)-dimethylallyltransferase MiaA,3,3,1,7,5,,,,932,932,932,ICDOIP_18945,JCOPOM_22920,JANPHL_19415
lapB,,lipopolysaccharide assembly protein LapB,3,3,1,3,209,,,,1175,1175,1175,ICDOIP_06360,JCOPOM_17140,JANPHL_04625
trmA,,tRNA (uridine(54)-C5)-methyltransferase TrmA,3,3,1,9,5,,,,1109,1109,1109,ICDOIP_22575,JCOPOM_20510,JANPHL_22385
uvrC,,excinuclease ABC subunit UvrC,3,3,1,3,126,,,,1832,1832,1832,ICDOIP_06755,JCOPOM_16735,JANPHL_04230
group_4325,mmsB,3-hydroxyisobutyrate dehydrogenase or related beta-hydroxyacid dehydrogenase,3,3,1,2,531,,,,878,878,878,ICDOIP_01595,JCOPOM_02565,JANPHL_02265
Class I SAM-dependent methyltransferase,,Class I SAM-dependent methyltransferase,3,3,1,2,431,,,,623,623,623,ICDOIP_01070,JCOPOM_02060,JANPHL_02790
pTR2,,Dipeptide/tripeptide permease,3,3,1,5,157,,,,1496,1496,1496,ICDOIP_09695,JCOPOM_11310,JANPHL_09040
ushA,,bifunctional UDP-sugar hydrolase/5'-nucleotidase UshA,3,3,1,1,13,,,,1682,1682,1682,ICDOIP_07185,JCOPOM_21310,JANPHL_08020
group_4329,kdpD,K+-sensing histidine kinase KdpD,3,3,1,3,147,,,,2552,2552,2552,ICDOIP_06650,JCOPOM_16840,JANPHL_04335
yadS,,Uncharacterized membrane protein YeiH,3,3,1,3,364,,,,623,623,623,ICDOIP_05580,JCOPOM_07810,JANPHL_05405
ybbP,,"putative ABC-type transport system involved in lysophospholipase L1 biosynthesis, permease component",3,3,1,2,103,,,,2456,2456,2456,ICDOIP_18375,JCOPOM_00400,JANPHL_18095
ompV,,"Outer membrane scaffolding protein for murein synthesis, MipA/OmpV family",3,3,1,5,221,,,,776,776,776,ICDOIP_09370,JCOPOM_11660,JANPHL_08715
ycxB,,YcxB domain-containing protein,3,3,1,2,27,,,,494,494,494,ICDOIP_17995,JCOPOM_00025,JANPHL_18475
rbsA,,ribose ABC transporter ATP-binding protein RbsA,3,3,1,2,304,,,,1505,1505,1505,ICDOIP_00455,JCOPOM_01435,JANPHL_03405
group_4335,acrA,efflux RND transporter periplasmic adaptor subunit VmeH,3,3,1,1,891,,,,1085,1085,1085,ICDOIP_10695,JCOPOM_03920,JANPHL_10040
estA,,"Triacylglycerol esterase/lipase EstA, alpha/beta hydrolase fold",3,3,1,1,887,,,,929,929,929,ICDOIP_10715,JCOPOM_03900,JANPHL_10060
mnmG,,tRNA uridine-5-carboxymethylaminomethyl(34) synthesis enzyme MnmG,3,3,1,8,86,,,,1895,1895,1895,ICDOIP_19650,JCOPOM_19585,JANPHL_19685
group_4338,citB,"DNA-binding response regulator, NarL/FixJ family, contains REC and HTH domains",3,3,1,11,14,,,,605,605,605,ICDOIP_22070,JCOPOM_21890,JANPHL_22320
tPR,,TPR repeat,3,3,1,2,743,,,,1196,1196,1196,ICDOIP_02620,JCOPOM_15705,JANPHL_01235
group_434,hypothetical protein,hypothetical protein,3,3,1,4,678,,,,482,965,643,ICDOIP_23305,JCOPOM_22255,JANPHL_23350
group_4340,fadL,Long-chain fatty acid transport protein,3,3,1,5,127,,,,1343,1343,1343,ICDOIP_09840,JCOPOM_11165,JANPHL_09185
topB,,DNA topoisomerase IA,3,3,1,3,314,,,,1964,1964,1964,ICDOIP_05825,JCOPOM_08055,JANPHL_05160
fAA1,,Long-chain acyl-CoA synthetase (AMP-forming),3,3,1,4,357,,,,1808,1808,1808,ICDOIP_12210,JCOPOM_09240,JANPHL_11895
Beta-galactosidase,,Beta-galactosidase,3,3,1,1,173,,,,800,800,800,ICDOIP_18805,JCOPOM_19250,JANPHL_18835
sapD,,"ABC-type antimicrobial peptide export system, ATPase component SapD",3,3,1,1,900,,,,995,995,995,ICDOIP_10650,JCOPOM_03965,JANPHL_09995
torD,,molecular chaperone TorD,3,3,1,1,1013,,,,647,647,647,ICDOIP_08570,JCOPOM_04535,JANPHL_06625
yejK,,nucleoid-associated protein YejK,3,3,1,3,308,,,,998,998,998,ICDOIP_05860,JCOPOM_08090,JANPHL_05125
group_4347,acrA,Multidrug efflux pump subunit AcrA (membrane-fusion protein),3,3,1,5,262,,,,1082,1082,1082,ICDOIP_09180,JCOPOM_11860,JANPHL_08525
hemD,,uroporphyrinogen-III synthase,3,3,1,9,42,,,,728,728,728,ICDOIP_22335,JCOPOM_20160,JANPHL_22625
recN,,DNA repair protein RecN,3,3,1,6,95,,,,1664,1664,1664,ICDOIP_14855,JCOPOM_17775,JANPHL_14220
SSU ribosomal protein S2p,,SSU ribosomal protein S2p,3,3,1,4,2,,,,1361,1490,1404,ICDOIP_23505,JCOPOM_22455,JANPHL_23550
trbC,,Conjugal transfer protein TrbC,3,3,1,4,660,,,,329,329,329,ICDOIP_23585,JCOPOM_22165,JANPHL_23565
group_4351,ushA,"2',3'-cyclic-nucleotide 2'-phosphodiesterase/5'- or 3'-nucleotidase, 5'-nucleotidase family",3,3,1,2,82,,,,1742,1742,1742,ICDOIP_18270,JCOPOM_00295,JANPHL_18200
group_4352,acrB,efflux RND transporter permease subunit VmeQ,3,3,1,5,355,,,,3140,3140,3140,ICDOIP_14395,JCOPOM_12300,JANPHL_13740
group_4353,hisJ,"ABC-type amino acid transport/signal transduction system, periplasmic component/domain",3,3,1,5,551,,,,743,743,743,ICDOIP_13525,JCOPOM_18640,JANPHL_12870
group_4354,yejM,"Periplasmic protein PbgA/YejM, regulator of the LPS biosynthesis, AlkP superfamily",3,3,1,3,540,,,,1823,1823,1823,ICDOIP_04705,JCOPOM_06935,JANPHL_06280
gspC,,type II secretion system protein GspC,3,3,1,4,117,,,,923,923,923,ICDOIP_15845,JCOPOM_10285,JANPHL_15210
group_4356,dnaK,molecular chaperone DnaK,3,3,1,6,100,,,,1913,1913,1913,ICDOIP_14830,JCOPOM_17800,JANPHL_14195
acpS,,Holo-[acyl-carrier-protein] synthase,3,3,1,3,728,,,,380,380,380,ICDOIP_20570,JCOPOM_05955,JANPHL_20415
aRO8,,"DNA-binding transcriptional regulator, MocR family, contains an aminotransferase domain",3,3,1,2,456,,,,1436,1436,1436,ICDOIP_01190,JCOPOM_02180,JANPHL_02670
tamA,,Outer membrane translocation and assembly module TamA,3,3,1,4,317,,,,1712,1712,1712,ICDOIP_12010,JCOPOM_09440,JANPHL_12095
T2SS,,T2SS,3,3,1,4,675,,,,1004,1004,1004,ICDOIP_23510,JCOPOM_22240,JANPHL_23990
group_4360,acrB,Multidrug efflux pump subunit AcrB,3,3,1,2,175,,,,3308,3308,3308,ICDOIP_20105,JCOPOM_00760,JANPHL_20135
Ribonuclease,,Ribonuclease,3,3,1,8,17,,,,584,584,584,ICDOIP_19810,JCOPOM_19745,JANPHL_19525
cysZ,,sulfate transporter CysZ,3,3,1,1,59,,,,743,743,743,ICDOIP_07415,JCOPOM_21540,JANPHL_07790
group_4363,mdlB,"ABC-type multidrug transport system, ATPase and permease component",3,3,1,1,422,,,,1796,1796,1796,ICDOIP_21935,JCOPOM_13860,JANPHL_21945
group_4364,aroG1,3-deoxy-7-phosphoheptulonate synthase,3,3,1,4,382,,,,1073,1073,1073,ICDOIP_13035,JCOPOM_08425,JANPHL_11070
group_4365,phnD,"ABC-type phosphate/phosphonate transport system, periplasmic component",3,3,1,1,243,,,,929,929,929,ICDOIP_17255,JCOPOM_13015,JANPHL_16620
dtd,,D-aminoacyl-tRNA deacylase,3,3,1,4,111,,,,434,434,434,ICDOIP_15875,JCOPOM_10315,JANPHL_15240
group_4367,DNA primase,DNA primase,3,3,1,1,286,,,,383,383,383,ICDOIP_17445,JCOPOM_13210,JANPHL_16810
Glutamate synthase,,Glutamate synthase,3,3,1,11,39,,,,1541,1541,1541,ICDOIP_22195,JCOPOM_22015,JANPHL_22195
srkA,,serine/threonine protein kinase,3,3,1,8,22,,,,1004,1004,1004,ICDOIP_19785,JCOPOM_19720,JANPHL_19550
DUF1460 domain-containing protein,,DUF1460 domain-containing protein,3,3,1,4,571,,,,500,581,554,ICDOIP_23800,JCOPOM_20845,JANPHL_23615
deoR,,"DNA-binding transcriptional regulator LsrR, DeoR family",3,3,1,2,396,,,,1001,1001,1001,ICDOIP_00895,JCOPOM_01885,JANPHL_02965
ilvY,,HTH-type transcriptional activator IlvY,3,3,1,18,4,,,,890,890,890,ICDOIP_24075,JCOPOM_23585,JANPHL_24060
group_4372,atoC,"DNA-binding transcriptional response regulator, NtrC family, contains REC, AAA-type ATPase, and a Fis-type DNA-binding domains",3,3,1,5,90,,,,1355,1355,1355,ICDOIP_10035,JCOPOM_10940,JANPHL_09380
fepA,,Outer membrane receptor for ferrienterochelin and colicins,3,3,1,2,579,,,,2138,2138,2138,ICDOIP_01835,JCOPOM_02800,JANPHL_02025
group_4374,rhaT,Permease of the drug/metabolite transporter (DMT) superfamily,3,3,1,4,80,,,,908,908,908,ICDOIP_16035,JCOPOM_10480,JANPHL_15400
emrD,,multidrug efflux MFS transporter EmrD,3,3,1,5,76,,,,1205,1205,1205,ICDOIP_10115,JCOPOM_10860,JANPHL_09460
group_4376,cheY,"CheY-like REC (receiver) domain, includes chemotaxis protein CheY and sporulation regulator Spo0F",3,3,1,3,68,,,,1700,1700,1700,ICDOIP_07065,JCOPOM_16425,JANPHL_03920
mnaT,,L-amino acid N-acyltransferase MnaT,3,3,1,2,113,,,,2633,2633,2633,ICDOIP_18425,JCOPOM_00450,JANPHL_18045
mrcA,,Membrane carboxypeptidase/penicillin-binding protein,3,3,1,7,87,,,,2570,2570,2570,ICDOIP_19260,JCOPOM_22555,JANPHL_19100
group_4379,lysR,"DNA-binding transcriptional regulator, LysR family",3,3,1,2,923,,,,914,914,914,ICDOIP_03685,JCOPOM_21705,JANPHL_00170
Ig-like protein group 2,,Ig-like protein group 2,3,3,1,4,570,,,,4886,4889,4887,ICDOIP_23805,JCOPOM_20840,JANPHL_23620
pstA,,phosphate ABC transporter permease PstA,3,3,1,6,13,,,,1673,1673,1673,ICDOIP_15270,JCOPOM_17460,JANPHL_14635
group_4381,tag,3-methyladenine DNA glycosylase Tag,3,3,1,1,594,,,,686,686,686,ICDOIP_16540,JCOPOM_14655,JANPHL_16160
group_4382,amyA,alpha-amylase,3,3,1,8,48,,,,2084,2084,2084,ICDOIP_19480,JCOPOM_19415,JANPHL_19855
group_4383,ptsN,Phosphotransferase system mannitol/fructose-specific IIA domain (Ntr-type),3,3,1,2,536,,,,1907,1907,1907,ICDOIP_01620,JCOPOM_02590,JANPHL_02240
xRE,,"DNA-binding transcriptional regulator, XRE-family HTH domain",3,3,1,5,256,,,,815,815,815,ICDOIP_09210,JCOPOM_11830,JANPHL_08555
group_4385,OMP-b-brl domain-containing protein,OMP-b-brl domain-containing protein,3,3,1,1,575,,,,515,515,515,ICDOIP_16635,JCOPOM_14560,JANPHL_16065
dnaX,,DNA polymerase III subunit gamma/tau,3,3,1,3,343,,,,2135,2135,2135,ICDOIP_05680,JCOPOM_07910,JANPHL_05305
napG,,ferredoxin-type protein NapG,3,3,1,2,598,,,,770,770,770,ICDOIP_01930,JCOPOM_02895,JANPHL_01930
murA,,UDP-N-acetylglucosamine 1-carboxyvinyltransferase,3,3,1,1,164,,,,1256,1256,1256,ICDOIP_18760,JCOPOM_19205,JANPHL_18790
putA2,,Delta 1-pyrroline-5-carboxylate dehydrogenase,3,3,1,2,830,,,,707,707,707,ICDOIP_03055,JCOPOM_15275,JANPHL_00800
C2 domain-containing protein,,C2 domain-containing protein,3,3,1,1,481,,,,353,359,357,ICDOIP_24170,JCOPOM_14110,JANPHL_24155
uhpC,,Sugar phosphate permease,3,3,1,2,53,,,,1379,1379,1379,ICDOIP_18120,JCOPOM_00150,JANPHL_18350
dapE,,succinyl-diaminopimelate desuccinylase,3,3,1,3,432,,,,1136,1136,1136,ICDOIP_05245,JCOPOM_07475,JANPHL_05740
nqrC,,Na(+)-translocating NADH-quinone reductase subunit C,3,3,1,3,511,,,,785,785,785,ICDOIP_04840,JCOPOM_07070,JANPHL_06145
mutK,,"Membrane protein MutK/YedI, may be involved in DNA repair",3,3,1,5,299,,,,905,905,905,ICDOIP_09000,JCOPOM_12055,JANPHL_08345
group_4394,tssM,type VI secretion system membrane subunit TssM,3,3,1,1,630,,,,3389,3389,3389,ICDOIP_16380,JCOPOM_20085,JANPHL_16320
murQ,,N-acetylmuramic acid 6-phosphate etherase,3,3,1,4,385,,,,926,926,926,ICDOIP_13020,JCOPOM_08440,JANPHL_11085
cysQ,,"3'(2'),5'-bisphosphate nucleotidase CysQ",3,3,1,4,129,,,,827,827,827,ICDOIP_15785,JCOPOM_10225,JANPHL_15150
putative periplasmic protein,,putative periplasmic protein,3,3,1,5,65,,,,539,539,539,ICDOIP_10165,JCOPOM_10810,JANPHL_09510
group_4398,araJ,"putative arabinose efflux permease AraJ, MFS family",3,3,1,2,766,,,,1205,1205,1205,ICDOIP_02740,JCOPOM_15595,JANPHL_01115
macB,,Macrolide export ATP-binding/permease protein MacB,3,3,1,5,129,,,,1964,1964,1964,ICDOIP_09830,JCOPOM_11175,JANPHL_09175
fbpA,,Fur-regulated basic protein FbpA,3,3,1,2,265,,,,191,191,191,ICDOIP_00265,JCOPOM_01245,JANPHL_03595
AsnC-trans-reg domain-containing protein,,AsnC-trans-reg domain-containing protein,3,3,1,1,484,,,,215,215,215,ICDOIP_24180,JCOPOM_14120,JANPHL_24165
Fimbrial assembly protein,,Fimbrial assembly protein,3,3,1,4,672,,,,1130,1130,1130,ICDOIP_23525,JCOPOM_22225,JANPHL_24045
glgX,,glycogen debranching protein GlgX,3,3,1,2,750,,,,1991,1991,1991,ICDOIP_02660,JCOPOM_15670,JANPHL_01195
recO,,DNA repair protein RecO,3,3,1,3,730,,,,731,731,731,ICDOIP_20560,JCOPOM_05945,JANPHL_20425
ftsI,,"Cell division protein FtsI, peptidoglycan transpeptidase (Penicillin-binding protein 2)",3,3,1,4,473,,,,1793,1793,1793,ICDOIP_12585,JCOPOM_08870,JANPHL_11520
HEPN-Toprim-N domain-containing protein,,HEPN-Toprim-N domain-containing protein,3,3,1,1,417,,,,1352,1352,1352,ICDOIP_21905,JCOPOM_13830,JANPHL_21975
group_4405,potD,Spermidine/putrescine-binding periplasmic protein,3,3,1,1,508,,,,1031,1031,1031,ICDOIP_16955,JCOPOM_14240,JANPHL_15745
serB,,phosphoserine phosphatase,3,3,1,3,594,,,,980,980,980,ICDOIP_04440,JCOPOM_06675,JANPHL_17915
putative deacylase,,putative deacylase,3,3,1,2,231,,,,995,995,995,ICDOIP_00105,JCOPOM_01080,JANPHL_03760
proX,,glycine betaine/L-proline ABC transporter substrate-binding protein ProX,3,3,1,1,296,,,,1007,1007,1007,ICDOIP_17495,JCOPOM_13260,JANPHL_16860
araA,,L-arabinose isomerase,3,3,1,2,781,,,,1493,1493,1493,ICDOIP_02815,JCOPOM_15520,JANPHL_01040
DUF1801 domain-containing protein,,DUF1801 domain-containing protein,3,3,1,12,33,,,,230,404,346,ICDOIP_24295,JCOPOM_23000,JANPHL_24290
group_4410,DUF11 domain-containing protein,DUF11 domain-containing protein,3,3,1,2,210,,,,1634,1634,1634,ICDOIP_19925,JCOPOM_00940,JANPHL_19955
group_4411,cheY,"CheY-like REC (receiver) domain, includes chemotaxis protein CheY and sporulation regulator Spo0F",3,3,1,1,977,,,,2420,2420,2420,ICDOIP_10260,JCOPOM_04355,JANPHL_09605
luxS,,S-ribosylhomocysteine lyase,3,3,1,3,698,,,,518,518,518,ICDOIP_03910,JCOPOM_06140,JANPHL_17385
dinP,,Nucleotidyltransferase/DNA polymerase DinP involved in DNA repair,3,3,1,3,217,,,,1403,1403,1403,ICDOIP_06320,JCOPOM_17180,JANPHL_04665
cobC,,alpha-ribazole phosphatase,3,3,1,1,765,,,,614,614,614,ICDOIP_11330,JCOPOM_03285,JANPHL_10675
hDOD,,"HD-like signal output (HDOD) domain, no enzymatic activity",3,3,1,1,831,,,,920,920,920,ICDOIP_11000,JCOPOM_03615,JANPHL_10345
sixA,,phosphohistidine phosphatase SixA,3,3,1,3,368,,,,464,464,464,ICDOIP_05560,JCOPOM_07790,JANPHL_05425
lytT,,"DNA-binding response regulator, LytR/AlgR family",3,3,1,2,875,,,,791,791,791,ICDOIP_03280,JCOPOM_15045,JANPHL_00575
group_4418,ptsH,HPr or related phosphotransfer protein,3,3,1,2,534,,,,776,776,776,ICDOIP_01610,JCOPOM_02580,JANPHL_02250
vcrH,,SycD/LcrH family type III secretion system chaperone VcrH,3,3,1,1,372,,,,488,488,488,ICDOIP_17845,JCOPOM_13615,JANPHL_17210
group_442,yhfA,Uncharacterized OsmC-related protein,3,3,1,12,24,,,,407,407,407,ICDOIP_24470,JCOPOM_22995,JANPHL_24495
acuC,,Acetoin utilization deacetylase AcuC or a related deacetylase,3,3,1,3,311,,,,908,908,908,ICDOIP_05840,JCOPOM_08070,JANPHL_05145
group_4421,"Ca2+-binding protein, RTX toxin-related","Ca2+-binding protein, RTX toxin-related",3,3,1,2,557,,,,590,590,590,ICDOIP_01725,JCOPOM_02695,JANPHL_02135
Gonadoliberin III,,Gonadoliberin III,3,3,1,1,1004,,,,1505,1505,1505,ICDOIP_08615,JCOPOM_04490,JANPHL_06580
cfa,,Cyclopropane fatty-acyl-phospholipid synthase and related methyltransferases,3,3,1,1,943,,,,1256,1256,1256,ICDOIP_10435,JCOPOM_04180,JANPHL_09780
group_4424,pAS,PAS domain,3,3,1,5,604,,,,1550,1550,1550,ICDOIP_13795,JCOPOM_18825,JANPHL_13140
group_4425,citT,Di- and tricarboxylate antiporter,3,3,1,1,816,,,,1370,1370,1370,ICDOIP_11075,JCOPOM_03540,JANPHL_10420
DUF3080 domain-containing protein,,DUF3080 domain-containing protein,3,3,1,1,555,,,,1010,1010,1010,ICDOIP_16735,JCOPOM_14460,JANPHL_15965
nikD,,nickel import ATP-binding protein NikD,3,3,1,2,606,,,,1631,1631,1631,ICDOIP_01970,JCOPOM_02935,JANPHL_01890
fhlA,,"FhlA-type transcriptional regulator, contains GAF, AAA-type ATPase, and DNA-binding Fis domains",3,3,1,1,646,,,,1631,1631,1631,ICDOIP_16300,JCOPOM_20005,JANPHL_16400
ahpF,,alkyl hydroperoxide reductase subunit F,3,3,1,2,789,,,,1568,1568,1568,ICDOIP_02855,JCOPOM_15480,JANPHL_01000
group_4430,rhaT,Permease of the drug/metabolite transporter (DMT) superfamily,3,3,1,2,433,,,,926,926,926,ICDOIP_01080,JCOPOM_02070,JANPHL_02780
group_4431,argE,acetylornithine deacetylase,3,3,1,7,95,,,,1136,1136,1136,ICDOIP_19210,JCOPOM_22515,JANPHL_19150
DUF3139 domain-containing protein,,DUF3139 domain-containing protein,3,3,1,5,371,,,,371,371,371,ICDOIP_14315,JCOPOM_12380,JANPHL_13660
group_4433,Uncharacterized membrane protein,Uncharacterized membrane protein,3,3,1,1,182,,,,1268,1268,1268,ICDOIP_18850,JCOPOM_19295,JANPHL_18880
group_4434,sPS1,Serine/threonine protein kinase,3,3,1,2,262,,,,2141,2141,2141,ICDOIP_00250,JCOPOM_01230,JANPHL_03610
group_4435,lolD,"ABC-type lipoprotein export system, ATPase component",3,3,1,4,311,,,,728,728,728,ICDOIP_11980,JCOPOM_09470,JANPHL_12125
parC,,DNA topoisomerase IV subunit A,3,3,1,4,492,,,,2285,2285,2285,ICDOIP_12485,JCOPOM_08970,JANPHL_11620
adhE,,Acyl-CoA reductase or other NAD-dependent aldehyde dehydrogenase,3,3,1,1,324,,,,1520,1520,1520,ICDOIP_17625,JCOPOM_13400,JANPHL_16990
group_4438,srmB,Superfamily II DNA and RNA helicase,3,3,1,5,462,,,,1250,1250,1250,ICDOIP_13860,JCOPOM_18890,JANPHL_13205
ptsP,,phosphoenolpyruvate--protein phosphotransferase,3,3,1,4,405,,,,2246,2246,2246,ICDOIP_12920,JCOPOM_08540,JANPHL_11185
dsbD,,"Uncharacterized membrane protein, DsbD domain",3,3,1,1,497,,,,677,677,677,ICDOIP_17005,JCOPOM_14185,JANPHL_15695
group_4441,dnaQ,"DNA polymerase III, epsilon subunit or related 3'-5' exonuclease",3,3,1,3,85,,,,719,719,719,ICDOIP_06980,JCOPOM_16510,JANPHL_04005
degQ,,"Periplasmic serine protease, S1-C subfamily, contain C-terminal PDZ domain",3,3,1,4,490,,,,1367,1367,1367,ICDOIP_12495,JCOPOM_08960,JANPHL_11610
group_4443,walK,Sensor histidine kinase WalK,3,3,1,3,643,,,,3335,3335,3335,ICDOIP_04185,JCOPOM_06420,JANPHL_17660
cytC5,,Cytochrome c5,3,3,1,18,1,,,,422,422,422,ICDOIP_24110,JCOPOM_23620,JANPHL_24095
group_4445,nupC,Nucleoside permease NupC,3,3,1,1,1164,,,,1199,1199,1199,ICDOIP_07835,JCOPOM_05305,JANPHL_07365
Tyrosine-protein kinase ptk,,Tyrosine-protein kinase ptk,3,3,1,2,518,,,,2180,2180,2180,ICDOIP_01530,JCOPOM_02500,JANPHL_02330
motX,,Sodium-type polar flagellar protein MotX,3,3,1,7,12,,,,635,635,635,ICDOIP_18980,JCOPOM_22885,JANPHL_19380
tamB,,Autotransporter translocation and assembly protein TamB,3,3,1,4,318,,,,3767,3767,3767,ICDOIP_12015,JCOPOM_09435,JANPHL_12090
hinT,,"Purine nucleoside phosphoramidase/Ap4A hydrolase, histidine triade (HIT) family",3,3,1,1,1181,,,,428,428,428,ICDOIP_07750,JCOPOM_05390,JANPHL_07450
glgB,,"1,4-alpha-glucan branching protein GlgB",3,3,1,2,725,,,,2267,2267,2267,ICDOIP_02530,JCOPOM_15795,JANPHL_01325
group_4451,pqiA,Intermembrane transporter PqiABC subunit PqiA,3,3,1,1,421,,,,1247,1247,1247,ICDOIP_21930,JCOPOM_13855,JANPHL_21950
group_4452,Lysyl-tRNA synthetase,Lysyl-tRNA synthetase,3,3,1,10,12,,,,1127,1127,1127,ICDOIP_21220,JCOPOM_21180,JANPHL_21435
group_4453,gGDEF,"GGDEF domain, diguanylate cyclase (c-di-GMP synthetase) or its enzymatically inactive variants",3,3,1,2,144,,,,1244,1244,1244,ICDOIP_20195,JCOPOM_00605,JANPHL_20225
lip2,,putative lipase,3,3,1,2,216,,,,788,788,788,ICDOIP_00010,JCOPOM_00985,JANPHL_03855
flagellin,,flagellin,3,3,1,3,424,,,,1136,1136,1136,ICDOIP_05285,JCOPOM_07515,JANPHL_05700
aslB,,anaerobic sulfatase maturase,3,3,1,5,506,,,,1301,1301,1301,ICDOIP_13305,JCOPOM_18425,JANPHL_12650
pepA,,leucyl aminopeptidase,3,3,1,1,178,,,,1508,1508,1508,ICDOIP_18830,JCOPOM_19275,JANPHL_18860
yggS,,Pyridoxal phosphate homeostasis protein,3,3,1,3,13,,,,713,713,713,ICDOIP_20335,JCOPOM_05725,JANPHL_20650
group_4459,flhA,flagellar biosynthesis protein FlhA,3,3,1,2,655,,,,2090,2090,2090,ICDOIP_02210,JCOPOM_16140,JANPHL_01650
metL1,,aspartate kinase,3,3,1,1,305,,,,1424,1424,1424,ICDOIP_17540,JCOPOM_13305,JANPHL_16905
group_4461,srmB,Superfamily II DNA and RNA helicase,3,3,1,2,581,,,,1334,1334,1334,ICDOIP_01845,JCOPOM_02810,JANPHL_02015
traF,,Conjugal transfer protein TraF,3,3,1,2,136,,,,1121,1121,1121,ICDOIP_20235,JCOPOM_00565,JANPHL_20265
lolE,,lipoprotein-releasing ABC transporter permease subunit LolE,3,3,1,1,1062,,,,1244,1244,1244,ICDOIP_08325,JCOPOM_04780,JANPHL_06870
group_4464,acs,acetate--CoA ligase,3,3,1,10,51,,,,1952,1952,1952,ICDOIP_21420,JCOPOM_20980,JANPHL_21235
sthA,,Si-specific NAD(P)(+) transhydrogenase,3,3,1,9,31,,,,1400,1400,1400,ICDOIP_22560,JCOPOM_20380,JANPHL_22400
group_4466,emrE,Multidrug transporter EmrE and related cation transporters,3,3,1,4,47,,,,404,404,404,ICDOIP_16200,JCOPOM_10645,JANPHL_15565
thiK,,thiamine kinase,3,3,1,1,1071,,,,881,881,881,ICDOIP_08280,JCOPOM_04825,JANPHL_06915
group_4468,tonB,"Periplasmic protein TonB, links inner and outer membranes",3,3,1,5,62,,,,620,620,620,ICDOIP_10180,JCOPOM_10795,JANPHL_09525
ppiD,,peptidylprolyl isomerase,3,3,1,1,1114,,,,1859,1865,1863,ICDOIP_08050,JCOPOM_05050,JANPHL_07150
DUF2760 domain-containing protein,,DUF2760 domain-containing protein,3,3,1,1,590,,,,632,632,632,ICDOIP_16560,JCOPOM_14635,JANPHL_16140
mlaC,,Periplasmic subunit MlaC of the ABC-type intermembrane phospholipid transporter Mla,3,3,1,1,161,,,,638,638,638,ICDOIP_18745,JCOPOM_19190,JANPHL_18775
leuS,,leucine--tRNA ligase,3,3,1,6,145,,,,2573,2573,2573,ICDOIP_14455,JCOPOM_18175,JANPHL_13820
ansB,,L-asparaginase 2,3,3,1,5,271,,,,1064,1064,1064,ICDOIP_09135,JCOPOM_11905,JANPHL_08480
ompC,,Outer membrane porin OmpC/OmpF/PhoE,3,3,1,2,850,,,,1055,1055,1055,ICDOIP_03155,JCOPOM_15170,JANPHL_00700
aceF,,"Pyruvate/2-oxoglutarate dehydrogenase complex, dihydrolipoamide acyltransferase (E2) component",3,3,1,5,543,,,,1154,1154,1154,ICDOIP_13490,JCOPOM_18605,JANPHL_12835
csrD,,RNase E specificity factor CsrD,3,3,1,1,112,,,,2009,2009,2009,ICDOIP_18515,JCOPOM_18960,JANPHL_18545
group_4477,oppA,"ABC-type oligopeptide transport system, periplasmic component",3,3,1,2,845,,,,1625,1625,1625,ICDOIP_03130,JCOPOM_15195,JANPHL_00725
cybC,,Soluble cytochrome b562,3,3,1,2,635,,,,389,389,389,ICDOIP_02110,JCOPOM_16240,JANPHL_01750
group_4479,lysR,"DNA-binding transcriptional regulator, LysR family",3,3,1,3,542,,,,923,926,924,ICDOIP_04695,JCOPOM_06925,JANPHL_06290
group_4480,SH3b domain-containing protein,SH3b domain-containing protein,3,3,1,2,429,,,,671,671,671,ICDOIP_01060,JCOPOM_02050,JANPHL_02800
group_4481,sgrR,"DNA-binding transcriptional regulator SgrR of sgrS sRNA, contains a MarR-type HTH domain and a periplasmic-type solute-binding domain",3,3,1,2,92,,,,1706,1706,1706,ICDOIP_18320,JCOPOM_00345,JANPHL_18150
mutY,,A/G-specific adenine glycosylase,3,3,1,3,3,,,,1076,1076,1076,ICDOIP_20285,JCOPOM_05675,JANPHL_20700
group_4483,fixJ,"DNA-binding response regulator, FixJ family, consists of REC and HTH domains",3,3,1,1,867,,,,596,596,596,ICDOIP_10815,JCOPOM_03800,JANPHL_10160
TIGR03899 family protein,,TIGR03899 family protein,3,3,1,4,307,,,,905,905,905,ICDOIP_11960,JCOPOM_09490,JANPHL_12145
chiA,,"Chitinase, GH18 family",3,3,1,2,395,,,,1292,1292,1292,ICDOIP_00890,JCOPOM_01880,JANPHL_02970
hmpA,,NO-inducible flavohemoprotein,3,3,1,7,13,,,,1184,1184,1184,ICDOIP_18985,JCOPOM_22880,JANPHL_19375
group_4487,srmB,Superfamily II DNA and RNA helicase,3,3,1,5,580,,,,1931,1931,1931,ICDOIP_13670,JCOPOM_18785,JANPHL_13015
group_4488,tolC,Outer membrane protein TolC,3,3,1,1,401,,,,1316,1316,1316,ICDOIP_21825,JCOPOM_13750,JANPHL_22055
group_4489,rhaT,Permease of the drug/metabolite transporter (DMT) superfamily,3,3,1,2,680,,,,869,869,869,ICDOIP_02330,JCOPOM_16015,JANPHL_01525
group_4490,lpxL,Palmitoleoyl-ACP: Kdo2-lipid-IV acyltransferase (lipid A biosynthesis),3,3,1,1,249,,,,983,983,983,ICDOIP_17285,JCOPOM_13045,JANPHL_16650
T2SS-T3SS-pil-N domain-containing protein,,T2SS-T3SS-pil-N domain-containing protein,3,3,1,2,288,,,,455,455,455,ICDOIP_00380,JCOPOM_01360,JANPHL_03480
rpsF,,30S ribosomal protein S6,3,3,1,7,76,,,,389,389,389,ICDOIP_19315,JCOPOM_22610,JANPHL_19045
pcm,,protein-L-isoaspartate(D-aspartate) O-methyltransferase,3,3,1,3,716,,,,626,626,626,ICDOIP_20630,JCOPOM_06015,JANPHL_20355
fetB,,"ABC-type iron transport system FetAB, permease component",3,3,1,1,909,,,,812,812,812,ICDOIP_10605,JCOPOM_04010,JANPHL_09950
yddG,,aromatic amino acid DMT transporter YddG,3,3,1,5,447,,,,902,902,902,ICDOIP_13935,JCOPOM_12760,JANPHL_13280
Aldehyde-activating protein,,Aldehyde-activating protein,3,3,1,2,980,,,,395,395,395,ICDOIP_03400,JCOPOM_14920,JANPHL_00455
rnt,,ribonuclease T,3,3,1,3,294,,,,644,644,644,ICDOIP_05930,JCOPOM_08160,JANPHL_05055
group_4498,ompC,Outer membrane porin OmpC/OmpF/PhoE,3,3,1,5,408,,,,1028,1028,1028,ICDOIP_14130,JCOPOM_12565,JANPHL_13475
djlA,,co-chaperone DjlA,3,3,1,4,347,,,,854,854,854,ICDOIP_12160,JCOPOM_09290,JANPHL_11945
amiR,,"Two-component response regulator, AmiR/NasT family, consists of REC and RNA-binding antiterminator (ANTAR) domains",3,3,1,2,277,,,,581,581,581,ICDOIP_00325,JCOPOM_01305,JANPHL_03535
group_4500,baeS,Signal transduction histidine kinase,3,3,1,2,476,,,,1286,1286,1286,ICDOIP_01295,JCOPOM_02285,JANPHL_02565
mmsA,,Acyl-CoA reductase or other NAD-dependent aldehyde dehydrogenase,3,3,1,2,338,,,,1493,1493,1493,ICDOIP_00625,JCOPOM_01610,JANPHL_03235
yfcH,,NAD dependent epimerase/dehydratase family enzyme,3,3,1,1,1229,,,,917,917,917,ICDOIP_07510,JCOPOM_05630,JANPHL_07695
cutF,,Uncharacterized lipoprotein NlpE involved in copper resistance,3,3,1,5,223,,,,524,524,524,ICDOIP_09360,JCOPOM_11670,JANPHL_08705
vscD,,SctD family type III secretion system inner membrane ring subunit VscD,3,3,1,1,332,,,,1301,1301,1301,ICDOIP_17665,JCOPOM_13440,JANPHL_17030
fldA,,flavodoxin FldA,3,3,1,1,1204,,,,533,533,533,ICDOIP_07630,JCOPOM_05510,JANPHL_07570
Bacterial non-heme ferritin,,Bacterial non-heme ferritin,3,3,1,2,631,,,,473,473,473,ICDOIP_02090,JCOPOM_16260,JANPHL_01770
wvaG,,WvaG,3,3,1,4,187,,,,1103,1103,1103,ICDOIP_15495,JCOPOM_09935,JANPHL_14860
pepB,,aminopeptidase PepB,3,3,1,6,40,,,,1298,1298,1298,ICDOIP_15135,JCOPOM_17590,JANPHL_14500
group_4509,lysR,"DNA-binding transcriptional regulator, LysR family",3,3,1,4,54,,,,905,905,905,ICDOIP_16165,JCOPOM_10610,JANPHL_15530
yejE,,"ABC-type microcin C transport system, permease component YejE",3,3,1,4,155,,,,1043,1043,1043,ICDOIP_15655,JCOPOM_10095,JANPHL_15020
mshI,,MSHA biogenesis protein MshI,3,3,1,1,113,,,,1439,1445,1443,ICDOIP_18520,JCOPOM_18965,JANPHL_18550
type 2 secretion system lipase,,type 2 secretion system lipase,3,3,1,5,131,,,,1253,1253,1253,ICDOIP_09820,JCOPOM_11185,JANPHL_09165
epmC,,Elongation factor P hydroxylase EpmC (EF-P beta-lysylation pathway),3,3,1,3,363,,,,530,530,530,ICDOIP_05585,JCOPOM_07815,JANPHL_05400
Putative cytochrome subunit of sulfide dehydrogenase,,Putative cytochrome subunit of sulfide dehydrogenase,3,3,1,1,849,,,,623,623,623,ICDOIP_10905,JCOPOM_03710,JANPHL_10250
trxA,,"Chaperedoxin CnoX, contains thioredoxin-like and TPR-like domains, YbbN/TrxSC family",3,3,1,1,1237,,,,854,854,854,ICDOIP_07495,JCOPOM_05645,JANPHL_07710
atoC,,"DNA-binding transcriptional response regulator, NtrC family, contains REC, AAA-type ATPase, and a Fis-type DNA-binding domains",3,3,1,3,415,,,,1409,1409,1409,ICDOIP_05330,JCOPOM_07560,JANPHL_05655
alr,,alanine racemase,3,3,1,2,220,,,,1229,1229,1229,ICDOIP_00040,JCOPOM_01015,JANPHL_03825
lysO,,DUF340 domain-containing protein,3,3,1,1,832,,,,905,905,905,ICDOIP_10995,JCOPOM_03620,JANPHL_10340
dapF,,diaminopimelate epimerase,3,3,1,9,47,,,,830,830,830,ICDOIP_22360,JCOPOM_20185,JANPHL_22600
putP,,Na+/proline symporter,3,3,1,2,943,,,,1772,1772,1772,ICDOIP_03585,JCOPOM_21605,JANPHL_00270
group_4523,Secreted trypsin-like serine protease,Secreted trypsin-like serine protease,3,3,1,6,24,,,,1148,1148,1148,ICDOIP_15215,JCOPOM_17510,JANPHL_14580
yifB,,YifB family Mg chelatase-like AAA ATPase,3,3,1,8,26,,,,1523,1523,1523,ICDOIP_19765,JCOPOM_19700,JANPHL_19570
Haloacid dehalogenase-like hydrolase,,Haloacid dehalogenase-like hydrolase,3,3,1,5,494,,,,983,983,983,ICDOIP_13245,JCOPOM_18365,JANPHL_12590
phoH,,"Phosphate starvation-inducible protein PhoH, putative ATPase",3,3,1,6,140,,,,1097,1097,1097,ICDOIP_14430,JCOPOM_18200,JANPHL_13795
aarF,,"putative protein kinase regulating ubiquinone biosynthesis, AarF/ABC1/UbiB family",3,3,1,2,458,,,,1322,1322,1322,ICDOIP_01200,JCOPOM_02190,JANPHL_02660
group_4528,tar,Methyl-accepting chemotaxis protein (MCP),3,3,1,2,219,,,,1631,1631,1631,ICDOIP_00035,JCOPOM_01010,JANPHL_03830
hisB,,bifunctional histidinol-phosphatase/imidazoleglycerol-phosphate dehydratase HisB,3,3,1,1,927,,,,1073,1073,1073,ICDOIP_10515,JCOPOM_04100,JANPHL_09860
eCM4,,Glutathionyl-hydroquinone reductase,3,3,1,3,268,,,,947,947,947,ICDOIP_06065,JCOPOM_08300,JANPHL_04920
dnaE,,DNA polymerase III subunit alpha,3,3,1,3,466,,,,3479,3479,3479,ICDOIP_05075,JCOPOM_07305,JANPHL_05910
exeA,,Type II secretory pathway ATPase component GspA/ExeA/MshM,3,3,1,1,117,,,,845,845,845,ICDOIP_18540,JCOPOM_18985,JANPHL_18570
yejR,,"Zinc metallochaperone YeiR/ZagA and related GTPases, G3E family",3,3,1,5,611,,,,986,986,986,ICDOIP_13830,JCOPOM_18860,JANPHL_13175
group_4534,ompV,"Outer membrane scaffolding protein for murein synthesis, MipA/OmpV family",3,3,1,1,584,,,,1304,1304,1304,ICDOIP_16590,JCOPOM_14605,JANPHL_16110
group_4535,hisJ,"ABC-type amino acid transport/signal transduction system, periplasmic component/domain",3,3,1,8,101,,,,776,776,776,ICDOIP_19725,JCOPOM_19660,JANPHL_19610
sbcB,,exodeoxyribonuclease I,3,3,1,1,771,,,,1421,1421,1421,ICDOIP_11300,JCOPOM_03315,JANPHL_10645
pucG,,"Archaeal aspartate aminotransferase or a related aminotransferase, includes purine catabolism protein PucG",3,3,1,1,106,,,,1121,1121,1121,ICDOIP_18485,JCOPOM_18930,JANPHL_18515
holC,,"DNA polymerase III, chi subunit",3,3,1,1,177,,,,449,449,449,ICDOIP_18825,JCOPOM_19270,JANPHL_18855
dodA,,Aromatic ring-cleaving dioxygenase,3,3,1,5,540,,,,320,320,320,ICDOIP_13475,JCOPOM_18590,JANPHL_12820
group_4540,pulF,"Type II secretory pathway, component PulF",3,3,1,1,120,,,,1223,1223,1223,ICDOIP_18555,JCOPOM_19000,JANPHL_18585
group_4541,wecH,Surface polysaccharide O-acyltransferase WecH,3,3,1,9,64,,,,1013,1013,1013,ICDOIP_22445,JCOPOM_20270,JANPHL_22515
ilvB,,acetolactate synthase 3 large subunit,3,3,1,4,358,,,,1724,1724,1724,ICDOIP_12215,JCOPOM_09235,JANPHL_11890
group_4543,Secreted protein,Secreted protein,3,3,1,2,310,,,,470,470,470,ICDOIP_00480,JCOPOM_01465,JANPHL_03380
group_4544,caiD,Enoyl-CoA hydratase/carnithine racemase,3,3,1,2,336,,,,776,776,776,ICDOIP_00615,JCOPOM_01600,JANPHL_03245
eda,,2-keto-3-deoxy-6-phosphogluconate aldolase,3,3,1,4,52,,,,611,611,611,ICDOIP_16175,JCOPOM_10620,JANPHL_15540
vanZ,,VanZ domain-containing protein,3,3,1,2,525,,,,401,401,401,ICDOIP_01565,JCOPOM_02535,JANPHL_02295
glnA,,Glutamine synthetase,3,3,1,1,216,,,,1343,1343,1343,ICDOIP_17120,JCOPOM_23485,JANPHL_16485
mMPL,,"putative exporter protein, RND superfamily",3,3,1,1,785,,,,2378,2378,2378,ICDOIP_11230,JCOPOM_03385,JANPHL_10575
srmB,,Superfamily II DNA and RNA helicase,3,3,1,1,1131,,,,1331,1331,1331,ICDOIP_07965,JCOPOM_05135,JANPHL_07235
kapD,,"3'-5' exonuclease KapD, inhibitor of KinA-controlled sporulation",3,3,1,1,588,,,,530,530,530,ICDOIP_16570,JCOPOM_14625,JANPHL_16130
pmbA,,metalloprotease PmbA,3,3,1,1,146,,,,1343,1343,1343,ICDOIP_18670,JCOPOM_19115,JANPHL_18700
cesT,,"Type III secretion chaperone, CesT family",3,3,1,1,344,,,,449,449,449,ICDOIP_17720,JCOPOM_13495,JANPHL_17085
group_4553,Tn3 family transposase,Tn3 family transposase,3,3,1,4,648,,,,3026,3026,3026,ICDOIP_20765,JCOPOM_20885,JANPHL_21110
lepA,,translation elongation factor 4,3,3,1,3,734,,,,1793,1793,1793,ICDOIP_20540,JCOPOM_05925,JANPHL_20445
xni,,flap endonuclease Xni,3,3,1,6,174,,,,782,782,782,ICDOIP_14600,JCOPOM_18030,JANPHL_13965
cheW,,Chemotaxis signal transduction protein CheW,3,3,1,5,322,,,,914,914,914,ICDOIP_08885,JCOPOM_12170,JANPHL_08230
moaB,,molybdenum cofactor biosynthesis protein B,3,3,1,3,277,,,,512,512,512,ICDOIP_06020,JCOPOM_08255,JANPHL_04965
group_4558,baeS,Signal transduction histidine kinase,3,3,1,2,139,,,,1454,1454,1454,ICDOIP_20220,JCOPOM_00580,JANPHL_20250
Ligase,,Ligase,3,3,1,2,521,,,,1232,1232,1232,ICDOIP_01545,JCOPOM_02515,JANPHL_02315
cutA,,Divalent-cation tolerance protein CutA,3,3,1,2,94,,,,332,332,332,ICDOIP_18330,JCOPOM_00355,JANPHL_18140
group_4561,Chitodextrinase,Chitodextrinase,3,3,1,2,974,,,,2546,2546,2546,ICDOIP_03430,JCOPOM_14890,JANPHL_00425
group_4562,Chemotaxis protein,Chemotaxis protein,3,3,1,3,306,,,,1163,1163,1163,ICDOIP_05870,JCOPOM_08100,JANPHL_05115
argS,,arginine--tRNA ligase,3,3,1,1,1180,,,,1733,1733,1733,ICDOIP_07755,JCOPOM_05385,JANPHL_07445
serS,,serine--tRNA ligase,3,3,1,1,958,,,,1307,1307,1307,ICDOIP_10360,JCOPOM_04255,JANPHL_09705
group_4565,fliP,flagellar type III secretion system pore protein FliP,3,3,1,3,403,,,,869,869,869,ICDOIP_05390,JCOPOM_07620,JANPHL_05595
cpxP,,CpxP family protein,3,3,1,10,32,,,,512,512,512,ICDOIP_21320,JCOPOM_21080,JANPHL_21335
Leucine-rich repeat protein,,Leucine-rich repeat protein,3,3,1,5,308,,,,599,599,599,ICDOIP_08955,JCOPOM_12100,JANPHL_08300
dgkA,,Diacylglycerol kinase,3,3,1,4,177,,,,407,407,407,ICDOIP_15545,JCOPOM_09985,JANPHL_14910
group_4569,mshK,MSHA biogenesis protein MshK,3,3,1,1,115,,,,329,329,329,ICDOIP_18530,JCOPOM_18975,JANPHL_18560
glpE,,thiosulfate sulfurtransferase GlpE,3,3,1,9,78,,,,320,320,320,ICDOIP_22515,JCOPOM_20335,JANPHL_22445
phoX,,"Secreted phosphatase, PhoX family",3,3,1,5,87,,,,2036,2036,2036,ICDOIP_10050,JCOPOM_10920,JANPHL_09395
group_4572,hAMP,HAMP domain,3,3,1,4,102,,,,2546,2546,2546,ICDOIP_15920,JCOPOM_10360,JANPHL_15285
sseA,,"3-mercaptopyruvate sulfurtransferase SseA, contains two rhodanese domains",3,3,1,2,393,,,,830,830,830,ICDOIP_00880,JCOPOM_01870,JANPHL_02980
DUF3085 domain-containing protein,,DUF3085 domain-containing protein,3,3,1,4,545,,,,374,374,374,ICDOIP_21055,JCOPOM_20720,JANPHL_20820
flhF,,flagellar biosynthesis protein FlhF,3,3,1,3,398,,,,1481,1481,1481,ICDOIP_05415,JCOPOM_07645,JANPHL_05570
Chitodextrinase,,Chitodextrinase,3,3,1,2,60,,,,3164,3164,3164,ICDOIP_18155,JCOPOM_00185,JANPHL_18315
pflA,,pyruvate formate lyase 1-activating protein,3,3,1,1,1050,,,,740,740,740,ICDOIP_08385,JCOPOM_04720,JANPHL_06810
group_4578,fAA1,Long-chain acyl-CoA synthetase (AMP-forming),3,3,1,3,588,,,,1691,1691,1691,ICDOIP_04470,JCOPOM_06705,JANPHL_17945
ybjD,,"putative ATP-dependent endonuclease of the OLD family, contains P-loop ATPase and TOPRIM domains",3,3,1,2,81,,,,1634,1634,1634,ICDOIP_18265,JCOPOM_00290,JANPHL_18205
group_4580,acrA,multidrug efflux RND transporter periplasmic adaptor subunit VmeU,3,3,1,2,38,,,,1061,1061,1061,ICDOIP_18045,JCOPOM_00075,JANPHL_18425
ygaA,,"Uncharacterized membrane protein YqaA, VTT domain",3,3,1,3,702,,,,461,461,461,ICDOIP_03890,JCOPOM_06120,JANPHL_17365
group_4582,lonB,putative ATP-dependent protease,3,3,1,1,437,,,,1637,1637,1637,ICDOIP_22010,JCOPOM_13935,JANPHL_21870
apbC,,iron-sulfur cluster carrier protein ApbC,3,3,1,3,250,,,,1076,1076,1076,ICDOIP_06155,JCOPOM_17345,JANPHL_04830
metB,,O-succinylhomoserine (thiol)-lyase,3,3,1,7,54,,,,1160,1160,1160,ICDOIP_19185,JCOPOM_22490,JANPHL_19175
relA,,GTP diphosphokinase,3,3,1,3,725,,,,2219,2219,2219,ICDOIP_20585,JCOPOM_05970,JANPHL_20400
54K polar flagellar sheath protein A,,54K polar flagellar sheath protein A,3,3,1,1,1046,,,,1466,1466,1466,ICDOIP_08405,JCOPOM_04700,JANPHL_06790
nosL,,Nitrous oxide reductase accessory protein NosL,3,3,1,9,63,,,,380,380,380,ICDOIP_22440,JCOPOM_20265,JANPHL_22520
group_4588,lrp,"DNA-binding transcriptional regulator, Lrp family",3,3,1,2,939,,,,440,440,440,ICDOIP_03605,JCOPOM_21625,JANPHL_00250
hycB,,Fe-S-cluster-containing hydrogenase component 2,3,3,1,1,1082,,,,323,323,323,ICDOIP_08225,JCOPOM_04880,JANPHL_06970
mfd,,transcription-repair coupling factor,3,3,1,1,1066,,,,3461,3461,3461,ICDOIP_08305,JCOPOM_04800,JANPHL_06890
vgrG,,"Uncharacterized conserved protein VgrG, implicated in type VI secretion and phage assembly",3,3,1,2,244,,,,1835,1835,1835,ICDOIP_00160,JCOPOM_01140,JANPHL_03700
group_4592,tldD,Zn-dependent protease PmbA/TldA or its inactivated-like protein,3,3,1,2,894,,,,1385,1385,1385,ICDOIP_03835,JCOPOM_21850,JANPHL_00020
group_4593,CBS-domain-containing membrane protein,CBS-domain-containing membrane protein,3,3,1,6,23,,,,458,458,458,ICDOIP_15220,JCOPOM_17505,JANPHL_14585
group_4594,tssH,type VI secretion system ATPase TssH,3,3,1,2,246,,,,2567,2567,2567,ICDOIP_00170,JCOPOM_01150,JANPHL_03690
hflX,,GTPase HflX,3,3,1,7,7,,,,1289,1289,1289,ICDOIP_18955,JCOPOM_22910,JANPHL_19405
group_4596,Acetyltransferase,Acetyltransferase,3,3,1,1,238,,,,626,626,626,ICDOIP_17230,JCOPOM_12990,JANPHL_16595
group_4597,tolQ,Biopolymer transport protein ExbB/TolQ,3,3,1,4,151,,,,1361,1361,1361,ICDOIP_15675,JCOPOM_10115,JANPHL_15040
"Putative, 10TM heavy-metal exporter",,"Putative, 10TM heavy-metal exporter",3,3,1,1,904,,,,1214,1214,1214,ICDOIP_10630,JCOPOM_03985,JANPHL_09975
group_4599,damX,"Cell division protein DamX, binds to the septal ring, contains C-terminal SPOR domain",3,3,1,7,79,,,,1517,1517,1517,ICDOIP_19300,JCOPOM_22595,JANPHL_19060
group_46,cobA,uroporphyrinogen-III C-methyltransferase,3,3,1,2,280,,,,905,905,905,ICDOIP_00340,JCOPOM_01320,JANPHL_03520
fecE,,Fe(3+) dicitrate ABC transporter ATP-binding protein FecE,3,3,1,2,758,,,,764,764,764,ICDOIP_02700,JCOPOM_15635,JANPHL_01155
ompW,,outer membrane protein OmpW,3,3,1,2,934,,,,644,644,644,ICDOIP_03630,JCOPOM_21650,JANPHL_00225
pgk,,Phosphoglycerate kinase,3,3,1,3,29,,,,1160,1160,1160,ICDOIP_20415,JCOPOM_05800,JANPHL_20570
rfaH,,transcription/translation regulatory transformer protein RfaH,3,3,1,1,1214,,,,500,500,500,ICDOIP_07585,JCOPOM_05555,JANPHL_07620
nIF3,,Nif3-like dinuclear metal center hexameric protein,3,3,1,1,1198,,,,758,758,758,ICDOIP_07660,JCOPOM_05480,JANPHL_07540
metC,,cystathionine beta-lyase,3,3,1,1,886,,,,1208,1208,1208,ICDOIP_10720,JCOPOM_03895,JANPHL_10065
nnr2,,"NAD(P)H-hydrate repair enzyme Nnr, NAD(P)H-hydrate dehydratase domain",3,3,1,2,379,,,,1541,1541,1541,ICDOIP_00810,JCOPOM_01800,JANPHL_03050
recG,,ATP-dependent DNA helicase RecG,3,3,1,4,142,,,,2081,2081,2081,ICDOIP_15720,JCOPOM_10160,JANPHL_15085
group_4608,baeS,Signal transduction histidine kinase,3,3,1,2,770,,,,1430,1430,1430,ICDOIP_02760,JCOPOM_15575,JANPHL_01095
group_4609,yigB,"FMN and 5-amino-6-(5-phospho-D-ribitylamino)uracil phosphatase YigB, HAD superfamily (riboflavin biosynthesis)",3,3,1,5,483,,,,617,617,617,ICDOIP_13190,JCOPOM_18310,JANPHL_12535
group_4610,metG,methionine--tRNA ligase,3,3,1,3,251,,,,2066,2066,2066,ICDOIP_06150,JCOPOM_17350,JANPHL_04835
scrG,,regulatory protein ScrG,3,3,1,1,660,,,,1706,1706,1706,ICDOIP_22740,JCOPOM_19945,JANPHL_22675
group_4612,dsbC,bifunctional protein-disulfide isomerase/oxidoreductase DsbC,3,3,1,4,416,,,,788,788,788,ICDOIP_12865,JCOPOM_08595,JANPHL_11240
yocR,,"Na+-dependent transporter, SNF family",3,3,1,3,225,,,,1466,1466,1466,ICDOIP_06280,JCOPOM_17220,JANPHL_04705
cdsB,,UPF0597 protein VIBHAR_03081,3,3,1,3,337,,,,1277,1277,1277,ICDOIP_05710,JCOPOM_07940,JANPHL_05275
hisP,,"ABC-type histidine transport system, ATPase component",3,3,1,1,1045,,,,770,770,770,ICDOIP_08410,JCOPOM_04695,JANPHL_06785
group_4616,acrB,multidrug efflux RND transporter permease subunit VmeD,3,3,1,18,7,,,,3122,3122,3122,ICDOIP_24090,JCOPOM_23600,JANPHL_24075
polB,,DNA polymerase II,3,3,1,3,128,,,,2363,2363,2363,ICDOIP_06745,JCOPOM_16745,JANPHL_04240
aroA,,3-phosphoshikimate 1-carboxyvinyltransferase,3,3,1,1,1023,,,,1280,1280,1280,ICDOIP_08520,JCOPOM_04585,JANPHL_06675
group_4619,rsgA,small ribosomal subunit biogenesis GTPase RsgA,3,3,1,10,2,,,,1064,1064,1064,ICDOIP_21170,JCOPOM_21230,JANPHL_21485
yihI,,Der GTPase-activating protein YihI,3,3,1,4,98,,,,542,542,542,ICDOIP_15940,JCOPOM_10380,JANPHL_15305
Transferase,,Transferase,3,3,1,4,186,,,,605,605,605,ICDOIP_15500,JCOPOM_09940,JANPHL_14865
sucC,,ADP-forming succinate--CoA ligase subunit beta,3,3,1,1,1190,,,,1166,1166,1166,ICDOIP_07700,JCOPOM_05440,JANPHL_07500
group_4623,rbsK,ribokinase,3,3,1,2,301,,,,917,917,917,ICDOIP_00440,JCOPOM_01420,JANPHL_03420
glgC,,glucose-1-phosphate adenylyltransferase,3,3,1,2,61,,,,1214,1214,1214,ICDOIP_18160,JCOPOM_00190,JANPHL_18310
nagA,,N-acetylglucosamine-6-phosphate deacetylase,3,3,1,1,1210,,,,1136,1136,1136,ICDOIP_07605,JCOPOM_05535,JANPHL_07600
thiB,,thiamine ABC transporter substrate binding subunit,3,3,1,4,325,,,,992,992,992,ICDOIP_12050,JCOPOM_09400,JANPHL_12055
group_4627,DUF3360 domain-containing protein,DUF3360 domain-containing protein,3,3,1,1,1047,,,,1547,1547,1547,ICDOIP_08400,JCOPOM_04705,JANPHL_06795
menF,,Isochorismate synthase EntC,3,3,1,1,1107,,,,1307,1307,1307,ICDOIP_08085,JCOPOM_05015,JANPHL_07115
yafJ,,putative glutamine amidotransferase YafJ,3,3,1,3,450,,,,845,845,845,ICDOIP_05155,JCOPOM_07385,JANPHL_05830
group_4630,coaA,type I pantothenate kinase,3,3,1,15,5,,,,923,923,923,ICDOIP_22800,JCOPOM_23805,JANPHL_22845
rsmF,,16S rRNA (cytosine(1407)-C(5))-methyltransferase RsmF,3,3,1,1,419,,,,1436,1436,1436,ICDOIP_21920,JCOPOM_13845,JANPHL_21960
chlD,,vWFA (von Willebrand factor type A) domain of Mg and Co chelatases,3,3,1,2,565,,,,986,986,986,ICDOIP_01765,JCOPOM_02735,JANPHL_02095
pfkB,,1-phosphofructokinase,3,3,1,2,42,,,,974,974,974,ICDOIP_18065,JCOPOM_00095,JANPHL_18405
"Ca2+-binding protein, RTX toxin-related",,"Ca2+-binding protein, RTX toxin-related",3,3,1,3,133,,,,710,710,710,ICDOIP_06720,JCOPOM_16770,JANPHL_04265
group_4635,glcD,FAD/FMN-containing lactate dehydrogenase/glycolate oxidase,3,3,1,1,802,,,,3038,3038,3038,ICDOIP_11145,JCOPOM_03470,JANPHL_10490
group_4636,mpaA,Murein tripeptide amidase MpaA,3,3,1,5,151,,,,1202,1202,1202,ICDOIP_09725,JCOPOM_11280,JANPHL_09070
rodA,,rod shape-determining protein RodA,3,3,1,2,868,,,,1082,1082,1082,ICDOIP_03245,JCOPOM_15080,JANPHL_00610
group_4638,cof,Hydroxymethylpyrimidine pyrophosphatase and other HAD family phosphatases,3,3,1,9,55,,,,824,824,824,ICDOIP_22400,JCOPOM_20225,JANPHL_22560
Omp-AT domain-containing protein,,Omp-AT domain-containing protein,3,3,1,2,145,,,,989,989,989,ICDOIP_20190,JCOPOM_00610,JANPHL_20220
group_4640,betT,Glycine betaine transporter 2,3,3,1,5,253,,,,1619,1619,1619,ICDOIP_09225,JCOPOM_11815,JANPHL_08570
ycfL,,Uncharacterized conserved protein YcfL,3,3,1,1,1073,,,,392,392,392,ICDOIP_08270,JCOPOM_04835,JANPHL_06925
acrA,,efflux RND transporter periplasmic adaptor subunit VmeG,3,3,1,1,892,,,,1031,1031,1031,ICDOIP_10690,JCOPOM_03925,JANPHL_10035
sfcA,,Malic enzyme,3,3,1,7,52,,,,1277,1277,1277,ICDOIP_19175,JCOPOM_22480,JANPHL_19185
peuA,,TonB-dependent siderophore enterobactin receptor PeuA,3,3,1,5,57,,,,2093,2093,2093,ICDOIP_10205,JCOPOM_10770,JANPHL_09550
group_4645,lomR,Opacity protein LomR and related surface antigens,3,3,1,5,219,,,,614,614,614,ICDOIP_09380,JCOPOM_11650,JANPHL_08725
speB,,agmatinase,3,3,1,5,77,,,,920,920,920,ICDOIP_10105,JCOPOM_10865,JANPHL_09450
group_4647,rhaT,Permease of the drug/metabolite transporter (DMT) superfamily,3,3,1,2,638,,,,926,926,926,ICDOIP_02125,JCOPOM_16225,JANPHL_01735
group_4648,tolC,Outer membrane protein TolC,3,3,1,1,397,,,,1310,1310,1310,ICDOIP_17965,JCOPOM_13735,JANPHL_17330
crtC,,"putative lipocalin, contains AttH/CrtC domain",3,3,1,1,843,,,,1124,1124,1124,ICDOIP_10935,JCOPOM_03680,JANPHL_10280
gltX,,glutamate--tRNA ligase,3,3,1,1,27,,,,1424,1424,1424,ICDOIP_07255,JCOPOM_21380,JANPHL_07950
ddl,,D-alanine--D-alanine ligase,3,3,1,2,115,,,,989,989,989,ICDOIP_18435,JCOPOM_00460,JANPHL_18035
hutU,,urocanate hydratase,3,3,1,1,798,,,,1697,1697,1697,ICDOIP_11165,JCOPOM_03450,JANPHL_10510
fliH,,flagellar assembly protein FliH,3,3,1,2,643,,,,755,755,755,ICDOIP_02150,JCOPOM_16200,JANPHL_01710
valS,,valine--tRNA ligase,3,3,1,1,176,,,,2858,2858,2858,ICDOIP_18820,JCOPOM_19265,JANPHL_18850
group_4655,cytC553,Cytochrome c553,3,3,1,3,197,,,,611,611,611,ICDOIP_06420,JCOPOM_17080,JANPHL_04565
livF,,"ABC-type branched-chain amino acid transport system, ATPase component LivF",3,3,1,2,368,,,,821,821,821,ICDOIP_00750,JCOPOM_01745,JANPHL_03110
fiu,,Outer membrane receptor for monomeric catechols,3,3,1,2,763,,,,2036,2036,2036,ICDOIP_02725,JCOPOM_15610,JANPHL_01130
group_4658,lysR,"DNA-binding transcriptional regulator, LysR family",3,3,1,2,639,,,,890,890,890,ICDOIP_02130,JCOPOM_16220,JANPHL_01730
group_4659,"Cyclic di-GMP metabolism protein, combines GGDEF and EAL domains with a 6TM membrane domain","Cyclic di-GMP metabolism protein, combines GGDEF and EAL domains with a 6TM membrane domain",3,3,1,5,400,,,,1820,1820,1820,ICDOIP_14170,JCOPOM_12525,JANPHL_13515
group_4660,araC,AraC-type DNA-binding domain and AraC-containing proteins,3,3,1,2,156,,,,857,857,857,ICDOIP_20135,JCOPOM_00665,JANPHL_20165
group_4661,rhaT,Permease of the drug/metabolite transporter (DMT) superfamily,3,3,1,5,576,,,,878,878,878,ICDOIP_13650,JCOPOM_18765,JANPHL_12995
yobV,,"putative DNA-binding transcriptional regulator YobV, contains HTH and WYL domains",3,3,1,5,119,,,,686,686,686,ICDOIP_09880,JCOPOM_11125,JANPHL_09225
group_4663,sCPU,"Fimbrial subunit ScuA/B, ScuA/B/SCPU domain",3,3,1,2,617,,,,497,497,497,ICDOIP_02025,JCOPOM_02990,JANPHL_01835
hemW,,radical SAM family heme chaperone HemW,3,3,1,3,7,,,,1178,1178,1178,ICDOIP_20305,JCOPOM_05695,JANPHL_20680
group_4665,Uncharacterized membrane protein,Uncharacterized membrane protein,3,3,1,1,1051,,,,668,668,668,ICDOIP_08380,JCOPOM_04725,JANPHL_06815
DUF4065 domain-containing protein,,DUF4065 domain-containing protein,3,3,1,1,246,,,,359,359,359,ICDOIP_17270,JCOPOM_13030,JANPHL_16635
dbpA,,ATP-dependent RNA helicase DbpA,3,3,1,4,299,,,,1379,1379,1379,ICDOIP_11920,JCOPOM_09530,JANPHL_12185
group_4668,csdA,Selenocysteine lyase/Cysteine desulfurase,3,3,1,1,819,,,,1235,1235,1235,ICDOIP_11060,JCOPOM_03555,JANPHL_10405
group_4669,argA,"N-acetylglutamate synthase or related acetyltransferase, GNAT family",3,3,1,1,862,,,,707,707,707,ICDOIP_10840,JCOPOM_03775,JANPHL_10185
group_4670,araC,AraC-type DNA-binding domain and AraC-containing proteins,3,3,1,2,535,,,,842,842,842,ICDOIP_01615,JCOPOM_02585,JANPHL_02245
group_4671,"ABC-type uncharacterized transport system, permease component","ABC-type uncharacterized transport system, permease component",3,3,1,6,12,,,,2204,2204,2204,ICDOIP_15275,JCOPOM_17455,JANPHL_14640
group_4672,fabB,3-oxoacyl-(acyl-carrier-protein) synthase,3,3,1,1,1150,,,,1187,1187,1187,ICDOIP_07870,JCOPOM_05230,JANPHL_07330
Endoglucanase-related protein,,Endoglucanase-related protein,3,3,1,3,649,,,,1739,1739,1739,ICDOIP_04155,JCOPOM_06390,JANPHL_17630
sUL1,,"Sulfate permease or related transporter, MFS superfamily",3,3,1,3,453,,,,1775,1775,1775,ICDOIP_05140,JCOPOM_07370,JANPHL_05845
putA,,bifunctional proline dehydrogenase/L-glutamate gamma-semialdehyde dehydrogenase PutA,3,3,1,2,831,,,,3131,3131,3131,ICDOIP_03060,JCOPOM_15270,JANPHL_00795
group_4676,yitT,DUF161 DUF2179 domains-containing protein,3,3,1,2,981,,,,608,608,608,ICDOIP_03395,JCOPOM_14925,JANPHL_00460
feoB,,Fe(2+) transporter permease subunit FeoB,3,3,1,1,1183,,,,2276,2276,2276,ICDOIP_07740,JCOPOM_05400,JANPHL_07460
lytS,,"Sensor histidine kinase, LytS/YehU family",3,3,1,4,389,,,,1670,1670,1670,ICDOIP_13000,JCOPOM_08460,JANPHL_11105
mrcB,,penicillin-binding protein 1B,3,3,1,3,662,,,,2372,2372,2372,ICDOIP_04090,JCOPOM_06325,JANPHL_17565
mpl,,UDP-N-acetylmuramate:L-alanyl-gamma-D-glutamyl-meso-diaminopimelate ligase,3,3,1,4,323,,,,1358,1358,1358,ICDOIP_12040,JCOPOM_09410,JANPHL_12065
fusA,,elongation factor G,3,3,1,5,229,,,,2024,2024,2024,ICDOIP_09330,JCOPOM_11700,JANPHL_08675
rnb,,exoribonuclease II,3,3,1,5,581,,,,2006,2006,2006,ICDOIP_13675,JCOPOM_18790,JANPHL_13020
group_4683,atoC,"DNA-binding transcriptional response regulator, NtrC family, contains REC, AAA-type ATPase, and a Fis-type DNA-binding domains",3,3,1,1,1121,,,,1337,1337,1337,ICDOIP_08010,JCOPOM_05085,JANPHL_07190
cstA,,Carbon starvation protein CstA (peptide/pyruvate transporter),3,3,1,4,388,,,,1484,1484,1484,ICDOIP_13005,JCOPOM_08455,JANPHL_11100
fapA,,"Flagellar assembly protein FapA, interacts with EIIAGlc",3,3,1,2,854,,,,1679,1679,1679,ICDOIP_03175,JCOPOM_15150,JANPHL_00680
azlC,,putative branched-chain amino acid permease (azaleucine resistance),3,3,1,5,411,,,,710,710,710,ICDOIP_14115,JCOPOM_12580,JANPHL_13460
group_4687,gGDEF,"GGDEF domain, diguanylate cyclase (c-di-GMP synthetase) or its enzymatically inactive variants",3,3,1,2,332,,,,2048,2048,2048,ICDOIP_00595,JCOPOM_01580,JANPHL_03265
group_4688,purR,"DNA-binding transcriptional regulator, LacI/PurR family",3,3,1,2,300,,,,1007,1007,1007,ICDOIP_00435,JCOPOM_01415,JANPHL_03425
recJ,,single-stranded-DNA-specific exonuclease RecJ,3,3,1,4,415,,,,1739,1739,1739,ICDOIP_12870,JCOPOM_08590,JANPHL_11235
ostA,,Organic solvent tolerance protein OstA,3,3,1,5,156,,,,236,236,236,ICDOIP_09700,JCOPOM_11305,JANPHL_09045
frwB,,Phosphotransferase system fructose-specific component IIB,3,3,1,5,201,,,,1400,1400,1400,ICDOIP_09475,JCOPOM_11560,JANPHL_08820
cobA,,Uroporphyrinogen-III methylase (siroheme synthase),3,3,1,2,205,,,,758,758,758,ICDOIP_19950,JCOPOM_00915,JANPHL_19980
group_4693,lysR,"DNA-binding transcriptional regulator, LysR family",3,3,1,5,153,,,,869,869,869,ICDOIP_09715,JCOPOM_11290,JANPHL_09060
group_4694,GGDEF domain-containing protein,GGDEF domain-containing protein,3,3,1,4,313,,,,299,299,299,ICDOIP_11990,JCOPOM_09460,JANPHL_12115
tapT,,"tRNA U47 aminocarboxypropyltransferaseTapT/TuaA/ YfiP, DTW domain",3,3,1,1,536,,,,749,749,749,ICDOIP_16815,JCOPOM_14380,JANPHL_15885
FHA domain-containing protein,,FHA domain-containing protein,3,3,1,1,627,,,,1514,1514,1514,ICDOIP_16395,JCOPOM_20100,JANPHL_16305
feoC,,FeoC domain-containing protein,3,3,1,1,1182,,,,230,230,230,ICDOIP_07745,JCOPOM_05395,JANPHL_07455
Spondin domain-containing protein,,Spondin domain-containing protein,3,3,1,2,628,,,,695,695,695,ICDOIP_02075,JCOPOM_16275,JANPHL_01785
Ovule protein,,Ovule protein,3,3,1,3,514,,,,287,287,287,ICDOIP_04825,JCOPOM_07055,JANPHL_06160
group_47,rimI,Ribosomal protein S18 acetylase RimI and related acetyltransferases,3,3,1,2,282,,,,434,434,434,ICDOIP_00350,JCOPOM_01330,JANPHL_03510
ychJ,,YchJ family protein,3,3,1,1,922,,,,503,503,503,ICDOIP_10540,JCOPOM_04075,JANPHL_09885
moaE,,molybdopterin synthase catalytic subunit MoaE,3,3,1,3,274,,,,455,455,455,ICDOIP_06035,JCOPOM_08270,JANPHL_04950
cusF,,Periplasmic Cu and Ag efflux protein CusF,3,3,1,5,366,,,,1715,1715,1715,ICDOIP_14340,JCOPOM_12355,JANPHL_13685
bax,,Uncharacterized FlgJ-related protein,3,3,1,1,503,,,,836,836,836,ICDOIP_16980,JCOPOM_14215,JANPHL_15720
mauG,,Cytochrome c peroxidase,3,3,1,1,308,,,,986,986,986,ICDOIP_17545,JCOPOM_13320,JANPHL_16910
group_4705,fadM,Acyl-CoA thioesterase FadM,3,3,1,2,690,,,,452,452,452,ICDOIP_02380,JCOPOM_15965,JANPHL_01475
fdhD,,formate dehydrogenase accessory sulfurtransferase FdhD,3,3,1,2,183,,,,830,830,830,ICDOIP_20060,JCOPOM_00805,JANPHL_20090
SDR family oxidoreductase,,SDR family oxidoreductase,3,3,1,1,292,,,,794,794,794,ICDOIP_17475,JCOPOM_13240,JANPHL_16840
group_4708,rhtB,Threonine/homoserine/homoserine lactone efflux protein,3,3,1,1,658,,,,626,626,626,ICDOIP_22750,JCOPOM_19955,JANPHL_22665
zapB,,Cell division protein ZapB,3,3,1,4,251,,,,242,242,242,ICDOIP_11680,JCOPOM_09735,JANPHL_12425
group_4710,acrA,multidrug efflux RND transporter periplasmic adaptor subunit VmeJ,3,3,1,3,636,,,,1115,1115,1115,ICDOIP_04220,JCOPOM_06455,JANPHL_17695
group_4711,acrA,Multidrug efflux pump subunit AcrA (membrane-fusion protein),3,3,1,2,174,,,,1055,1055,1055,ICDOIP_20110,JCOPOM_00755,JANPHL_20140
hemerythrin domain-containing protein,,hemerythrin domain-containing protein,3,3,1,4,71,,,,431,431,431,ICDOIP_16080,JCOPOM_10525,JANPHL_15445
alkB,,Alkylated DNA repair dioxygenase AlkB,3,3,1,5,103,,,,605,605,605,ICDOIP_09965,JCOPOM_11010,JANPHL_09310
wvaA,,WvaA,3,3,1,4,181,,,,428,428,428,ICDOIP_15525,JCOPOM_09965,JANPHL_14890
pduO,,Cob(II)alamin adenosyltransferase,3,3,1,5,321,,,,536,536,536,ICDOIP_08890,JCOPOM_12165,JANPHL_08235
opaM,,acyl-homoserine-lactone synthase OpaM,3,3,1,3,146,,,,1181,1181,1181,ICDOIP_06655,JCOPOM_16835,JANPHL_04330
group_4717,rluA,"Pseudouridine synthase RluA, 23S rRNA- or tRNA-specific",3,3,1,2,968,,,,1679,1679,1679,ICDOIP_03460,JCOPOM_14860,JANPHL_00395
priA,,primosomal protein N',3,3,1,4,265,,,,2204,2204,2204,ICDOIP_11750,JCOPOM_09700,JANPHL_12355
group_4719,soxR,redox-sensitive transcriptional activator SoxR,3,3,1,5,234,,,,437,437,437,ICDOIP_09305,JCOPOM_11725,JANPHL_08650
ssnA,,Cytosine/adenosine deaminase or related metal-dependent hydrolase,3,3,1,2,461,,,,1277,1277,1277,ICDOIP_01220,JCOPOM_02210,JANPHL_02640
fkpB,,FKBP-type peptidyl-prolyl cis-trans isomerase,3,3,1,4,392,,,,458,458,458,ICDOIP_12985,JCOPOM_08475,JANPHL_11120
lolC,,"ABC-type transport system involved in lipoprotein release, permease component LolC",3,3,1,5,437,,,,1235,1235,1235,ICDOIP_13985,JCOPOM_12710,JANPHL_13330
pgl,,6-phosphogluconolactonase/Glucosamine-6-phosphate isomerase/deaminase,3,3,1,1,317,,,,716,716,716,ICDOIP_17590,JCOPOM_13365,JANPHL_16955
group_4724,aRO8,"DNA-binding transcriptional regulator, MocR family, contains an aminotransferase domain",3,3,1,2,913,,,,1436,1436,1436,ICDOIP_03740,JCOPOM_21755,JANPHL_00115
group_4725,gstA,Glutathione S-transferase,3,3,1,5,545,,,,647,647,647,ICDOIP_13500,JCOPOM_18615,JANPHL_12845
cysJ,,assimilatory sulfite reductase (NADPH) flavoprotein subunit,3,3,1,7,59,,,,1871,1871,1871,ICDOIP_19400,JCOPOM_22695,JANPHL_18960
group_4727,ptrB,Protease II,3,3,1,2,580,,,,2000,2000,2000,ICDOIP_01840,JCOPOM_02805,JANPHL_02020
impE,,Protein of avirulence locus involved in temperature-dependent protein secretion,3,3,1,2,250,,,,797,797,797,ICDOIP_00190,JCOPOM_01170,JANPHL_03670
group_4729,ompA,Outer membrane protein OmpA and related peptidoglycan-associated (lipo)proteins,3,3,1,1,558,,,,902,902,902,ICDOIP_16720,JCOPOM_14475,JANPHL_15980
hutG,,formimidoylglutamase,3,3,1,1,797,,,,1010,1022,1018,ICDOIP_11170,JCOPOM_03445,JANPHL_10515
fabH2,,Beta-ketoacyl-[acyl-carrier-protein] synthase III 2,3,3,1,2,192,,,,1094,1109,1099,ICDOIP_20015,JCOPOM_00850,JANPHL_20045
yjdF,,Uncharacterized membrane protein YjdF,3,3,1,2,95,,,,596,596,596,ICDOIP_18335,JCOPOM_00360,JANPHL_18135
DUF924 domain-containing protein,,DUF924 domain-containing protein,3,3,1,2,920,,,,536,536,536,ICDOIP_03705,JCOPOM_21720,JANPHL_00150
phnD,,"ABC-type phosphate/phosphonate transport system, periplasmic component",3,3,1,2,347,,,,917,917,917,ICDOIP_00670,JCOPOM_01655,JANPHL_03190
group_4735,atoC,"DNA-binding transcriptional response regulator, NtrC family, contains REC, AAA-type ATPase, and a Fis-type DNA-binding domains",3,3,1,11,13,,,,1166,1166,1166,ICDOIP_22065,JCOPOM_21885,JANPHL_22325
bioF,,8-amino-7-oxononanoate synthase,3,3,1,1,952,,,,1151,1151,1151,ICDOIP_10390,JCOPOM_04225,JANPHL_09735
mtlA,,"Phosphotransferase system, mannitol-specific IIBC component",3,3,1,5,384,,,,1424,1427,1426,ICDOIP_14250,JCOPOM_12445,JANPHL_13595
group_4738,lysR,"DNA-binding transcriptional regulator, LysR family",3,3,1,1,757,,,,869,869,869,ICDOIP_11370,JCOPOM_03245,JANPHL_10715
ugpB,,"ABC-type glycerol-3-phosphate transport system, periplasmic component",3,3,1,2,769,,,,1244,1244,1244,ICDOIP_02755,JCOPOM_15580,JANPHL_01100
group_4740,rhaT,Permease of the drug/metabolite transporter (DMT) superfamily,3,3,1,1,232,,,,887,887,887,ICDOIP_17200,JCOPOM_12960,JANPHL_16565
Chemotaxis protein,,Chemotaxis protein,3,3,1,5,244,,,,266,266,266,ICDOIP_09265,JCOPOM_11765,JANPHL_08610
Phage holin family protein,,Phage holin family protein,3,3,1,4,76,,,,512,512,512,ICDOIP_16055,JCOPOM_10500,JANPHL_15420
lolA,,Outer membrane lipoprotein-sorting protein,3,3,1,1,1147,,,,620,620,620,ICDOIP_07885,JCOPOM_05215,JANPHL_07315
DUF2164 domain-containing protein,,DUF2164 domain-containing protein,3,3,1,2,75,,,,242,242,242,ICDOIP_18235,JCOPOM_00260,JANPHL_18235
Glycerol kinase,,Glycerol kinase,3,3,1,2,992,,,,866,866,866,ICDOIP_03340,JCOPOM_14980,JANPHL_00515
group_4746,yeaD2,"Uncharacterized conserved protein, DUF58 family, contains vWF domain",3,3,1,5,504,,,,962,962,962,ICDOIP_13295,JCOPOM_18415,JANPHL_12640
group_4747,glxA,"Transcriptional regulator GlxA, contains an amidase domain and an AraC-type DNA-binding HTH domain",3,3,1,2,793,,,,686,686,686,ICDOIP_02875,JCOPOM_15460,JANPHL_00980
VWFA domain-containing protein,,VWFA domain-containing protein,3,3,1,5,501,,,,1730,1730,1730,ICDOIP_13280,JCOPOM_18400,JANPHL_12625
rfbB,,"dTDP-glucose 4,6-dehydratase",3,3,1,4,179,,,,1064,1064,1064,ICDOIP_15535,JCOPOM_09975,JANPHL_14900
Transporter,,Transporter,3,3,1,5,341,,,,980,980,980,ICDOIP_08790,JCOPOM_12230,JANPHL_08135
ssuE,,NAD(P)H-dependent FMN reductase,3,3,1,3,361,,,,524,524,524,ICDOIP_05595,JCOPOM_07825,JANPHL_05390
group_4752,mtlA,"Mannitol/fructose-specific phosphotransferase system, IIA domain",3,3,1,4,526,,,,1952,1952,1952,ICDOIP_12305,JCOPOM_09150,JANPHL_11800
ptsN,,Phosphotransferase system mannitol/fructose-specific IIA domain (Ntr-type),3,3,1,5,202,,,,440,440,440,ICDOIP_09470,JCOPOM_11565,JANPHL_08815
DUF1127 domain-containing protein,,DUF1127 domain-containing protein,3,3,1,4,410,,,,251,251,251,ICDOIP_12895,JCOPOM_08565,JANPHL_11210
group_4755,Lipoprotein,Lipoprotein,3,3,1,2,410,,,,863,863,863,ICDOIP_00965,JCOPOM_01955,JANPHL_02895
DUF2498 domain-containing protein,,DUF2498 domain-containing protein,3,3,1,1,1022,,,,248,248,248,ICDOIP_08525,JCOPOM_04580,JANPHL_06670
group_4757,hIS2,putative phosphatase VPA1527,3,3,1,2,636,,,,752,752,752,ICDOIP_02115,JCOPOM_16235,JANPHL_01745
ynjB,,ABC transporter substrate-binding protein,3,3,1,1,873,,,,1160,1160,1160,ICDOIP_10785,JCOPOM_03830,JANPHL_10130
"putative component of the type VI protein secretion system, contains a FHA domain",,"putative component of the type VI protein secretion system, contains a FHA domain",3,3,1,2,261,,,,1196,1196,1196,ICDOIP_00245,JCOPOM_01225,JANPHL_03615
Glyoxalase/bleomycin resistance/dioxygenase family protein,,Glyoxalase/bleomycin resistance/dioxygenase family protein,3,3,1,5,287,,,,428,428,428,ICDOIP_09055,JCOPOM_11985,JANPHL_08400
Cytochrome c oxidase subunit 4,,Cytochrome c oxidase subunit 4,3,3,1,2,666,,,,287,287,287,ICDOIP_02265,JCOPOM_16085,JANPHL_01590
waaF,,lipopolysaccharide heptosyltransferase II,3,3,1,4,190,,,,1058,1058,1058,ICDOIP_15480,JCOPOM_09920,JANPHL_14845
group_4763,sCPU,"Fimbrial subunit ScuA/B, ScuA/B/SCPU domain",3,3,1,2,618,,,,533,533,533,ICDOIP_02030,JCOPOM_02995,JANPHL_01830
Exoribonuclease R,,Exoribonuclease R,3,3,1,11,61,,,,458,458,458,ICDOIP_22300,JCOPOM_22125,JANPHL_22090
group_4765,hypothetical protein,hypothetical protein,3,3,1,2,130,,,,203,203,203,ICDOIP_20265,JCOPOM_00530,JANPHL_20295
ltaE,,low-specificity L-threonine aldolase,3,3,1,2,228,,,,1004,1004,1004,ICDOIP_00090,JCOPOM_01065,JANPHL_03775
copL,,CopL family metal-binding regulatory protein,3,3,1,5,368,,,,419,425,421,ICDOIP_14330,JCOPOM_12365,JANPHL_13675
GUN4 domain-containing protein,,GUN4 domain-containing protein,3,3,1,1,641,,,,1319,1319,1319,ICDOIP_16325,JCOPOM_20030,JANPHL_16375
chuT,,"ABC-type hemin transport system, periplasmic component",3,3,1,5,314,,,,869,869,869,ICDOIP_08925,JCOPOM_12130,JANPHL_08270
kdpD,,K+-sensing histidine kinase KdpD,3,3,1,2,545,,,,1043,1043,1043,ICDOIP_01665,JCOPOM_02635,JANPHL_02195
group_4771,aslB,anaerobic sulfatase maturase,3,3,1,5,493,,,,1322,1322,1322,ICDOIP_13240,JCOPOM_18360,JANPHL_12585
group_4772,marR,"DNA-binding transcriptional regulator, MarR family",3,3,1,1,972,,,,452,452,452,ICDOIP_10290,JCOPOM_04325,JANPHL_09635
group_4773,araC,AraC-type DNA-binding domain and AraC-containing proteins,3,3,1,5,379,,,,779,779,779,ICDOIP_14275,JCOPOM_12420,JANPHL_13620
Peptidyl-prolyl cis-trans isomerase,,Peptidyl-prolyl cis-trans isomerase,3,3,1,15,25,,,,698,698,698,ICDOIP_22925,JCOPOM_23365,JANPHL_22970
group_4775,cheY,"CheY-like REC (receiver) domain, includes chemotaxis protein CheY and sporulation regulator Spo0F",3,3,1,2,865,,,,1898,1898,1898,ICDOIP_03230,JCOPOM_15095,JANPHL_00625
D-fructose-6-phosphate amidotransferase,,D-fructose-6-phosphate amidotransferase,3,3,1,4,521,,,,275,275,275,ICDOIP_12335,JCOPOM_09120,JANPHL_11770
yfcE,,phosphodiesterase,3,3,1,1,1223,,,,545,545,545,ICDOIP_07540,JCOPOM_05600,JANPHL_07665
DUF3541 domain-containing protein,,DUF3541 domain-containing protein,3,3,1,5,102,,,,1094,1094,1094,ICDOIP_09970,JCOPOM_11005,JANPHL_09315
putative extracellular nuclease,,putative extracellular nuclease,3,3,1,7,20,,,,2954,2954,2954,ICDOIP_19020,JCOPOM_22845,JANPHL_19340
group_4780,lysR,"DNA-binding transcriptional regulator, LysR family",3,3,1,1,655,,,,980,980,980,ICDOIP_22765,JCOPOM_19970,JANPHL_22650
group_4781,lysR,"DNA-binding transcriptional regulator, LysR family",3,3,1,5,155,,,,875,875,875,ICDOIP_09705,JCOPOM_11300,JANPHL_09050
yjjI,,YjjI family glycine radical enzyme,3,3,1,1,657,,,,1538,1538,1538,ICDOIP_22755,JCOPOM_19960,JANPHL_22660
cutC,,PF03932 family protein CutC,3,3,1,6,18,,,,743,743,743,ICDOIP_15245,JCOPOM_17480,JANPHL_14610
group_4784,sdaC,Amino acid permease,3,3,1,1,602,,,,1190,1190,1190,ICDOIP_16500,JCOPOM_14695,JANPHL_16200
group_4785,Porin,Porin,3,3,1,5,353,,,,791,791,791,ICDOIP_14405,JCOPOM_12290,JANPHL_13750
aF0104,,DUF296 domain-containing protein,3,3,1,2,271,,,,404,404,404,ICDOIP_00295,JCOPOM_01275,JANPHL_03565
group_4787,elyC,DUF218 domain-containing protein,3,3,1,1,916,,,,638,638,638,ICDOIP_10570,JCOPOM_04045,JANPHL_09915
orn,,oligoribonuclease,3,3,1,10,1,,,,545,545,545,ICDOIP_21165,JCOPOM_21235,JANPHL_21490
ggt,,gamma-glutamyltransferase,3,3,1,13,16,,,,1760,1760,1760,ICDOIP_23030,JCOPOM_23260,JANPHL_23075
group_4790,lysR,"DNA-binding transcriptional regulator, LysR family",3,3,1,1,914,,,,884,884,884,ICDOIP_10580,JCOPOM_04035,JANPHL_09925
EscE/YscE/SsaE family type III secretion system needle protein co-chaperone,,EscE/YscE/SsaE family type III secretion system needle protein co-chaperone,3,3,1,1,333,,,,209,209,209,ICDOIP_17670,JCOPOM_13445,JANPHL_17035
ispD,,2-C-methyl-D-erythritol 4-phosphate cytidylyltransferase,3,3,1,3,720,,,,704,704,704,ICDOIP_20610,JCOPOM_05995,JANPHL_20375
DUF3540 domain-containing protein,,DUF3540 domain-containing protein,3,3,1,1,642,,,,485,485,485,ICDOIP_16320,JCOPOM_20025,JANPHL_16380
ynjD,,"ABC-type uncharacterized transport system YnjBCD, ATPase component",3,3,1,1,875,,,,647,647,647,ICDOIP_10775,JCOPOM_03840,JANPHL_10120
group_4795,fepA,Outer membrane receptor for ferrienterochelin and colicins,3,3,1,5,526,,,,2006,2006,2006,ICDOIP_13405,JCOPOM_18525,JANPHL_12750
rfaB,,Glycosyltransferase involved in cell wall bisynthesis,3,3,1,1,563,,,,1070,1070,1070,ICDOIP_16695,JCOPOM_14500,JANPHL_16005
group_4797,potA,"ABC-type Fe3+/spermidine/putrescine transport systems, ATPase component",3,3,1,1,738,,,,1115,1121,1119,ICDOIP_11465,JCOPOM_03145,JANPHL_10810
recC,,exodeoxyribonuclease V subunit gamma,3,3,1,3,539,,,,3491,3491,3491,ICDOIP_04710,JCOPOM_06940,JANPHL_06275
group_4799,qor,NADPH:quinone reductase or related Zn-dependent oxidoreductase,3,3,1,8,40,,,,980,980,980,ICDOIP_19440,JCOPOM_19375,JANPHL_19895
Holin,,Holin,3,3,1,2,296,,,,278,278,278,ICDOIP_00415,JCOPOM_01395,JANPHL_03445
group_4800,yfbR,5'-deoxynucleotidase YfbR and related HD superfamily hydrolases,3,3,1,3,59,,,,587,587,587,ICDOIP_07110,JCOPOM_16380,JANPHL_03875
group_4801,tolC,Outer membrane protein TolC,3,3,1,5,367,,,,1406,1421,1416,ICDOIP_14335,JCOPOM_12360,JANPHL_13680
group_4802,mmdA,"Acetyl-CoA carboxylase, carboxyltransferase component",3,3,1,2,342,,,,1607,1607,1607,ICDOIP_00645,JCOPOM_01630,JANPHL_03215
group_4803,baeS,Signal transduction histidine kinase,3,3,1,2,626,,,,1373,1373,1373,ICDOIP_02065,JCOPOM_16285,JANPHL_01795
imuA,,translesion DNA synthesis-associated protein ImuA,3,3,1,3,216,,,,692,692,692,ICDOIP_06325,JCOPOM_17175,JANPHL_04660
group_4805,Transcriptional regulator,Transcriptional regulator,3,3,1,2,859,,,,467,467,467,ICDOIP_03200,JCOPOM_15125,JANPHL_00655
group_4806,Lipoprotein,Lipoprotein,3,3,1,3,111,,,,551,551,551,ICDOIP_06850,JCOPOM_16640,JANPHL_04135
group_4807,MFS transporter,MFS transporter,3,3,1,2,596,,,,1181,1181,1181,ICDOIP_01920,JCOPOM_02885,JANPHL_01940
DUF4124 domain-containing protein,,DUF4124 domain-containing protein,3,3,1,4,105,,,,581,581,581,ICDOIP_15905,JCOPOM_10345,JANPHL_15270
group_4809,dsbC,Protein thiol-disulfide isomerase DsbC,3,3,1,2,722,,,,716,716,716,ICDOIP_02515,JCOPOM_15810,JANPHL_01340
group_4810,norM,"Na+-driven multidrug efflux pump, DinF/NorM/MATE family",3,3,1,10,29,,,,1391,1391,1391,ICDOIP_21305,JCOPOM_21095,JANPHL_21350
fdhF,,formate dehydrogenase subunit alpha,3,3,1,5,369,,,,4268,4268,4268,ICDOIP_14325,JCOPOM_12370,JANPHL_13670
sanA,,"Uncharacterized periplasmic protein SanA, affects membrane permeability for vancomycin",3,3,1,1,815,,,,734,734,734,ICDOIP_11080,JCOPOM_03535,JANPHL_10425
group_4813,tauA,"ABC-type nitrate/sulfonate/bicarbonate transport system, periplasmic component",3,3,1,2,276,,,,1364,1364,1364,ICDOIP_00320,JCOPOM_01300,JANPHL_03540
amyA,,Glycosidase/amylase (phosphorylase),3,3,1,2,746,,,,1610,1610,1610,ICDOIP_02640,JCOPOM_15690,JANPHL_01215
group_4815,caiA,Acyl-CoA dehydrogenase related to the alkylation response protein AidB,3,3,1,5,571,,,,1169,1169,1169,ICDOIP_13625,JCOPOM_18740,JANPHL_12970
csdE,,cysteine desulfurase sulfur acceptor subunit CsdE,3,3,1,3,531,,,,428,428,428,ICDOIP_04750,JCOPOM_06980,JANPHL_06235
group_4817,pAS,PAS domain,3,3,1,5,433,,,,1343,1343,1343,ICDOIP_14005,JCOPOM_12685,JANPHL_13350
rluD,,23S rRNA pseudouridine(1911/1915/1917) synthase RluD,3,3,1,4,370,,,,977,977,977,ICDOIP_13100,JCOPOM_08360,JANPHL_11005
nfeD,,"Membrane-bound serine protease NfeD, ClpP class",3,3,1,2,322,,,,1379,1379,1379,ICDOIP_00545,JCOPOM_01530,JANPHL_03315
group_4820,pnuC,Nicotinamide riboside transporter PnuC,3,3,1,12,87,,,,272,272,272,ICDOIP_23825,JCOPOM_23150,JANPHL_23905
group_4821,ptsG,Phosphotransferase system IIB components,3,3,1,2,773,,,,1442,1442,1442,ICDOIP_02775,JCOPOM_15560,JANPHL_01080
DUF1513 domain-containing protein,,DUF1513 domain-containing protein,3,3,1,3,99,,,,1082,1082,1082,ICDOIP_06910,JCOPOM_16580,JANPHL_04075
cpsB,,CpsB,3,3,1,2,516,,,,1205,1205,1205,ICDOIP_01520,JCOPOM_02490,JANPHL_02340
trxC,,thioredoxin TrxC,3,3,1,2,193,,,,434,434,434,ICDOIP_20010,JCOPOM_00855,JANPHL_20040
glxA,,"Transcriptional regulator GlxA, contains an amidase domain and an AraC-type DNA-binding HTH domain",3,3,1,2,817,,,,923,923,923,ICDOIP_02995,JCOPOM_15340,JANPHL_00860
pulO,,Prepilin signal peptidase PulO (type II secretory pathway) or related peptidase,3,3,1,3,687,,,,869,869,869,ICDOIP_03965,JCOPOM_06195,JANPHL_17440
group_4827,pepF,Oligoendopeptidase F,3,3,1,2,919,,,,1847,1847,1847,ICDOIP_03710,JCOPOM_21725,JANPHL_00145
ataC,,"c-di-AMP phosphodiesterase AtaC or nucleotide pyrophosphatase, AlkP superfamily",3,3,1,5,250,,,,824,824,824,ICDOIP_09240,JCOPOM_11800,JANPHL_08585
accB,,acetyl-CoA carboxylase biotin carboxyl carrier protein,3,3,1,10,49,,,,458,458,458,ICDOIP_21430,JCOPOM_20970,JANPHL_21225
murD,,UDP-N-acetylmuramoyl-L-alanine--D-glutamate ligase,3,3,1,4,469,,,,1313,1313,1313,ICDOIP_12605,JCOPOM_08850,JANPHL_11500
thrC,,threonine synthase,3,3,1,4,430,,,,1280,1280,1280,ICDOIP_12795,JCOPOM_08660,JANPHL_11310
syd,,SecY-interacting protein,3,3,1,6,169,,,,545,545,545,ICDOIP_14575,JCOPOM_18055,JANPHL_13940
cdd,,cytidine deaminase,3,3,1,1,774,,,,887,887,887,ICDOIP_11285,JCOPOM_03330,JANPHL_10630
group_4834,mmsA,Acyl-CoA reductase or other NAD-dependent aldehyde dehydrogenase,3,3,1,5,568,,,,1493,1493,1493,ICDOIP_13610,JCOPOM_18725,JANPHL_12955
rfaF,,ADP-heptose:LPS heptosyltransferase,3,3,1,4,176,,,,1055,1055,1055,ICDOIP_15550,JCOPOM_09990,JANPHL_14915
group_4836,afuA,putative 2-aminoethylphosphonate ABC transporter substrate-binding protein,3,3,1,5,142,,,,1007,1007,1007,ICDOIP_09770,JCOPOM_11235,JANPHL_09115
modA,,molybdate ABC transporter substrate-binding protein,3,3,1,2,150,,,,755,755,755,ICDOIP_20165,JCOPOM_00635,JANPHL_20195
group_4838,OMP-b-brl domain-containing protein,OMP-b-brl domain-containing protein,3,3,1,5,148,,,,551,551,551,ICDOIP_09740,JCOPOM_11265,JANPHL_09085
group_4839,emrA,Multidrug resistance efflux pump EmrA,3,3,1,2,436,,,,1055,1055,1055,ICDOIP_01095,JCOPOM_02085,JANPHL_02765
queG,,tRNA epoxyqueuosine(34) reductase QueG,3,3,1,7,1,,,,1127,1127,1127,ICDOIP_18925,JCOPOM_22940,JANPHL_19435
"putative acyltransferase, LPLAT superfamily",,"putative acyltransferase, LPLAT superfamily",3,3,1,1,1144,,,,1715,1715,1715,ICDOIP_07900,JCOPOM_05200,JANPHL_07300
group_4842,gloA,"Catechol 2,3-dioxygenase or related enzyme, vicinal oxygen chelate (VOC) family",3,3,1,2,926,,,,425,425,425,ICDOIP_03670,JCOPOM_21690,JANPHL_00185
group_4843,Membrane protein,Membrane protein,3,3,1,5,435,,,,746,746,746,ICDOIP_13995,JCOPOM_12700,JANPHL_13340
group_4844,argD,aspartate aminotransferase family protein,3,3,1,5,140,,,,1379,1379,1379,ICDOIP_09780,JCOPOM_11225,JANPHL_09125
group_4845,citB,"DNA-binding response regulator, NarL/FixJ family, contains REC and HTH domains",3,3,1,5,255,,,,653,653,653,ICDOIP_09215,JCOPOM_11825,JANPHL_08560
phoA,,Alkaline phosphatase,3,3,1,2,289,,,,1289,1289,1289,ICDOIP_00385,JCOPOM_01365,JANPHL_03475
group_4847,lysR,LysR family transcriptional regulator,3,3,1,2,224,,,,902,902,902,ICDOIP_00060,JCOPOM_01035,JANPHL_03805
Copper(I)-binding protein,,Copper(I)-binding protein,3,3,1,2,732,,,,461,461,461,ICDOIP_02570,JCOPOM_15755,JANPHL_01285
queF,,NADPH-dependent 7-cyano-7-deazaguanine reductase QueF,3,3,1,6,170,,,,845,845,845,ICDOIP_14580,JCOPOM_18050,JANPHL_13945
group_4850,DUF3943 domain-containing protein,DUF3943 domain-containing protein,3,3,1,2,313,,,,416,416,416,ICDOIP_00495,JCOPOM_01480,JANPHL_03365
DUF1007 domain-containing protein,,DUF1007 domain-containing protein,3,3,1,2,133,,,,212,212,212,ICDOIP_20250,JCOPOM_00550,JANPHL_20280
ispE,,4-(cytidine 5'-diphospho)-2-C-methyl-D-erythritol kinase,3,3,1,1,5,,,,872,872,872,ICDOIP_07145,JCOPOM_21270,JANPHL_08060
group_4853,araC,AraC-type DNA-binding domain and AraC-containing proteins,3,3,1,5,412,,,,827,827,827,ICDOIP_14110,JCOPOM_12585,JANPHL_13455
tdh,,Threonine dehydrogenase or related Zn-dependent dehydrogenase,3,3,1,5,385,,,,1271,1271,1271,ICDOIP_14245,JCOPOM_12450,JANPHL_13590
chrA,,Chromate transport protein ChrA,3,3,1,3,571,,,,1139,1139,1139,ICDOIP_04555,JCOPOM_06790,JANPHL_06430
yghU,,glutathione-dependent disulfide-bond oxidoreductase,3,3,1,2,498,,,,857,857,857,ICDOIP_01405,JCOPOM_02395,JANPHL_02455
group_4857,srkA,"Ser/Thr protein kinase RdoA involved in Cpx stress response, MazF antagonist",3,3,1,5,154,,,,830,830,830,ICDOIP_09710,JCOPOM_11295,JANPHL_09055
ybgA,,DUF1722 domain-containing protein,3,3,1,2,586,,,,950,950,950,ICDOIP_01870,JCOPOM_02835,JANPHL_01990
group_4859,wcaG,Nucleoside-diphosphate-sugar epimerase,3,3,1,1,752,,,,1034,1034,1034,ICDOIP_11395,JCOPOM_03220,JANPHL_10740
vopS,,T3SS effector adenosine monophosphate-protein transferase VopS,3,3,1,1,343,,,,1163,1163,1163,ICDOIP_17715,JCOPOM_13490,JANPHL_17080
ATP-dependent protease,,ATP-dependent protease,3,3,1,3,524,,,,596,596,596,ICDOIP_04780,JCOPOM_07010,JANPHL_06205
Nudix hydrolase domain-containing protein,,Nudix hydrolase domain-containing protein,3,3,1,5,123,,,,539,539,539,ICDOIP_09860,JCOPOM_11145,JANPHL_09205
murE,,"UDP-N-acetylmuramoyl-L-alanyl-D-glutamate--2,6-diaminopimelate ligase",3,3,1,4,472,,,,1481,1481,1481,ICDOIP_12590,JCOPOM_08865,JANPHL_11515
sbmC,,DNA gyrase inhibitor GyrI/SbmC,3,3,1,5,293,,,,869,869,869,ICDOIP_09030,JCOPOM_12025,JANPHL_08375
group_4865,Acetyltransferase,Acetyltransferase,3,3,1,10,13,,,,956,956,956,ICDOIP_21225,JCOPOM_21175,JANPHL_21430
rsuA,,16S rRNA pseudouridine(516) synthase RsuA,3,3,1,1,855,,,,701,701,701,ICDOIP_10875,JCOPOM_03740,JANPHL_10220
coxB,,cytochrome c oxidase subunit II,3,3,1,5,416,,,,1217,1217,1217,ICDOIP_14090,JCOPOM_12605,JANPHL_13435
"1,4-alpha-glucan branching protein",,"1,4-alpha-glucan branching protein",3,3,1,2,473,,,,296,296,296,ICDOIP_01280,JCOPOM_02270,JANPHL_02580
group_4869,pilW,Type IV pilus assembly protein PilW,3,3,1,6,107,,,,626,626,626,ICDOIP_14805,JCOPOM_17825,JANPHL_14170
lacZ,,Beta-galactosidase/beta-glucuronidase,3,3,1,5,254,,,,2408,2408,2408,ICDOIP_09220,JCOPOM_11820,JANPHL_08565
pilO,,Type IV pilus assembly protein PilO,3,3,1,7,84,,,,593,593,593,ICDOIP_19275,JCOPOM_22570,JANPHL_19085
wzb,,Protein-tyrosine-phosphatase,3,3,1,3,246,,,,449,449,449,ICDOIP_06175,JCOPOM_17325,JANPHL_04810
group_4873,msrA,Peptide methionine sulfoxide reductase MsrA,3,3,1,4,316,,,,638,638,638,ICDOIP_12005,JCOPOM_09445,JANPHL_12100
murB,,UDP-N-acetylmuramate dehydrogenase,3,3,1,15,3,,,,1043,1043,1043,ICDOIP_22790,JCOPOM_23815,JANPHL_22835
group_4875,Capsular biosynthesis protein,Capsular biosynthesis protein,3,3,1,2,519,,,,812,812,812,ICDOIP_01535,JCOPOM_02505,JANPHL_02325
acpH,,Acyl carrier protein phosphodiesterase,3,3,1,2,71,,,,596,596,596,ICDOIP_18215,JCOPOM_00240,JANPHL_18255
group_4877,gstA,Glutathione S-transferase,3,3,1,2,529,,,,617,617,617,ICDOIP_01585,JCOPOM_02555,JANPHL_02275
group_4878,rhtB,Threonine/homoserine/homoserine lactone efflux protein,3,3,1,5,193,,,,611,611,611,ICDOIP_09515,JCOPOM_11495,JANPHL_08860
group_4879,Chemotaxis protein,Chemotaxis protein,3,3,1,3,501,,,,743,743,743,ICDOIP_04890,JCOPOM_07120,JANPHL_06095
ptrB,,Protease II,3,3,1,5,75,,,,2165,2165,2165,ICDOIP_10120,JCOPOM_10855,JANPHL_09465
cadC1,,DNA-binding winged helix-turn-helix (wHTH) domain,3,3,1,6,159,,,,1520,1520,1520,ICDOIP_14525,JCOPOM_18105,JANPHL_13890
group_4882,Signal peptide protein,Signal peptide protein,3,3,1,5,469,,,,449,449,449,ICDOIP_13125,JCOPOM_18245,JANPHL_12470
rsgA,,ribosome small subunit-dependent GTPase A,3,3,1,2,734,,,,1076,1076,1076,ICDOIP_02580,JCOPOM_15745,JANPHL_01275
group_4884,Chemotaxis protein,Chemotaxis protein,3,3,1,3,374,,,,728,728,728,ICDOIP_05530,JCOPOM_07760,JANPHL_05455
pyrF,,orotidine-5'-phosphate decarboxylase,3,3,1,3,208,,,,701,701,701,ICDOIP_06365,JCOPOM_17135,JANPHL_04620
DUF2860 domain-containing protein,,DUF2860 domain-containing protein,3,3,1,8,25,,,,956,956,956,ICDOIP_19770,JCOPOM_19705,JANPHL_19565
Guanylate cyclase,,Guanylate cyclase,3,3,1,3,69,,,,539,539,539,ICDOIP_07060,JCOPOM_16430,JANPHL_03925
spo0M,,Stage 0 sporulation-control protein Spo0M,3,3,1,1,794,,,,743,743,743,ICDOIP_11185,JCOPOM_03430,JANPHL_10530
ptsG2,,Phosphotransferase system IIB components,3,3,1,2,733,,,,296,296,296,ICDOIP_02575,JCOPOM_15750,JANPHL_01280
group_4890,citB,DNA-binding response regulator DpiB of citrate/malate metabolism,3,3,1,11,37,,,,677,677,677,ICDOIP_22185,JCOPOM_22005,JANPHL_22205
chiP,,chitoporin,3,3,1,1,25,,,,1121,1121,1121,ICDOIP_07245,JCOPOM_21370,JANPHL_07960
asmA,,Uncharacterized conserved protein AsmA involved in outer membrane biogenesis,3,3,1,3,248,,,,2087,2087,2087,ICDOIP_06165,JCOPOM_17335,JANPHL_04820
ycgL,,YcgL domain-containing protein,3,3,1,2,917,,,,206,206,206,ICDOIP_03720,JCOPOM_21735,JANPHL_00135
yecA,,UPF0149 protein,3,3,1,1,978,,,,611,611,611,ICDOIP_10255,JCOPOM_04360,JANPHL_09600
trpA,,tryptophan synthase subunit alpha,3,3,1,3,141,,,,806,806,806,ICDOIP_06680,JCOPOM_16810,JANPHL_04305
galA,,Alpha-galactosidase,3,3,1,1,905,,,,1739,1739,1739,ICDOIP_10625,JCOPOM_03990,JANPHL_09970
vscW,,Type III secretion system chaperone VscW,3,3,1,1,327,,,,416,416,416,ICDOIP_17640,JCOPOM_13415,JANPHL_17005
Multidrug DMT transporter permease,,Multidrug DMT transporter permease,3,3,1,3,543,,,,296,296,296,ICDOIP_04690,JCOPOM_06920,JANPHL_06295
yaaA,,peroxide stress protein YaaA,3,3,1,4,422,,,,776,776,776,ICDOIP_12835,JCOPOM_08625,JANPHL_11270
DUF2804 domain-containing protein,,DUF2804 domain-containing protein,3,3,1,2,316,,,,1010,1010,1010,ICDOIP_00515,JCOPOM_01500,JANPHL_03345
bifunctional metallophosphatase/5'-nucleotidase,,bifunctional metallophosphatase/5'-nucleotidase,3,3,1,5,199,,,,1565,1565,1565,ICDOIP_09485,JCOPOM_11525,JANPHL_08830
ybjT,,DUF2867 domain-containing protein,3,3,1,1,847,,,,1478,1478,1478,ICDOIP_10915,JCOPOM_03700,JANPHL_10260
rlmF,,23S rRNA (adenine(1618)-N(6))-methyltransferase RlmF,3,3,1,1,749,,,,1127,1127,1127,ICDOIP_11410,JCOPOM_03205,JANPHL_10755
DUF3833 domain-containing protein,,DUF3833 domain-containing protein,3,3,1,1,940,,,,539,539,539,ICDOIP_10450,JCOPOM_04165,JANPHL_09795
caiA,,Acyl-CoA dehydrogenase related to the alkylation response protein AidB,3,3,1,2,337,,,,1154,1154,1154,ICDOIP_00620,JCOPOM_01605,JANPHL_03240
rlmG,,Ribosomal RNA large subunit methyltransferase G,3,3,1,3,516,,,,1157,1157,1157,ICDOIP_04815,JCOPOM_07045,JANPHL_06170
DUF1496 domain-containing protein,,DUF1496 domain-containing protein,3,3,1,5,309,,,,272,272,272,ICDOIP_08950,JCOPOM_12105,JANPHL_08295
group_4907,Signal transduction histidine kinase regulating C4-dicarboxylate transport system,Signal transduction histidine kinase regulating C4-dicarboxylate transport system,3,3,1,5,89,,,,2072,2072,2072,ICDOIP_10040,JCOPOM_10935,JANPHL_09385
tVP38,,"Uncharacterized membrane protein YdjX, related to fungal oxalate transporter, TVP38/TMEM64 family",3,3,1,1,872,,,,677,677,677,ICDOIP_10790,JCOPOM_03825,JANPHL_10135
DUF2797 domain-containing protein,,DUF2797 domain-containing protein,3,3,1,1,818,,,,824,824,824,ICDOIP_11065,JCOPOM_03550,JANPHL_10410
nnrS,,Nitric oxide response protein NnrS,3,3,1,3,554,,,,1184,1184,1184,ICDOIP_04640,JCOPOM_06870,JANPHL_06345
mioC,,FMN-binding protein MioC,3,3,1,8,85,,,,434,434,434,ICDOIP_19645,JCOPOM_19580,JANPHL_19690
group_4912,phoD,Phosphodiesterase/alkaline phosphatase D,3,3,1,1,586,,,,1949,1949,1949,ICDOIP_16580,JCOPOM_14615,JANPHL_16120
gbpA,,N-acetylglucosamine-binding protein GbpA,3,3,1,2,701,,,,1463,1463,1463,ICDOIP_02435,JCOPOM_15910,JANPHL_01420
group_4914,Uncharacterized membrane protein,Uncharacterized membrane protein,3,3,1,1,1141,,,,560,560,560,ICDOIP_07915,JCOPOM_05185,JANPHL_07285
group_4915,ABC transporter permease,ABC transporter permease,3,3,1,5,259,,,,254,254,254,ICDOIP_09195,JCOPOM_11845,JANPHL_08540
Phosphate-selective porin O and P,,Phosphate-selective porin O and P,3,3,1,1,783,,,,1172,1172,1172,ICDOIP_11240,JCOPOM_03375,JANPHL_10585
group_4917,fIST,"FIST domain protein MJ1623, contains FIST_N and FIST_C domains",3,3,1,1,488,,,,1181,1181,1181,ICDOIP_17050,JCOPOM_14140,JANPHL_15650
hlx,,Putative hemolysin,3,3,1,5,161,,,,260,260,260,ICDOIP_09675,JCOPOM_11330,JANPHL_09020
galU,,UTP--glucose-1-phosphate uridylyltransferase GalU,3,3,1,4,243,,,,878,878,878,ICDOIP_15370,JCOPOM_09775,JANPHL_14735
group_4920,argE,Acetylornithine deacetylase/Succinyl-diaminopimelate desuccinylase or related deacylase,3,3,1,2,719,,,,1124,1124,1124,ICDOIP_02500,JCOPOM_15825,JANPHL_01355
DUF3301 domain-containing protein,,DUF3301 domain-containing protein,3,3,1,3,488,,,,299,299,299,ICDOIP_04960,JCOPOM_07190,JANPHL_06025
traB,,"Uncharacterized conserved protein YbaP, TraB family",3,3,1,1,18,,,,872,872,872,ICDOIP_07215,JCOPOM_21340,JANPHL_07990
hutI,,imidazolonepropionase,3,3,1,1,796,,,,1250,1250,1250,ICDOIP_11175,JCOPOM_03440,JANPHL_10520
"putative DNA-binding protein, contains ribbon-helix-helix (RHH) domain",,"putative DNA-binding protein, contains ribbon-helix-helix (RHH) domain",3,3,1,3,329,,,,299,299,299,ICDOIP_05750,JCOPOM_07980,JANPHL_05235
coaBC,,bifunctional phosphopantothenoylcysteine decarboxylase/phosphopantothenate--cysteine ligase CoaBC,3,3,1,4,165,,,,1199,1199,1199,ICDOIP_15605,JCOPOM_10045,JANPHL_14970
yckC,,"Uncharacterized membrane protein YckC, RDD family",3,3,1,1,181,,,,479,479,479,ICDOIP_18845,JCOPOM_19290,JANPHL_18875
pabB,,aminodeoxychorismate synthase component I,3,3,1,3,67,,,,1373,1373,1373,ICDOIP_07070,JCOPOM_16420,JANPHL_03915
group_4928,yccC,Uncharacterized membrane protein YccC,3,3,1,2,681,,,,2174,2174,2174,ICDOIP_02335,JCOPOM_16010,JANPHL_01520
group_4929,cof,Hydroxymethylpyrimidine pyrophosphatase and other HAD family phosphatases,3,3,1,2,964,,,,803,803,803,ICDOIP_03480,JCOPOM_14840,JANPHL_00375
"Quercetin 2,3-dioxygenase",,"Quercetin 2,3-dioxygenase",3,3,1,2,489,,,,848,848,848,ICDOIP_01360,JCOPOM_02350,JANPHL_02500
msrP,,Molybdopterin-dependent catalytic subunit of periplasmic DMSO/TMAO and protein-methionine-sulfoxide reductases,3,3,1,2,359,,,,1313,1313,1313,ICDOIP_00725,JCOPOM_01710,JANPHL_03135
group_4932,secY,Preprotein translocase subunit SecY,3,3,1,5,535,,,,1043,1043,1043,ICDOIP_13450,JCOPOM_18565,JANPHL_12795
group_4933,torA,Anaerobic selenocysteine-containing dehydrogenase,3,3,1,2,903,,,,2447,2447,2447,ICDOIP_03790,JCOPOM_21805,JANPHL_00065
group_4934,"Cyclic di-GMP metabolism protein, combines GGDEF and EAL domains with a 6TM membrane domain","Cyclic di-GMP metabolism protein, combines GGDEF and EAL domains with a 6TM membrane domain",3,3,1,2,394,,,,2255,2255,2255,ICDOIP_00885,JCOPOM_01875,JANPHL_02975
group_4935,marR,"DNA-binding transcriptional regulator, MarR family",3,3,1,2,437,,,,455,455,455,ICDOIP_01100,JCOPOM_02090,JANPHL_02760
betB,,betaine-aldehyde dehydrogenase,3,3,1,2,330,,,,1460,1460,1460,ICDOIP_00585,JCOPOM_01570,JANPHL_03275
hAMP,,HAMP domain,3,3,1,1,242,,,,2159,2159,2159,ICDOIP_17250,JCOPOM_13010,JANPHL_16615
sTE14,,Protein-S-isoprenylcysteine O-methyltransferase Ste14,3,3,1,1,801,,,,461,461,461,ICDOIP_11150,JCOPOM_03465,JANPHL_10495
acd,,"1-aminocyclopropane-1-carboxylate deaminase/D-cysteine desulfhydrase, PLP-dependent ACC family",3,3,1,3,164,,,,962,962,962,ICDOIP_06565,JCOPOM_16925,JANPHL_04420
group_4940,lysR,"DNA-binding transcriptional regulator, LysR family",3,3,1,4,451,,,,860,860,860,ICDOIP_12690,JCOPOM_08765,JANPHL_11415
SLT domain-containing protein,,SLT domain-containing protein,3,3,1,1,1133,,,,740,740,740,ICDOIP_07955,JCOPOM_05145,JANPHL_07245
group_4942,asmA,AsmA family protein,3,3,1,4,113,,,,2054,2054,2054,ICDOIP_15865,JCOPOM_10305,JANPHL_15230
group_4943,tar,Methyl-accepting chemotaxis protein (MCP),3,3,1,5,440,,,,2000,2000,2000,ICDOIP_13970,JCOPOM_12725,JANPHL_13315
group_4944,iucA,Siderophore synthetase component IucA/IucC/SbnC,3,3,1,2,765,,,,1832,1832,1832,ICDOIP_02735,JCOPOM_15600,JANPHL_01120
DUF3040 domain-containing protein,,DUF3040 domain-containing protein,3,3,1,2,971,,,,281,281,281,ICDOIP_03445,JCOPOM_14875,JANPHL_00410
group_4946,Methyl-accepting chemotaxis protein,Methyl-accepting chemotaxis protein,3,3,1,1,260,,,,233,233,233,ICDOIP_17320,JCOPOM_13080,JANPHL_16685
hrpB,,ATP-dependent helicase HrpB,3,3,1,3,663,,,,2468,2468,2468,ICDOIP_04085,JCOPOM_06320,JANPHL_17560
pAAR,,"Zn-binding Pro-Ala-Ala-Arg (PAAR) domain, involved in Type VI secretion",3,3,1,2,243,,,,290,290,290,ICDOIP_00155,JCOPOM_01135,JANPHL_03705
group_4949,Transcriptional regulator,Transcriptional regulator,3,3,1,2,142,,,,281,281,281,ICDOIP_20205,JCOPOM_00595,JANPHL_20235
btuD,,vitamin B12 ABC transporter ATP-binding protein BtuD,3,3,1,1,761,,,,764,764,764,ICDOIP_11350,JCOPOM_03265,JANPHL_10695
group_4951,eRG3,"Sterol desaturase/sphingolipid hydroxylase, fatty acid hydroxylase superfamily",3,3,1,2,315,,,,815,815,815,ICDOIP_00510,JCOPOM_01495,JANPHL_03350
proA,,glutamate-5-semialdehyde dehydrogenase,3,3,1,6,126,,,,1235,1250,1245,ICDOIP_14710,JCOPOM_17920,JANPHL_14075
rne,,ribonuclease E,3,3,1,3,244,,,,3071,3113,3099,ICDOIP_06185,JCOPOM_17315,JANPHL_04800
sodA,,Superoxide dismutase,3,3,1,10,35,,,,608,608,608,ICDOIP_21335,JCOPOM_21065,JANPHL_21320
yecE,,"Sugar isomerase-related protein YecE, UPF0759/DUF72 family",3,3,1,1,1000,,,,869,869,869,ICDOIP_08635,JCOPOM_04470,JANPHL_06560
group_4956,oppA,"ABC-type oligopeptide transport system, periplasmic component",3,3,1,1,727,,,,1610,1610,1610,ICDOIP_11515,JCOPOM_03095,JANPHL_10860
ykgJ,,YkgJ family cysteine cluster protein,3,3,1,3,335,,,,248,248,248,ICDOIP_05720,JCOPOM_07950,JANPHL_05265
cadA,,Cation-transporting P-type ATPase,3,3,1,1,22,,,,2735,2735,2735,ICDOIP_07235,JCOPOM_21360,JANPHL_07970
DUF3624 domain-containing protein,,DUF3624 domain-containing protein,3,3,1,7,90,,,,272,272,272,ICDOIP_19235,JCOPOM_22540,JANPHL_19125
adaA,,"Methylphosphotriester-DNA--protein-cysteine methyltransferase (N-terminal fragment of Ada), contains Zn-binding and two AraC-type DNA-binding domains",3,3,1,2,984,,,,1367,1367,1367,ICDOIP_03380,JCOPOM_14940,JANPHL_00475
group_4961,cheY,"CheY-like REC (receiver) domain, includes chemotaxis protein CheY and sporulation regulator Spo0F",3,3,1,1,241,,,,3155,3155,3155,ICDOIP_17245,JCOPOM_13005,JANPHL_16610
proV,,glycine betaine/L-proline ABC transporter ATP-binding protein ProV,3,3,1,1,298,,,,1187,1187,1187,ICDOIP_17505,JCOPOM_13270,JANPHL_16870
group_4963,Uncharacterized membrane protein,Uncharacterized membrane protein,3,3,1,5,179,,,,2714,2714,2714,ICDOIP_09585,JCOPOM_11420,JANPHL_08930
group_4964,rfaB,Glycosyltransferase involved in cell wall bisynthesis,3,3,1,2,523,,,,1031,1031,1031,ICDOIP_01555,JCOPOM_02525,JANPHL_02305
menH,,"2-succinyl-6-hydroxy-2,4-cyclohexadiene-1-carboxylate synthase",3,3,1,1,1105,,,,794,794,794,ICDOIP_08095,JCOPOM_05005,JANPHL_07105
apt,,adenine phosphoribosyltransferase,3,3,1,3,344,,,,545,545,545,ICDOIP_05675,JCOPOM_07905,JANPHL_05310
mshN,,MSHA biogenesis protein MshN,3,3,1,1,118,,,,1076,1076,1076,ICDOIP_18545,JCOPOM_18990,JANPHL_18575
hutW,,heme anaerobic degradation radical SAM methyltransferase ChuW/HutW,3,3,1,5,318,,,,1370,1370,1370,ICDOIP_08905,JCOPOM_12150,JANPHL_08250
selO,,YdiU family protein,3,3,1,1,1126,,,,1469,1469,1469,ICDOIP_07990,JCOPOM_05110,JANPHL_07210
cobB,,NAD-dependent protein deacylase,3,3,1,1,510,,,,725,725,725,ICDOIP_16945,JCOPOM_14250,JANPHL_15755
DUF2989 domain-containing protein,,DUF2989 domain-containing protein,3,3,1,3,320,,,,821,821,821,ICDOIP_05795,JCOPOM_08025,JANPHL_05190
aat,,leucyl/phenylalanyl-tRNA--protein transferase,3,3,1,1,1025,,,,710,710,710,ICDOIP_08510,JCOPOM_04595,JANPHL_06685
slp,,Starvation-inducible outer membrane lipoprotein Slp,3,3,1,1,1174,,,,557,557,557,ICDOIP_07785,JCOPOM_05355,JANPHL_07415
hutZ,,heme utilization protein HutZ,3,3,1,5,320,,,,530,530,530,ICDOIP_08895,JCOPOM_12160,JANPHL_08240
eRG3,,"Sterol desaturase/sphingolipid hydroxylase, fatty acid hydroxylase superfamily",3,3,1,1,537,,,,821,827,825,ICDOIP_16810,JCOPOM_14385,JANPHL_15890
ctpA,,"C-terminal processing protease CtpA/Prc, contains a PDZ domain",3,3,1,1,747,,,,1583,1586,1585,ICDOIP_11420,JCOPOM_03195,JANPHL_10765
group_4977,cDC14,Protein-tyrosine phosphatase,3,3,1,9,61,,,,494,494,494,ICDOIP_22430,JCOPOM_20255,JANPHL_22530
osmY,,"Osmotically-inducible protein OsmY, contains BON domain",3,3,1,4,68,,,,551,551,551,ICDOIP_16095,JCOPOM_10540,JANPHL_15460
group_4979,pulG,"Type II secretory pathway, pseudopilin PulG",3,3,1,1,596,,,,491,491,491,ICDOIP_16530,JCOPOM_14665,JANPHL_16170
group_4980,mscS,Small-conductance mechanosensitive channel,3,3,1,2,843,,,,593,593,593,ICDOIP_03120,JCOPOM_15205,JANPHL_00735
DNA-directed RNA polymerase subunit beta,,DNA-directed RNA polymerase subunit beta,3,3,1,6,116,,,,443,443,443,ICDOIP_14760,JCOPOM_17870,JANPHL_14125
dnaK,,Molecular chaperone DnaK (HSP70),3,3,1,1,592,,,,2807,2807,2807,ICDOIP_16550,JCOPOM_14645,JANPHL_16150
tssG,,type VI secretion system baseplate subunit TssG,3,3,1,2,247,,,,965,965,965,ICDOIP_00175,JCOPOM_01155,JANPHL_03685
cobQ,,cobyric acid synthase,3,3,1,2,151,,,,1451,1451,1451,ICDOIP_20160,JCOPOM_00640,JANPHL_20190
group_4985,aceF,pyruvate dehydrogenase complex dihydrolipoyllysine-residue acetyltransferase,3,3,1,3,679,,,,1886,1886,1886,ICDOIP_04005,JCOPOM_06235,JANPHL_17480
AbrB/MazE/SpoVT family DNA-binding domain-containing protein,,AbrB/MazE/SpoVT family DNA-binding domain-containing protein,3,3,1,4,549,,,,230,230,230,ICDOIP_21075,JCOPOM_20740,JANPHL_20800
luxP,,Autoinducer 2-binding periplasmic protein LuxP,3,3,1,2,439,,,,1082,1097,1092,ICDOIP_01110,JCOPOM_02100,JANPHL_02750
Putative hemolysin,,Putative hemolysin,3,3,1,4,525,,,,1748,1748,1748,ICDOIP_12315,JCOPOM_09140,JANPHL_11790
aguA,,agmatine deiminase,3,3,1,1,222,,,,1082,1082,1082,ICDOIP_17150,JCOPOM_23515,JANPHL_16515
fruA,,PTS fructose transporter subunit IIBC,3,3,1,2,41,,,,1733,1733,1733,ICDOIP_18060,JCOPOM_00090,JANPHL_18410
yeiH,,"Uncharacterized membrane protein YadS, UPF0324 family",3,3,1,1,1100,,,,875,875,875,ICDOIP_08120,JCOPOM_04980,JANPHL_07080
"putative 3-hydroxylacyl-ACP dehydratase, HotDog domain",,"putative 3-hydroxylacyl-ACP dehydratase, HotDog domain",3,3,1,1,1151,,,,464,464,464,ICDOIP_07865,JCOPOM_05235,JANPHL_07335
tsaA,,tRNA (N6-threonylcarbamoyladenosine(37)-N6)-methyltransferase TrmO,3,3,1,3,494,,,,695,695,695,ICDOIP_04925,JCOPOM_07155,JANPHL_06060
thiE,,Thiamine-phosphate synthase,3,3,1,2,901,,,,614,614,614,ICDOIP_03800,JCOPOM_21815,JANPHL_00055
group_4995,DUF11 domain-containing protein,DUF11 domain-containing protein,3,3,1,2,554,,,,11294,11294,11294,ICDOIP_01710,JCOPOM_02680,JANPHL_02150
recQ,,Superfamily II DNA helicase RecQ,3,3,1,3,503,,,,1964,1964,1964,ICDOIP_04880,JCOPOM_07110,JANPHL_06105
Secreted protein,,Secreted protein,3,3,1,2,295,,,,296,296,296,ICDOIP_00410,JCOPOM_01390,JANPHL_03450
vopQ,,type III secretion system effector VopQ,3,3,1,1,347,,,,1478,1478,1478,ICDOIP_17735,JCOPOM_13510,JANPHL_17100
pepF,,Oligoendopeptidase F,3,3,1,1,764,,,,1799,1799,1799,ICDOIP_11335,JCOPOM_03280,JANPHL_10680
osmC,,Organic hydroperoxide reductase OsmC/OhrA,3,3,1,2,317,,,,473,473,473,ICDOIP_00520,JCOPOM_01505,JANPHL_03340
rpiR,,"DNA-binding transcriptional regulator, MurR/RpiR family, contains HTH and SIS domains",3,3,1,2,847,,,,851,851,851,ICDOIP_03140,JCOPOM_15185,JANPHL_00715
Ty3-gypsy retrotransposon protein,,Ty3-gypsy retrotransposon protein,3,3,1,2,442,,,,218,218,218,ICDOIP_01125,JCOPOM_02115,JANPHL_02735
Adenylosuccinate lyase,,Adenylosuccinate lyase,3,3,1,3,206,,,,239,239,239,ICDOIP_06375,JCOPOM_17125,JANPHL_04610
group_5003,purR,"DNA-binding transcriptional regulator, LacI/PurR family",3,3,1,1,95,,,,998,1010,1002,ICDOIP_18910,JCOPOM_19340,JANPHL_18940
gsp,,"Glutathionylspermidine synthase, CHAP domain",3,3,1,1,979,,,,1166,1166,1166,ICDOIP_10250,JCOPOM_04365,JANPHL_09595
group_5005,gloB,"Glyoxylase or a related metal-dependent hydrolase, beta-lactamase superfamily II",3,3,1,2,966,,,,866,866,866,ICDOIP_03470,JCOPOM_14850,JANPHL_00385
tssF,,type VI secretion system baseplate subunit TssF,3,3,1,2,248,,,,1823,1823,1823,ICDOIP_00180,JCOPOM_01160,JANPHL_03680
yciI,,YciI family protein,3,3,1,3,151,,,,296,296,296,ICDOIP_06630,JCOPOM_16860,JANPHL_04355
group_5008,lysR,"DNA-binding transcriptional regulator, LysR family",3,3,1,2,965,,,,887,887,887,ICDOIP_03475,JCOPOM_14845,JANPHL_00380
pabC,,aminodeoxychorismate lyase,3,3,1,3,233,,,,818,818,818,ICDOIP_06240,JCOPOM_17260,JANPHL_04745
cca,,multifunctional CCA addition/repair protein,3,3,1,4,509,,,,1220,1220,1220,ICDOIP_12400,JCOPOM_09055,JANPHL_11705
group_5011,OMP-b-brl domain-containing protein,OMP-b-brl domain-containing protein,3,3,1,4,565,,,,218,218,218,ICDOIP_21155,JCOPOM_20820,JANPHL_20720
murF,,UDP-N-acetylmuramyl pentapeptide synthase,3,3,1,4,471,,,,1364,1364,1364,ICDOIP_12595,JCOPOM_08860,JANPHL_11510
hDGYP,,"HD-GYP domain, c-di-GMP phosphodiesterase class II (or its inactivated variant)",3,3,1,1,601,,,,1124,1124,1124,ICDOIP_16505,JCOPOM_14690,JANPHL_16195
DUF1566 domain-containing protein,,DUF1566 domain-containing protein,3,3,1,2,577,,,,1442,1442,1442,ICDOIP_01825,JCOPOM_02790,JANPHL_02035
dacB,,serine-type D-Ala-D-Ala carboxypeptidase,3,3,1,3,631,,,,1421,1421,1421,ICDOIP_04245,JCOPOM_06480,JANPHL_17720
Copper-binding protein,,Copper-binding protein,3,3,1,5,364,,,,581,581,581,ICDOIP_14350,JCOPOM_12345,JANPHL_13695
pnuC,,nicotinamide riboside transporter PnuC,3,3,1,2,298,,,,731,731,731,ICDOIP_00425,JCOPOM_01405,JANPHL_03435
group_5018,lysR,"DNA-binding transcriptional regulator, LysR family",3,3,1,2,112,,,,887,887,887,ICDOIP_18420,JCOPOM_00445,JANPHL_18050
group_5019,putative ATPase,putative ATPase,3,3,1,4,108,,,,542,542,542,ICDOIP_15890,JCOPOM_10330,JANPHL_15255
Peptidase A24,,Peptidase A24,3,3,1,5,474,,,,443,443,443,ICDOIP_13145,JCOPOM_18265,JANPHL_12490
Glycosidase,,Glycosidase,3,3,1,2,747,,,,506,506,506,ICDOIP_02645,JCOPOM_15685,JANPHL_01210
group_5022,artM,arginine ABC transporter permease ArtM,3,3,1,5,549,,,,668,668,668,ICDOIP_13515,JCOPOM_18630,JANPHL_12860
M6 family metalloprotease domain-containing protein,,M6 family metalloprotease domain-containing protein,3,3,1,1,1128,,,,2984,2984,2984,ICDOIP_07980,JCOPOM_05120,JANPHL_07220
group_5024,acrA,Multidrug efflux pump subunit AcrA (membrane-fusion protein),3,3,1,5,240,,,,1157,1157,1157,ICDOIP_09275,JCOPOM_11755,JANPHL_08620
pepD,,Di- or tripeptidase,3,3,1,6,119,,,,1472,1472,1472,ICDOIP_14745,JCOPOM_17885,JANPHL_14110
group_5026,mltF,Membrane-bound lytic murein transglycosylase MltF,3,3,1,4,372,,,,1481,1481,1481,ICDOIP_13090,JCOPOM_08370,JANPHL_11015
mutM,,bifunctional DNA-formamidopyrimidine glycosylase/DNA-(apurinic or apyrimidinic site) lyase,3,3,1,4,171,,,,809,809,809,ICDOIP_15575,JCOPOM_10015,JANPHL_14940
rsmC,,16S rRNA (guanine(1207)-N(2))-methyltransferase RsmC,3,3,1,3,642,,,,1025,1025,1025,ICDOIP_04190,JCOPOM_06425,JANPHL_17665
Peptidase M60 domain-containing protein,,Peptidase M60 domain-containing protein,3,3,1,1,1041,,,,2720,2726,2722,ICDOIP_08430,JCOPOM_04675,JANPHL_06765
phoD,,Phosphodiesterase/alkaline phosphatase D,3,3,1,1,810,,,,1673,1673,1673,ICDOIP_11105,JCOPOM_03510,JANPHL_10450
yadH,,"ABC-type multidrug transport system, permease component",3,3,1,1,309,,,,1151,1151,1151,ICDOIP_17550,JCOPOM_13325,JANPHL_16915
cxxC,,"putative protein-disulfide isomerase, contains CxxC motif",3,3,1,3,296,,,,629,629,629,ICDOIP_05920,JCOPOM_08150,JANPHL_05065
dusA,,tRNA dihydrouridine(20/20a) synthase DusA,3,3,1,7,63,,,,947,947,947,ICDOIP_19380,JCOPOM_22675,JANPHL_18980
group_5034,pqqL,"putative Zn-dependent peptidase, M16 family",3,3,1,2,756,,,,2747,2747,2747,ICDOIP_02690,JCOPOM_15645,JANPHL_01165
fhs,,formate--tetrahydrofolate ligase,3,3,1,2,62,,,,1748,1748,1748,ICDOIP_18170,JCOPOM_00195,JANPHL_18300
group_5036,yjjU,"putative phospholipase, patatin/cPLA2 family",3,3,1,2,702,,,,872,872,872,ICDOIP_02440,JCOPOM_15905,JANPHL_01415
thiD,,Hydroxymethylpyrimidine/phosphomethylpyrimidine kinase,3,3,1,2,895,,,,857,857,857,ICDOIP_03830,JCOPOM_21845,JANPHL_00025
pEBP,,"Uncharacterized conserved protein, phosphatidylethanolamine-binding protein (PEBP) family",3,3,1,5,378,,,,533,533,533,ICDOIP_14280,JCOPOM_12415,JANPHL_13625
cyoE,,heme o synthase,3,3,1,5,558,,,,866,866,866,ICDOIP_13560,JCOPOM_18675,JANPHL_12905
lasB,,Zn-dependent metalloprotease (Neutral protease B),3,3,1,11,28,,,,2105,2105,2105,ICDOIP_22140,JCOPOM_21960,JANPHL_22250
tehA,,Tellurite resistance protein TehA and related permeases,3,3,1,3,541,,,,974,974,974,ICDOIP_04700,JCOPOM_06930,JANPHL_06285
xthA,,exodeoxyribonuclease III,3,3,1,1,1040,,,,806,806,806,ICDOIP_08435,JCOPOM_04670,JANPHL_06760
znuC,,"ABC-type Mn2+/Zn2+ transport system, ATPase component",3,3,1,5,70,,,,734,734,734,ICDOIP_10140,JCOPOM_10835,JANPHL_09485
group_5044,araJ,"putative arabinose efflux permease AraJ, MFS family",3,3,1,2,752,,,,1208,1208,1208,ICDOIP_02670,JCOPOM_15660,JANPHL_01185
pyrE,,Orotate phosphoribosyltransferase,3,3,1,4,162,,,,641,641,641,ICDOIP_15620,JCOPOM_10060,JANPHL_14985
Phospholipase A1,,Phospholipase A1,3,3,1,2,428,,,,479,479,479,ICDOIP_01055,JCOPOM_02045,JANPHL_02805
group_5047,elsH,"Metal-dependent hydrolase, endonuclease/exonuclease/phosphatase family",3,3,1,2,45,,,,953,953,953,ICDOIP_18080,JCOPOM_00110,JANPHL_18390
trpF,,bifunctional indole-3-glycerol-phosphate synthase TrpC/phosphoribosylanthranilate isomerase TrpF,3,3,1,3,139,,,,1439,1439,1439,ICDOIP_06690,JCOPOM_16800,JANPHL_04295
hIS2,,putative phosphatase VPA0505,3,3,1,5,388,,,,746,746,746,ICDOIP_14230,JCOPOM_12465,JANPHL_13575
nhoA,,Arylamine N-acetyltransferase,3,3,1,2,958,,,,806,806,806,ICDOIP_03510,JCOPOM_14810,JANPHL_00345
puuC,,Aldehyde dehydrogenase PuuC,3,3,1,1,219,,,,1484,1484,1484,ICDOIP_17135,JCOPOM_23500,JANPHL_16500
group_5052,tolC,Outer membrane protein TolC,3,3,1,5,260,,,,1502,1502,1502,ICDOIP_09190,JCOPOM_11850,JANPHL_08535
gcvT,,glycine cleavage system aminomethyltransferase GcvT,3,3,1,2,35,,,,1118,1118,1118,ICDOIP_18030,JCOPOM_00060,JANPHL_18440
sprT,,SprT family zinc-dependent metalloprotease,3,3,1,3,21,,,,497,497,497,ICDOIP_20375,JCOPOM_05765,JANPHL_20610
gloB,,"Glyoxylase or a related metal-dependent hydrolase, beta-lactamase superfamily II",3,3,1,3,96,,,,656,656,656,ICDOIP_06925,JCOPOM_16565,JANPHL_04060
tssA1,,"Type VI protein secretion system component TssA1/VasJ/EvfE, contains ImpA_N domain",3,3,1,1,629,,,,1295,1295,1295,ICDOIP_16385,JCOPOM_20090,JANPHL_16315
group_5057,gloB,"Glyoxylase or a related metal-dependent hydrolase, beta-lactamase superfamily II",3,3,1,5,79,,,,761,761,761,ICDOIP_10095,JCOPOM_10875,JANPHL_09440
apaH,,bis(5'-nucleosyl)-tetraphosphatase (symmetrical) ApaH,3,3,1,4,341,,,,806,806,806,ICDOIP_12130,JCOPOM_09320,JANPHL_11975
group_5059,Uncharacterized membrane protein,Uncharacterized membrane protein,3,3,1,2,213,,,,2696,2708,2704,ICDOIP_19900,JCOPOM_00970,JANPHL_19930
group_5060,flgK,flagellar hook-associated protein FlgK,3,3,1,5,176,,,,1373,1373,1373,ICDOIP_09600,JCOPOM_11405,JANPHL_08945
ykoI,,"PepSY domain containing protein, regulator of zincin peptidase activity",3,3,1,1,857,,,,425,425,425,ICDOIP_10865,JCOPOM_03750,JANPHL_10210
group_5062,rimL,"Protein N-acetyltransferase, RimJ/RimL family",3,3,1,1,861,,,,515,515,515,ICDOIP_10845,JCOPOM_03770,JANPHL_10190
Putative-PNPOx domain-containing protein,,Putative-PNPOx domain-containing protein,3,3,1,5,614,,,,248,248,248,ICDOIP_13845,JCOPOM_18875,JANPHL_13190
group_5064,N-acetyltransferase domain-containing protein,N-acetyltransferase domain-containing protein,3,3,1,5,448,,,,566,566,566,ICDOIP_13930,JCOPOM_12765,JANPHL_13275
group_5065,Secreted trypsin-like serine protease,Secreted trypsin-like serine protease,3,3,1,2,640,,,,1037,1037,1037,ICDOIP_02135,JCOPOM_16215,JANPHL_01725
irpA2,,"Imelysin-like iron-regulated protein IrpA, duplicated M75 peptidase-like domain",3,3,1,3,100,,,,1037,1037,1037,ICDOIP_06905,JCOPOM_16585,JANPHL_04080
group_5067,celF,"Alpha-galactosidase/6-phospho-beta-glucosidase, family 4 of glycosyl hydrolase",3,3,1,2,798,,,,1313,1313,1313,ICDOIP_02900,JCOPOM_15435,JANPHL_00955
nifW,,Nitrogenase-stabilizing/protective protein NifW,3,3,1,11,44,,,,275,275,275,ICDOIP_22220,JCOPOM_22040,JANPHL_22170
group_5069,napF,Ferredoxin-type protein NapF,3,3,1,1,579,,,,497,497,497,ICDOIP_16615,JCOPOM_14580,JANPHL_16085
purT,,formate-dependent phosphoribosylglycinamide formyltransferase,3,3,1,1,775,,,,1175,1175,1175,ICDOIP_11280,JCOPOM_03335,JANPHL_10625
DUF2066 domain-containing protein,,DUF2066 domain-containing protein,3,3,1,3,445,,,,1202,1202,1202,ICDOIP_05180,JCOPOM_07410,JANPHL_05805
leuD,,3-isopropylmalate dehydratase small subunit,3,3,1,4,349,,,,602,602,602,ICDOIP_12170,JCOPOM_09280,JANPHL_11935
group_5073,hisM,"ABC-type amino acid transport system, permease component",3,3,1,2,48,,,,920,920,920,ICDOIP_18095,JCOPOM_00125,JANPHL_18375
oapA,,Cell division protein YtfB/OapA (opacity-associated protein A),3,3,1,4,297,,,,599,599,599,ICDOIP_11910,JCOPOM_09540,JANPHL_12195
potB,,"ABC-type spermidine/putrescine transport system, permease component I",3,3,1,1,737,,,,1280,1280,1280,ICDOIP_11470,JCOPOM_03140,JANPHL_10815
Putative GGDEF family protein,,Putative GGDEF family protein,3,3,1,1,393,,,,1976,1976,1976,ICDOIP_17950,JCOPOM_13720,JANPHL_17315
ybbA,,"putative ABC-type transport system involved in lysophospholipase L1 biosynthesis, ATPase component",3,3,1,2,102,,,,692,692,692,ICDOIP_18370,JCOPOM_00395,JANPHL_18100
vcrR,,LcrR family type III secretion system chaperone VcrR,3,3,1,1,369,,,,413,413,413,ICDOIP_17830,JCOPOM_13600,JANPHL_17195
BPI2 domain-containing protein,,BPI2 domain-containing protein,3,3,1,2,491,,,,209,209,209,ICDOIP_01370,JCOPOM_02360,JANPHL_02490
yqiA,,esterase YqiA,3,3,1,4,494,,,,584,584,584,ICDOIP_12475,JCOPOM_08980,JANPHL_11630
group_5081,cybB,Cytochrome b561,3,3,1,5,335,,,,530,530,530,ICDOIP_08815,JCOPOM_12205,JANPHL_08160
group_5082,fadH,"2,4-dienoyl-CoA reductase or related NADH-dependent reductase, Old Yellow Enzyme (OYE) family",3,3,1,5,281,,,,1124,1124,1124,ICDOIP_09085,JCOPOM_11955,JANPHL_08430
Flavodoxin,,Flavodoxin,3,3,1,2,65,,,,509,509,509,ICDOIP_18185,JCOPOM_00210,JANPHL_18285
group_5084,lysR,"DNA-binding transcriptional regulator, LysR family",3,3,1,2,452,,,,872,872,872,ICDOIP_01170,JCOPOM_02160,JANPHL_02690
group_5085,lysR,"DNA-binding transcriptional regulator, LysR family",3,3,1,5,498,,,,905,905,905,ICDOIP_13265,JCOPOM_18385,JANPHL_12610
Asparaginyl-tRNA synthetase,,Asparaginyl-tRNA synthetase,3,3,1,3,78,,,,224,224,224,ICDOIP_07015,JCOPOM_16475,JANPHL_03970
gabD,,Acyl-CoA reductase or other NAD-dependent aldehyde dehydrogenase,3,3,1,14,2,,,,1433,1433,1433,ICDOIP_21765,JCOPOM_23890,JANPHL_21805
rfaD,,ADP-glyceromanno-heptose 6-epimerase,3,3,1,4,194,,,,941,941,941,ICDOIP_15470,JCOPOM_09900,JANPHL_14835
yafK,,"Murein L,D-transpeptidase YafK",3,3,1,5,52,,,,482,482,482,ICDOIP_10230,JCOPOM_10745,JANPHL_09575
group_5090,lysR,"DNA-binding transcriptional regulator, LysR family",3,3,1,6,70,,,,890,890,890,ICDOIP_14985,JCOPOM_17740,JANPHL_14350
group_5091,Transposase,Transposase,3,3,1,2,497,,,,272,272,272,ICDOIP_01400,JCOPOM_02390,JANPHL_02460
ycjF,,UPF0283 membrane protein VP1870,3,3,1,3,62,,,,1040,1040,1040,ICDOIP_07095,JCOPOM_16395,JANPHL_03890
group_5093,cobA,Uroporphyrinogen-III methylase (siroheme synthase),3,3,1,4,302,,,,875,875,875,ICDOIP_11935,JCOPOM_09515,JANPHL_12170
Putative general secretion pathway protein B,,Putative general secretion pathway protein B,3,3,1,4,507,,,,683,683,683,ICDOIP_12410,JCOPOM_09045,JANPHL_11695
katE,,Catalase,3,3,1,5,209,,,,1514,1514,1514,ICDOIP_09430,JCOPOM_11600,JANPHL_08775
group_5096,lysR,"DNA-binding transcriptional regulator, LysR family",3,3,1,2,925,,,,842,842,842,ICDOIP_03675,JCOPOM_21695,JANPHL_00180
thiH,,2-iminoacetate synthase ThiH,3,3,1,13,26,,,,1127,1127,1127,ICDOIP_23085,JCOPOM_23205,JANPHL_23130
sciT,,"Regulator of T6SS expression TagF, TagF/ImpM/SciT family (unrelated to teichoic acid polymerase TagF of B-subtilis, COG1887)",3,3,1,2,256,,,,695,695,695,ICDOIP_00220,JCOPOM_01200,JANPHL_03640
Rep-3 domain-containing protein,,Rep-3 domain-containing protein,3,3,1,4,553,,,,1076,1088,1080,ICDOIP_21095,JCOPOM_20760,JANPHL_20780
group_51,Membrane protein,Membrane protein,3,3,1,2,320,,,,122,122,122,ICDOIP_00535,JCOPOM_01520,JANPHL_03325
lpxK,,tetraacyldisaccharide 4'-kinase,3,3,1,1,1058,,,,1007,1007,1007,ICDOIP_08345,JCOPOM_04760,JANPHL_06850
group_5101,Signal transduction histidine kinase regulating C4-dicarboxylate transport system,Signal transduction histidine kinase regulating C4-dicarboxylate transport system,3,3,1,3,193,,,,1835,1853,1847,ICDOIP_06440,JCOPOM_17060,JANPHL_04545
group_5102,osmC,Organic hydroperoxide reductase OsmC/OhrA,3,3,1,2,786,,,,422,422,422,ICDOIP_02840,JCOPOM_15495,JANPHL_01015
alkP,,"Arylsulfatase A or related enzyme, AlkP superfamily",3,3,1,5,511,,,,1547,1547,1547,ICDOIP_13330,JCOPOM_18450,JANPHL_12675
DUF2987 domain-containing protein,,DUF2987 domain-containing protein,3,3,1,1,502,,,,659,659,659,ICDOIP_16985,JCOPOM_14210,JANPHL_15715
group_5105,baeS,Signal transduction histidine kinase,3,3,1,1,289,,,,1430,1430,1430,ICDOIP_17460,JCOPOM_13225,JANPHL_16825
nfo,,deoxyribonuclease IV,3,3,1,4,428,,,,887,887,887,ICDOIP_12805,JCOPOM_08650,JANPHL_11300
Phosphate ABC transporter substrate-binding protein,,Phosphate ABC transporter substrate-binding protein,3,3,1,1,240,,,,479,479,479,ICDOIP_17240,JCOPOM_13000,JANPHL_16605
sctN,,SctN family type III secretion system ATPase VscN,3,3,1,1,362,,,,1466,1466,1466,ICDOIP_17795,JCOPOM_13565,JANPHL_17160
group_5109,uup,ATPase components of ABC transporters with duplicated ATPase domains,3,3,1,5,350,,,,1571,1571,1571,ICDOIP_08745,JCOPOM_12275,JANPHL_08090
group_5110,Chitodextrinase,Chitodextrinase,3,3,1,6,55,,,,1703,1724,1710,ICDOIP_15060,JCOPOM_17665,JANPHL_14425
iaaA,,"Isoaspartyl peptidase or L-asparaginase, Ntn-hydrolase superfamily",3,3,1,7,37,,,,941,941,941,ICDOIP_19105,JCOPOM_22760,JANPHL_19255
group_5112,Chitodextrinase,Chitodextrinase,3,3,1,3,500,,,,2546,2546,2546,ICDOIP_04895,JCOPOM_07125,JANPHL_06090
add,,adenosine deaminase,3,3,1,2,493,,,,1013,1013,1013,ICDOIP_01380,JCOPOM_02370,JANPHL_02480
group_5114,torD,Cytoplasmic chaperone TorD involved in molybdoenzyme TorA maturation,3,3,1,1,580,,,,611,611,611,ICDOIP_16610,JCOPOM_14585,JANPHL_16090
group_5115,lysR,"DNA-binding transcriptional regulator, LysR family",3,3,1,11,9,,,,854,854,854,ICDOIP_22045,JCOPOM_23765,JANPHL_22345
group_5116,Tetratricopeptide repeat protein,Tetratricopeptide repeat protein,3,3,1,2,605,,,,497,497,497,ICDOIP_01965,JCOPOM_02930,JANPHL_01895
group_5117,caiA,Acyl-CoA dehydrogenase related to the alkylation response protein AidB,3,3,1,5,567,,,,1154,1154,1154,ICDOIP_13605,JCOPOM_18720,JANPHL_12950
phoE,,Broad specificity phosphatase PhoE,3,3,1,1,666,,,,602,602,602,ICDOIP_22710,JCOPOM_19915,JANPHL_22705
uppP,,undecaprenyl-diphosphate phosphatase,3,3,1,4,510,,,,803,803,803,ICDOIP_12395,JCOPOM_09060,JANPHL_11710
group_5120,acrR,"DNA-binding protein, AcrR family, includes nucleoid occlusion protein SlmA",3,3,1,2,499,,,,566,566,566,ICDOIP_01410,JCOPOM_02400,JANPHL_02450
leuA,,Isopropylmalate/homocitrate/citramalate synthases,3,3,1,5,574,,,,902,902,902,ICDOIP_13640,JCOPOM_18755,JANPHL_12985
SAM-dependent methyltransferase,,SAM-dependent methyltransferase,3,3,1,5,216,,,,779,779,779,ICDOIP_09395,JCOPOM_11635,JANPHL_08740
Cytochrome C,,Cytochrome C,3,3,1,1,850,,,,2264,2264,2264,ICDOIP_10900,JCOPOM_03715,JANPHL_10245
Alpha/beta hydrolase,,Alpha/beta hydrolase,3,3,1,2,538,,,,734,734,734,ICDOIP_01630,JCOPOM_02600,JANPHL_02230
group_5125,chrR,"Anti-sigma factor ChrR, cupin superfamily",3,3,1,3,520,,,,659,659,659,ICDOIP_04795,JCOPOM_07025,JANPHL_06190
crl,,sigma factor-binding protein Crl,3,3,1,6,124,,,,389,389,389,ICDOIP_14720,JCOPOM_17910,JANPHL_14085
group_5127,gGDEF,"GGDEF domain, diguanylate cyclase (c-di-GMP synthetase) or its enzymatically inactive variants",3,3,1,5,91,,,,1256,1256,1256,ICDOIP_10030,JCOPOM_10945,JANPHL_09375
group_5128,yqjQ,SDR family oxidoreductase,3,3,1,1,946,,,,725,725,725,ICDOIP_10420,JCOPOM_04195,JANPHL_09765
group_5129,marR,MarR family transcriptional regulator,3,3,1,5,451,,,,329,329,329,ICDOIP_13920,JCOPOM_12775,JANPHL_13265
group_5130,xerD,Site-specific recombinase XerD,3,3,1,3,57,,,,962,962,962,ICDOIP_07120,JCOPOM_16370,JANPHL_03865
Type III effector,,Type III effector,3,3,1,5,459,,,,350,350,350,ICDOIP_13875,JCOPOM_12815,JANPHL_13220
soxR,,"DNA-binding transcriptional regulator, MerR family",3,3,1,2,358,,,,356,356,356,ICDOIP_00720,JCOPOM_01705,JANPHL_03140
pldA,,Outer membrane phospholipase A,3,3,1,11,60,,,,1028,1028,1028,ICDOIP_22295,JCOPOM_22120,JANPHL_22095
fecB,,"ABC-type Fe3+-citrate transport system, periplasmic component",3,3,1,2,761,,,,923,923,923,ICDOIP_02715,JCOPOM_15620,JANPHL_01140
chbG,,chitin disaccharide deacetylase,3,3,1,1,96,,,,755,755,755,ICDOIP_18905,JCOPOM_19335,JANPHL_18935
vcr2,,type III secretion system regulatory protein,3,3,1,1,365,,,,371,371,371,ICDOIP_17810,JCOPOM_13580,JANPHL_17175
Uncharacterized conserved protein related to deoxyribodipyrimidine photolyase,,Uncharacterized conserved protein related to deoxyribodipyrimidine photolyase,3,3,1,5,110,,,,1544,1544,1544,ICDOIP_09925,JCOPOM_11050,JANPHL_09270
group_5138,hypothetical protein,hypothetical protein,3,3,1,1,320,,,,185,185,185,ICDOIP_17605,JCOPOM_13380,JANPHL_16970
fpr,,Flavodoxin/ferredoxin--NADP reductase,3,3,1,1,880,,,,1055,1055,1055,ICDOIP_10750,JCOPOM_03865,JANPHL_10095
50S ribosomal protein L29,,50S ribosomal protein L29,3,3,1,5,520,,,,197,197,197,ICDOIP_13375,JCOPOM_18495,JANPHL_12720
purN,,phosphoribosylglycinamide formyltransferase,3,3,1,3,449,,,,647,647,647,ICDOIP_05160,JCOPOM_07390,JANPHL_05825
group_5142,potA,putative 2-aminoethylphosphonate ABC transporter ATP-binding protein,3,3,1,5,144,,,,1118,1118,1118,ICDOIP_09760,JCOPOM_11245,JANPHL_09105
group_5143,trpD,glycosyl transferase family protein,3,3,1,2,279,,,,953,953,953,ICDOIP_00335,JCOPOM_01315,JANPHL_03525
cpaA,,"Flp pilus assembly protein, peptidase CpaA",3,3,1,3,585,,,,488,488,488,ICDOIP_04485,JCOPOM_06720,JANPHL_17960
DUF1111 domain-containing protein,,DUF1111 domain-containing protein,3,3,1,3,101,,,,1382,1382,1382,ICDOIP_06900,JCOPOM_16590,JANPHL_04085
group_5146,Lipoprotein,Lipoprotein,3,3,1,2,311,,,,323,323,323,ICDOIP_00485,JCOPOM_01470,JANPHL_03375
group_5147,araC,AraC-type DNA-binding domain and AraC-containing proteins,3,3,1,3,587,,,,725,725,725,ICDOIP_04475,JCOPOM_06710,JANPHL_17950
Transcription-associated protein 1,,Transcription-associated protein 1,3,3,1,4,564,,,,365,365,365,ICDOIP_21150,JCOPOM_20815,JANPHL_20725
DUF1338 domain-containing protein,,DUF1338 domain-containing protein,3,3,1,7,26,,,,791,791,791,ICDOIP_19050,JCOPOM_22815,JANPHL_19310
bioB,,biotin synthase BioB,3,3,1,1,953,,,,1052,1052,1052,ICDOIP_10385,JCOPOM_04230,JANPHL_09730
moeB,,molybdopterin-synthase adenylyltransferase MoeB,3,3,1,2,390,,,,749,749,749,ICDOIP_00865,JCOPOM_01855,JANPHL_02995
group_5152,parA,Chromosome partitioning protein ParA,3,3,1,2,503,,,,590,590,590,ICDOIP_01450,JCOPOM_02420,JANPHL_02410
group_5153,araJ,"putative arabinose efflux permease AraJ, MFS family",3,3,1,10,44,,,,1157,1157,1157,ICDOIP_21455,JCOPOM_20945,JANPHL_21200
hybA,,Fe-S-cluster-containing dehydrogenase component (DMSO reductase),3,3,1,3,194,,,,767,767,767,ICDOIP_06435,JCOPOM_17065,JANPHL_04550
ygfZ,,tRNA-modifying protein YgfZ,3,3,1,3,742,,,,968,968,968,ICDOIP_20500,JCOPOM_05885,JANPHL_20485
Secreted trypsin-like serine protease,,Secreted trypsin-like serine protease,3,3,1,1,388,,,,1550,1550,1550,ICDOIP_17925,JCOPOM_13695,JANPHL_17290
fabG,,"NAD(P)-dependent dehydrogenase, short-chain alcohol dehydrogenase family",3,3,1,3,312,,,,689,689,689,ICDOIP_05835,JCOPOM_08065,JANPHL_05150
rsbW,,Anti-sigma regulatory factor (Ser/Thr protein kinase),3,3,1,2,266,,,,494,494,494,ICDOIP_00270,JCOPOM_01250,JANPHL_03590
Multidrug transporter,,Multidrug transporter,3,3,1,5,147,,,,908,908,908,ICDOIP_09745,JCOPOM_11260,JANPHL_09090
group_5160,Secreted protein,Secreted protein,3,3,1,5,187,,,,464,464,464,ICDOIP_09545,JCOPOM_11465,JANPHL_08890
group_5161,wcaA,Glycosyltransferase involved in cell wall bisynthesis,3,3,1,4,174,,,,788,788,788,ICDOIP_15560,JCOPOM_10000,JANPHL_14925
group_5162,bamE,Outer membrane protein assembly factor BamE,3,3,1,7,19,,,,374,374,374,ICDOIP_19015,JCOPOM_22850,JANPHL_19345
Ribonuclease regulator,,Ribonuclease regulator,3,3,1,4,434,,,,470,470,470,ICDOIP_12775,JCOPOM_08680,JANPHL_11330
"putative kinase, contains AAA domain",,"putative kinase, contains AAA domain",3,3,1,1,573,,,,389,389,389,ICDOIP_16645,JCOPOM_14550,JANPHL_16055
group_5165,ycjU,"Beta-phosphoglucomutase, HAD superfamily",3,3,1,2,403,,,,602,602,602,ICDOIP_00930,JCOPOM_01920,JANPHL_02930
parB,,Chromosome partitioning protein ParB,3,3,1,1,407,,,,374,374,374,ICDOIP_21855,JCOPOM_13780,JANPHL_22025
group_5167,lysR,"DNA-binding transcriptional regulator, LysR family",3,3,1,5,284,,,,911,911,911,ICDOIP_09070,JCOPOM_11970,JANPHL_08415
group_5168,brnQ,branched-chain amino acid transport system II carrier protein,3,3,1,5,92,,,,1310,1310,1310,ICDOIP_10025,JCOPOM_10950,JANPHL_09370
group_5169,TPR-REGION domain-containing protein,TPR-REGION domain-containing protein,3,3,1,5,63,,,,1169,1169,1169,ICDOIP_10175,JCOPOM_10800,JANPHL_09520
nUC1,,"DNA/RNA endonuclease G, NUC1",3,3,1,6,175,,,,752,752,752,ICDOIP_14605,JCOPOM_18025,JANPHL_13970
yHI9,,"putative epimerase YddE/YHI9, PhzF superfamily",3,3,1,5,377,,,,791,791,791,ICDOIP_14285,JCOPOM_12410,JANPHL_13630
preP,,"Prolyl endopeptidase PreP, S9A serine peptidase family",3,3,1,5,351,,,,2159,2159,2159,ICDOIP_08740,JCOPOM_12280,JANPHL_08085
Retention module-containing protein,,Retention module-containing protein,3,3,1,5,522,,,,15683,15683,15683,ICDOIP_13385,JCOPOM_18505,JANPHL_12730
tssA,,type VI secretion system protein TssA,3,3,1,1,637,,,,1574,1574,1574,ICDOIP_16345,JCOPOM_20050,JANPHL_16355
putative exporter,,putative exporter,3,3,1,1,1148,,,,2342,2342,2342,ICDOIP_07880,JCOPOM_05220,JANPHL_07320
group_5176,araC,AraC-type DNA-binding domain and AraC-containing proteins,3,3,1,5,527,,,,986,986,986,ICDOIP_13410,JCOPOM_18530,JANPHL_12755
Exported protein,,Exported protein,3,3,1,2,502,,,,1478,1478,1478,ICDOIP_01445,JCOPOM_02415,JANPHL_02415
lysR,,"DNA-binding transcriptional regulator, LysR family",3,3,1,6,60,,,,920,920,920,ICDOIP_15035,JCOPOM_17690,JANPHL_14400
group_5179,crp,cAMP-binding domain of CRP or a regulatory subunit of cAMP-dependent protein kinases,3,3,1,5,534,,,,680,680,680,ICDOIP_13445,JCOPOM_18560,JANPHL_12790
cobU,,bifunctional adenosylcobinamide kinase/adenosylcobinamide-phosphate guanylyltransferase,3,3,1,1,766,,,,533,533,533,ICDOIP_11325,JCOPOM_03290,JANPHL_10670
Beta-lactamase,,Beta-lactamase,3,3,1,2,873,,,,1340,1340,1340,ICDOIP_03270,JCOPOM_15055,JANPHL_00585
napF,,ferredoxin-type protein NapF,3,3,1,2,414,,,,485,485,485,ICDOIP_00985,JCOPOM_01975,JANPHL_02875
cyc7,,Cytochrome c2,3,3,1,2,361,,,,662,662,662,ICDOIP_00730,JCOPOM_01715,JANPHL_03130
argC,,N-acetyl-gamma-glutamyl-phosphate reductase,3,3,1,7,94,,,,1004,1004,1004,ICDOIP_19215,JCOPOM_22520,JANPHL_19145
group_5185,phoE,Broad specificity phosphatase PhoE,3,3,1,2,235,,,,527,527,527,ICDOIP_00125,JCOPOM_01100,JANPHL_03740
group_5186,soxR,"DNA-binding transcriptional regulator, MerR family",3,3,1,2,585,,,,812,812,812,ICDOIP_01865,JCOPOM_02830,JANPHL_01995
yigB,,"FMN and 5-amino-6-(5-phospho-D-ribitylamino)uracil phosphatase YigB, HAD superfamily (riboflavin biosynthesis)",3,3,1,2,908,,,,467,467,467,ICDOIP_03765,JCOPOM_21780,JANPHL_00090
bpt,,arginyltransferase,3,3,1,1,1026,,,,701,701,701,ICDOIP_08505,JCOPOM_04600,JANPHL_06690
cobS,,adenosylcobinamide-GDP ribazoletransferase,3,3,1,1,767,,,,797,797,797,ICDOIP_11320,JCOPOM_03295,JANPHL_10665
yurZ,,"Uncharacterized conserved protein YurZ, alkylhydroperoxidase/carboxymuconolactone decarboxylase family",3,3,1,2,357,,,,377,377,377,ICDOIP_00715,JCOPOM_01700,JANPHL_03145
group_5191,yccT,UPF0319 protein VP1009,3,3,1,1,1034,,,,653,653,653,ICDOIP_08465,JCOPOM_04640,JANPHL_06730
group_5192,Regulatory P domain of the subtilisin-like proprotein convertases and other proteases,Regulatory P domain of the subtilisin-like proprotein convertases and other proteases,3,3,1,2,578,,,,2306,2306,2306,ICDOIP_01830,JCOPOM_02795,JANPHL_02030
group_5193,lysR,"DNA-binding transcriptional regulator, LysR family",3,3,1,2,632,,,,929,929,929,ICDOIP_02095,JCOPOM_16255,JANPHL_01765
livG,,"ABC-type branched-chain amino acid transport system, ATPase component LivG",3,3,1,2,373,,,,800,800,800,ICDOIP_00780,JCOPOM_01770,JANPHL_03080
cHAD,,"CHAD domain, binds inorganic polyphosphates",3,3,1,2,215,,,,932,932,932,ICDOIP_00005,JCOPOM_00980,JANPHL_03860
alaX,,Ser-tRNA(Ala) deacylase AlaX (editing enzyme),3,3,1,6,49,,,,953,953,953,ICDOIP_15090,JCOPOM_17635,JANPHL_14455
mtgA,,monofunctional biosynthetic peptidoglycan transglycosylase,3,3,1,2,724,,,,677,677,677,ICDOIP_02525,JCOPOM_15800,JANPHL_01330
nrfF,,Cytochrome c-type biogenesis protein CcmH/NrfF,3,3,1,3,379,,,,485,485,485,ICDOIP_05505,JCOPOM_07735,JANPHL_05480
group_5199,ubiG,"2-polyprenyl-3-methyl-5-hydroxy-6-metoxy-1,4-benzoquinol methylase",3,3,1,5,454,,,,575,575,575,ICDOIP_13900,JCOPOM_12790,JANPHL_13245
cHASE4,,Extracellular (periplasmic) sensor domain CHASE (specificity unknown),3,3,1,2,321,,,,2723,2723,2723,ICDOIP_00540,JCOPOM_01525,JANPHL_03320
endA,,Endonuclease I,3,3,1,2,745,,,,1616,1616,1616,ICDOIP_02635,JCOPOM_15695,JANPHL_01220
group_5201,aRO8,"DNA-binding transcriptional regulator, MocR family, contains an aminotransferase domain",3,3,1,2,351,,,,1421,1433,1425,ICDOIP_00690,JCOPOM_01675,JANPHL_03170
group_5202,Methyl-accepting chemotaxis protein,Methyl-accepting chemotaxis protein,3,3,1,1,546,,,,2018,2018,2018,ICDOIP_16780,JCOPOM_14415,JANPHL_15920
group_5203,Secreted protein,Secreted protein,3,3,1,4,70,,,,197,197,197,ICDOIP_16085,JCOPOM_10530,JANPHL_15450
lemA,,"Magnetosome formation protein MamQ, lipoprotein antigen LemA family",3,3,1,5,487,,,,590,590,590,ICDOIP_13210,JCOPOM_18330,JANPHL_12555
group_5205,lysR,"DNA-binding transcriptional regulator, LysR family",3,3,1,5,283,,,,935,935,935,ICDOIP_09075,JCOPOM_11965,JANPHL_08420
group_5206,fadH,"2,4-dienoyl-CoA reductase or related NADH-dependent reductase, Old Yellow Enzyme (OYE) family",3,3,1,5,555,,,,1103,1103,1103,ICDOIP_13545,JCOPOM_18660,JANPHL_12890
group_5207,hypothetical protein,hypothetical protein,3,3,1,5,446,,,,155,155,155,ICDOIP_13940,JCOPOM_12755,JANPHL_13285
group_5208,uspA,"Nucleotide-binding universal stress protein, UspA family",3,3,1,2,134,,,,389,389,389,ICDOIP_20245,JCOPOM_00555,JANPHL_20275
group_5209,torD,Cytoplasmic chaperone TorD involved in molybdoenzyme TorA maturation,3,3,1,1,520,,,,626,626,626,ICDOIP_16895,JCOPOM_14300,JANPHL_15805
Fibronectin type-III domain-containing protein,,Fibronectin type-III domain-containing protein,3,3,1,4,41,,,,1574,1601,1583,ICDOIP_16230,JCOPOM_10675,JANPHL_15595
ribE,,riboflavin synthase subunit alpha,3,3,1,1,553,,,,611,611,611,ICDOIP_16745,JCOPOM_14450,JANPHL_15955
group_5212,artQ,arginine ABC transporter permease ArtQ,3,3,1,5,550,,,,689,689,689,ICDOIP_13520,JCOPOM_18635,JANPHL_12865
group_5213,terC,Tellurite resistance membrane protein TerC,3,3,1,1,654,,,,752,752,752,ICDOIP_22770,JCOPOM_19975,JANPHL_22645
yedE,,"Uncharacterized membrane protein YedE/YeeE, contains two sulfur transport domains",3,3,1,2,176,,,,458,458,458,ICDOIP_20100,JCOPOM_00765,JANPHL_20130
ycgM,,"2-keto-4-pentenoate hydratase/2-oxohepta-3-ene-1,7-dioic acid hydratase (catechol pathway)",3,3,1,1,723,,,,1037,1037,1037,ICDOIP_11535,JCOPOM_03075,JANPHL_10880
modC,,molybdenum ABC transporter ATP-binding protein ModC,3,3,1,2,148,,,,1106,1106,1106,ICDOIP_20175,JCOPOM_00625,JANPHL_20205
yciH,,stress response translation initiation inhibitor YciH,3,3,1,2,117,,,,311,311,311,ICDOIP_18445,JCOPOM_00470,JANPHL_18025
cspC,,"Cold shock protein, CspA family",3,3,1,12,19,,,,467,467,467,ICDOIP_24045,JCOPOM_22970,JANPHL_24310
trbD,,Conjugal transfer protein TrbD,3,3,1,4,661,,,,314,314,314,ICDOIP_23580,JCOPOM_22170,JANPHL_23560
rsmJ,,Ribosomal RNA small subunit methyltransferase J,3,3,1,4,60,,,,779,779,779,ICDOIP_16135,JCOPOM_10580,JANPHL_15500
group_5221,cxxC,"putative protein-disulfide isomerase, contains CxxC motif",3,3,1,2,967,,,,620,620,620,ICDOIP_03465,JCOPOM_14855,JANPHL_00390
yjjX,,inosine/xanthosine triphosphatase,3,3,1,4,375,,,,533,533,533,ICDOIP_13075,JCOPOM_08385,JANPHL_11030
group_5223,Transporter,Transporter,3,3,1,6,110,,,,179,179,179,ICDOIP_14790,JCOPOM_17840,JANPHL_14155
group_5224,nhaC,Na+/H+ antiporter NhaC/MleN,3,3,1,6,54,,,,1520,1520,1520,ICDOIP_15065,JCOPOM_17660,JANPHL_14430
Acyl-CoA synthase,,Acyl-CoA synthase,3,3,1,1,1175,,,,305,305,305,ICDOIP_07780,JCOPOM_05360,JANPHL_07420
TonB-dependent receptor,,TonB-dependent receptor,3,3,1,1,690,,,,902,902,902,ICDOIP_22660,JCOPOM_03035,JANPHL_22755
group_5227,DUF2850 domain-containing protein,DUF2850 domain-containing protein,3,3,1,2,973,,,,503,503,503,ICDOIP_03435,JCOPOM_14885,JANPHL_00420
doxX,,"Uncharacterized membrane protein YphA, DoxX/SURF4 family",3,3,1,13,21,,,,455,455,455,ICDOIP_23060,JCOPOM_23230,JANPHL_23105
hutX,,heme utilization cystosolic carrier protein HutX,3,3,1,5,319,,,,503,503,503,ICDOIP_08900,JCOPOM_12155,JANPHL_08245
cDC14,,Protein-tyrosine phosphatase,3,3,1,4,72,,,,1637,1637,1637,ICDOIP_16075,JCOPOM_10520,JANPHL_15440
treC,,"alpha,alpha-phosphotrehalase",3,3,1,6,161,,,,1685,1685,1685,ICDOIP_14535,JCOPOM_18095,JANPHL_13900
group_5232,batD,Protein BatD,3,3,1,5,500,,,,1316,1316,1316,ICDOIP_13275,JCOPOM_18395,JANPHL_12620
Histidine kinase,,Histidine kinase,3,3,1,4,386,,,,332,332,332,ICDOIP_13015,JCOPOM_08445,JANPHL_11090
group_5234,tolC,Outer membrane protein TolC,3,3,1,3,180,,,,1271,1271,1271,ICDOIP_06500,JCOPOM_16995,JANPHL_04485
NusG-II domain-containing protein,,NusG-II domain-containing protein,3,3,1,1,489,,,,356,356,356,ICDOIP_17045,JCOPOM_14145,JANPHL_15655
Methionine gamma-lyase,,Methionine gamma-lyase,3,3,1,6,64,,,,1268,1268,1268,ICDOIP_15015,JCOPOM_17710,JANPHL_14380
group_5237,gGDEF,"GGDEF domain, diguanylate cyclase (c-di-GMP synthetase) or its enzymatically inactive variants",3,3,1,11,15,,,,1370,1370,1370,ICDOIP_22075,JCOPOM_21895,JANPHL_22315
group_5238,fpr,Flavodoxin/ferredoxin--NADP reductase,3,3,1,2,689,,,,764,764,764,ICDOIP_02375,JCOPOM_15970,JANPHL_01480
vscH,,YopR family T3SS polymerization control protein VscH,3,3,1,1,337,,,,626,626,626,ICDOIP_17685,JCOPOM_13460,JANPHL_17050
"Uncharacterized conserved protein, NAD-dependent epimerase/dehydratase family",,"Uncharacterized conserved protein, NAD-dependent epimerase/dehydratase family",3,3,1,5,231,,,,1004,1004,1004,ICDOIP_09320,JCOPOM_11710,JANPHL_08665
group_5241,gabD,Acyl-CoA reductase or other NAD-dependent aldehyde dehydrogenase,3,3,1,1,223,,,,1427,1427,1427,ICDOIP_17155,JCOPOM_23520,JANPHL_16520
bcp,,thioredoxin-dependent thiol peroxidase,3,3,1,3,438,,,,470,470,470,ICDOIP_05215,JCOPOM_07445,JANPHL_05770
hisM,,"ABC-type amino acid transport system, permease component",3,3,1,2,50,,,,797,797,797,ICDOIP_18105,JCOPOM_00135,JANPHL_18365
group_5244,rhtB,Threonine/homoserine/homoserine lactone efflux protein,3,3,1,2,940,,,,584,584,584,ICDOIP_03600,JCOPOM_21620,JANPHL_00255
group_5245,hypothetical protein,hypothetical protein,3,3,1,2,199,,,,182,182,182,ICDOIP_19980,JCOPOM_00885,JANPHL_20010
fecD,,"ABC-type Fe3+-siderophore transport system, permease component",3,3,1,2,759,,,,968,968,968,ICDOIP_02705,JCOPOM_15630,JANPHL_01150
tatD,,3'->5' ssDNA/RNA exonuclease TatD,3,3,1,4,89,,,,761,761,761,ICDOIP_15990,JCOPOM_10435,JANPHL_15355
yqjQ,,Short-chain dehydrogenase,3,3,1,1,183,,,,665,665,665,ICDOIP_18855,JCOPOM_19300,JANPHL_18885
yhbQ,,UPF0213 protein VPA1222,3,3,1,2,440,,,,320,320,320,ICDOIP_01115,JCOPOM_02105,JANPHL_02745
DUF2281 domain-containing protein,,DUF2281 domain-containing protein,3,3,1,4,608,,,,176,176,176,ICDOIP_21010,JCOPOM_20675,JANPHL_20865
Nitronate monooxygenase,,Nitronate monooxygenase,3,3,1,5,200,,,,1055,1070,1060,ICDOIP_09480,JCOPOM_11530,JANPHL_08825
tmcA,,tRNA(Met) C34 N-acetyltransferase TmcA,3,3,1,2,855,,,,2021,2021,2021,ICDOIP_03180,JCOPOM_15145,JANPHL_00675
acoR,,Transcriptional regulator DhaR of acetoin/glycerol metabolism,3,3,1,1,323,,,,1760,1760,1760,ICDOIP_17620,JCOPOM_13395,JANPHL_16985
lplA,,Lipoate-protein ligase A,3,3,1,5,289,,,,710,710,710,ICDOIP_09050,JCOPOM_12005,JANPHL_08395
xseA,,exodeoxyribonuclease VII large subunit,3,3,1,6,51,,,,1331,1331,1331,ICDOIP_15080,JCOPOM_17645,JANPHL_14445
group_5256,znuA,"ABC-type Zn uptake system ZnuABC, Zn-binding component ZnuA",3,3,1,2,506,,,,884,884,884,ICDOIP_01465,JCOPOM_02435,JANPHL_02395
group_5257,rhaT,Permease of the drug/metabolite transporter (DMT) superfamily,3,3,1,5,296,,,,908,908,908,ICDOIP_09015,JCOPOM_12040,JANPHL_08360
menD,,2-succinyl-5-enolpyruvyl-6-hydroxy-3-cyclohexene-1-carboxylic-acid synthase,3,3,1,1,1106,,,,1715,1715,1715,ICDOIP_08090,JCOPOM_05010,JANPHL_07110
group_5259,rluA,"Pseudouridine synthase RluA, 23S rRNA- or tRNA-specific",3,3,1,1,882,,,,692,692,692,ICDOIP_10740,JCOPOM_03875,JANPHL_10085
Methyltranfer-dom domain-containing protein,,Methyltranfer-dom domain-containing protein,3,3,1,1,964,,,,1196,1196,1196,ICDOIP_10330,JCOPOM_04285,JANPHL_09675
group_5261,cheY,"CheY-like REC (receiver) domain, includes chemotaxis protein CheY and sporulation regulator Spo0F",3,3,1,1,487,,,,1730,1730,1730,ICDOIP_17055,JCOPOM_14135,JANPHL_15645
group_5262,argA,"N-acetylglutamate synthase or related acetyltransferase, GNAT family",3,3,1,2,675,,,,455,455,455,ICDOIP_02310,JCOPOM_16040,JANPHL_01545
group_5263,manA,"mannose-6-phosphate isomerase, class I",3,3,1,2,537,,,,1232,1232,1232,ICDOIP_01625,JCOPOM_02595,JANPHL_02235
ebgA,,beta-galactosidase subunit alpha,3,3,1,3,567,,,,3098,3098,3098,ICDOIP_04575,JCOPOM_06810,JANPHL_06410
bioH,,pimeloyl-ACP methyl ester esterase BioH,3,3,1,4,133,,,,785,785,785,ICDOIP_15765,JCOPOM_10205,JANPHL_15130
cof,,Hydroxymethylpyrimidine pyrophosphatase and other HAD family phosphatases,3,3,1,1,390,,,,809,809,809,ICDOIP_17935,JCOPOM_13705,JANPHL_17300
DUF2956 domain-containing protein,,DUF2956 domain-containing protein,3,3,1,3,428,,,,356,356,356,ICDOIP_05265,JCOPOM_07495,JANPHL_05720
Endo/exonuclease/phosphatase domain-containing protein,,Endo/exonuclease/phosphatase domain-containing protein,3,3,1,11,27,,,,1367,1367,1367,ICDOIP_22135,JCOPOM_21955,JANPHL_22255
group_5269,dsbD,"Thiol-disulfide interchange protein, contains DsbC and DsbD domains",3,3,1,3,189,,,,2111,2111,2111,ICDOIP_06460,JCOPOM_17040,JANPHL_04525
group_5270,flgA,Flagellar basal body P-ring formation protein FlgA,3,3,1,5,166,,,,797,797,797,ICDOIP_09650,JCOPOM_11355,JANPHL_08995
Uncharacterized C-terminal domain of topoisomerase IA,,Uncharacterized C-terminal domain of topoisomerase IA,3,3,1,8,8,,,,569,569,569,ICDOIP_19855,JCOPOM_19790,JANPHL_19480
galT,,UDP-glucose--hexose-1-phosphate uridylyltransferase,3,3,1,3,564,,,,1052,1052,1052,ICDOIP_04590,JCOPOM_06825,JANPHL_06395
rdgB,,XTP/dITP diphosphatase,3,3,1,3,8,,,,602,602,602,ICDOIP_20310,JCOPOM_05700,JANPHL_20675
Restriction endonuclease,,Restriction endonuclease,3,3,1,1,807,,,,185,185,185,ICDOIP_11120,JCOPOM_03495,JANPHL_10465
group_5275,lysR,"DNA-binding transcriptional regulator, LysR family",3,3,1,3,570,,,,944,944,944,ICDOIP_04560,JCOPOM_06795,JANPHL_06425
group_5276,yigB,5-amino-6-(5-phospho-D-ribitylamino)uracil phosphatase YigB,3,3,1,9,50,,,,716,716,716,ICDOIP_22375,JCOPOM_20200,JANPHL_22585
group_5277,nrfD,Polysulfide reductase NrfD,3,3,1,3,195,,,,1130,1130,1130,ICDOIP_06430,JCOPOM_17070,JANPHL_04555
group_5278,gloA,VOC family protein,3,3,1,2,633,,,,383,383,383,ICDOIP_02100,JCOPOM_16250,JANPHL_01760
Peptidase-M3 domain-containing protein,,Peptidase-M3 domain-containing protein,3,3,1,5,264,,,,359,359,359,ICDOIP_09170,JCOPOM_11870,JANPHL_08515
mpaA,,murein tripeptide amidase MpaA,3,3,1,2,846,,,,710,710,710,ICDOIP_03135,JCOPOM_15190,JANPHL_00720
tag,,3-methyladenine DNA glycosylase Tag,3,3,1,1,889,,,,566,566,566,ICDOIP_10705,JCOPOM_03910,JANPHL_10050
aroE,,shikimate dehydrogenase,3,3,1,8,3,,,,833,833,833,ICDOIP_19880,JCOPOM_19815,JANPHL_19455
group_5283,fabG,"NAD(P)-dependent dehydrogenase, short-chain alcohol dehydrogenase family",3,3,1,2,333,,,,758,758,758,ICDOIP_00600,JCOPOM_01585,JANPHL_03260
sctU,,SctU family type III secretion system export apparatus subunit VscU,3,3,1,1,355,,,,1055,1055,1055,ICDOIP_17760,JCOPOM_13530,JANPHL_17125
group_5285,acs,acetoacetate--CoA ligase,3,3,1,2,377,,,,2033,2033,2033,ICDOIP_00800,JCOPOM_01790,JANPHL_03060
fabA,,3-hydroxymyristoyl/3-hydroxydecanoyl-(acyl carrier protein) dehydratase,3,3,1,1,1143,,,,368,368,368,ICDOIP_07905,JCOPOM_05195,JANPHL_07295
ccmA,,heme ABC exporter ATP-binding protein CcmA,3,3,1,10,43,,,,1565,1565,1565,ICDOIP_21460,JCOPOM_20940,JANPHL_21195
ybcI,,DUF457 domain-containing protein,3,3,1,11,62,,,,1004,1004,1004,ICDOIP_22305,JCOPOM_22130,JANPHL_22085
batD,,Protein BatD,3,3,1,2,567,,,,1646,1646,1646,ICDOIP_01775,JCOPOM_02745,JANPHL_02085
wcaK,,Polysaccharide pyruvyl transferase family protein WcaK (colanic acid biosynthesis),3,3,1,1,754,,,,1139,1139,1139,ICDOIP_11385,JCOPOM_03230,JANPHL_10730
htpX,,Zn-dependent protease with chaperone function,3,3,1,5,488,,,,1853,1853,1853,ICDOIP_13215,JCOPOM_18335,JANPHL_12560
torE,,trimethylamine N-oxide reductase system protein TorE,3,3,1,1,908,,,,179,179,179,ICDOIP_10610,JCOPOM_04005,JANPHL_09955
fixB,,"Electron transfer flavoprotein, alpha subunit FixB",3,3,1,2,376,,,,926,926,926,ICDOIP_00795,JCOPOM_01785,JANPHL_03065
bioA,,aspartate aminotransferase family protein,3,3,1,6,65,,,,1415,1415,1415,ICDOIP_15010,JCOPOM_17715,JANPHL_14375
group_5295,DUF2850 domain-containing protein,DUF2850 domain-containing protein,3,3,1,2,963,,,,389,389,389,ICDOIP_03485,JCOPOM_14835,JANPHL_00370
group_5296,trxA,Thiol-disulfide isomerase or thioredoxin,3,3,1,3,188,,,,515,515,515,ICDOIP_06465,JCOPOM_17035,JANPHL_04520
group_5297,pepP,Xaa-Pro aminopeptidase,3,3,1,13,25,,,,1790,1790,1790,ICDOIP_23080,JCOPOM_23210,JANPHL_23125
group_5298,fabG,"NAD(P)-dependent dehydrogenase, short-chain alcohol dehydrogenase family",3,3,1,5,278,,,,761,761,761,ICDOIP_09100,JCOPOM_11940,JANPHL_08445
yajL,,"Protein/nucleotide deglycase, PfpI/YajL/DJ-1 family (repair of methylglyoxal-glycated proteins and nucleic acids)",3,3,1,3,527,,,,599,599,599,ICDOIP_04765,JCOPOM_06995,JANPHL_06220
Globin,,Globin,3,3,1,2,324,,,,428,428,428,ICDOIP_00555,JCOPOM_01540,JANPHL_03305
pepP,,Xaa-Pro aminopeptidase,3,3,1,1,732,,,,1796,1796,1796,ICDOIP_11490,JCOPOM_03120,JANPHL_10835
recD,,exodeoxyribonuclease V subunit alpha,3,3,1,3,537,,,,2147,2147,2147,ICDOIP_04720,JCOPOM_06950,JANPHL_06265
btuE,,"Thioredoxin/glutathione peroxidase BtuE, reduces lipid peroxides",3,3,1,2,468,,,,545,545,545,ICDOIP_01255,JCOPOM_02245,JANPHL_02605
DUF4344 domain-containing protein,,DUF4344 domain-containing protein,3,3,1,2,881,,,,827,827,827,ICDOIP_03305,JCOPOM_15015,JANPHL_00550
group_5304,luxU,Phosphorelay protein LuxU,3,3,1,1,561,,,,380,380,380,ICDOIP_16705,JCOPOM_14490,JANPHL_15995
anmK,,anhydro-N-acetylmuramic acid kinase,3,3,1,4,384,,,,1112,1112,1112,ICDOIP_13025,JCOPOM_08435,JANPHL_11080
microbial collagenase,,microbial collagenase,3,3,1,5,478,,,,2270,2270,2270,ICDOIP_13165,JCOPOM_18285,JANPHL_12510
Sugar ABC transporter permease,,Sugar ABC transporter permease,3,3,1,5,523,,,,179,179,179,ICDOIP_13390,JCOPOM_18510,JANPHL_12735
hxsA,,His-Xaa-Ser repeat protein HxsA,3,3,1,5,393,,,,329,329,329,ICDOIP_14205,JCOPOM_12490,JANPHL_13550
choX,,"ABC-type proline/glycine betaine transport system, periplasmic component",3,3,1,2,328,,,,938,938,938,ICDOIP_00575,JCOPOM_01560,JANPHL_03285
Glycosyl transferase family 25,,Glycosyl transferase family 25,3,3,1,4,188,,,,728,740,732,ICDOIP_15490,JCOPOM_09930,JANPHL_14855
lysM,,"Murein DD-endopeptidase MepM and murein hydrolase activator NlpD, contains LysM domain",3,3,1,1,653,,,,974,974,974,ICDOIP_22775,JCOPOM_19980,JANPHL_22640
putative ferric reductase,,putative ferric reductase,3,3,1,5,363,,,,1349,1349,1349,ICDOIP_14355,JCOPOM_12340,JANPHL_13700
ubiF,,"2-octaprenyl-3-methyl-6-methoxy-1,4-benzoquinol hydroxylase",3,3,1,6,138,,,,1175,1175,1175,ICDOIP_14420,JCOPOM_18210,JANPHL_13785
DUF1840 domain-containing protein,,DUF1840 domain-containing protein,3,3,1,2,348,,,,326,332,328,ICDOIP_00675,JCOPOM_01660,JANPHL_03185
group_5315,aRO8,"DNA-binding transcriptional regulator, MocR family, contains an aminotransferase domain",3,3,1,3,79,,,,1391,1391,1391,ICDOIP_07010,JCOPOM_16480,JANPHL_03975
group_5316,amyA,Glycosidase/amylase (phosphorylase),3,3,1,2,696,,,,2657,2657,2657,ICDOIP_02410,JCOPOM_15935,JANPHL_01445
maf,,7-methyl-GTP pyrophosphatase,3,3,1,3,242,,,,581,581,581,ICDOIP_06195,JCOPOM_17305,JANPHL_04790
group_5318,cah,Carbonic anhydrase,3,3,1,5,126,,,,719,719,719,ICDOIP_09845,JCOPOM_11160,JANPHL_09190
group_5319,lysR,"DNA-binding transcriptional regulator, LysR family",3,3,1,3,191,,,,896,896,896,ICDOIP_06450,JCOPOM_17050,JANPHL_04535
nifX,,"putative Fe-Mo cluster-binding protein, NifX family",3,3,1,5,225,,,,500,500,500,ICDOIP_09350,JCOPOM_11680,JANPHL_08695
tsdA,,"Thiosulfate dehydrogenase TsdA, contains C-terminal cytochrome c domain",3,3,1,3,198,,,,1052,1052,1052,ICDOIP_06415,JCOPOM_17085,JANPHL_04570
group_5322,Chemotaxis protein,Chemotaxis protein,3,3,1,1,997,,,,1451,1451,1451,ICDOIP_08650,JCOPOM_04455,JANPHL_06545
luxU,,Phosphorelay protein LuxU,3,3,1,3,280,,,,338,338,338,ICDOIP_06005,JCOPOM_08240,JANPHL_04980
mviM,,putative dehydrogenase,3,3,1,2,447,,,,977,977,977,ICDOIP_01145,JCOPOM_02135,JANPHL_02715
DUF1853 domain-containing protein,,DUF1853 domain-containing protein,3,3,1,1,1199,,,,770,770,770,ICDOIP_07655,JCOPOM_05485,JANPHL_07545
group_5326,tauE,"Sulfite exporter TauE/SafE/YfcA and related permeases, UPF0721 family",3,3,1,1,376,,,,770,770,770,ICDOIP_17865,JCOPOM_13635,JANPHL_17230
group_5327,OMP-b-brl domain-containing protein,OMP-b-brl domain-containing protein,3,3,1,5,495,,,,647,647,647,ICDOIP_13250,JCOPOM_18370,JANPHL_12595
ftsY,,signal recognition particle-docking protein FtsY,3,3,1,9,74,,,,1211,1235,1227,ICDOIP_22495,JCOPOM_20315,JANPHL_22465
yhcF,,"DNA-binding transcriptional regulator YhcF, GntR family",3,3,1,2,994,,,,371,371,371,ICDOIP_03330,JCOPOM_14990,JANPHL_00525
fixX,,Ferredoxin-like protein FixX,3,3,1,5,544,,,,1661,1661,1661,ICDOIP_13495,JCOPOM_18610,JANPHL_12840
Copper resistance protein,,Copper resistance protein,3,3,1,3,190,,,,398,398,398,ICDOIP_06455,JCOPOM_17045,JANPHL_04530
group_5332,bisC,Anaerobic selenocysteine-containing dehydrogenase,3,3,1,3,196,,,,3092,3092,3092,ICDOIP_06425,JCOPOM_17075,JANPHL_04560
DUF547 domain-containing protein,,DUF547 domain-containing protein,3,3,1,4,348,,,,782,782,782,ICDOIP_12165,JCOPOM_09285,JANPHL_11940
nicK,,DNA relaxase NicK,3,3,1,1,482,,,,1148,1148,1148,ICDOIP_24175,JCOPOM_14115,JANPHL_24160
DUF4382 domain-containing protein,,DUF4382 domain-containing protein,3,3,1,5,294,,,,1037,1037,1037,ICDOIP_09025,JCOPOM_12030,JANPHL_08370
DUF1107 domain-containing protein,,DUF1107 domain-containing protein,3,3,1,4,315,,,,200,200,200,ICDOIP_12000,JCOPOM_09450,JANPHL_12105
group_5337,araC,AraC-type DNA-binding domain and AraC-containing proteins,3,3,1,2,195,,,,893,893,893,ICDOIP_20000,JCOPOM_00865,JANPHL_20030
group_5338,tatD,3'->5' ssDNA/RNA exonuclease TatD,3,3,1,3,601,,,,773,773,773,ICDOIP_04405,JCOPOM_06640,JANPHL_17880
group_5339,rlhA,"23S rRNA C2501 and tRNA U34 5'-hydroxylation protein RlhA/YrrN/YrrO, U32 peptidase family",3,3,1,2,775,,,,1991,1991,1991,ICDOIP_02785,JCOPOM_15550,JANPHL_01070
DUF3332 domain-containing protein,,DUF3332 domain-containing protein,3,3,1,6,118,,,,539,539,539,ICDOIP_14750,JCOPOM_17880,JANPHL_14115
fhuB,,Fe(3+)-hydroxamate ABC transporter permease FhuB,3,3,1,2,550,,,,1967,1967,1967,ICDOIP_01690,JCOPOM_02660,JANPHL_02170
hisJ,,"ABC-type amino acid transport/signal transduction system, periplasmic component/domain",3,3,1,8,57,,,,746,761,756,ICDOIP_19530,JCOPOM_19465,JANPHL_19805
hutR,,HutR like protein,3,3,1,2,576,,,,566,566,566,ICDOIP_01820,JCOPOM_02785,JANPHL_02040
grxB,,glutaredoxin 2,3,3,1,5,282,,,,629,629,629,ICDOIP_09080,JCOPOM_11960,JANPHL_08425
dsbC,,Protein thiol-disulfide isomerase DsbC,3,3,1,2,214,,,,788,788,788,ICDOIP_19895,JCOPOM_00975,JANPHL_19925
qdoI,,Cupin domain protein related to quercetin dioxygenase,3,3,1,5,279,,,,512,512,512,ICDOIP_09095,JCOPOM_11945,JANPHL_08440
rsbU,,"Phosphoserine phosphatase RsbU, regulator of sigma subunit",3,3,1,2,267,,,,1220,1220,1220,ICDOIP_00275,JCOPOM_01255,JANPHL_03585
group_5348,hypothetical protein,hypothetical protein,3,3,1,3,640,,,,158,158,158,ICDOIP_04200,JCOPOM_06435,JANPHL_17675
MtrB/PioB family decaheme-associated outer membrane protein,,MtrB/PioB family decaheme-associated outer membrane protein,3,3,1,1,852,,,,1982,1982,1982,ICDOIP_10890,JCOPOM_03725,JANPHL_10235
betA,,choline dehydrogenase,3,3,1,2,329,,,,1730,1730,1730,ICDOIP_00580,JCOPOM_01565,JANPHL_03280
mmsB,,3-hydroxyisobutyrate dehydrogenase,3,3,1,2,334,,,,896,896,896,ICDOIP_00605,JCOPOM_01590,JANPHL_03255
group_56,caiD,Enoyl-CoA hydratase/carnithine racemase,3,3,1,2,335,,,,1130,1130,1130,ICDOIP_00610,JCOPOM_01595,JANPHL_03250
group_57,paaJ,Acetyl-CoA acetyltransferase,3,3,1,2,339,,,,1178,1178,1178,ICDOIP_00630,JCOPOM_01615,JANPHL_03230
3-methylcrotonyl-CoA carboxylase,,3-methylcrotonyl-CoA carboxylase,3,3,1,2,344,,,,2060,2060,2060,ICDOIP_00655,JCOPOM_01640,JANPHL_03205
group_59,leuA,Isopropylmalate/homocitrate/citramalate synthases,3,3,1,2,345,,,,902,902,902,ICDOIP_00660,JCOPOM_01645,JANPHL_03200
cydB,,cytochrome d ubiquinol oxidase subunit II,3,3,1,2,354,,,,1007,1007,1007,ICDOIP_00700,JCOPOM_01685,JANPHL_03160
phzF,,PhzF family phenazine biosynthesis protein,3,3,1,2,356,,,,755,755,755,ICDOIP_00710,JCOPOM_01695,JANPHL_03150
paaK,,"Phenylacetate-coenzyme A ligase PaaK, adenylate-forming domain family",3,3,1,2,367,,,,1202,1202,1202,ICDOIP_00745,JCOPOM_01740,JANPHL_03115
group_63,fAA1,Long-chain acyl-CoA synthetase (AMP-forming),3,3,1,2,372,,,,1952,1952,1952,ICDOIP_00775,JCOPOM_01765,JANPHL_03085
DUF3108 domain-containing protein,,DUF3108 domain-containing protein,3,3,1,2,384,,,,578,578,578,ICDOIP_00835,JCOPOM_01825,JANPHL_03025
group_65,Lipoprotein,Lipoprotein,3,3,1,2,392,,,,452,452,452,ICDOIP_00875,JCOPOM_01865,JANPHL_02985
luxQ,,Autoinducer 2 sensor kinase/phosphatase LuxQ,3,3,1,2,438,,,,2405,2576,2519,ICDOIP_01105,JCOPOM_02095,JANPHL_02755
group_67,hypothetical protein,hypothetical protein,3,3,1,2,472,,,,254,254,254,ICDOIP_01275,JCOPOM_02265,JANPHL_02585
group_68,mviM,putative dehydrogenase,3,3,1,2,480,,,,935,935,935,ICDOIP_01315,JCOPOM_02305,JANPHL_02545
group_69,araJ,"putative arabinose efflux permease AraJ, MFS family",3,3,1,2,482,,,,1214,1256,1242,ICDOIP_01325,JCOPOM_02315,JANPHL_02535
DUF87 domain-containing protein,,DUF87 domain-containing protein,3,3,1,4,662,,,,1115,2414,1981,ICDOIP_23575,JCOPOM_22175,JANPHL_23995
group_70,folA,Dihydrofolate reductase,3,3,1,2,500,,,,533,533,533,ICDOIP_01415,JCOPOM_02405,JANPHL_02445
group_71,fabG,"NAD(P)-dependent dehydrogenase, short-chain alcohol dehydrogenase family",3,3,1,2,504,,,,719,719,719,ICDOIP_01455,JCOPOM_02425,JANPHL_02405
chrR,,"Anti-sigma factor ChrR, cupin superfamily",3,3,1,2,508,,,,644,656,648,ICDOIP_01475,JCOPOM_02445,JANPHL_02385
malE,,maltose/maltodextrin ABC transporter substrate-binding protein MalE,3,3,1,2,513,,,,1178,1424,1260,ICDOIP_01505,JCOPOM_02475,JANPHL_02355
group_74,rfbX,Membrane protein involved in the export of O-antigen and teichoic acid,3,3,1,2,524,,,,1307,1307,1307,ICDOIP_01560,JCOPOM_02530,JANPHL_02300
group_75,ycjU,"Beta-phosphoglucomutase, HAD superfamily",3,3,1,2,539,,,,650,683,661,ICDOIP_01635,JCOPOM_02605,JANPHL_02225
group_76,hypothetical protein,hypothetical protein,3,3,1,2,566,,,,164,164,164,ICDOIP_01770,JCOPOM_02740,JANPHL_02090
phrB,,deoxyribodipyrimidine photo-lyase,3,3,1,2,584,,,,1415,1415,1415,ICDOIP_01860,JCOPOM_02825,JANPHL_02000
napH,,quinol dehydrogenase ferredoxin subunit NapH,3,3,1,2,597,,,,854,854,854,ICDOIP_01925,JCOPOM_02890,JANPHL_01935
CHK domain-containing protein,,CHK domain-containing protein,3,3,1,2,600,,,,974,974,974,ICDOIP_01940,JCOPOM_02905,JANPHL_01920
sCPU,,"Fimbrial subunit ScuA/B, ScuA/B/SCPU domain",3,3,1,2,614,,,,968,968,968,ICDOIP_02010,JCOPOM_02975,JANPHL_01850
piuB,,PepSY-associated TM region,3,3,1,2,634,,,,1439,1439,1439,ICDOIP_02105,JCOPOM_16245,JANPHL_01755
fliK,,Flagellar hook-length control protein FliK,3,3,1,2,661,,,,1079,1082,1081,ICDOIP_02240,JCOPOM_16110,JANPHL_01615
TIGR02450 family Trp-rich protein,,TIGR02450 family Trp-rich protein,3,3,1,2,668,,,,215,215,215,ICDOIP_02275,JCOPOM_16075,JANPHL_01580
group_84,acrR,"DNA-binding protein, AcrR family, includes nucleoid occlusion protein SlmA",3,3,1,2,670,,,,545,545,545,ICDOIP_02285,JCOPOM_16065,JANPHL_01570
Putative pyruvate formate-lyase 3 activating enzyme,,Putative pyruvate formate-lyase 3 activating enzyme,3,3,1,2,672,,,,929,929,929,ICDOIP_02295,JCOPOM_16055,JANPHL_01560
N-acetyltransferase domain-containing protein,,N-acetyltransferase domain-containing protein,3,3,1,2,677,,,,470,470,470,ICDOIP_02315,JCOPOM_16030,JANPHL_01540
mdtL,,Multidrug resistance protein MdtL,3,3,1,2,678,,,,1190,1190,1190,ICDOIP_02320,JCOPOM_16025,JANPHL_01535
yidZ,,HTH-type transcriptional regulator YidZ,3,3,1,2,679,,,,968,968,968,ICDOIP_02325,JCOPOM_16020,JANPHL_01530
group_89,emrA,Multidrug resistance efflux pump EmrA,3,3,1,2,684,,,,842,890,858,ICDOIP_02350,JCOPOM_15995,JANPHL_01505
group_90,ABM domain-containing protein,ABM domain-containing protein,3,3,1,2,693,,,,290,290,290,ICDOIP_02395,JCOPOM_15950,JANPHL_01460
group_91,araC,AraC-type DNA-binding domain and AraC-containing proteins,3,3,1,2,695,,,,1463,1463,1463,ICDOIP_02405,JCOPOM_15940,JANPHL_01450
nfsA,,oxygen-insensitive NADPH nitroreductase,3,3,1,2,704,,,,722,722,722,ICDOIP_02450,JCOPOM_15895,JANPHL_01405
Cytochrome b561 domain-containing protein,,Cytochrome b561 domain-containing protein,3,3,1,2,708,,,,371,374,373,ICDOIP_02470,JCOPOM_15875,JANPHL_01385
group_94,lysR,"DNA-binding transcriptional regulator, LysR family",3,3,1,2,711,,,,890,890,890,ICDOIP_02480,JCOPOM_15865,JANPHL_01375
group_95,amyA,alpha-amylase,3,3,1,2,723,,,,2060,2060,2060,ICDOIP_02520,JCOPOM_15805,JANPHL_01335
group_96,Secreted protein,Secreted protein,3,3,1,2,730,,,,425,425,425,ICDOIP_02560,JCOPOM_15765,JANPHL_01295
group_97,Transcriptional regulator,Transcriptional regulator,3,3,1,2,741,,,,446,479,468,ICDOIP_02615,JCOPOM_15710,JANPHL_01240
spoIVCA,,Site-specific DNA recombinase SpoIVCA/DNA invertase PinE,3,3,1,2,751,,,,644,644,644,ICDOIP_02665,JCOPOM_15665,JANPHL_01190
Polymer-forming cytoskeletal family protein,,Polymer-forming cytoskeletal family protein,3,3,1,2,755,,,,263,452,326,ICDOIP_02685,JCOPOM_15650,JANPHL_01170
group_1000,hypothetical protein,hypothetical protein,2,2,1,12,4,160,1,,506,506,506,ICDOIP_24465,,JANPHL_24500
HEPN-RiboL-PSP domain-containing protein,,HEPN-RiboL-PSP domain-containing protein,2,2,1,12,3,45,1,,518,518,518,ICDOIP_24475,,JANPHL_24490
Type VI secretion protein,,Type VI secretion protein,2,2,1,12,2,45,3,,365,365,365,ICDOIP_24480,,JANPHL_24485
Cytoplasmic protein,,Cytoplasmic protein,2,2,1,12,1,45,2,,479,479,479,ICDOIP_24485,,JANPHL_24480
group_1004,hypothetical protein,hypothetical protein,2,2,1,24,1,30,1,,848,848,848,ICDOIP_24490,,JANPHL_24515
group_1005,hypothetical protein,hypothetical protein,2,2,1,24,2,30,2,,455,455,455,ICDOIP_24495,,JANPHL_24520
Putative acetyltransferase,,Putative acetyltransferase,2,2,1,24,3,30,3,,485,485,485,ICDOIP_24500,,JANPHL_24525
group_1007,gloA,"Catechol 2,3-dioxygenase or related enzyme, vicinal oxygen chelate (VOC) family",2,2,1,24,4,30,4,,413,413,413,ICDOIP_24505,,JANPHL_24530
group_1008,DUF4760 domain-containing protein,DUF4760 domain-containing protein,2,2,1,24,5,30,5,,428,428,428,ICDOIP_24510,,JANPHL_24535
group_1009,hypothetical protein,hypothetical protein,2,2,1,28,4,37,1,,503,503,503,ICDOIP_24535,,JANPHL_24585
yvbK,,Putative N-acetyltransferase YvbK,2,2,1,28,3,37,2,,446,446,446,ICDOIP_24540,,JANPHL_24590
Arp2/3 complex subunit,,Arp2/3 complex subunit,2,2,1,28,2,37,4,,377,377,377,ICDOIP_24545,,JANPHL_24595
group_1012,hypothetical protein,hypothetical protein,2,2,1,28,1,37,3,,512,512,512,ICDOIP_24550,,JANPHL_24600
group_1013,IS3 family transposase,IS3 family transposase,2,2,1,26,2,29,1,,539,539,539,ICDOIP_24555,,JANPHL_24605
group_1014,IS3 family transposase,IS3 family transposase,2,2,1,26,3,29,2,,233,233,233,ICDOIP_24560,,JANPHL_24610
START domain-containing protein,,START domain-containing protein,2,2,1,26,4,29,3,,914,914,914,ICDOIP_24565,,JANPHL_24615
Damage-inducible protein J,,Damage-inducible protein J,2,2,1,26,5,29,4,,284,284,284,ICDOIP_24570,,JANPHL_24620
group_1017,parE,Plasmid stabilization system protein ParE,2,2,1,26,1,29,5,,278,278,278,ICDOIP_24575,,JANPHL_24625
group_1018,ykgJ,YkgJ family cysteine cluster protein,2,2,1,29,1,43,1,,209,209,209,ICDOIP_24580,,JANPHL_24640
group_1019,parA,Chromosome partitioning protein ParA,2,2,1,29,2,43,3,,923,923,923,ICDOIP_24585,,JANPHL_24635
group_1020,hypothetical protein,hypothetical protein,2,2,1,29,3,43,2,,527,527,527,ICDOIP_24590,,JANPHL_24630
group_1021,hypothetical protein,hypothetical protein,2,2,1,27,1,38,1,,344,344,344,ICDOIP_24595,,JANPHL_24660
rstR,,RstR,2,2,1,27,2,38,2,,191,191,191,ICDOIP_24600,,JANPHL_24655
replication initiation factor domain-containing protein,,replication initiation factor domain-containing protein,2,2,1,27,4,38,3,,1307,1307,1307,ICDOIP_24605,,JANPHL_24650
DUF1293 domain-containing protein,,DUF1293 domain-containing protein,2,2,1,27,3,38,4,,347,347,347,ICDOIP_24610,,JANPHL_24645
Signal peptidase I,,Signal peptidase I,2,2,1,34,1,65,2,Investigate,206,206,206,ICDOIP_24615,,JANPHL_24670
group_1026,hypothetical protein,hypothetical protein,2,2,1,45,1,69,1,Investigate,182,182,182,ICDOIP_24640,,JANPHL_24690
ISNCY family transposase,,ISNCY family transposase,2,2,1,45,2,69,2,Investigate,1367,1367,1367,ICDOIP_24645,,JANPHL_24695
group_1028,hypothetical protein,hypothetical protein,2,2,1,35,1,68,1,Investigate,389,389,389,ICDOIP_24650,,JANPHL_24705
group_1029,hypothetical protein,hypothetical protein,2,2,1,35,2,68,2,Investigate,374,374,374,ICDOIP_24655,,JANPHL_24700
O-antigen polymerase,,O-antigen polymerase,2,2,1,39,1,72,1,Investigate,275,275,275,ICDOIP_24665,,JANPHL_24715
Major coat protein,,Major coat protein,2,2,1,2,122,133,1,,230,230,230,ICDOIP_24670,,JANPHL_24720
group_1032,Putative-PNPOx domain-containing protein,Putative-PNPOx domain-containing protein,2,2,1,40,1,51,1,Investigate,608,608,608,ICDOIP_24680,,JANPHL_24730
group_1033,IS30 family transposase,IS30 family transposase,2,2,1,33,1,54,1,Investigate,1163,1163,1163,ICDOIP_24685,,JANPHL_24735
DUF6678 domain-containing protein,,DUF6678 domain-containing protein,2,2,1,41,1,75,1,Investigate,416,416,416,ICDOIP_24690,,JANPHL_24740
GNAT family N-acetyltransferase,,GNAT family N-acetyltransferase,2,2,1,42,1,59,1,Investigate,479,479,479,ICDOIP_24700,,JANPHL_24750
DUF2812 domain-containing protein,,DUF2812 domain-containing protein,2,2,1,43,1,73,1,Investigate,620,620,620,ICDOIP_24705,,JANPHL_24755
group_1037,N-acetyltransferase domain-containing protein,N-acetyltransferase domain-containing protein,2,2,1,31,1,63,1,Investigate,476,476,476,ICDOIP_24710,,JANPHL_24760
group_1038,DUF4760 domain-containing protein,DUF4760 domain-containing protein,2,2,1,44,1,52,1,Investigate,530,530,530,ICDOIP_24715,,JANPHL_24765
Ribosomal protein S18 acetylase RimI-like enzyme,,Ribosomal protein S18 acetylase RimI-like enzyme,2,2,1,38,1,61,1,Investigate,509,509,509,ICDOIP_24770,,JANPHL_24770
group_1040,DUF2750 domain-containing protein,DUF2750 domain-containing protein,2,2,1,37,1,64,1,Investigate,359,359,359,ICDOIP_24790,,JANPHL_24775
group_1041,hypothetical protein,hypothetical protein,2,2,1,36,1,62,1,Investigate,290,290,290,ICDOIP_24795,,JANPHL_24780
group_1042,hypothetical protein,hypothetical protein,2,2,1,32,1,74,1,Investigate,131,131,131,ICDOIP_24810,,JANPHL_24815
group_1043,hypothetical protein,hypothetical protein,2,2,1,32,2,74,2,Investigate,110,110,110,ICDOIP_24815,,JANPHL_24810
Branched-chain amino acid transport system / permease component,,Branched-chain amino acid transport system / permease component,2,2,1,2,12,112,1,,578,578,578,ICDOIP_00765,,JANPHL_03095
group_15,hypothetical protein,hypothetical protein,2,2,1,2,574,152,1,,893,893,893,ICDOIP_01815,,JANPHL_02045
group_17,hypothetical protein,hypothetical protein,2,2,1,5,35,121,1,,374,374,374,ICDOIP_09465,,JANPHL_08810
group_24,Structural protein,Structural protein,2,2,1,1,88,56,1,,566,566,566,ICDOIP_16455,,JANPHL_16245
group_26,FTH domain-containing protein,FTH domain-containing protein,2,2,1,1,85,56,2,,488,488,488,ICDOIP_16460,,JANPHL_16240
corA,,Magnesium transporter CorA family protein,2,2,1,1,91,142,1,,233,233,233,ICDOIP_16475,,JANPHL_16225
group_38,UPF0056 membrane protein,UPF0056 membrane protein,2,2,1,9,70,113,1,,233,233,233,ICDOIP_22480,,JANPHL_22480
group_3967,Plasmid protein,Plasmid protein,2,2,1,4,646,5,2,,290,290,290,ICDOIP_20775,,JANPHL_21100
group_4269,"Enamine deaminase RidA, house cleaning of reactive enamine intermediates, YjgF/YER057c/UK114 family","Enamine deaminase RidA, house cleaning of reactive enamine intermediates, YjgF/YER057c/UK114 family",2,2,1,12,13,33,2,,371,371,371,ICDOIP_24035,,JANPHL_24320
"Enamine deaminase RidA, house cleaning of reactive enamine intermediates, YjgF/YER057c/UK114 family",,"Enamine deaminase RidA, house cleaning of reactive enamine intermediates, YjgF/YER057c/UK114 family",2,2,1,19,10,15,8,,371,371,371,ICDOIP_24335,,JANPHL_24375
peptidoglycan-binding protein,,peptidoglycan-binding protein,2,2,1,16,9,2,9,,734,818,776,ICDOIP_23260,,JANPHL_23205
MATE efflux family protein,,MATE efflux family protein,2,2,1,34,2,65,1,Investigate,302,302,302,ICDOIP_24620,,JANPHL_24665
group_450,bfd,Bacterioferritin-associated ferredoxin,2,2,1,2,14,96,1,,2663,2663,2663,ICDOIP_00345,,JANPHL_03515
group_451,Lipoprotein,Lipoprotein,2,2,1,2,292,125,1,,1193,1193,1193,ICDOIP_00405,,JANPHL_03455
group_4516,tuf,elongation factor Tu,2,2,1,7,48,82,1,,1184,1184,1184,ICDOIP_19160,,JANPHL_19200
tuf,,elongation factor Tu,2,2,1,15,6,81,1,,1184,1184,1184,ICDOIP_22825,,JANPHL_22870
group_452,caiD,Enoyl-CoA hydratase/carnithine racemase,2,2,1,2,13,84,1,,782,782,782,ICDOIP_00650,,JANPHL_03210
DUF2474 domain-containing protein,,DUF2474 domain-containing protein,2,2,1,2,353,114,1,,128,128,128,ICDOIP_00705,,JANPHL_03155
group_454,Transmembrane protein,Transmembrane protein,2,2,1,2,360,77,1,,482,482,482,ICDOIP_00735,,JANPHL_03125
methyltransferase domain-containing protein,,methyltransferase domain-containing protein,2,2,1,2,366,77,2,,596,596,596,ICDOIP_00740,,JANPHL_03120
Electron transfer flavoprotein-ubiquinone oxidoreductase,,Electron transfer flavoprotein-ubiquinone oxidoreductase,2,2,1,2,11,60,1,,1637,1637,1637,ICDOIP_00785,,JANPHL_03075
fixA,,"Electron transfer flavoprotein, alpha and beta subunits",2,2,1,2,10,60,2,,752,752,752,ICDOIP_00790,,JANPHL_03070
group_458,Conserved domain protein,Conserved domain protein,2,2,1,2,444,141,1,,113,113,113,ICDOIP_01130,,JANPHL_02730
group_459,hypothetical protein,hypothetical protein,2,2,1,2,9,27,2,,131,131,131,ICDOIP_01420,,JANPHL_02440
ELFV-dehydrog domain-containing protein,,ELFV-dehydrog domain-containing protein,2,2,1,2,8,27,3,,2141,2141,2141,ICDOIP_01425,,JANPHL_02435
DUF1049 domain-containing protein,,DUF1049 domain-containing protein,2,2,1,2,5,27,4,,686,686,686,ICDOIP_01430,,JANPHL_02430
UPF0149 family protein,,UPF0149 family protein,2,2,1,2,6,27,5,,551,551,551,ICDOIP_01435,,JANPHL_02425
group_463,DUF2489 domain-containing protein,DUF2489 domain-containing protein,2,2,1,2,7,27,1,,500,500,500,ICDOIP_01440,,JANPHL_02420
monooxygenase,,monooxygenase,2,2,1,2,710,92,1,,308,308,308,ICDOIP_02475,,JANPHL_01380
DUF1835 domain-containing protein,,DUF1835 domain-containing protein,2,2,1,2,3,154,1,,1271,1271,1271,ICDOIP_02485,,JANPHL_01370
group_466,hypothetical protein,hypothetical protein,2,2,1,2,742,118,1,,173,173,173,ICDOIP_02625,,JANPHL_01230
Maltoporin,,Maltoporin,2,2,1,2,2,120,1,,1271,1271,1271,ICDOIP_02655,,JANPHL_01200
group_468,nlpD,"Murein DD-endopeptidase MepM and murein hydrolase activator NlpD, contains LysM domain",2,2,1,2,754,134,1,,992,992,992,ICDOIP_02680,,JANPHL_01175
group_469,hypothetical protein,hypothetical protein,2,2,1,2,813,85,1,,134,134,134,ICDOIP_02985,,JANPHL_00870
group_470,rimL,"Protein N-acetyltransferase, RimJ/RimL family",2,2,1,2,1,94,1,,533,533,533,ICDOIP_03030,,JANPHL_00825
group_471,gph,"Phosphoglycolate phosphatase, HAD superfamily",2,2,1,2,885,97,1,,710,710,710,ICDOIP_03700,,JANPHL_00155
group_472,rimI,Ribosomal protein S18 acetylase RimI and related acetyltransferases,2,2,1,2,887,35,2,,470,470,470,ICDOIP_03770,,JANPHL_00085
group_473,fabG,"NAD(P)-dependent dehydrogenase, short-chain alcohol dehydrogenase family",2,2,1,2,886,35,3,,731,731,731,ICDOIP_03775,,JANPHL_00080
group_474,rimL,"Protein N-acetyltransferase, RimJ/RimL family",2,2,1,2,888,35,4,,515,515,515,ICDOIP_03780,,JANPHL_00075
group_475,napC,Tetraheme cytochrome c subunit NapC of nitrate or TMAO reductase,2,2,1,2,889,35,1,,1094,1094,1094,ICDOIP_03785,,JANPHL_00070
group_476,tauB,"ABC-type nitrate/sulfonate/bicarbonate transport system, ATPase component",2,2,1,2,890,143,1,,758,758,758,ICDOIP_03825,,JANPHL_00030
pilin,,pilin,2,2,1,3,684,99,1,,404,404,404,ICDOIP_03980,,JANPHL_17455
yidK,,"Uncharacterized membrane permease YidK, sodium:solute symporter family",2,2,1,3,43,42,1,,1631,1631,1631,ICDOIP_04605,,JANPHL_06380
group_479,hypothetical protein,hypothetical protein,2,2,1,3,42,42,3,,1841,1841,1841,ICDOIP_04610,,JANPHL_06375
3'-5' exonuclease,,3'-5' exonuclease,2,2,1,3,41,42,2,,704,704,704,ICDOIP_04615,,JANPHL_06370
Porin family protein,,Porin family protein,2,2,1,3,556,50,1,,596,596,596,ICDOIP_04630,,JANPHL_06355
GGACT domain-containing protein,,GGACT domain-containing protein,2,2,1,3,553,50,2,,551,551,551,ICDOIP_04635,,JANPHL_06350
group_483,gGDEF,"GGDEF domain, diguanylate cyclase (c-di-GMP synthetase) or its enzymatically inactive variants",2,2,1,3,530,145,1,,920,920,920,ICDOIP_04755,,JANPHL_06230
ompK,,Outer membrane protein OmpK,2,2,1,3,44,104,1,,818,818,818,ICDOIP_04775,,JANPHL_06210
DUF4397 domain-containing protein,,DUF4397 domain-containing protein,2,2,1,3,523,136,1,,242,242,242,ICDOIP_04785,,JANPHL_06200
CheW-like domain-containing protein,,CheW-like domain-containing protein,2,2,1,3,388,149,1,,1082,1082,1082,ICDOIP_05455,,JANPHL_05530
fimV,,Type IV pilus assembly protein FimV,2,2,1,3,356,83,1,,4409,4409,4409,ICDOIP_05620,,JANPHL_05365
group_488,ubiE,Ubiquinone/menaquinone biosynthesis C-methylase UbiE/MenG,2,2,1,3,45,156,1,,755,755,755,ICDOIP_06480,,JANPHL_04505
group_489,pncA,Nicotinamidase-related amidase,2,2,1,3,46,46,3,,524,524,524,ICDOIP_06520,,JANPHL_04465
group_490,glxA,"Transcriptional regulator GlxA, contains an amidase domain and an AraC-type DNA-binding HTH domain",2,2,1,3,170,46,2,,914,914,914,ICDOIP_06525,,JANPHL_04460
DUF4268 domain-containing protein,,DUF4268 domain-containing protein,2,2,1,3,171,46,1,,923,923,923,ICDOIP_06530,,JANPHL_04455
rluF,,23S rRNA pseudouridine(2604) synthase RluF,2,2,1,1,1,137,1,,1115,1115,1115,ICDOIP_07195,,JANPHL_08010
group_493,Transcriptional regulator,Transcriptional regulator,2,2,1,1,24,126,1,,116,116,116,ICDOIP_07240,,JANPHL_07965
Kazal-like domain-containing protein,,Kazal-like domain-containing protein,2,2,1,1,41,150,1,,86,86,86,ICDOIP_07335,,JANPHL_07870
bcsG,,cellulose biosynthesis protein BcsG,2,2,1,1,1239,19,1,,1625,1625,1625,ICDOIP_07450,,JANPHL_07755
group_496,Phage protein,Phage protein,2,2,1,1,1240,19,2,,176,176,176,ICDOIP_07455,,JANPHL_07750
bcsE,,cellulose biosynthesis protein BcsE,2,2,1,1,1241,19,3,,1583,1583,1583,ICDOIP_07460,,JANPHL_07745
lprI,,LprI domain-containing protein,2,2,1,1,1242,19,4,,197,197,197,ICDOIP_07465,,JANPHL_07740
bcsQ,,cellulose biosynthesis protein BcsQ,2,2,1,1,1232,19,5,,779,779,779,ICDOIP_07470,,JANPHL_07735
Transhydrogenase beta subunit,,Transhydrogenase beta subunit,2,2,1,2,242,80,1,,515,842,678,ICDOIP_00150,,JANPHL_03715
group_500,bcsA,UDP-forming cellulose synthase catalytic subunit,2,2,1,1,1233,19,6,,2633,2633,2633,ICDOIP_07475,,JANPHL_07730
bcsB,,cellulose biosynthesis cyclic di-GMP-binding regulatory protein BcsB,2,2,1,1,1234,19,7,,2285,2285,2285,ICDOIP_07480,,JANPHL_07725
bcsZ,,cellulose synthase complex periplasmic endoglucanase BcsZ,2,2,1,1,1235,19,8,,1106,1106,1106,ICDOIP_07485,,JANPHL_07720
BCSC-C domain-containing protein,,BCSC-C domain-containing protein,2,2,1,1,1236,19,9,,3764,3764,3764,ICDOIP_07490,,JANPHL_07715
yecM,,VOC family protein,2,2,1,1,65,139,1,,599,599,599,ICDOIP_07760,,JANPHL_07440
DUF1471 domain-containing protein,,DUF1471 domain-containing protein,2,2,1,1,1153,86,1,,455,455,455,ICDOIP_07850,,JANPHL_07350
group_506,Holin,Holin,2,2,1,1,66,127,1,,203,203,203,ICDOIP_08020,,JANPHL_07180
tolR,,Biopolymer transport protein ExbD,2,2,1,1,67,108,1,,443,443,443,ICDOIP_08695,,JANPHL_06500
group_508,dps,DNA-binding ferritin-like protein (oxidative damage protectant),2,2,1,5,338,148,1,,500,500,500,ICDOIP_08805,,JANPHL_08150
group_509,AAA family ATPase,AAA family ATPase,2,2,1,5,331,23,1,,2174,2174,2174,ICDOIP_08835,,JANPHL_08180
group_510,WYL domain-containing protein,WYL domain-containing protein,2,2,1,5,330,23,2,,251,251,251,ICDOIP_08840,,JANPHL_08185
Mobile element protein,,Mobile element protein,2,2,1,5,329,23,3,,143,143,143,ICDOIP_08845,,JANPHL_08190
group_512,hypothetical protein,hypothetical protein,2,2,1,5,328,23,4,,1577,1577,1577,ICDOIP_08850,,JANPHL_08195
group_513,terB,TerB domain-containing protein,2,2,1,5,327,23,5,,1688,1688,1688,ICDOIP_08855,,JANPHL_08200
group_514,hypothetical protein,hypothetical protein,2,2,1,5,326,23,6,,158,158,158,ICDOIP_08860,,JANPHL_08205
group_515,mdtL,MdtL family multidrug efflux MFS transporter,2,2,1,5,31,23,7,,1208,1208,1208,ICDOIP_08865,,JANPHL_08210
group_516,yidZ,HTH-type transcriptional regulator YidZ,2,2,1,5,32,23,8,,956,956,956,ICDOIP_08870,,JANPHL_08215
group_517,serB,Phosphoserine phosphatase,2,2,1,5,245,117,1,,659,659,659,ICDOIP_09260,,JANPHL_08605
phnX,,phosphonoacetaldehyde hydrolase,2,2,1,5,139,110,1,,815,815,815,ICDOIP_09785,,JANPHL_09130
group_519,hypothetical protein,hypothetical protein,2,2,1,5,49,103,1,,104,104,104,ICDOIP_10110,,JANPHL_09455
group_520,Membrane protein,Membrane protein,2,2,1,5,73,87,1,,980,980,980,ICDOIP_10125,,JANPHL_09470
group_521,ATPase,ATPase,2,2,1,1,957,41,1,,731,731,731,ICDOIP_10365,,JANPHL_09710
Adhesin,,Adhesin,2,2,1,1,956,41,3,,434,434,434,ICDOIP_10370,,JANPHL_09715
group_523,dksA,DksA/TraR family C4-type zinc finger protein,2,2,1,1,955,41,2,,266,266,266,ICDOIP_10375,,JANPHL_09720
group_524,grxC,Glutaredoxin,2,2,1,1,756,144,1,,230,230,230,ICDOIP_11375,,JANPHL_10720
group_525,Regulator,Regulator,2,2,1,1,735,95,1,,449,449,449,ICDOIP_11480,,JANPHL_10825
group_526,hypothetical protein,hypothetical protein,2,2,1,1,719,8,17,,1205,1205,1205,ICDOIP_11565,,JANPHL_10910
Excisionase,,Excisionase,2,2,1,1,718,8,16,,215,215,215,ICDOIP_11570,,JANPHL_10915
group_528,hypothetical protein,hypothetical protein,2,2,1,1,717,8,15,,188,188,188,ICDOIP_11575,,JANPHL_10920
group_529,hypothetical protein,hypothetical protein,2,2,1,1,716,8,14,,224,224,224,ICDOIP_11580,,JANPHL_10925
Host-nuclease inhibitor Gam family protein,,Host-nuclease inhibitor Gam family protein,2,2,1,1,715,8,13,,527,527,527,ICDOIP_11585,,JANPHL_10930
group_531,Antirestriction protein,Antirestriction protein,2,2,1,1,714,8,12,,3164,3164,3164,ICDOIP_11590,,JANPHL_10935
group_532,Helix-turn-helix domain-containing protein,Helix-turn-helix domain-containing protein,2,2,1,1,713,8,11,,668,668,668,ICDOIP_11595,,JANPHL_10940
group_533,XRE family transcriptional regulator,XRE family transcriptional regulator,2,2,1,1,712,8,10,,221,221,221,ICDOIP_11600,,JANPHL_10945
group_534,Phage protein,Phage protein,2,2,1,1,711,8,9,,464,464,464,ICDOIP_11605,,JANPHL_10950
Ala-racemase-C domain-containing protein,,Ala-racemase-C domain-containing protein,2,2,1,1,710,8,8,,218,218,218,ICDOIP_11610,,JANPHL_10955
group_536,Helix-turn-helix domain-containing protein,Helix-turn-helix domain-containing protein,2,2,1,1,709,8,7,,953,953,953,ICDOIP_11615,,JANPHL_10960
group_537,Phage protein,Phage protein,2,2,1,1,708,8,6,,380,380,380,ICDOIP_11620,,JANPHL_10965
DUF1367 domain-containing protein,,DUF1367 domain-containing protein,2,2,1,1,707,8,5,,650,650,650,ICDOIP_11625,,JANPHL_10970
group_539,DUF1980 domain-containing protein,DUF1980 domain-containing protein,2,2,1,1,706,8,4,,182,182,182,ICDOIP_11630,,JANPHL_10975
Recombinase,,Recombinase,2,2,1,1,705,8,3,,401,401,401,ICDOIP_11635,,JANPHL_10980
Antitermination protein Q,,Antitermination protein Q,2,2,1,1,704,8,2,,407,407,407,ICDOIP_11640,,JANPHL_10985
group_542,Transposase,Transposase,2,2,1,1,703,8,1,,203,203,203,ICDOIP_11645,,JANPHL_10990
priX,,PriX domain-containing protein,2,2,1,4,256,24,1,,806,806,806,ICDOIP_11695,,JANPHL_12410
Inovirus Gp2 family protein,,Inovirus Gp2 family protein,2,2,1,4,255,24,2,,656,656,656,ICDOIP_11700,,JANPHL_12405
group_545,Lipoprotein,Lipoprotein,2,2,1,4,254,24,3,,1163,1163,1163,ICDOIP_11705,,JANPHL_12400
WYL domain-containing protein,,WYL domain-containing protein,2,2,1,4,253,24,7,,791,791,791,ICDOIP_11710,,JANPHL_12395
group_547,DUF2787 domain-containing protein,DUF2787 domain-containing protein,2,2,1,4,258,24,6,,431,431,431,ICDOIP_11715,,JANPHL_12390
MPN domain-containing protein,,MPN domain-containing protein,2,2,1,4,259,24,5,,473,473,473,ICDOIP_11720,,JANPHL_12385
group_549,Holin,Holin,2,2,1,4,260,24,4,,224,224,224,ICDOIP_11725,,JANPHL_12380
group_550,hypothetical protein,hypothetical protein,2,2,1,4,566,109,1,,125,125,125,ICDOIP_12250,,JANPHL_11855
AAA domain-containing protein,,AAA domain-containing protein,2,2,1,4,538,67,2,,4949,4949,4949,ICDOIP_12265,,JANPHL_11840
Helicase-C-3 domain-containing protein,,Helicase-C-3 domain-containing protein,2,2,1,4,537,67,1,,1523,1523,1523,ICDOIP_12270,,JANPHL_11835
HAD-IA family hydrolase,,HAD-IA family hydrolase,2,2,1,4,365,123,1,,659,659,659,ICDOIP_12290,,JANPHL_11815
group_554,ompA,OmpA family protein,2,2,1,4,366,102,1,,266,266,266,ICDOIP_12320,,JANPHL_11785
group_555,hypothetical protein,hypothetical protein,2,2,1,4,367,53,2,,464,464,464,ICDOIP_12675,,JANPHL_11430
NAD synthetase,,NAD synthetase,2,2,1,4,452,53,1,,911,911,911,ICDOIP_12680,,JANPHL_11425
30S ribosomal protein S4,,30S ribosomal protein S4,2,2,1,4,426,155,1,,116,116,116,ICDOIP_12810,,JANPHL_11295
Flp family type IVb pilin,,Flp family type IVb pilin,2,2,1,5,473,140,1,,254,254,254,ICDOIP_13140,,JANPHL_12485
group_559,alkP,"Arylsulfatase A or related enzyme, AlkP superfamily",2,2,1,5,510,111,1,,1547,1547,1547,ICDOIP_13325,,JANPHL_12670
group_560,araC,AraC family transcriptional regulator,2,2,1,5,528,91,1,,119,119,119,ICDOIP_13415,,JANPHL_12760
pcaH,,"Protocatechuate 3,4-dioxygenase beta subunit",2,2,1,5,548,101,1,,536,536,536,ICDOIP_13510,,JANPHL_12855
group_562,tyrosine-type recombinase/integrase,tyrosine-type recombinase/integrase,2,2,1,5,590,9,1,,1367,1367,1367,ICDOIP_13705,,JANPHL_13050
DUF1878 domain-containing protein,,DUF1878 domain-containing protein,2,2,1,5,589,9,2,,383,383,383,ICDOIP_13710,,JANPHL_13055
DUF2794 domain-containing protein,,DUF2794 domain-containing protein,2,2,1,5,588,9,3,,197,197,197,ICDOIP_13715,,JANPHL_13060
group_565,dgt,dGTPase,2,2,1,5,587,9,4,,1466,1466,1466,ICDOIP_13720,,JANPHL_13065
group_566,xerD,Site-specific recombinase XerD,2,2,1,5,586,9,5,,1112,1112,1112,ICDOIP_13725,,JANPHL_13070
group_567,hypothetical protein,hypothetical protein,2,2,1,5,585,9,6,,173,173,173,ICDOIP_13730,,JANPHL_13075
Plasmid recombination enzyme,,Plasmid recombination enzyme,2,2,1,5,592,9,7,,1514,1514,1514,ICDOIP_13735,,JANPHL_13080
group_569,KfrA-N domain-containing protein,KfrA-N domain-containing protein,2,2,1,5,593,9,8,,1019,1019,1019,ICDOIP_13740,,JANPHL_13085
abiEi,,"Abortive phage infection protein AbiEi, antitoxin conponent of an AbiEi-AbiEii TA system",2,2,1,5,594,9,9,,605,605,605,ICDOIP_13745,,JANPHL_13090
PHP domain-containing protein,,PHP domain-containing protein,2,2,1,5,595,9,10,,974,974,974,ICDOIP_13750,,JANPHL_13095
group_572,hypothetical protein,hypothetical protein,2,2,1,5,596,9,11,,875,875,875,ICDOIP_13755,,JANPHL_13100
group_573,hypothetical protein,hypothetical protein,2,2,1,5,597,9,12,,293,293,293,ICDOIP_13760,,JANPHL_13105
group_574,hipB,Antitoxin HipB,2,2,1,5,598,9,17,,254,254,254,ICDOIP_13765,,JANPHL_13110
group_575,lysR,"DNA-binding transcriptional regulator, LysR family",2,2,1,5,599,9,16,,953,953,953,ICDOIP_13770,,JANPHL_13115
group_576,aslB,anaerobic sulfatase maturase,2,2,1,5,600,9,15,,1238,1238,1238,ICDOIP_13775,,JANPHL_13120
group_577,aslA,"Arylsulfatase A or related enzyme, AlkP superfamily",2,2,1,5,601,9,14,,2369,2369,2369,ICDOIP_13780,,JANPHL_13125
group_578,lysR,"DNA-binding transcriptional regulator, LysR family",2,2,1,5,602,9,13,,935,935,935,ICDOIP_13785,,JANPHL_13130
DUF3820 domain-containing protein,,DUF3820 domain-containing protein,2,2,1,5,461,132,1,,215,215,215,ICDOIP_13865,,JANPHL_13210
Dimerisation2 domain-containing protein,,Dimerisation2 domain-containing protein,2,2,1,5,450,124,1,,329,329,329,ICDOIP_13915,,JANPHL_13260
group_581,hypothetical protein,hypothetical protein,2,2,1,5,449,147,1,,116,116,116,ICDOIP_13925,,JANPHL_13270
DUF2909 domain-containing protein,,DUF2909 domain-containing protein,2,2,1,5,419,89,1,,236,236,236,ICDOIP_14070,,JANPHL_13415
group_583,Pilus assembly protein,Pilus assembly protein,2,2,1,6,106,90,1,,1307,1307,1307,ICDOIP_14800,,JANPHL_14165
group_584,Transposase,Transposase,2,2,1,6,101,153,1,,89,89,89,ICDOIP_14820,,JANPHL_14185
Tyrosine-type recombinase/integrase,,Tyrosine-type recombinase/integrase,2,2,1,6,90,6,1,,1226,1226,1226,ICDOIP_14885,,JANPHL_14250
group_586,alpA,AlpA family phage regulatory protein,2,2,1,6,89,6,2,,278,278,278,ICDOIP_14890,,JANPHL_14255
DNA helicase,,DNA helicase,2,2,1,6,88,6,3,,2408,2408,2408,ICDOIP_14895,,JANPHL_14260
group_588,Restriction endonuclease subunit S,Restriction endonuclease subunit S,2,2,1,6,87,6,4,,593,593,593,ICDOIP_14900,,JANPHL_14265
N-6 DNA methylase,,N-6 DNA methylase,2,2,1,6,86,6,5,,1268,1268,1268,ICDOIP_14905,,JANPHL_14270
group_590,Transposase,Transposase,2,2,1,6,85,6,6,,440,440,440,ICDOIP_14910,,JANPHL_14275
site-specific DNA-methyltransferase (adenine-specific),,site-specific DNA-methyltransferase (adenine-specific),2,2,1,6,84,6,7,,1706,1706,1706,ICDOIP_14915,,JANPHL_14280
group_592,restriction endonuclease subunit S,restriction endonuclease subunit S,2,2,1,6,83,6,8,,1232,1232,1232,ICDOIP_14920,,JANPHL_14285
type I site-specific deoxyribonuclease,,type I site-specific deoxyribonuclease,2,2,1,6,82,6,9,,3371,3371,3371,ICDOIP_14925,,JANPHL_14290
YgjP-like domain-containing protein,,YgjP-like domain-containing protein,2,2,1,6,81,6,10,,701,701,701,ICDOIP_14930,,JANPHL_14295
group_595,spoIVCA,Site-specific DNA recombinase SpoIVCA/DNA invertase PinE,2,2,1,6,71,6,11,,590,590,590,ICDOIP_14935,,JANPHL_14300
traY,,Relaxosome protein TraY,2,2,1,6,72,6,12,,287,287,287,ICDOIP_14940,,JANPHL_14305
Type IV toxin-antitoxin system AbiEi family antitoxin domain-containing protein,,Type IV toxin-antitoxin system AbiEi family antitoxin domain-containing protein,2,2,1,6,73,6,13,,527,527,527,ICDOIP_14945,,JANPHL_14310
Diguanylate cyclase,,Diguanylate cyclase,2,2,1,6,74,6,14,,1589,1589,1589,ICDOIP_14950,,JANPHL_14315
group_599,Transcriptional regulator,Transcriptional regulator,2,2,1,6,75,6,15,,386,386,386,ICDOIP_14955,,JANPHL_14320
group_6,Transhydrogenase beta subunit,Transhydrogenase beta subunit,2,2,1,2,240,80,2,,269,842,555,,JCOPOM_01130,JANPHL_03710
Bacterial ubiquitin-like modifier,,Bacterial ubiquitin-like modifier,2,2,1,6,76,6,16,,272,272,272,ICDOIP_14960,,JANPHL_14325
Ser/Thr protein phosphatase family protein,,Ser/Thr protein phosphatase family protein,2,2,1,6,77,6,17,,782,782,782,ICDOIP_14965,,JANPHL_14330
group_602,AAA family ATPase,AAA family ATPase,2,2,1,6,78,6,18,,1331,1331,1331,ICDOIP_14970,,JANPHL_14335
XRE family transcriptional regulator,,XRE family transcriptional regulator,2,2,1,6,79,6,19,,461,461,461,ICDOIP_14975,,JANPHL_14340
group_604,hypothetical protein,hypothetical protein,2,2,1,6,16,93,1,,107,107,107,ICDOIP_15255,,JANPHL_14620
group_605,tnp,IS3 family transposase ORF B,2,2,1,4,223,138,1,,659,659,659,ICDOIP_15335,,JANPHL_14700
SUFU domain-containing protein,,SUFU domain-containing protein,2,2,1,4,225,26,5,,620,620,620,ICDOIP_15345,,JANPHL_14710
group_607,LHH domain-containing protein,LHH domain-containing protein,2,2,1,4,226,26,4,,743,743,743,ICDOIP_15350,,JANPHL_14715
Tox-PAAR-like domain-containing protein,,Tox-PAAR-like domain-containing protein,2,2,1,4,227,26,3,,2822,2822,2822,ICDOIP_15355,,JANPHL_14720
Baseplate assembly protein,,Baseplate assembly protein,2,2,1,4,228,26,2,,458,458,458,ICDOIP_15360,,JANPHL_14725
group_610,Ribonuclease,Ribonuclease,2,2,1,4,229,26,1,,392,392,392,ICDOIP_15365,,JANPHL_14730
UDP-glucuronate 5'-epimerase,,UDP-glucuronate 5'-epimerase,2,2,1,4,242,11,12,,1004,1004,1004,ICDOIP_15375,,JANPHL_14740
ugd,,UDP-glucose 6-dehydrogenase,2,2,1,4,241,11,13,,1166,1166,1166,ICDOIP_15380,,JANPHL_14745
epsC,,"NDP-sugar epimerase, includes UDP-GlcNAc-inverting 4,6-dehydratase FlaA1 and capsular polysaccharide biosynthesis protein EpsC",2,2,1,4,240,11,11,,1949,1949,1949,ICDOIP_15385,,JANPHL_14750
epsL,,Putative sugar transferase EpsL,2,2,1,4,239,11,10,,548,548,548,ICDOIP_15390,,JANPHL_14755
UDP-glucose 4-epimerase,,UDP-glucose 4-epimerase,2,2,1,4,238,11,9,,908,908,908,ICDOIP_15395,,JANPHL_14760
group_616,Glycosyltransferase,Glycosyltransferase,2,2,1,4,237,11,8,,923,923,923,ICDOIP_15400,,JANPHL_14765
Thymidylate kinase,,Thymidylate kinase,2,2,1,4,236,11,7,,1427,1427,1427,ICDOIP_15405,,JANPHL_14770
group_618,AAA family ATPase,AAA family ATPase,2,2,1,4,235,11,6,,614,614,614,ICDOIP_15410,,JANPHL_14775
Glycosyltransferase,,Glycosyltransferase,2,2,1,4,234,11,5,,953,953,953,ICDOIP_15415,,JANPHL_14780
Polysacc-synt-C domain-containing protein,,Polysacc-synt-C domain-containing protein,2,2,1,4,233,11,4,,1226,1226,1226,ICDOIP_15420,,JANPHL_14785
Serine acetyltransferase,,Serine acetyltransferase,2,2,1,4,232,11,3,,473,473,473,ICDOIP_15425,,JANPHL_14790
Oligosaccharide repeat unit polymerase,,Oligosaccharide repeat unit polymerase,2,2,1,4,231,11,2,,1238,1238,1238,ICDOIP_15430,,JANPHL_14795
Regulator of length of O-antigen component of lipopolysaccharide chains,,Regulator of length of O-antigen component of lipopolysaccharide chains,2,2,1,4,230,11,1,,980,980,980,ICDOIP_15435,,JANPHL_14800
yjbG,,YjbG,2,2,1,4,29,135,1,,755,755,755,ICDOIP_15460,,JANPHL_14825
lpxM,,lauroyl-Kdo(2)-lipid IV(A) myristoyltransferase,2,2,1,4,30,119,1,,989,989,989,ICDOIP_15475,,JANPHL_14840
Acid phosphatase,,Acid phosphatase,2,2,1,4,40,107,1,,2303,2303,2303,ICDOIP_16235,,JANPHL_15600
Peptidase-S9 domain-containing protein,,Peptidase-S9 domain-containing protein,2,2,1,1,651,48,1,,1751,1751,1751,ICDOIP_16285,,JANPHL_16415
Tricorn protease domain-containing protein,,Tricorn protease domain-containing protein,2,2,1,1,650,48,2,,1127,1127,1127,ICDOIP_16290,,JANPHL_16410
group_629,ompA,Outer membrane protein OmpA and related peptidoglycan-associated (lipo)proteins,2,2,1,1,79,48,3,,4745,4745,4745,ICDOIP_16295,,JANPHL_16405
Phage tail tape measure protein,,Phage tail tape measure protein,2,2,1,1,623,55,1,,3245,3245,3245,ICDOIP_16415,,JANPHL_16285
UPF0020 domain-containing protein,,UPF0020 domain-containing protein,2,2,1,1,622,55,2,,617,617,617,ICDOIP_16420,,JANPHL_16280
group_632,hypothetical protein,hypothetical protein,2,2,1,1,620,58,2,,626,626,626,ICDOIP_16430,,JANPHL_16270
Ovate family protein,,Ovate family protein,2,2,1,1,619,58,1,,752,752,752,ICDOIP_16435,,JANPHL_16265
group_634,yjhB,"ADP-ribose pyrophosphatase YjhB, NUDIX family",2,2,1,1,545,40,2,,419,419,419,ICDOIP_16785,,JANPHL_15915
group_635,mutT,DNA mistmatch repair protein MutT,2,2,1,1,544,40,3,,413,413,413,ICDOIP_16790,,JANPHL_15910
Helicase,,Helicase,2,2,1,1,543,40,1,,467,467,467,ICDOIP_16795,,JANPHL_15905
DUF3306 domain-containing protein,,DUF3306 domain-containing protein,2,2,1,1,92,159,1,,629,629,629,ICDOIP_16885,,JANPHL_15815
Terpene synthase,,Terpene synthase,2,2,1,1,93,122,1,,899,899,899,ICDOIP_16930,,JANPHL_15770
transposase,,transposase,2,2,1,1,204,21,1,,296,296,296,ICDOIP_17060,,JANPHL_16425
IS30 family transposase,,IS30 family transposase,2,2,1,1,205,21,8,,434,434,434,ICDOIP_17065,,JANPHL_16430
Serine hydrolase,,Serine hydrolase,2,2,1,1,206,21,7,,437,437,437,ICDOIP_17070,,JANPHL_16435
group_642,Serine hydrolase,Serine hydrolase,2,2,1,1,207,21,6,,494,494,494,ICDOIP_17075,,JANPHL_16440
group_643,hypothetical protein,hypothetical protein,2,2,1,1,208,21,5,,299,299,299,ICDOIP_17080,,JANPHL_16445
lysE,,LysE family translocator,2,2,1,1,209,21,4,,626,626,626,ICDOIP_17085,,JANPHL_16450
group_645,GNAT family N-acetyltransferase,GNAT family N-acetyltransferase,2,2,1,1,210,21,3,,545,545,545,ICDOIP_17090,,JANPHL_16455
group_646,hypothetical protein,hypothetical protein,2,2,1,1,211,21,2,Hypothetical protein with no hits to refseq/uniprot/clusters/cdd/tigrfams/pfam overlapping another protein with hits,164,164,164,ICDOIP_17095,,JANPHL_16460
yjcC,,"Redox-sensing c-di-GMP phosphodiesterase, contains CSS-motif and EAL domains",2,2,1,1,226,25,5,,1508,1508,1508,ICDOIP_17170,,JANPHL_16535
Sporulation protein,,Sporulation protein,2,2,1,1,227,25,6,,191,191,191,ICDOIP_17175,,JANPHL_16540
vpadF,,surface adhesin VpadF,2,2,1,1,228,25,4,,2210,2210,2210,ICDOIP_17180,,JANPHL_16545
group_650,hypothetical protein,hypothetical protein,2,2,1,1,229,25,3,,110,110,110,ICDOIP_17185,,JANPHL_16550
group_651,alaX,Ser-tRNA(Ala) deacylase AlaX (editing enzyme),2,2,1,1,230,25,2,,569,569,569,ICDOIP_17190,,JANPHL_16555
group_652,araC,AraC-type DNA-binding domain and AraC-containing proteins,2,2,1,1,231,25,1,,827,827,827,ICDOIP_17195,,JANPHL_16560
group_653,hypothetical protein,hypothetical protein,2,2,1,1,256,34,3,,230,230,230,ICDOIP_17300,,JANPHL_16665
group_654,Lipoprotein,Lipoprotein,2,2,1,1,257,34,4,,854,854,854,ICDOIP_17305,,JANPHL_16670
group_655,copG,CopG family transcriptional regulator,2,2,1,1,258,34,2,,311,311,311,ICDOIP_17310,,JANPHL_16675
group_656,Phage protein,Phage protein,2,2,1,1,259,34,1,,287,287,287,ICDOIP_17315,,JANPHL_16680
Transposon Tn3 resolvase,,Transposon Tn3 resolvase,2,2,1,1,185,7,1,,545,545,545,ICDOIP_17325,,JANPHL_16690
SH3 domain-containing protein,,SH3 domain-containing protein,2,2,1,1,186,7,2,,488,488,488,ICDOIP_17330,,JANPHL_16695
DUF2787 domain-containing protein,,DUF2787 domain-containing protein,2,2,1,1,187,7,3,,356,356,356,ICDOIP_17335,,JANPHL_16700
group_660,hypothetical protein,hypothetical protein,2,2,1,1,188,7,4,,1055,1055,1055,ICDOIP_17340,,JANPHL_16705
protein phosphatase 2C domain-containing protein,,protein phosphatase 2C domain-containing protein,2,2,1,1,189,7,5,,1175,1175,1175,ICDOIP_17345,,JANPHL_16710
Serine/threonine protein kinase,,Serine/threonine protein kinase,2,2,1,1,190,7,6,,1043,1043,1043,ICDOIP_17350,,JANPHL_16715
non-specific serine/threonine protein kinase,,non-specific serine/threonine protein kinase,2,2,1,1,191,7,7,,1067,1067,1067,ICDOIP_17355,,JANPHL_16720
group_664,hypothetical protein,hypothetical protein,2,2,1,1,192,7,8,,1136,1136,1136,ICDOIP_17360,,JANPHL_16725
Similarity,,Similarity,2,2,1,1,193,7,9,,266,266,266,ICDOIP_17365,,JANPHL_16730
Peptidase-M16-C domain-containing protein,,Peptidase-M16-C domain-containing protein,2,2,1,1,194,7,10,,275,275,275,ICDOIP_17370,,JANPHL_16735
group_667,hypothetical protein,hypothetical protein,2,2,1,1,195,7,11,,332,332,332,ICDOIP_17375,,JANPHL_16740
group_668,hypothetical protein,hypothetical protein,2,2,1,1,196,7,12,,200,200,200,ICDOIP_17380,,JANPHL_16745
Translin family protein,,Translin family protein,2,2,1,1,197,7,13,,623,623,623,ICDOIP_17385,,JANPHL_16750
group_670,parB,Chromosome partitioning protein ParB,2,2,1,1,198,7,18,,368,368,368,ICDOIP_17390,,JANPHL_16755
group_671,Phage protein,Phage protein,2,2,1,1,199,7,17,,470,470,470,ICDOIP_17395,,JANPHL_16760
HTH luxR-type domain-containing protein,,HTH luxR-type domain-containing protein,2,2,1,1,200,7,16,,185,185,185,ICDOIP_17400,,JANPHL_16765
Primosomal replication protein N,,Primosomal replication protein N,2,2,1,1,201,7,15,,584,584,584,ICDOIP_17405,,JANPHL_16770
Chromosome partition protein Smc,,Chromosome partition protein Smc,2,2,1,1,202,7,14,,1514,1514,1514,ICDOIP_17410,,JANPHL_16775
vscF,,type III secretion system needle filament protein VscF,2,2,1,1,334,106,1,,248,248,248,ICDOIP_17675,,JANPHL_17040
Flavodoxin-like domain-containing protein,,Flavodoxin-like domain-containing protein,2,2,1,1,351,39,3,,626,626,626,ICDOIP_17740,,JANPHL_17105
group_677,frsA,DUF1100 domain-containing protein,2,2,1,1,352,39,4,,938,938,938,ICDOIP_17745,,JANPHL_17110
group_678,frsA,DUF1100 domain-containing protein,2,2,1,1,353,39,2,,914,914,914,ICDOIP_17750,,JANPHL_17115
group_679,lysR,"DNA-binding transcriptional regulator, LysR family",2,2,1,1,354,39,1,,917,917,917,ICDOIP_17755,,JANPHL_17120
group_680,hypothetical protein,hypothetical protein,2,2,1,1,396,,,,428,428,428,ICDOIP_17970,,JANPHL_17335
lipase family protein,,lipase family protein,2,2,1,2,23,36,4,,851,851,851,ICDOIP_17975,,JANPHL_18495
group_682,DUF6795 domain-containing protein,DUF6795 domain-containing protein,2,2,1,2,24,36,3,,461,461,461,ICDOIP_17980,,JANPHL_18490
group_683,DUF6795 domain-containing protein,DUF6795 domain-containing protein,2,2,1,2,25,36,2,,527,527,527,ICDOIP_17985,,JANPHL_18485
DUF5062 domain-containing protein,,DUF5062 domain-containing protein,2,2,1,2,26,36,1,,260,260,260,ICDOIP_17990,,JANPHL_18480
HTH OST-type domain-containing protein,,HTH OST-type domain-containing protein,2,2,1,2,22,70,2,,722,722,722,ICDOIP_18000,,JANPHL_18470
NTPase,,NTPase,2,2,1,2,30,70,1,,1538,1538,1538,ICDOIP_18005,,JANPHL_18465
group_687,hypothetical protein,hypothetical protein,2,2,1,2,17,157,1,,128,128,128,ICDOIP_18165,,JANPHL_18305
group_688,mshA,MSHA biogenesis protein MshA,2,2,1,1,123,151,1,,491,491,491,ICDOIP_18565,,JANPHL_18595
mshP,,MSHA biogenesis protein MshP,2,2,1,1,128,66,2,,434,434,434,ICDOIP_18590,,JANPHL_18620
group_690,DUF6701 domain-containing protein,DUF6701 domain-containing protein,2,2,1,1,129,66,1,,4361,4361,4361,ICDOIP_18595,,JANPHL_18625
group_691,hypothetical protein,hypothetical protein,2,2,1,1,349,128,1,,1532,1532,1532,ICDOIP_18870,,JANPHL_18900
group_692,PAPS-reduct domain-containing protein,PAPS-reduct domain-containing protein,2,2,1,7,55,76,2,,854,854,854,ICDOIP_19240,,JANPHL_19120
ISL3 family transposase,,ISL3 family transposase,2,2,1,7,56,76,1,,1313,1313,1313,ICDOIP_19245,,JANPHL_19115
group_694,xerC,Tyrosine recombinase XerC,2,2,1,8,34,98,1,,1178,1178,1178,ICDOIP_19565,,JANPHL_19770
DNA phosphorothioation-associated putative methyltransferase,,DNA phosphorothioation-associated putative methyltransferase,2,2,1,8,71,13,8,,2027,2027,2027,ICDOIP_19585,,JANPHL_19750
cysteine desulfurase,,cysteine desulfurase,2,2,1,8,70,13,9,,1055,1055,1055,ICDOIP_19590,,JANPHL_19745
DUF4007 domain-containing protein,,DUF4007 domain-containing protein,2,2,1,8,69,13,10,,956,956,956,ICDOIP_19595,,JANPHL_19740
ATP-binding protein,,ATP-binding protein,2,2,1,8,68,13,11,,3350,3350,3350,ICDOIP_19600,,JANPHL_19735
PAPS-reduct domain-containing protein,,PAPS-reduct domain-containing protein,2,2,1,8,67,13,7,,899,899,899,ICDOIP_19605,,JANPHL_19730
DUF262 domain-containing protein,,DUF262 domain-containing protein,2,2,1,8,28,13,6,,2210,2210,2210,ICDOIP_19610,,JANPHL_19725
mobI,,MobI protein,2,2,1,8,29,13,5,,578,578,578,ICDOIP_19615,,JANPHL_19720
EXLDI protein,,EXLDI protein,2,2,1,8,30,13,4,,509,509,509,ICDOIP_19620,,JANPHL_19715
DUF2263 domain-containing protein,,DUF2263 domain-containing protein,2,2,1,8,31,13,3,,698,698,698,ICDOIP_19625,,JANPHL_19710
group_704,helix-turn-helix domain-containing protein,helix-turn-helix domain-containing protein,2,2,1,8,32,13,2,,206,206,206,ICDOIP_19630,,JANPHL_19705
pgaD,,"Poly-beta-1,6-N-acetyl-D-glucosamine biosynthesis protein PgaD",2,2,1,8,33,13,1,,383,383,383,ICDOIP_19635,,JANPHL_19700
group_706,hypothetical protein,hypothetical protein,2,2,1,3,27,116,1,,113,113,113,ICDOIP_20410,,JANPHL_20575
group_707,Type II secretion system protein,Type II secretion system protein,2,2,1,4,574,12,7,,959,959,959,ICDOIP_20690,,JANPHL_21185
group_708,DUF4124 domain-containing protein,DUF4124 domain-containing protein,2,2,1,4,575,12,8,,416,416,416,ICDOIP_20695,,JANPHL_21180
Serine protease,,Serine protease,2,2,1,4,576,12,9,,1040,1040,1040,ICDOIP_20700,,JANPHL_21175
group_710,HTH-8 domain-containing protein,HTH-8 domain-containing protein,2,2,1,4,577,12,10,,269,269,269,ICDOIP_20705,,JANPHL_21170
group_711,Hok/Gef family protein,Hok/Gef family protein,2,2,1,4,578,12,11,,206,206,206,ICDOIP_20715,,JANPHL_21160
group_712,Inner membrane protein,Inner membrane protein,2,2,1,4,579,12,6,,407,407,407,ICDOIP_20720,,JANPHL_21155
group_713,hypothetical protein,hypothetical protein,2,2,1,4,580,12,5,,425,425,425,ICDOIP_20725,,JANPHL_21150
group_714,TYW3 domain-containing protein,TYW3 domain-containing protein,2,2,1,4,581,12,4,,449,449,449,ICDOIP_20730,,JANPHL_21145
group_715,traF,conjugative transfer signal peptidase TraF,2,2,1,4,582,12,3,,512,512,512,ICDOIP_20735,,JANPHL_21140
group_716,Conjugal transfer protein,Conjugal transfer protein,2,2,1,4,583,12,2,,515,515,515,ICDOIP_20740,,JANPHL_21135
group_717,hypothetical protein,hypothetical protein,2,2,1,4,584,12,1,Hypothetical protein with no hits to refseq/uniprot/clusters/cdd/tigrfams/pfam overlapping another protein with hits,332,332,332,ICDOIP_20745,,JANPHL_21130
group_718,hypothetical protein,hypothetical protein,2,2,1,4,647,5,1,,473,473,473,ICDOIP_20770,,JANPHL_21105
Metal-binding protein,,Metal-binding protein,2,2,1,4,585,5,3,,497,497,497,ICDOIP_20780,,JANPHL_21095
group_720,Phage protein,Phage protein,2,2,1,4,586,5,4,,497,497,497,ICDOIP_20785,,JANPHL_21090
group_721,ATPase,ATPase,2,2,1,4,587,5,5,,884,884,884,ICDOIP_20790,,JANPHL_21085
group_722,hypothetical protein,hypothetical protein,2,2,1,4,588,5,6,,176,176,176,ICDOIP_20795,,JANPHL_21080
group_723,DNA-binding protein,DNA-binding protein,2,2,1,4,589,5,7,,407,407,407,ICDOIP_20800,,JANPHL_21075
group_724,MFS transporter,MFS transporter,2,2,1,4,590,5,8,,1961,1961,1961,ICDOIP_20805,,JANPHL_21070
group_725,DUF1845 domain-containing protein,DUF1845 domain-containing protein,2,2,1,4,591,5,9,,539,539,539,ICDOIP_20810,,JANPHL_21065
group_726,Mobilization protein,Mobilization protein,2,2,1,4,592,5,10,,740,740,740,ICDOIP_20815,,JANPHL_21060
group_727,DNA topoisomerase,DNA topoisomerase,2,2,1,4,593,5,11,,2213,2213,2213,ICDOIP_20820,,JANPHL_21055
group_728,Integron gene cassette protein,Integron gene cassette protein,2,2,1,4,594,5,20,,227,227,227,ICDOIP_20825,,JANPHL_21050
group_729,DUF5405 domain-containing protein,DUF5405 domain-containing protein,2,2,1,4,595,5,19,,332,332,332,ICDOIP_20830,,JANPHL_21045
TetR-C-6 domain-containing protein,,TetR-C-6 domain-containing protein,2,2,1,4,596,5,18,,200,200,200,ICDOIP_20835,,JANPHL_21040
DUF3303 domain-containing protein,,DUF3303 domain-containing protein,2,2,1,4,597,5,17,,263,263,263,ICDOIP_20840,,JANPHL_21035
group_732,Restriction endonuclease,Restriction endonuclease,2,2,1,4,598,5,16,,404,404,404,ICDOIP_20845,,JANPHL_21030
group_733,Antirestriction protein,Antirestriction protein,2,2,1,4,599,5,15,,413,413,413,ICDOIP_20850,,JANPHL_21025
DUF3467 domain-containing protein,,DUF3467 domain-containing protein,2,2,1,4,600,5,14,,341,341,341,ICDOIP_20855,,JANPHL_21020
DUF1738 domain-containing protein,,DUF1738 domain-containing protein,2,2,1,4,601,5,13,,905,905,905,ICDOIP_20860,,JANPHL_21015
DUF1640 domain-containing protein,,DUF1640 domain-containing protein,2,2,1,4,602,5,12,,287,287,287,ICDOIP_20865,,JANPHL_21010
group_737,hypothetical protein,hypothetical protein,2,2,1,4,603,71,2,,959,959,959,ICDOIP_20885,,JANPHL_20990
TIGR04255 family protein,,TIGR04255 family protein,2,2,1,4,604,71,1,,824,824,824,ICDOIP_20890,,JANPHL_20985
Lipocalin,,Lipocalin,2,2,1,4,539,130,1,,632,632,632,ICDOIP_21145,,JANPHL_20730
tyrosine-type recombinase/integrase,,tyrosine-type recombinase/integrase,2,2,1,14,19,1,1,,1229,1229,1229,ICDOIP_21475,,JANPHL_21515
group_741,"Small, acid-soluble spore protein N","Small, acid-soluble spore protein N",2,2,1,14,20,1,2,,128,128,128,ICDOIP_21480,,JANPHL_21520
yaaW,,YaaW family protein,2,2,1,14,21,1,3,,770,770,770,ICDOIP_21490,,JANPHL_21530
group_743,radC,DNA repair protein RadC,2,2,1,14,22,1,4,,479,479,479,ICDOIP_21495,,JANPHL_21535
group_744,DUF2787 domain-containing protein,DUF2787 domain-containing protein,2,2,1,14,23,1,5,,434,434,434,ICDOIP_21500,,JANPHL_21540
PEK499-p136 domain-containing protein,,PEK499-p136 domain-containing protein,2,2,1,14,24,1,6,,692,692,692,ICDOIP_21505,,JANPHL_21545
group_746,DUF2787 domain-containing protein,DUF2787 domain-containing protein,2,2,1,14,25,1,7,,479,479,479,ICDOIP_21510,,JANPHL_21550
group_747,WYL domain-containing protein,WYL domain-containing protein,2,2,1,14,26,1,8,,761,761,761,ICDOIP_21515,,JANPHL_21555
group_748,hypothetical protein,hypothetical protein,2,2,1,14,27,1,9,,221,221,221,ICDOIP_21520,,JANPHL_21560
group_749,Holin,Holin,2,2,1,14,28,1,10,,248,248,248,ICDOIP_21525,,JANPHL_21565
group_750,hypothetical protein,hypothetical protein,2,2,1,14,29,1,11,,602,602,602,ICDOIP_21530,,JANPHL_21570
LPD25 domain-containing protein,,LPD25 domain-containing protein,2,2,1,14,30,1,12,,902,902,902,ICDOIP_21535,,JANPHL_21575
group_752,DUF2787 domain-containing protein,DUF2787 domain-containing protein,2,2,1,14,31,1,13,,410,410,410,ICDOIP_21540,,JANPHL_21580
group_753,DUF2913 domain-containing protein,DUF2913 domain-containing protein,2,2,1,14,32,1,14,,617,617,617,ICDOIP_21545,,JANPHL_21585
group_754,Transposase,Transposase,2,2,1,14,33,1,15,,443,443,443,ICDOIP_21550,,JANPHL_21590
sel1 repeat family protein,,sel1 repeat family protein,2,2,1,14,34,1,16,,1091,1091,1091,ICDOIP_21555,,JANPHL_21595
group_756,tssB,type VI secretion system contractile sheath small subunit,2,2,1,14,35,1,17,,506,506,506,ICDOIP_21560,,JANPHL_21600
group_757,tssC,type VI secretion system contractile sheath large subunit,2,2,1,14,36,1,18,,1481,1481,1481,ICDOIP_21565,,JANPHL_21605
group_758,tssE,type VI secretion system baseplate subunit TssE,2,2,1,14,37,1,19,,440,440,440,ICDOIP_21570,,JANPHL_21610
group_759,tssF,type VI secretion system baseplate subunit TssF,2,2,1,14,38,1,57,,1769,1769,1769,ICDOIP_21575,,JANPHL_21615
group_760,tssG,type VI secretion system baseplate subunit TssG,2,2,1,14,39,1,56,,998,998,998,ICDOIP_21580,,JANPHL_21620
tagH,,type VI secretion system-associated FHA domain protein TagH,2,2,1,14,40,1,55,,1343,1343,1343,ICDOIP_21585,,JANPHL_21625
group_762,tssJ,type VI secretion system lipoprotein TssJ,2,2,1,14,41,1,54,,476,476,476,ICDOIP_21590,,JANPHL_21630
group_763,tssK,type VI secretion system baseplate subunit TssK,2,2,1,14,42,1,53,,1334,1334,1334,ICDOIP_21595,,JANPHL_21635
group_764,icmH,type IVB secretion system protein IcmH/DotU,2,2,1,14,43,1,52,,755,755,755,ICDOIP_21600,,JANPHL_21640
group_765,tssH,type VI secretion system ATPase TssH,2,2,1,14,44,1,51,,2600,2600,2600,ICDOIP_21605,,JANPHL_21645
sigma 54-interacting transcriptional regulator,,sigma 54-interacting transcriptional regulator,2,2,1,14,45,1,50,,1553,1553,1553,ICDOIP_21610,,JANPHL_21650
vasI,,type VI secretion system-associated protein VasI,2,2,1,14,46,1,49,,650,650,650,ICDOIP_21615,,JANPHL_21655
group_768,tssA,type VI secretion system protein TssA,2,2,1,14,47,1,48,,1391,1391,1391,ICDOIP_21620,,JANPHL_21660
group_769,tssM,type VI secretion system membrane subunit TssM,2,2,1,14,48,1,47,,3530,3530,3530,ICDOIP_21625,,JANPHL_21665
impA,,type VI secretion system ImpA family N-terminal domain-containing protein,2,2,1,14,49,1,46,,1223,1223,1223,ICDOIP_21630,,JANPHL_21670
GIY-YIG nuclease family protein,,GIY-YIG nuclease family protein,2,2,1,14,50,1,45,,1241,1241,1241,ICDOIP_21635,,JANPHL_21675
type VI secretion system tube protein Hcp,,type VI secretion system tube protein Hcp,2,2,1,14,51,1,44,,518,518,518,ICDOIP_21640,,JANPHL_21680
type VI secretion system PAAR protein,,type VI secretion system PAAR protein,2,2,1,14,52,1,43,,284,284,284,ICDOIP_21645,,JANPHL_21685
group_774,vgrG,type VI secretion system tip protein VgrG,2,2,1,14,53,1,42,,2090,2090,2090,ICDOIP_21650,,JANPHL_21690
DUF4123 domain-containing protein,,DUF4123 domain-containing protein,2,2,1,14,54,1,41,,551,551,551,ICDOIP_21655,,JANPHL_21695
group_776,lysM,LysM peptidoglycan-binding domain-containing protein,2,2,1,14,55,1,40,,3707,3707,3707,ICDOIP_21660,,JANPHL_21700
tryptophanase,,tryptophanase,2,2,1,14,56,1,39,,1106,1106,1106,ICDOIP_21665,,JANPHL_21705
group_778,hypothetical protein,hypothetical protein,2,2,1,14,57,1,38,,236,236,236,ICDOIP_21670,,JANPHL_21710
restriction endonuclease,,restriction endonuclease,2,2,1,14,58,1,37,,1001,1001,1001,ICDOIP_21675,,JANPHL_21715
type I restriction endonuclease subunit R,,type I restriction endonuclease subunit R,2,2,1,14,59,1,36,,3098,3098,3098,ICDOIP_21680,,JANPHL_21720
group_781,AAA family ATPase,AAA family ATPase,2,2,1,14,18,1,35,,1211,1211,1211,ICDOIP_21685,,JANPHL_21725
restriction endonuclease subunit S,,restriction endonuclease subunit S,2,2,1,14,17,1,34,,1199,1199,1199,ICDOIP_21690,,JANPHL_21730
type I restriction-modification system subunit M,,type I restriction-modification system subunit M,2,2,1,14,16,1,33,,1541,1541,1541,ICDOIP_21695,,JANPHL_21735
group_784,hypothetical protein,hypothetical protein,2,2,1,14,15,1,32,,545,545,545,ICDOIP_21700,,JANPHL_21740
group_785,hypothetical protein,hypothetical protein,2,2,1,14,14,1,31,,1700,1700,1700,ICDOIP_21705,,JANPHL_21745
UvrD-helicase domain-containing protein,,UvrD-helicase domain-containing protein,2,2,1,14,13,1,30,,1124,1124,1124,ICDOIP_21710,,JANPHL_21750
group_787,HTH-8 domain-containing protein,HTH-8 domain-containing protein,2,2,1,14,12,1,29,,242,242,242,ICDOIP_21715,,JANPHL_21755
group_788,recX,recombination regulator RecX,2,2,1,14,11,1,28,,431,431,431,ICDOIP_21720,,JANPHL_21760
inovirus-type Gp2 protein,,inovirus-type Gp2 protein,2,2,1,14,10,1,27,,629,629,629,ICDOIP_21725,,JANPHL_21765
ribonuclease HI,,ribonuclease HI,2,2,1,14,9,1,26,,458,458,458,ICDOIP_21730,,JANPHL_21770
group_791,inovirus-type Gp2 protein,inovirus-type Gp2 protein,2,2,1,14,8,1,25,,587,587,587,ICDOIP_21735,,JANPHL_21775
group_792,DUF3024 domain-containing protein,DUF3024 domain-containing protein,2,2,1,14,7,1,24,,338,338,338,ICDOIP_21740,,JANPHL_21780
group_793,hypothetical protein,hypothetical protein,2,2,1,14,6,1,23,,416,416,416,ICDOIP_21745,,JANPHL_21785
group_794,hypothetical protein,hypothetical protein,2,2,1,14,5,1,22,,89,89,89,ICDOIP_21750,,JANPHL_21790
alpA,,AlpA family phage regulatory protein,2,2,1,14,4,1,21,,422,422,422,ICDOIP_21755,,JANPHL_21795
group_796,hypothetical protein,hypothetical protein,2,2,1,14,3,1,20,,1187,1187,1187,ICDOIP_21760,,JANPHL_21800
tandem-95 repeat protein,,tandem-95 repeat protein,2,2,1,1,399,161,1,,7712,7712,7712,ICDOIP_21815,,JANPHL_22065
group_798,hPtr,HPt (histidine-containing phosphotransfer) domain,2,2,1,11,20,146,1,,335,335,335,ICDOIP_22095,,JANPHL_22295
group_799,mshA,type IV pilin MshA,2,2,1,11,1,129,1,,536,536,536,ICDOIP_22105,,JANPHL_22285
group_800,hypothetical protein,hypothetical protein,2,2,1,11,65,115,1,,236,236,236,ICDOIP_22320,,JANPHL_22070
group_801,hypothetical protein,hypothetical protein,2,2,1,1,692,14,1,,695,695,695,ICDOIP_22600,,JANPHL_22815
DUF1456 domain-containing protein,,DUF1456 domain-containing protein,2,2,1,1,693,14,2,,479,479,479,ICDOIP_22605,,JANPHL_22810
group_803,hypothetical protein,hypothetical protein,2,2,1,1,694,14,3,,134,134,134,ICDOIP_22610,,JANPHL_22805
group_804,ykgJ,YkgJ family cysteine cluster protein,2,2,1,1,695,14,4,,209,209,209,ICDOIP_22615,,JANPHL_22800
group_805,GNAT family N-acetyltransferase,GNAT family N-acetyltransferase,2,2,1,1,696,14,5,,419,419,419,ICDOIP_22620,,JANPHL_22795
group_806,N-acetyltransferase domain-containing protein,N-acetyltransferase domain-containing protein,2,2,1,1,697,14,6,,524,524,524,ICDOIP_22625,,JANPHL_22790
group_807,hinT,"Purine nucleoside phosphoramidase/Ap4A hydrolase, histidine triade (HIT) family",2,2,1,1,698,14,7,,401,401,401,ICDOIP_22630,,JANPHL_22785
Msl2237 protein,,Msl2237 protein,2,2,1,1,699,14,10,,218,218,218,ICDOIP_22635,,JANPHL_22780
group_809,hypothetical protein,hypothetical protein,2,2,1,1,700,14,9,,416,416,416,ICDOIP_22640,,JANPHL_22775
group_810,hypothetical protein,hypothetical protein,2,2,1,1,701,14,8,,308,308,308,ICDOIP_22645,,JANPHL_22770
group_811,yccC,Uncharacterized membrane protein YccC,2,2,1,1,689,47,2,,1364,1364,1364,ICDOIP_22665,,JANPHL_22750
group_812,emrA,Multidrug resistance efflux pump EmrA,2,2,1,1,688,47,3,,863,863,863,ICDOIP_22670,,JANPHL_22745
group_813,DUF1656 domain-containing protein,DUF1656 domain-containing protein,2,2,1,1,687,47,1,,212,212,212,ICDOIP_22675,,JANPHL_22740
group_814,pdxY,pyridoxal kinase,2,2,1,1,672,44,2,,851,851,851,ICDOIP_22685,,JANPHL_22730
group_815,lysR,"DNA-binding transcriptional regulator, LysR family",2,2,1,1,671,44,3,,899,899,899,ICDOIP_22690,,JANPHL_22725
group_816,ubiG,"2-polyprenyl-3-methyl-5-hydroxy-6-metoxy-1,4-benzoquinol methylase",2,2,1,1,670,44,1,,641,641,641,ICDOIP_22695,,JANPHL_22720
group_817,araC,AraC-type DNA-binding domain and AraC-containing proteins,2,2,1,13,1,105,1,,764,764,764,ICDOIP_23020,,JANPHL_23065
thiS,,sulfur carrier protein ThiS,2,2,1,13,27,158,1,,203,203,203,ICDOIP_23095,,JANPHL_23140
group_819,OMP-b-brl domain-containing protein,OMP-b-brl domain-containing protein,2,2,1,16,11,2,21,,569,569,569,ICDOIP_23120,,JANPHL_23345
group_820,hypothetical protein,hypothetical protein,2,2,1,16,12,2,22,,1046,1046,1046,ICDOIP_23125,,JANPHL_23340
C1q domain-containing protein,,C1q domain-containing protein,2,2,1,16,13,2,23,,401,401,401,ICDOIP_23130,,JANPHL_23335
group_822,BIG2 domain-containing protein,BIG2 domain-containing protein,2,2,1,16,14,2,24,,1478,1478,1478,ICDOIP_23135,,JANPHL_23330
Microbial collagenase,,Microbial collagenase,2,2,1,16,15,2,25,,818,818,818,ICDOIP_23140,,JANPHL_23325
TonB-dep-Rec domain-containing protein,,TonB-dep-Rec domain-containing protein,2,2,1,16,16,2,26,,302,302,302,ICDOIP_23145,,JANPHL_23320
Mtd-N domain-containing protein,,Mtd-N domain-containing protein,2,2,1,16,17,2,27,,362,362,362,ICDOIP_23150,,JANPHL_23315
BIG2 domain-containing protein,,BIG2 domain-containing protein,2,2,1,16,18,2,28,,1658,1658,1658,ICDOIP_23155,,JANPHL_23310
LTD domain-containing protein,,LTD domain-containing protein,2,2,1,16,19,2,29,,272,272,272,ICDOIP_23160,,JANPHL_23305
group_828,hypothetical protein,hypothetical protein,2,2,1,16,20,2,30,,443,443,443,ICDOIP_23165,,JANPHL_23300
group_829,Phage protein,Phage protein,2,2,1,16,21,2,31,,320,320,320,ICDOIP_23170,,JANPHL_23295
Germane domain-containing protein,,Germane domain-containing protein,2,2,1,16,22,2,32,,581,581,581,ICDOIP_23175,,JANPHL_23290
Tape measure protein,,Tape measure protein,2,2,1,16,23,2,33,,1271,1271,1271,ICDOIP_23180,,JANPHL_23285
DHHA2 domain-containing protein,,DHHA2 domain-containing protein,2,2,1,16,24,2,34,,362,362,362,ICDOIP_23185,,JANPHL_23280
group_833,FHA domain-containing protein,FHA domain-containing protein,2,2,1,16,25,2,35,,437,437,437,ICDOIP_23190,,JANPHL_23275
group_834,Phage tail protein,Phage tail protein,2,2,1,16,26,2,36,,1031,1031,1031,ICDOIP_23195,,JANPHL_23270
ACPS domain-containing protein,,ACPS domain-containing protein,2,2,1,16,27,2,37,,410,410,410,ICDOIP_23200,,JANPHL_23265
group_836,Phage protein,Phage protein,2,2,1,16,28,2,20,,536,536,536,ICDOIP_23205,,JANPHL_23260
DUF2513 domain-containing protein,,DUF2513 domain-containing protein,2,2,1,16,29,2,19,,296,296,296,ICDOIP_23210,,JANPHL_23255
Capsid protein,,Capsid protein,2,2,1,16,30,2,18,,926,926,926,ICDOIP_23215,,JANPHL_23250
group_839,PAAR domain-containing protein,PAAR domain-containing protein,2,2,1,16,31,2,17,,662,662,662,ICDOIP_23220,,JANPHL_23245
DUF148 domain-containing protein,,DUF148 domain-containing protein,2,2,1,16,32,2,16,,902,902,902,ICDOIP_23225,,JANPHL_23240
group_841,DUF3850 domain-containing protein,DUF3850 domain-containing protein,2,2,1,16,33,2,15,,494,494,494,ICDOIP_23230,,JANPHL_23235
Phage portal protein,,Phage portal protein,2,2,1,16,34,2,14,,1067,1067,1067,ICDOIP_23235,,JANPHL_23230
group_843,hypothetical protein,hypothetical protein,2,2,1,16,35,2,13,,1439,1439,1439,ICDOIP_23240,,JANPHL_23225
group_844,hypothetical protein,hypothetical protein,2,2,1,16,36,2,12,,476,476,476,ICDOIP_23245,,JANPHL_23220
group_845,Lipoprotein,Lipoprotein,2,2,1,16,37,2,11,,155,155,155,ICDOIP_23250,,JANPHL_23215
group_846,hypothetical protein,hypothetical protein,2,2,1,16,10,2,10,,170,170,170,ICDOIP_23255,,JANPHL_23210
DUF1508 domain-containing protein,,DUF1508 domain-containing protein,2,2,1,16,8,2,8,,335,335,335,ICDOIP_23265,,JANPHL_23200
GAGA-binding transcriptional activator,,GAGA-binding transcriptional activator,2,2,1,16,7,2,7,,695,695,695,ICDOIP_23270,,JANPHL_23195
DUF4269 domain-containing protein,,DUF4269 domain-containing protein,2,2,1,16,6,2,6,,569,569,569,ICDOIP_23275,,JANPHL_23190
group_850,Transporter,Transporter,2,2,1,16,5,2,5,,359,359,359,ICDOIP_23280,,JANPHL_23185
group_851,Phage protein,Phage protein,2,2,1,16,4,2,4,,209,209,209,ICDOIP_23285,,JANPHL_23180
fliT,,Flagella biosynthesis chaperone FliT,2,2,1,16,3,2,3,,224,224,224,ICDOIP_23290,,JANPHL_23175
group_853,hypothetical protein,hypothetical protein,2,2,1,16,2,2,2,,164,164,164,ICDOIP_23295,,JANPHL_23170
group_854,rnr,ribonuclease R,2,2,1,16,1,2,1,,2225,2225,2225,ICDOIP_23300,,JANPHL_23165
Type II toxin-antitoxin system death-on-curing family toxin,,Type II toxin-antitoxin system death-on-curing family toxin,2,2,1,17,17,3,1,,257,257,257,ICDOIP_23605,,JANPHL_23630
group_856,Phage protein,Phage protein,2,2,1,17,18,3,2,,182,182,182,ICDOIP_23610,,JANPHL_23635
group_857,parA,ParA family protein,2,2,1,17,19,3,3,,674,674,674,ICDOIP_23615,,JANPHL_23640
group_858,hypothetical protein,hypothetical protein,2,2,1,17,20,3,4,,347,347,347,ICDOIP_23620,,JANPHL_23645
Recombinase domain-containing protein,,Recombinase domain-containing protein,2,2,1,17,21,3,5,,194,194,194,ICDOIP_23625,,JANPHL_23650
Site-specific DNA-methyltransferase (adenine-specific),,Site-specific DNA-methyltransferase (adenine-specific),2,2,1,17,22,3,6,,194,194,194,ICDOIP_23630,,JANPHL_23655
IS110 family transposase,,IS110 family transposase,2,2,1,17,23,3,7,,1022,1022,1022,ICDOIP_23635,,JANPHL_23660
Gamma-glutamylcyclotransferase,,Gamma-glutamylcyclotransferase,2,2,1,17,24,3,8,,491,491,491,ICDOIP_23640,,JANPHL_23665
Peptidase-M78 domain-containing protein,,Peptidase-M78 domain-containing protein,2,2,1,17,25,3,9,,515,515,515,ICDOIP_23645,,JANPHL_23670
group_864,Resolvase,Resolvase,2,2,1,17,26,3,10,,626,626,626,ICDOIP_23650,,JANPHL_23675
PAAR domain-containing protein,,PAAR domain-containing protein,2,2,1,17,27,3,11,,1259,1259,1259,ICDOIP_23655,,JANPHL_23680
CPBP family intramembrane metalloprotease,,CPBP family intramembrane metalloprotease,2,2,1,17,28,3,12,,428,428,428,ICDOIP_23660,,JANPHL_23685
group_867,hypothetical protein,hypothetical protein,2,2,1,17,29,3,13,,260,260,260,ICDOIP_23665,,JANPHL_23690
DNA (cytosine-5-)-methyltransferase,,DNA (cytosine-5-)-methyltransferase,2,2,1,17,30,3,14,,1706,1706,1706,ICDOIP_23670,,JANPHL_23695
type II restriction endonuclease,,type II restriction endonuclease,2,2,1,17,31,3,15,,1223,1223,1223,ICDOIP_23675,,JANPHL_23700
group_870,Resolvase,Resolvase,2,2,1,17,16,3,16,,611,611,611,ICDOIP_23680,,JANPHL_23705
CRISPR associated protein Cas2,,CRISPR associated protein Cas2,2,2,1,17,15,3,31,,248,248,248,ICDOIP_23685,,JANPHL_23710
"Small, acid-soluble spore protein N",,"Small, acid-soluble spore protein N",2,2,1,17,14,3,30,,128,128,128,ICDOIP_23690,,JANPHL_23715
group_873,hypothetical protein,hypothetical protein,2,2,1,17,13,3,29,,131,131,131,ICDOIP_23695,,JANPHL_23720
DUF2188 domain-containing protein,,DUF2188 domain-containing protein,2,2,1,17,12,3,28,,221,221,221,ICDOIP_23700,,JANPHL_23725
group_875,helix-turn-helix domain-containing protein,helix-turn-helix domain-containing protein,2,2,1,17,11,3,27,,308,308,308,ICDOIP_23705,,JANPHL_23730
ImmA/IrrE family metallo-endopeptidase,,ImmA/IrrE family metallo-endopeptidase,2,2,1,17,10,3,26,,818,818,818,ICDOIP_23710,,JANPHL_23735
DUF4097 domain-containing protein,,DUF4097 domain-containing protein,2,2,1,17,9,3,25,,257,257,257,ICDOIP_23715,,JANPHL_23740
DUF4379 domain-containing protein,,DUF4379 domain-containing protein,2,2,1,17,8,3,24,,335,335,335,ICDOIP_23720,,JANPHL_23745
ANR family transcriptional regulator,,ANR family transcriptional regulator,2,2,1,17,7,3,23,,191,191,191,ICDOIP_23725,,JANPHL_23750
DinI-like family protein,,DinI-like family protein,2,2,1,17,6,3,22,,233,233,233,ICDOIP_23730,,JANPHL_23755
group_881,hypothetical protein,hypothetical protein,2,2,1,17,5,3,21,,332,332,332,ICDOIP_23735,,JANPHL_23760
group_882,Type II toxin-antitoxin system RelE/ParE family toxin,Type II toxin-antitoxin system RelE/ParE family toxin,2,2,1,17,4,3,20,,200,200,200,ICDOIP_23740,,JANPHL_23765
group_883,DUF2913 domain-containing protein,DUF2913 domain-containing protein,2,2,1,17,3,3,19,,584,584,584,ICDOIP_23745,,JANPHL_23770
FH2 domain-containing protein,,FH2 domain-containing protein,2,2,1,17,2,3,18,,284,284,284,ICDOIP_23750,,JANPHL_23775
Type I restriction endonuclease subunit M,,Type I restriction endonuclease subunit M,2,2,1,17,1,3,17,,338,338,338,ICDOIP_23755,,JANPHL_23780
Helix-turn-helix transcriptional regulator,,Helix-turn-helix transcriptional regulator,2,2,1,4,658,28,4,,662,662,662,ICDOIP_23760,,JANPHL_23575
group_887,Integrase,Integrase,2,2,1,4,657,28,5,,899,899,899,ICDOIP_23765,,JANPHL_23580
group_888,hypothetical protein,hypothetical protein,2,2,1,4,656,28,3,,269,269,269,ICDOIP_23770,,JANPHL_23585
Spore protein,,Spore protein,2,2,1,4,655,28,2,,128,128,128,ICDOIP_23775,,JANPHL_23590
group_890,hypothetical protein,hypothetical protein,2,2,1,4,654,28,1,,191,191,191,ICDOIP_23780,,JANPHL_23595
group_891,hypothetical protein,hypothetical protein,2,2,1,12,85,57,1,,338,338,338,ICDOIP_23815,,JANPHL_23915
group_892,hypothetical protein,hypothetical protein,2,2,1,12,86,57,2,,314,314,314,ICDOIP_23820,,JANPHL_23910
group_893,GNAT family N-acetyltransferase,GNAT family N-acetyltransferase,2,2,1,12,80,4,1,,461,461,461,ICDOIP_23830,,JANPHL_23900
SMI1-KNR4 domain-containing protein,,SMI1-KNR4 domain-containing protein,2,2,1,12,79,4,2,,398,398,398,ICDOIP_23835,,JANPHL_23895
group_895,DUF4065 domain-containing protein,DUF4065 domain-containing protein,2,2,1,12,78,4,3,,497,497,497,ICDOIP_23840,,JANPHL_23890
group_896,rimL,"Protein N-acetyltransferase, RimJ/RimL family",2,2,1,12,77,4,4,,428,428,428,ICDOIP_23845,,JANPHL_23885
group_897,Lipoprotein,Lipoprotein,2,2,1,12,76,4,5,,548,548,548,ICDOIP_23850,,JANPHL_23880
group_898,GNAT family N-acetyltransferase,GNAT family N-acetyltransferase,2,2,1,12,75,4,6,,398,398,398,ICDOIP_23855,,JANPHL_23875
group_899,hypothetical protein,hypothetical protein,2,2,1,12,74,4,7,,329,329,329,ICDOIP_23860,,JANPHL_23870
group_9,DUF87 domain-containing protein,DUF87 domain-containing protein,2,2,1,4,11,10,11,,1112,1787,1449,ICDOIP_24015,,JANPHL_23920
RING-type E3 ubiquitin transferase,,RING-type E3 ubiquitin transferase,2,2,1,12,73,4,8,,464,464,464,ICDOIP_23865,,JANPHL_23865
group_901,hypothetical protein,hypothetical protein,2,2,1,12,72,4,9,,371,371,371,ICDOIP_23870,,JANPHL_23860
group_902,hypothetical protein,hypothetical protein,2,2,1,12,71,4,10,,284,284,284,ICDOIP_23875,,JANPHL_23855
group_903,hypothetical protein,hypothetical protein,2,2,1,12,70,4,11,,449,449,449,ICDOIP_23880,,JANPHL_23850
group_904,stbD,"Antitoxin component YafN of the YafNO toxin-antitoxin module, PHD/YefM family",2,2,1,12,69,4,12,,257,257,257,ICDOIP_23885,,JANPHL_23845
group_905,Type II toxin-antitoxin system RelE/ParE family toxin,Type II toxin-antitoxin system RelE/ParE family toxin,2,2,1,12,68,4,13,,302,302,302,ICDOIP_23890,,JANPHL_23840
DUF1616 domain-containing protein,,DUF1616 domain-containing protein,2,2,1,12,67,4,14,,791,791,791,ICDOIP_23895,,JANPHL_23835
group_907,Histidine kinase,Histidine kinase,2,2,1,12,66,4,15,,659,659,659,ICDOIP_23900,,JANPHL_23830
group_908,hypothetical protein,hypothetical protein,2,2,1,12,65,4,24,,509,509,509,ICDOIP_23905,,JANPHL_23825
relE,,"mRNA-degrading endonuclease RelE, toxin component of the RelBE toxin-antitoxin system",2,2,1,12,64,4,23,,290,290,290,ICDOIP_23910,,JANPHL_23820
stbD,,"Antitoxin component YafN of the YafNO toxin-antitoxin module, PHD/YefM family",2,2,1,12,63,4,22,,248,248,248,ICDOIP_23915,,JANPHL_23815
Four helix bundle protein,,Four helix bundle protein,2,2,1,12,62,4,21,,326,326,326,ICDOIP_23920,,JANPHL_23810
group_912,hypothetical protein,hypothetical protein,2,2,1,12,61,4,20,,590,590,590,ICDOIP_23925,,JANPHL_23805
group_913,hypothetical protein,hypothetical protein,2,2,1,12,60,4,19,,1169,1169,1169,ICDOIP_23930,,JANPHL_23800
group_914,Orphan protein,Orphan protein,2,2,1,12,59,4,18,,584,584,584,ICDOIP_23935,,JANPHL_23795
group_915,Recombinase domain-containing protein,Recombinase domain-containing protein,2,2,1,12,58,4,17,,371,371,371,ICDOIP_23940,,JANPHL_23790
DHC-N1 domain-containing protein,,DHC-N1 domain-containing protein,2,2,1,12,57,4,16,,569,569,569,ICDOIP_23945,,JANPHL_23785
group_917,tadA,Flp pilus assembly complex ATPase component TadA,2,2,1,4,24,10,1,,1622,1622,1622,ICDOIP_23950,,JANPHL_23985
group_918,pilP,Type IV pilus biogenesis protein PilP,2,2,1,4,23,10,2,,644,644,644,ICDOIP_23955,,JANPHL_23980
group_919,Fimbrial assembly protein,Fimbrial assembly protein,2,2,1,4,22,10,3,,1130,1130,1130,ICDOIP_23960,,JANPHL_23975
group_920,Type II and III secretion system protein,Type II and III secretion system protein,2,2,1,4,21,10,4,,1502,1502,1502,ICDOIP_23965,,JANPHL_23970
group_921,pilM,Type IV pilus biogenesis protein PilM,2,2,1,4,20,10,5,,857,857,857,ICDOIP_23970,,JANPHL_23965
group_922,trbI,Conjugal transfer protein TrbI,2,2,1,4,19,10,6,,1256,1256,1256,ICDOIP_23975,,JANPHL_23960
group_923,trbH,Conjugal transfer protein TrbH,2,2,1,4,18,10,7,,422,422,422,ICDOIP_23980,,JANPHL_23955
group_924,trbG,P-type conjugative transfer protein TrbG,2,2,1,4,17,10,8,,872,872,872,ICDOIP_23985,,JANPHL_23950
group_925,Conjugal transfer protein,Conjugal transfer protein,2,2,1,4,16,10,9,,674,674,674,ICDOIP_23990,,JANPHL_23945
DUF1292 domain-containing protein,,DUF1292 domain-containing protein,2,2,1,4,15,10,10,,197,197,197,ICDOIP_23995,,JANPHL_23940
group_927,trbL,P-type conjugative transfer protein TrbL,2,2,1,4,14,10,14,,1316,1316,1316,ICDOIP_24000,,JANPHL_23935
group_928,trbB,P-type conjugative transfer ATPase TrbB,2,2,1,4,13,10,13,,947,947,947,ICDOIP_24005,,JANPHL_23930
group_929,trbJ,P-type conjugative transfer protein TrbJ,2,2,1,4,12,10,12,,758,758,758,ICDOIP_24010,,JANPHL_23925
DUF4062 domain-containing protein,,DUF4062 domain-containing protein,2,2,1,12,10,33,5,,650,650,650,ICDOIP_24020,,JANPHL_24335
RES domain-containing protein,,RES domain-containing protein,2,2,1,12,11,33,4,,752,752,752,ICDOIP_24025,,JANPHL_24330
group_932,MFS transporter,MFS transporter,2,2,1,12,12,33,3,,605,605,605,ICDOIP_24030,,JANPHL_24325
HDc domain-containing protein,,HDc domain-containing protein,2,2,1,12,14,33,1,,2780,2780,2780,ICDOIP_24040,,JANPHL_24315
antibiotic biosynthesis monooxygenase,,antibiotic biosynthesis monooxygenase,2,2,1,12,9,31,1,,275,275,275,ICDOIP_24050,,JANPHL_24575
group_935,DUF1508 domain-containing protein,DUF1508 domain-containing protein,2,2,1,12,8,31,2,,365,365,365,ICDOIP_24055,,JANPHL_24570
DUF4231 domain-containing protein,,DUF4231 domain-containing protein,2,2,1,12,7,31,5,,422,422,422,ICDOIP_24060,,JANPHL_24565
ATP-grasp domain-containing protein,,ATP-grasp domain-containing protein,2,2,1,12,6,31,4,,965,965,965,ICDOIP_24065,,JANPHL_24560
DUF3278 domain-containing protein,,DUF3278 domain-containing protein,2,2,1,12,5,31,3,,548,548,548,ICDOIP_24070,,JANPHL_24555
Regulator,,Regulator,2,2,1,1,472,17,8,,359,359,359,ICDOIP_24125,,JANPHL_24110
rloB,,RloB domain-containing protein,2,2,1,1,473,17,9,,515,515,515,ICDOIP_24130,,JANPHL_24115
group_941,ATP-binding protein,ATP-binding protein,2,2,1,1,474,17,7,,1325,1325,1325,ICDOIP_24135,,JANPHL_24120
group_942,hypothetical protein,hypothetical protein,2,2,1,1,475,17,6,,143,143,143,ICDOIP_24140,,JANPHL_24125
zot,,"Zona occludens toxin, putative ATPase",2,2,1,1,476,17,5,,1385,1385,1385,ICDOIP_24145,,JANPHL_24130
group_944,DUF2523 domain-containing protein,DUF2523 domain-containing protein,2,2,1,1,477,17,4,,344,344,344,ICDOIP_24150,,JANPHL_24135
Minor capsid protein,,Minor capsid protein,2,2,1,1,478,17,3,,1388,1388,1388,ICDOIP_24155,,JANPHL_24140
group_946,Major coat protein,Major coat protein,2,2,1,1,479,17,2,,245,245,245,ICDOIP_24160,,JANPHL_24145
group_947,Phage protein,Phage protein,2,2,1,1,480,17,1,,230,230,230,ICDOIP_24165,,JANPHL_24150
DUF3693 domain-containing protein,,DUF3693 domain-containing protein,2,2,1,1,483,,,,359,359,359,ICDOIP_24185,,JANPHL_24170
group_949,hypothetical protein,hypothetical protein,2,2,1,23,8,20,2,,620,620,620,ICDOIP_24190,,JANPHL_24210
FRG domain-containing protein,,FRG domain-containing protein,2,2,1,23,7,20,3,,713,713,713,ICDOIP_24195,,JANPHL_24205
DNA topoisomerase (ATP-hydrolyzing),,DNA topoisomerase (ATP-hydrolyzing),2,2,1,23,6,20,4,,623,623,623,ICDOIP_24200,,JANPHL_24200
group_952,N-acetyltransferase domain-containing protein,N-acetyltransferase domain-containing protein,2,2,1,23,5,20,5,,521,521,521,ICDOIP_24205,,JANPHL_24195
AAA family ATPase,,AAA family ATPase,2,2,1,23,4,20,6,,1463,1463,1463,ICDOIP_24210,,JANPHL_24190
group_954,Phage protein,Phage protein,2,2,1,23,3,20,7,,563,563,563,ICDOIP_24215,,JANPHL_24185
group_955,hypothetical protein,hypothetical protein,2,2,1,23,2,20,8,,644,644,644,ICDOIP_24220,,JANPHL_24180
putative DNA primase,,putative DNA primase,2,2,1,23,1,20,1,,698,698,698,ICDOIP_24225,,JANPHL_24175
ybjN,,YbjN domain-containing protein,2,2,1,22,1,22,1,,227,227,227,ICDOIP_24235,,JANPHL_24220
group_958,Lipoprotein,Lipoprotein,2,2,1,22,2,22,2,,695,695,695,ICDOIP_24240,,JANPHL_24225
group_959,spoIVCA,Site-specific DNA recombinase SpoIVCA/DNA invertase PinE,2,2,1,22,3,22,3,,581,581,581,ICDOIP_24245,,JANPHL_24230
group_960,Lipoprotein,Lipoprotein,2,2,1,22,4,22,4,,152,152,152,ICDOIP_24250,,JANPHL_24235
tetR,,TetR family transcriptional regulator,2,2,1,22,8,22,5,,530,530,530,ICDOIP_24255,,JANPHL_24240
group_962,Integrase,Integrase,2,2,1,22,7,22,6,,2012,2012,2012,ICDOIP_24260,,JANPHL_24245
group_963,Integrase,Integrase,2,2,1,22,6,22,8,,1805,1805,1805,ICDOIP_24265,,JANPHL_24250
group_964,Integrase,Integrase,2,2,1,22,5,22,7,,1433,1433,1433,ICDOIP_24270,,JANPHL_24255
Holin-like protein,,Holin-like protein,2,2,1,12,25,49,3,,338,338,338,ICDOIP_24280,,JANPHL_24305
DUF4760 domain-containing protein,,DUF4760 domain-containing protein,2,2,1,12,26,49,2,,440,440,440,ICDOIP_24285,,JANPHL_24300
group_967,hypothetical protein,hypothetical protein,2,2,1,12,27,49,1,,605,605,605,ICDOIP_24290,,JANPHL_24295
HNH endonuclease,,HNH endonuclease,2,2,1,12,32,32,1,,722,722,722,ICDOIP_24300,,JANPHL_24285
Phosphinothricin N-acetyltransferase,,Phosphinothricin N-acetyltransferase,2,2,1,12,31,32,2,,509,509,509,ICDOIP_24305,,JANPHL_24280
Phage related protein,,Phage related protein,2,2,1,12,30,32,3,,464,464,464,ICDOIP_24310,,JANPHL_24275
helix-turn-helix domain-containing protein,,helix-turn-helix domain-containing protein,2,2,1,12,29,32,4,,413,413,413,ICDOIP_24315,,JANPHL_24270
group_972,Phage protein,Phage protein,2,2,1,12,28,32,5,,389,389,389,ICDOIP_24320,,JANPHL_24265
Phosphotransferase,,Phosphotransferase,2,2,1,19,8,15,9,,773,773,773,ICDOIP_24325,,JANPHL_24385
HNH-5 domain-containing protein,,HNH-5 domain-containing protein,2,2,1,19,9,15,10,,776,776,776,ICDOIP_24330,,JANPHL_24380
group_975,Type II secretion system protein,Type II secretion system protein,2,2,1,19,7,15,7,,458,458,458,ICDOIP_24340,,JANPHL_24370
group_976,lprI,LprI domain-containing protein,2,2,1,19,6,15,6,,416,416,416,ICDOIP_24345,,JANPHL_24365
ArAE-2-N domain-containing protein,,ArAE-2-N domain-containing protein,2,2,1,19,5,15,5,,749,749,749,ICDOIP_24350,,JANPHL_24360
DUF234 domain-containing protein,,DUF234 domain-containing protein,2,2,1,19,4,15,4,,287,287,287,ICDOIP_24355,,JANPHL_24355
DUF4823 domain-containing protein,,DUF4823 domain-containing protein,2,2,1,19,3,15,3,,524,524,524,ICDOIP_24360,,JANPHL_24350
Uncharacterized phage protein,,Uncharacterized phage protein,2,2,1,19,2,15,2,,236,236,236,ICDOIP_24365,,JANPHL_24345
DUF2185 domain-containing protein,,DUF2185 domain-containing protein,2,2,1,19,1,15,1,,329,329,329,ICDOIP_24370,,JANPHL_24340
group_982,tonB,"Periplasmic protein TonB, links inner and outer membranes",2,2,1,21,1,18,1,,380,380,380,ICDOIP_24375,,JANPHL_24390
group_983,Transmembrane protein,Transmembrane protein,2,2,1,21,2,18,9,,353,353,353,ICDOIP_24380,,JANPHL_24395
group_984,hypothetical protein,hypothetical protein,2,2,1,21,3,18,8,,209,209,209,ICDOIP_24385,,JANPHL_24400
Streptothricin hydrolase,,Streptothricin hydrolase,2,2,1,21,4,18,7,,533,533,533,ICDOIP_24390,,JANPHL_24405
DUF2721 domain-containing protein,,DUF2721 domain-containing protein,2,2,1,21,5,18,6,,347,347,347,ICDOIP_24395,,JANPHL_24410
yopX,,YopX domain-containing protein,2,2,1,21,9,18,5,,446,446,446,ICDOIP_24400,,JANPHL_24415
Lipase,,Lipase,2,2,1,21,8,18,4,,914,914,914,ICDOIP_24405,,JANPHL_24420
ABC transmembrane type-1 domain-containing protein,,ABC transmembrane type-1 domain-containing protein,2,2,1,21,7,18,3,,758,758,758,ICDOIP_24410,,JANPHL_24425
3-phosphoglycerate dehydrogenase,,3-phosphoglycerate dehydrogenase,2,2,1,21,6,18,2,,944,944,944,ICDOIP_24415,,JANPHL_24430
P63C domain-containing protein,,P63C domain-containing protein,2,2,1,20,1,16,1,,860,860,860,ICDOIP_24420,,JANPHL_24435
DUF3955 domain-containing protein,,DUF3955 domain-containing protein,2,2,1,20,2,16,2,,209,209,209,ICDOIP_24425,,JANPHL_24440
group_993,hypothetical protein,hypothetical protein,2,2,1,20,3,16,3,,509,509,509,ICDOIP_24430,,JANPHL_24445
HU family DNA-binding protein,,HU family DNA-binding protein,2,2,1,20,4,16,4,,344,344,344,ICDOIP_24435,,JANPHL_24450
DUF1206 domain-containing protein,,DUF1206 domain-containing protein,2,2,1,20,9,16,5,,383,383,383,ICDOIP_24440,,JANPHL_24455
group_996,DUF4145 domain-containing protein,DUF4145 domain-containing protein,2,2,1,20,8,16,6,,791,791,791,ICDOIP_24445,,JANPHL_24460
DUF5668 domain-containing protein,,DUF5668 domain-containing protein,2,2,1,20,7,16,7,,302,302,302,ICDOIP_24450,,JANPHL_24465
Glyoxalase/bleomycin resistance/extradiol dioxygenase family protein,,Glyoxalase/bleomycin resistance/extradiol dioxygenase family protein,2,2,1,20,6,16,9,,362,362,362,ICDOIP_24455,,JANPHL_24470
Amino acid permease,,Amino acid permease,2,2,1,20,5,16,8,,368,368,368,ICDOIP_24460,,JANPHL_24475
group_1044,hypothetical protein,hypothetical protein,1,1,1,47,1,79,1,Investigate,143,143,143,ICDOIP_24830,,
group_1045,hypothetical protein,hypothetical protein,1,1,1,2,18,185,3,,692,692,692,,JCOPOM_00005,
group_1046,hypothetical protein,hypothetical protein,1,1,1,2,19,185,4,,338,338,338,,JCOPOM_00010,
Nuclear transport factor 2 family protein,,Nuclear transport factor 2 family protein,1,1,1,2,20,185,2,,425,425,425,,JCOPOM_00015,
group_1048,Transcriptional regulator,Transcriptional regulator,1,1,1,2,21,185,1,,338,338,338,,JCOPOM_00020,
putative acetyltransferase,,putative acetyltransferase,1,1,1,2,28,227,2,,542,542,542,,JCOPOM_00030,
group_1050,ubiE,Ubiquinone/menaquinone biosynthesis C-methylase UbiE/MenG,1,1,1,2,29,227,1,,1178,1178,1178,,JCOPOM_00035,
group_1051,Major coat protein,Major coat protein,1,1,1,2,124,215,1,,230,230,230,,JCOPOM_00500,
Single-stranded DNA-binding protein,,Single-stranded DNA-binding protein,1,1,1,2,125,215,2,,245,245,245,,JCOPOM_00505,
group_1053,hypothetical protein,hypothetical protein,1,1,1,2,129,305,1,,224,224,224,,JCOPOM_00525,
group_1054,nrdG,anaerobic ribonucleoside-triphosphate reductase-activating protein,1,1,1,2,170,170,3,,500,500,500,,JCOPOM_00680,
group_1055,ATPase,ATPase,1,1,1,2,169,170,4,,530,530,530,,JCOPOM_00685,
group_1056,N-acetyltransferase domain-containing protein,N-acetyltransferase domain-containing protein,1,1,1,2,168,170,5,,578,578,578,,JCOPOM_00690,
S-2TMBeta domain-containing protein,,S-2TMBeta domain-containing protein,1,1,1,2,167,170,6,,602,602,602,,JCOPOM_00695,
diadenylate cyclase,,diadenylate cyclase,1,1,1,2,166,170,7,,431,431,431,,JCOPOM_00700,
NTP-transf-2 domain-containing protein,,NTP-transf-2 domain-containing protein,1,1,1,2,165,170,8,,1133,1133,1133,,JCOPOM_00705,
pancortin-3,,pancortin-3,1,1,1,2,164,170,9,,599,599,599,,JCOPOM_00710,
AAA-13 domain-containing protein,,AAA-13 domain-containing protein,1,1,1,2,163,170,10,,2558,2558,2558,,JCOPOM_00715,
group_1062,hypothetical protein,hypothetical protein,1,1,1,2,162,170,11,,1622,1622,1622,,JCOPOM_00720,
group_1063,hypothetical protein,hypothetical protein,1,1,1,2,161,170,12,,515,515,515,,JCOPOM_00725,
group_1064,hypothetical protein,hypothetical protein,1,1,1,2,160,170,13,,2111,2111,2111,,JCOPOM_00730,
group_1065,hypothetical protein,hypothetical protein,1,1,1,2,159,170,2,,2336,2336,2336,,JCOPOM_00735,
site-specific integrase,,site-specific integrase,1,1,1,2,158,170,1,,1319,1319,1319,,JCOPOM_00740,
group_1067,hypothetical protein,hypothetical protein,1,1,1,2,15,280,1,,98,98,98,,JCOPOM_00960,
group_1068,bfd,Bacterioferritin-associated ferredoxin,1,1,1,2,281,260,1,,2663,2663,2663,,JCOPOM_01325,
group_1069,Lipoprotein,Lipoprotein,1,1,1,2,294,246,1,,1193,1193,1193,,JCOPOM_01385,
group_1070,hypothetical protein,hypothetical protein,1,1,1,2,308,269,1,,104,104,104,,JCOPOM_01455,
group_1071,caiD,Enoyl-CoA hydratase/carnithine racemase,1,1,1,2,343,286,1,,782,782,782,,JCOPOM_01635,
group_1072,DUF2474 domain-containing protein,DUF2474 domain-containing protein,1,1,1,2,355,258,1,,128,128,128,,JCOPOM_01690,
2-oxoacid:ferredoxin oxidoreductase subunit beta,,2-oxoacid:ferredoxin oxidoreductase subunit beta,1,1,1,2,362,193,4,,998,998,998,,JCOPOM_01720,
group_1074,hypothetical protein,hypothetical protein,1,1,1,2,363,193,3,,1841,1841,1841,,JCOPOM_01725,
group_1075,lysR,LysR family transcriptional regulator,1,1,1,2,364,193,2,,998,998,998,,JCOPOM_01730,
Thiopurine S-methyltransferase,,Thiopurine S-methyltransferase,1,1,1,2,365,193,1,,602,602,602,,JCOPOM_01735,
group_1077,Electron transfer flavoprotein-ubiquinone oxidoreductase,Electron transfer flavoprotein-ubiquinone oxidoreductase,1,1,1,2,374,222,2,,1637,1637,1637,,JCOPOM_01775,
group_1078,fixA,"Electron transfer flavoprotein, alpha and beta subunits",1,1,1,2,375,222,1,,752,752,752,,JCOPOM_01780,
group_1079,Conserved domain protein,Conserved domain protein,1,1,1,2,443,254,1,,113,113,113,,JCOPOM_02120,
NERD domain-containing protein,,NERD domain-containing protein,1,1,1,2,501,306,1,,2357,2357,2357,,JCOPOM_02410,
group_1081,Porin family protein,Porin family protein,1,1,1,1,73,180,4,,503,503,503,,JCOPOM_03005,
group_1082,mscS,Mechanosensitive ion channel protein MscS,1,1,1,1,74,180,5,,2576,2576,2576,,JCOPOM_03010,
ABC-trans-aux domain-containing protein,,ABC-trans-aux domain-containing protein,1,1,1,1,75,180,6,,599,599,599,,JCOPOM_03015,
MCE family protein,,MCE family protein,1,1,1,1,76,180,3,,971,971,971,,JCOPOM_03020,
group_1085,mlaF,ATPase subunit MlaF of the ABC-type intermembrane phospholipid transporter Mla,1,1,1,1,77,180,2,,806,806,806,,JCOPOM_03025,
group_1086,mlaE,Intermembrane phospholipid transport system permease protein MlaE,1,1,1,1,78,180,1,,1079,1079,1079,,JCOPOM_03030,
group_1087,Regulator,Regulator,1,1,1,1,733,253,1,,449,449,449,,JCOPOM_03130,
group_1088,grxC,Glutaredoxin,1,1,1,1,71,238,1,,230,230,230,,JCOPOM_03240,
group_1089,dksA,DksA/TraR family C4-type zinc finger protein,1,1,1,1,70,199,1,,266,266,266,,JCOPOM_04240,
group_1090,Adhesin,Adhesin,1,1,1,1,69,199,3,,434,434,434,,JCOPOM_04245,
group_1091,ATPase,ATPase,1,1,1,1,68,199,2,,566,566,566,,JCOPOM_04250,
group_1092,tolR,Biopolymer transport protein ExbD,1,1,1,1,988,256,1,,443,443,443,,JCOPOM_04410,
group_1093,Transposase,Transposase,1,1,1,1,1122,233,1,,188,188,188,,JCOPOM_05090,
Ubiquinone biosynthesis O-methyltransferase,,Ubiquinone biosynthesis O-methyltransferase,1,1,1,1,1155,176,6,,1691,1691,1691,,JCOPOM_05250,
RNA-directed DNA polymerase,,RNA-directed DNA polymerase,1,1,1,1,1156,176,7,,1676,1676,1676,,JCOPOM_05260,
group_1096,hypothetical protein,hypothetical protein,1,1,1,1,1157,176,8,,323,323,323,,JCOPOM_05265,
group_1097,Recombinase family protein,Recombinase family protein,1,1,1,1,1158,176,5,,611,611,611,,JCOPOM_05270,
Winged helix-turn-helix domain-containing protein,,Winged helix-turn-helix domain-containing protein,1,1,1,1,1159,176,4,,527,527,527,,JCOPOM_05275,
group_1099,Ovule protein,Ovule protein,1,1,1,1,1160,176,3,,296,296,296,,JCOPOM_05280,
group_11,hypothetical protein,hypothetical protein,1,1,1,2,237,273,1,,221,221,221,,JCOPOM_01110,
group_1100,hypothetical protein,hypothetical protein,1,1,1,1,1161,176,2,,410,410,410,,JCOPOM_05285,
group_1101,Integrase,Integrase,1,1,1,1,1162,176,1,,851,851,851,,JCOPOM_05290,
group_1102,yecM,VOC family protein,1,1,1,1,1179,243,1,,599,599,599,,JCOPOM_05380,
pilA,,Type IV pilin PilA,1,1,1,3,39,271,1,,440,440,440,,JCOPOM_06210,
Lipid A biosynthesis lauroyl acyltransferase,,Lipid A biosynthesis lauroyl acyltransferase,1,1,1,3,40,297,1,,80,80,80,,JCOPOM_06275,
group_1105,purR,"DNA-binding transcriptional regulator, LacI/PurR family",1,1,1,3,561,202,3,,1025,1025,1025,,JCOPOM_06840,
"Endo-1,4-beta-mannosidase",,"Endo-1,4-beta-mannosidase",1,1,1,3,560,202,2,,1070,1070,1070,,JCOPOM_06845,
melB,,Na+/melibiose symporter or related transporter,1,1,1,3,559,202,1,,1388,1388,1388,,JCOPOM_06850,
gamma-glutamylcyclotransferase,,gamma-glutamylcyclotransferase,1,1,1,3,555,276,1,,572,572,572,,JCOPOM_06865,
group_1109,hypothetical protein,hypothetical protein,1,1,1,3,529,304,1,,920,920,920,,JCOPOM_06985,
group_1110,ompK,Outer membrane protein OmpK,1,1,1,3,525,270,1,,791,791,791,,JCOPOM_07005,
2-dehydropantoate 2-reductase,,2-dehydropantoate 2-reductase,1,1,1,3,522,245,1,,1358,1358,1358,,JCOPOM_07015,
group_1112,CheW-like domain-containing protein,CheW-like domain-containing protein,1,1,1,3,390,300,1,,1016,1016,1016,,JCOPOM_07685,
group_1113,fimV,Type IV pilus assembly protein FimV,1,1,1,3,355,284,1,,4280,4280,4280,,JCOPOM_07850,
group_1114,hypothetical protein,hypothetical protein,1,1,1,3,285,234,1,,758,758,758,,JCOPOM_08205,
yafU,,Inner membrane protein yafU,1,1,1,4,454,207,2,,779,779,779,,JCOPOM_08775,
group_1116,ABC transporter permease,ABC transporter permease,1,1,1,4,455,207,1,,422,422,422,,JCOPOM_08780,
group_1117,ompA,OmpA family protein,1,1,1,4,524,285,1,,254,254,254,,JCOPOM_09135,
dhaR,,dihydroxyacetone kinase operon transcriptional regulator DhaR,1,1,1,4,529,183,5,,1925,1925,1925,,JCOPOM_09165,
group_1119,ptsP,Phosphoenolpyruvate-protein phosphotransferase,1,1,1,4,530,183,4,,2399,2399,2399,,JCOPOM_09170,
dhaL,,dihydroxyacetone kinase subunit DhaL,1,1,1,4,531,183,3,,635,635,635,,JCOPOM_09175,
dhaK,,dihydroxyacetone kinase subunit DhaK,1,1,1,4,532,183,2,,1058,1058,1058,,JCOPOM_09180,
gldA,,"Glycerol dehydrogenase or related enzyme, iron-containing ADH family",1,1,1,4,533,183,1,,1082,1082,1082,,JCOPOM_09185,
ySH1,,"RNA processing exonuclease, beta-lactamase fold, Cft2 family",1,1,1,4,244,302,1,,1349,1349,1349,,JCOPOM_09770,
group_1124,ugd,UDP-glucose 6-dehydrogenase,1,1,1,4,218,167,16,,1166,1166,1166,,JCOPOM_09780,
wecA,,UDP-N-acetylglucosamine--undecaprenyl-phosphate N-acetylglucosaminephosphotransferase,1,1,1,4,217,167,17,,1082,1082,1082,,JCOPOM_09785,
group_1126,Glycosyl transferase,Glycosyl transferase,1,1,1,4,216,167,18,,740,740,740,,JCOPOM_09790,
group_1127,manA,"mannose-6-phosphate isomerase, class I",1,1,1,4,215,167,15,,1190,1190,1190,,JCOPOM_09795,
Phosphoglucosamine mutase,,Phosphoglucosamine mutase,1,1,1,4,214,167,14,,1427,1427,1427,,JCOPOM_09800,
group_1129,cpsB,mannose-1-phosphate guanylyltransferase/mannose-6-phosphate isomerase,1,1,1,4,213,167,13,,1442,1442,1442,,JCOPOM_09805,
GDP-mannose mannosyl hydrolase,,GDP-mannose mannosyl hydrolase,1,1,1,4,212,167,12,,458,458,458,,JCOPOM_09810,
GDP-L-fucose synthase,,GDP-L-fucose synthase,1,1,1,4,211,167,11,,959,959,959,,JCOPOM_09815,
gmd,,"GDP-mannose 4,6-dehydratase",1,1,1,4,210,167,10,,1112,1112,1112,,JCOPOM_09820,
D-inositol-3-phosphate glycosyltransferase,,D-inositol-3-phosphate glycosyltransferase,1,1,1,4,209,167,9,,995,995,995,,JCOPOM_09825,
group_1134,glycosyltransferase,glycosyltransferase,1,1,1,4,208,167,8,,776,776,776,,JCOPOM_09830,
glycosyltransferase,,glycosyltransferase,1,1,1,4,207,167,7,,896,896,896,,JCOPOM_09835,
"alpha-1,2-fucosyltransferase",,"alpha-1,2-fucosyltransferase",1,1,1,4,206,167,6,,860,860,860,,JCOPOM_09840,
group_1137,hypothetical protein,hypothetical protein,1,1,1,4,205,167,5,,692,692,692,,JCOPOM_09845,
group_1138,parB,ParB N-terminal domain-containing protein,1,1,1,4,204,167,4,,851,851,851,,JCOPOM_09850,
group_1139,hypothetical protein,hypothetical protein,1,1,1,4,203,167,3,,1127,1127,1127,,JCOPOM_09855,
oligosaccharide flippase family protein,,oligosaccharide flippase family protein,1,1,1,4,202,167,2,,1121,1121,1121,,JCOPOM_09860,
Wzz/FepE/Etk N-terminal domain-containing protein,,Wzz/FepE/Etk N-terminal domain-containing protein,1,1,1,4,201,167,1,,971,971,971,,JCOPOM_09865,
gfcC,,capsule biosynthesis GfcC family protein,1,1,1,4,196,281,1,,761,761,761,,JCOPOM_09890,
group_1143,GGDEF domain-containing protein,GGDEF domain-containing protein,1,1,1,4,193,195,1,,1157,1157,1157,,JCOPOM_09905,
Glycosyltransferase family 25 (LPS biosynthesis protein),,Glycosyltransferase family 25 (LPS biosynthesis protein),1,1,1,4,192,195,3,,737,737,737,,JCOPOM_09910,
group_1145,lpxM,lauroyl-Kdo(2)-lipid IV(A) myristoyltransferase,1,1,1,4,191,195,2,,989,989,989,,JCOPOM_09915,
group_1146,hypothetical protein,hypothetical protein,1,1,1,4,95,275,1,,212,212,212,,JCOPOM_10390,
group_1147,Acid phosphatase,Acid phosphatase,1,1,1,4,32,219,2,,2321,2321,2321,,JCOPOM_10680,
DUF951 domain-containing protein,,DUF951 domain-containing protein,1,1,1,4,31,219,1,,140,140,140,,JCOPOM_10685,
group_1149,ompC,Outer membrane porin OmpC/OmpF/PhoE,1,1,1,5,74,303,1,,995,995,995,,JCOPOM_10850,
Type IX secretion system membrane protein PorP/SprF,,Type IX secretion system membrane protein PorP/SprF,1,1,1,5,48,239,1,,1127,1127,1127,,JCOPOM_10930,
phosphoribosyltransferase,,phosphoribosyltransferase,1,1,1,5,42,178,1,,1103,1103,1103,,JCOPOM_11070,
radical SAM protein,,radical SAM protein,1,1,1,5,43,178,2,,860,860,860,,JCOPOM_11075,
"Competence protein CoiA-like family, contains a putative nuclease domain",,"Competence protein CoiA-like family, contains a putative nuclease domain",1,1,1,5,44,178,6,,899,899,899,,JCOPOM_11080,
group_1154,hypothetical protein,hypothetical protein,1,1,1,5,45,178,5,,176,176,176,,JCOPOM_11085,
PIN7 domain-containing protein,,PIN7 domain-containing protein,1,1,1,5,46,178,4,,566,566,566,,JCOPOM_11090,
group_1156,osmC,OsmC family protein,1,1,1,5,47,178,3,,395,395,395,,JCOPOM_11095,
group_1157,phnX,phosphonoacetaldehyde hydrolase,1,1,1,5,138,257,1,,815,815,815,,JCOPOM_11220,
group_1158,hypothetical protein,hypothetical protein,1,1,1,5,41,266,1,,113,113,113,,JCOPOM_11425,
Glycoside hydrolase family 92 protein,,Glycoside hydrolase family 92 protein,1,1,1,5,40,181,1,,2480,2480,2480,,JCOPOM_11535,
group_1160,Alpha-mannosidase,Alpha-mannosidase,1,1,1,5,39,181,2,,2456,2456,2456,,JCOPOM_11540,
"Alpha-1,2-mannosidase",,"Alpha-1,2-mannosidase",1,1,1,5,38,181,5,,2705,2705,2705,,JCOPOM_11545,
group_1162,Alpha-mannosidase,Alpha-mannosidase,1,1,1,5,37,181,4,,2426,2426,2426,,JCOPOM_11550,
Alpha-mannosidase,,Alpha-mannosidase,1,1,1,5,36,181,3,,2831,2831,2831,,JCOPOM_11555,
group_1164,Transposase,Transposase,1,1,1,5,243,196,3,,1211,1211,1211,,JCOPOM_11770,
Arrestin-N domain-containing protein,,Arrestin-N domain-containing protein,1,1,1,5,242,196,2,,818,818,818,,JCOPOM_11775,
group_1166,serB,Phosphoserine phosphatase,1,1,1,5,246,196,1,,659,659,659,,JCOPOM_11780,
TackOD1 domain-containing protein,,TackOD1 domain-containing protein,1,1,1,5,34,198,3,,1355,1355,1355,,JCOPOM_11990,
group_1168,bcsA,"Glycosyltransferase, catalytic subunit of cellulose synthase and poly-beta-1,6-N-acetylglucosamine synthase",1,1,1,5,33,198,2,,1316,1316,1316,,JCOPOM_11995,
group_1169,emrA,Multidrug resistance efflux pump EmrA,1,1,1,5,288,198,1,,1037,1037,1037,,JCOPOM_12000,
group_1170,cls,Phosphatidylserine/phosphatidylglycerophosphate/cardiolipin synthase,1,1,1,5,325,291,1,,3518,3518,3518,,JCOPOM_12185,
group_1171,dps,DNA-binding ferritin-like protein (oxidative damage protectant),1,1,1,5,336,241,1,,470,470,470,,JCOPOM_12215,
group_1172,hypothetical protein,hypothetical protein,1,1,1,5,30,237,1,,218,218,218,,JCOPOM_12690,
group_1173,hypothetical protein,hypothetical protein,1,1,1,5,29,261,1,,116,116,116,,JCOPOM_12770,
group_1174,DUF3820 domain-containing protein,DUF3820 domain-containing protein,1,1,1,5,28,164,13,,227,227,227,,JCOPOM_12825,
group_1175,recombinase family protein,recombinase family protein,1,1,1,5,27,164,14,,2024,2024,2024,,JCOPOM_12830,
group_1176,hypothetical protein,hypothetical protein,1,1,1,5,26,164,15,,92,92,92,,JCOPOM_12835,
group_1177,Rep-3 domain-containing protein,Rep-3 domain-containing protein,1,1,1,5,25,164,16,,1388,1388,1388,,JCOPOM_12840,
group_1178,hypothetical protein,hypothetical protein,1,1,1,5,24,164,17,,263,263,263,,JCOPOM_12845,
group_1179,hypothetical protein,hypothetical protein,1,1,1,5,23,164,18,,626,626,626,,JCOPOM_12850,
group_1180,hypothetical protein,hypothetical protein,1,1,1,5,22,164,19,,2084,2084,2084,,JCOPOM_12855,
group_1181,hypothetical protein,hypothetical protein,1,1,1,5,21,164,20,,179,179,179,,JCOPOM_12860,
Type I restriction enzyme endonuclease subunit,,Type I restriction enzyme endonuclease subunit,1,1,1,5,20,164,21,,3224,3224,3224,,JCOPOM_12865,
hrgA,,HrgA protein,1,1,1,5,19,164,22,,929,929,929,,JCOPOM_12870,
group_1184,Restriction endonuclease subunit S,Restriction endonuclease subunit S,1,1,1,5,18,164,23,,1352,1352,1352,,JCOPOM_12875,
group_1185,site-specific DNA-methyltransferase (adenine-specific),site-specific DNA-methyltransferase (adenine-specific),1,1,1,5,17,164,24,,1703,1703,1703,,JCOPOM_12880,
Integrase family protein,,Integrase family protein,1,1,1,5,16,164,25,,596,596,596,,JCOPOM_12885,
group_1187,AAA family ATPase,AAA family ATPase,1,1,1,5,15,164,26,,1607,1607,1607,,JCOPOM_12890,
group_1188,hypothetical protein,hypothetical protein,1,1,1,5,14,164,12,,98,98,98,,JCOPOM_12895,
group_1189,Phage portal protein,Phage portal protein,1,1,1,5,13,164,11,,1097,1097,1097,,JCOPOM_12900,
Dolichol-phosphate mannosyltransferase subunit 3,,Dolichol-phosphate mannosyltransferase subunit 3,1,1,1,5,12,164,10,,518,518,518,,JCOPOM_12905,
PRC domain-containing protein,,PRC domain-containing protein,1,1,1,5,11,164,9,,629,629,629,,JCOPOM_12910,
group_1192,hypothetical protein,hypothetical protein,1,1,1,5,10,164,8,,302,302,302,,JCOPOM_12915,
Lactate permease,,Lactate permease,1,1,1,5,9,164,7,,1625,1625,1625,,JCOPOM_12920,
group_1194,hypothetical protein,hypothetical protein,1,1,1,5,8,164,6,,548,548,548,,JCOPOM_12925,
DUF3644 domain-containing protein,,DUF3644 domain-containing protein,1,1,1,5,7,164,5,,1304,1304,1304,,JCOPOM_12930,
DUF968 domain-containing protein,,DUF968 domain-containing protein,1,1,1,5,6,164,4,,536,536,536,,JCOPOM_12935,
group_1197,yopX,YopX domain-containing protein,1,1,1,5,5,164,3,,308,308,308,,JCOPOM_12940,
FrhB-FdhB-C domain-containing protein,,FrhB-FdhB-C domain-containing protein,1,1,1,5,4,164,2,,527,527,527,,JCOPOM_12945,
Robl-LC7 domain-containing protein,,Robl-LC7 domain-containing protein,1,1,1,5,3,164,1,,215,215,215,,JCOPOM_12950,
Ig-like domain-containing protein,,Ig-like domain-containing protein,1,1,1,1,203,255,1,,365,365,365,,JCOPOM_12955,
Helix-turn-helix domain protein,,Helix-turn-helix domain protein,1,1,1,1,252,188,1,,296,296,296,,JCOPOM_13060,
DUF4468 domain-containing protein,,DUF4468 domain-containing protein,1,1,1,1,253,188,2,,875,875,875,,JCOPOM_13065,
group_1203,copG,CopG family transcriptional regulator,1,1,1,1,254,188,3,,302,302,302,,JCOPOM_13070,
group_1204,Phage protein,Phage protein,1,1,1,1,255,188,4,,287,287,287,,JCOPOM_13075,
group_1205,hypothetical protein,hypothetical protein,1,1,1,1,261,166,1,,551,551,551,,JCOPOM_13085,
group_1206,AAA family ATPase,AAA family ATPase,1,1,1,1,262,166,2,,650,650,650,,JCOPOM_13090,
group_1207,hypothetical protein,hypothetical protein,1,1,1,1,263,166,3,,1163,1163,1163,,JCOPOM_13095,
group_1208,hypothetical protein,hypothetical protein,1,1,1,1,264,166,4,,971,971,971,,JCOPOM_13100,
group_1209,hypothetical protein,hypothetical protein,1,1,1,1,265,166,5,,248,248,248,,JCOPOM_13105,
group_1210,hypothetical protein,hypothetical protein,1,1,1,1,266,166,6,,263,263,263,,JCOPOM_13110,
group_1211,hypothetical protein,hypothetical protein,1,1,1,1,267,166,7,,275,275,275,,JCOPOM_13115,
DUF5683 domain-containing protein,,DUF5683 domain-containing protein,1,1,1,1,268,166,8,,914,914,914,,JCOPOM_13120,
DUF1475 domain-containing protein,,DUF1475 domain-containing protein,1,1,1,1,269,166,9,,419,419,419,,JCOPOM_13125,
csgE,,Curli production assembly/transport component CsgE,1,1,1,1,270,166,10,,461,461,461,,JCOPOM_13130,
Lactamase-B domain-containing protein,,Lactamase-B domain-containing protein,1,1,1,1,271,166,11,,1955,1955,1955,,JCOPOM_13135,
Terminase,,Terminase,1,1,1,1,272,166,12,,611,611,611,,JCOPOM_13140,
CULLIN-2 domain-containing protein,,CULLIN-2 domain-containing protein,1,1,1,1,273,166,13,,368,368,368,,JCOPOM_13145,
group_1218,hypothetical protein,hypothetical protein,1,1,1,1,274,166,14,,470,470,470,,JCOPOM_13150,
group_1219,hypothetical protein,hypothetical protein,1,1,1,1,275,166,15,,188,188,188,,JCOPOM_13155,
group_1220,hypothetical protein,hypothetical protein,1,1,1,1,276,166,16,,563,563,563,,JCOPOM_13160,
Cap4-nuclease domain-containing protein,,Cap4-nuclease domain-containing protein,1,1,1,1,277,166,19,,1163,1163,1163,,JCOPOM_13165,
group_1222,hypothetical protein,hypothetical protein,1,1,1,1,278,166,18,,476,476,476,,JCOPOM_13170,
AAA-23 domain-containing protein,,AAA-23 domain-containing protein,1,1,1,1,279,166,17,,1763,1763,1763,,JCOPOM_13175,
group_1224,hypothetical protein,hypothetical protein,1,1,1,1,306,223,1,,512,512,512,,JCOPOM_13310,
group_1225,hypothetical protein,hypothetical protein,1,1,1,1,307,223,2,,608,608,608,,JCOPOM_13315,
sctF,,type III secretion system needle filament subunit SctF,1,1,1,1,335,250,1,,248,248,248,,JCOPOM_13450,
group_1227,hypothetical protein,hypothetical protein,1,1,1,1,184,236,1,,1532,1532,1532,,JCOPOM_13520,
group_1228,tandem-95 repeat protein,tandem-95 repeat protein,1,1,1,1,398,287,1,,10835,10835,10835,,JCOPOM_13740,
group_1229,HTH cro/C1-type domain-containing protein,HTH cro/C1-type domain-containing protein,1,1,1,1,441,162,18,,266,266,266,,JCOPOM_13955,
group_1230,Transposase,Transposase,1,1,1,1,442,162,19,,191,191,191,,JCOPOM_13960,
DUF2007 domain-containing protein,,DUF2007 domain-containing protein,1,1,1,1,443,162,20,,377,377,377,,JCOPOM_13965,
group_1232,TMhelix containing protein,TMhelix containing protein,1,1,1,1,444,162,21,,188,188,188,,JCOPOM_13970,
MobA-MobL domain-containing protein,,MobA-MobL domain-containing protein,1,1,1,1,445,162,22,,1856,1856,1856,,JCOPOM_13975,
Dystrophin,,Dystrophin,1,1,1,1,446,162,23,,155,155,155,,JCOPOM_13980,
Phasin-2 domain-containing protein,,Phasin-2 domain-containing protein,1,1,1,1,447,162,24,,311,311,311,,JCOPOM_13985,
C2H2-type domain-containing protein,,C2H2-type domain-containing protein,1,1,1,1,448,162,25,,533,533,533,,JCOPOM_13990,
terminase large subunit,,terminase large subunit,1,1,1,1,449,162,26,,605,605,605,,JCOPOM_13995,
Phr family secreted Rap phosphatase inhibitor,,Phr family secreted Rap phosphatase inhibitor,1,1,1,1,450,162,27,,128,128,128,,JCOPOM_14000,
P2-N domain-containing protein,,P2-N domain-containing protein,1,1,1,1,451,162,28,,827,827,827,,JCOPOM_14005,
TMhelix containing protein,,TMhelix containing protein,1,1,1,1,452,162,29,,311,311,311,,JCOPOM_14010,
Membrane transporter protein,,Membrane transporter protein,1,1,1,1,453,162,30,,143,143,143,,JCOPOM_14015,
LPXTG cell wall anchor domain-containing protein,,LPXTG cell wall anchor domain-containing protein,1,1,1,1,454,162,31,,206,206,206,,JCOPOM_14020,
DNAase,,DNAase,1,1,1,1,455,162,17,,386,386,386,,JCOPOM_14025,
group_1244,Chemotaxis protein,Chemotaxis protein,1,1,1,1,456,162,16,,494,494,494,,JCOPOM_14030,
DUF4115 domain-containing protein,,DUF4115 domain-containing protein,1,1,1,1,457,162,15,,740,740,740,,JCOPOM_14035,
group_1246,hypothetical protein,hypothetical protein,1,1,1,1,458,162,14,,710,710,710,,JCOPOM_14040,
group_1247,Structural protein,Structural protein,1,1,1,1,459,162,13,,419,419,419,,JCOPOM_14045,
group_1248,Holin,Holin,1,1,1,1,460,162,12,,227,227,227,,JCOPOM_14050,
Antifreeze protein,,Antifreeze protein,1,1,1,1,461,162,11,,182,182,182,,JCOPOM_14055,
DUF805 domain-containing protein,,DUF805 domain-containing protein,1,1,1,1,462,162,10,,521,521,521,,JCOPOM_14060,
group_1251,hypothetical protein,hypothetical protein,1,1,1,1,463,162,9,,1103,1103,1103,,JCOPOM_14065,
group_1252,Regulator,Regulator,1,1,1,1,464,162,8,,422,422,422,,JCOPOM_14070,
group_1253,Regulator,Regulator,1,1,1,1,465,162,7,,365,365,365,,JCOPOM_14075,
Fusion glycoprotein F0,,Fusion glycoprotein F0,1,1,1,1,466,162,6,,686,686,686,,JCOPOM_14080,
Vpf380,,Vpf380,1,1,1,1,467,162,5,,1142,1142,1142,,JCOPOM_14085,
Minor coat protein,,Minor coat protein,1,1,1,1,468,162,4,,314,314,314,,JCOPOM_14090,
group_1257,Minor capsid protein,Minor capsid protein,1,1,1,1,469,162,3,,1637,1637,1637,,JCOPOM_14095,
Phage coat protein,,Phage coat protein,1,1,1,1,470,162,2,,233,233,233,,JCOPOM_14100,
group_1259,Single-stranded DNA-binding protein,Single-stranded DNA-binding protein,1,1,1,1,471,162,1,,128,128,128,,JCOPOM_14105,
SHOCT domain-containing protein,,SHOCT domain-containing protein,1,1,1,1,485,230,2,,272,272,272,,JCOPOM_14125,
Antirepressor,,Antirepressor,1,1,1,1,486,230,1,,368,368,368,,JCOPOM_14130,
group_1262,hypothetical protein,hypothetical protein,1,1,1,1,500,251,1,,116,116,116,,JCOPOM_14200,
Immunity protein 49 of polymorphic toxin system,,Immunity protein 49 of polymorphic toxin system,1,1,1,1,513,288,1,,887,887,887,,JCOPOM_14265,
group_1264,DUF3306 domain-containing protein,DUF3306 domain-containing protein,1,1,1,1,522,298,1,,617,617,617,,JCOPOM_14310,
group_1265,Helicase,Helicase,1,1,1,1,540,197,2,,467,467,467,,JCOPOM_14400,
group_1266,mutT,DNA mistmatch repair protein MutT,1,1,1,1,541,197,3,,413,413,413,,JCOPOM_14405,
group_1267,yjhB,"ADP-ribose pyrophosphatase YjhB, NUDIX family",1,1,1,1,542,197,1,,419,419,419,,JCOPOM_14410,
DUF1963 domain-containing protein,,DUF1963 domain-containing protein,1,1,1,1,607,173,5,,491,491,491,,JCOPOM_14720,
group_1269,hypothetical protein,hypothetical protein,1,1,1,1,608,173,6,,605,605,605,,JCOPOM_14725,
group_1270,Replication protein,Replication protein,1,1,1,1,609,173,7,,881,881,881,,JCOPOM_14730,
DUF1629 domain-containing protein,,DUF1629 domain-containing protein,1,1,1,1,611,173,9,,617,617,617,,JCOPOM_14740,
DUF3846 domain-containing protein,,DUF3846 domain-containing protein,1,1,1,1,612,173,10,,356,356,356,,JCOPOM_14745,
DUF4265 domain-containing protein,,DUF4265 domain-containing protein,1,1,1,1,613,173,4,,557,557,557,,JCOPOM_14750,
group_1274,hypothetical protein,hypothetical protein,1,1,1,1,614,173,3,,356,356,356,,JCOPOM_14755,
group_1275,hypothetical protein,hypothetical protein,1,1,1,1,615,173,2,,557,557,557,,JCOPOM_14760,
group_1276,hypothetical protein,hypothetical protein,1,1,1,1,616,173,1,,2183,2183,2183,,JCOPOM_14765,
yuxK,,"putative thiol-disulfide oxidoreductase YuxK, DCC family",1,1,1,2,880,290,1,,386,386,386,,JCOPOM_15020,
group_1278,Mobile element protein,Mobile element protein,1,1,1,2,833,247,1,,212,212,212,,JCOPOM_15255,
group_1279,rimL,"Protein N-acetyltransferase, RimJ/RimL family",1,1,1,2,825,244,1,,533,533,533,,JCOPOM_15300,
group_1280,hypothetical protein,hypothetical protein,1,1,1,2,820,242,1,,140,140,140,,JCOPOM_15325,
group_1281,hypothetical protein,hypothetical protein,1,1,1,2,815,296,1,,134,134,134,,JCOPOM_15350,
lamB,,Maltoporin,1,1,1,2,749,292,1,,1298,1298,1298,,JCOPOM_15675,
group_1283,DUF4056 domain-containing protein,DUF4056 domain-containing protein,1,1,1,2,716,182,1,,1064,1064,1064,,JCOPOM_15840,
Omp85 domain-containing protein,,Omp85 domain-containing protein,1,1,1,2,715,182,5,,1124,1124,1124,,JCOPOM_15845,
group_1285,TonB-dependent receptor,TonB-dependent receptor,1,1,1,2,714,182,4,,839,839,839,,JCOPOM_15850,
group_1286,Transcriptional regulator,Transcriptional regulator,1,1,1,2,713,182,3,,596,596,596,,JCOPOM_15855,
group_1287,DUF1835 domain-containing protein,DUF1835 domain-containing protein,1,1,1,2,712,182,2,,1268,1268,1268,,JCOPOM_15860,
group_1288,monooxygenase,monooxygenase,1,1,1,2,709,293,1,,308,308,308,,JCOPOM_15870,
"Uncharacterized conserved protein, contains restriction enzyme R protein N terminal (HSDR_N) domain",,"Uncharacterized conserved protein, contains restriction enzyme R protein N terminal (HSDR_N) domain",1,1,1,2,676,252,1,,1082,1082,1082,,JCOPOM_16035,
group_1290,Recombinase,Recombinase,1,1,1,3,47,174,1,,410,410,410,,JCOPOM_16320,
Translation initiation inhibitor,,Translation initiation inhibitor,1,1,1,3,48,174,2,,272,272,272,,JCOPOM_16325,
group_1292,DUF1800 domain-containing protein,DUF1800 domain-containing protein,1,1,1,3,49,174,3,,806,806,806,,JCOPOM_16330,
Zn-dependent exopeptidase M28,,Zn-dependent exopeptidase M28,1,1,1,3,50,174,4,,260,260,260,,JCOPOM_16335,
group_1294,HNH endonuclease,HNH endonuclease,1,1,1,3,51,174,5,,611,611,611,,JCOPOM_16340,
group_1295,hypothetical protein,hypothetical protein,1,1,1,3,52,174,6,,194,194,194,,JCOPOM_16345,
group_1296,Acetyltransferase,Acetyltransferase,1,1,1,3,53,174,7,,491,491,491,,JCOPOM_16350,
group_1297,hypothetical protein,hypothetical protein,1,1,1,3,54,174,10,,461,461,461,,JCOPOM_16355,
group_1298,HEPN domain-containing protein,HEPN domain-containing protein,1,1,1,3,55,174,9,,302,302,302,,JCOPOM_16360,
group_1299,dfsB,DUF1706 domain-containing protein,1,1,1,3,56,174,8,,509,509,509,,JCOPOM_16365,
group_1300,Restriction endonuclease,Restriction endonuclease,1,1,1,3,173,189,1,,428,428,428,,JCOPOM_16960,
reverse transcriptase domain-containing protein,,reverse transcriptase domain-containing protein,1,1,1,3,174,189,2,,3713,3713,3713,,JCOPOM_16965,
polC,,"DNA polymerase III, alpha subunit (gram-positive type)",1,1,1,3,175,189,3,,644,644,644,,JCOPOM_16970,
group_1303,hypothetical protein,hypothetical protein,1,1,1,3,176,189,4,,116,116,116,,JCOPOM_16975,
group_1304,methyltransferase domain-containing protein,methyltransferase domain-containing protein,1,1,1,3,184,212,1,,437,437,437,,JCOPOM_17015,
group_1305,methyltransferase domain-containing protein,methyltransferase domain-containing protein,1,1,1,3,185,212,2,,311,311,311,,JCOPOM_17020,
group_1306,Transposase,Transposase,1,1,1,6,103,240,1,,89,89,89,,JCOPOM_17810,
group_1307,Pilus assembly protein,Pilus assembly protein,1,1,1,6,108,294,1,,1241,1241,1241,,JCOPOM_17830,
group_1308,tadC,Flp pilus assembly protein TadC,1,1,1,5,465,200,2,,866,866,866,,JCOPOM_18225,
group_1309,tadB,Flp pilus assembly protein TadB,1,1,1,5,466,200,1,,914,914,914,,JCOPOM_18230,
group_1310,Flp family type IVb pilin,Flp family type IVb pilin,1,1,1,5,471,274,1,,242,242,242,,JCOPOM_18260,
group_1311,alkP,"Arylsulfatase A or related enzyme, AlkP superfamily",1,1,1,5,463,231,1,,1547,1547,1547,,JCOPOM_18445,
group_1312,pcaH,"Protocatechuate 3,4-dioxygenase beta subunit",1,1,1,5,547,248,1,,536,536,536,,JCOPOM_18625,
SMI1/KNR4 family protein,,SMI1/KNR4 family protein,1,1,1,5,2,210,1,,695,695,695,,JCOPOM_18895,
Asparagine synthetase domain-containing protein,,Asparagine synthetase domain-containing protein,1,1,1,5,1,210,2,,473,473,473,,JCOPOM_18900,
group_1315,Transposase,Transposase,1,1,1,1,102,277,1,,287,287,287,,JCOPOM_18910,
group_1316,mshA,MSHA biogenesis protein MshA,1,1,1,1,122,295,1,,491,491,491,,JCOPOM_19010,
group_1317,mshP,MSHA biogenesis protein MshP,1,1,1,1,130,214,2,,443,443,443,,JCOPOM_19035,
group_1318,DUF6701 domain-containing protein,DUF6701 domain-containing protein,1,1,1,1,131,214,1,,4289,4289,4289,,JCOPOM_19040,
group_1319,xerC,Tyrosine recombinase XerC,1,1,1,8,64,299,1,,1184,1184,1184,,JCOPOM_19500,
Addiction module antitoxin,,Addiction module antitoxin,1,1,1,8,73,172,8,,503,503,503,,JCOPOM_19520,
group_1321,site-specific DNA-methyltransferase (adenine-specific),site-specific DNA-methyltransferase (adenine-specific),1,1,1,8,74,172,9,,1982,1982,1982,,JCOPOM_19525,
group_1322,restriction endonuclease subunit S,restriction endonuclease subunit S,1,1,1,8,75,172,10,,1328,1328,1328,,JCOPOM_19530,
group_1323,type I site-specific deoxyribonuclease,type I site-specific deoxyribonuclease,1,1,1,8,76,172,11,,3224,3224,3224,,JCOPOM_19535,
group_1324,AAA family ATPase,AAA family ATPase,1,1,1,8,77,172,7,,1514,1514,1514,,JCOPOM_19540,
group_1325,HNH endonuclease,HNH endonuclease,1,1,1,8,78,172,6,,857,857,857,,JCOPOM_19545,
rhuM,,"Uncharacterized protein RhuM, Salmonella virulence factor",1,1,1,8,79,172,5,,1025,1025,1025,,JCOPOM_19550,
HEPN domain-containing protein,,HEPN domain-containing protein,1,1,1,8,80,172,4,,578,578,578,,JCOPOM_19555,
V-type ATP synthase subunit D,,V-type ATP synthase subunit D,1,1,1,8,81,172,3,,509,509,509,,JCOPOM_19560,
"putative DNA-binding transcriptional regulator, helix-turn-helix domain protein",,"putative DNA-binding transcriptional regulator, helix-turn-helix domain protein",1,1,1,8,82,172,2,,209,209,209,,JCOPOM_19565,
group_1330,pgaD,"Poly-beta-1,6-N-acetyl-D-glucosamine biosynthesis protein PgaD",1,1,1,8,83,172,1,,383,383,383,,JCOPOM_19570,
FUSC family protein,,FUSC family protein,1,1,1,1,673,168,5,,1247,1247,1247,,JCOPOM_19830,
hlyD,,HlyD family secretion protein,1,1,1,1,674,168,6,,863,863,863,,JCOPOM_19835,
group_1333,DUF1656 domain-containing protein,DUF1656 domain-containing protein,1,1,1,1,675,168,7,,212,212,212,,JCOPOM_19840,
group_1334,Cation transporter,Cation transporter,1,1,1,1,676,168,8,,941,941,941,,JCOPOM_19845,
group_1335,Amino acid permease,Amino acid permease,1,1,1,1,677,168,9,,1340,1340,1340,,JCOPOM_19850,
Amino acid ABC transporter substrate-binding protein,,Amino acid ABC transporter substrate-binding protein,1,1,1,1,678,168,10,,878,878,878,,JCOPOM_19855,
group_1337,potE,putrescine-ornithine antiporter,1,1,1,1,679,168,11,,1343,1343,1343,,JCOPOM_19860,
Arginine decarboxylase,,Arginine decarboxylase,1,1,1,1,680,168,12,,2294,2294,2294,,JCOPOM_19865,
adiA,,arginine decarboxylase,1,1,1,1,681,168,13,,2294,2294,2294,,JCOPOM_19870,
group_1340,pdxY,pyridoxal kinase PdxY,1,1,1,1,682,168,4,,857,857,857,,JCOPOM_19875,
Phospholipase,,Phospholipase,1,1,1,1,683,168,3,,1181,1181,1181,,JCOPOM_19880,
DUF3168 domain-containing protein,,DUF3168 domain-containing protein,1,1,1,1,684,168,2,,428,428,428,,JCOPOM_19885,
group_1343,lysR,LysR family transcriptional regulator,1,1,1,1,685,168,1,,917,917,917,,JCOPOM_19890,
group_1344,hypothetical protein,hypothetical protein,1,1,1,1,669,265,1,,164,164,164,,JCOPOM_19900,
group_1345,Peptidase-S9 domain-containing protein,Peptidase-S9 domain-containing protein,1,1,1,1,649,201,1,,1655,1655,1655,,JCOPOM_19990,
LVIVD repeat-containing protein,,LVIVD repeat-containing protein,1,1,1,1,648,201,2,,1256,1256,1256,,JCOPOM_19995,
group_1347,ompA,OmpA family protein,1,1,1,1,647,201,3,,4742,4742,4742,,JCOPOM_20000,
HATPase-c-4 domain-containing protein,,HATPase-c-4 domain-containing protein,1,1,1,1,84,184,3,,752,752,752,,JCOPOM_20125,
group_1349,hypothetical protein,hypothetical protein,1,1,1,1,83,184,4,,536,536,536,,JCOPOM_20130,
Plasmid pRiA4b ORF-3 family protein,,Plasmid pRiA4b ORF-3 family protein,1,1,1,1,82,184,5,,491,491,491,,JCOPOM_20135,
group_1351,parB,Chromosome partitioning protein ParB,1,1,1,1,81,184,2,,491,491,491,,JCOPOM_20140,
group_1352,Integrase,Integrase,1,1,1,9,28,165,1,,1253,1253,1253,,JCOPOM_20395,
traM,,Conjugal transfer protein TraM,1,1,1,9,27,165,2,,449,449,449,,JCOPOM_20400,
group_1354,Type I restriction enzyme endonuclease subunit,Type I restriction enzyme endonuclease subunit,1,1,1,9,26,165,3,,3122,3122,3122,,JCOPOM_20405,
Cell filamentation protein Fic,,Cell filamentation protein Fic,1,1,1,9,25,165,4,,1031,1031,1031,,JCOPOM_20410,
Anticodon nuclease,,Anticodon nuclease,1,1,1,9,24,165,5,,1133,1133,1133,,JCOPOM_20415,
group_1357,Restriction endonuclease subunit S,Restriction endonuclease subunit S,1,1,1,9,23,165,6,,1247,1247,1247,,JCOPOM_20420,
group_1358,type I restriction-modification system subunit M,type I restriction-modification system subunit M,1,1,1,9,22,165,7,,1544,1544,1544,,JCOPOM_20425,
GIY-YIG domain-containing protein,,GIY-YIG domain-containing protein,1,1,1,9,21,165,8,,866,866,866,,JCOPOM_20430,
UvrD-like helicase C-terminal domain,,UvrD-like helicase C-terminal domain,1,1,1,9,20,165,9,,2696,2696,2696,,JCOPOM_20435,
group_1361,MPN domain-containing protein,MPN domain-containing protein,1,1,1,9,19,165,10,,467,467,467,,JCOPOM_20440,
group_1362,Transposase,Transposase,1,1,1,9,18,165,11,,449,449,449,,JCOPOM_20445,
group_1363,DUF2787 domain-containing protein,DUF2787 domain-containing protein,1,1,1,9,17,165,12,,431,431,431,,JCOPOM_20450,
DUF1232 domain-containing protein,,DUF1232 domain-containing protein,1,1,1,9,16,165,13,,338,338,338,,JCOPOM_20455,
group_1365,DNA primase,DNA primase,1,1,1,9,15,165,14,,251,251,251,,JCOPOM_20460,
group_1366,WYL domain-containing protein,WYL domain-containing protein,1,1,1,9,14,165,15,,992,992,992,,JCOPOM_20465,
group_1367,Transcriptional regulator,Transcriptional regulator,1,1,1,9,13,165,16,,221,221,221,,JCOPOM_20470,
G domain-containing protein,,G domain-containing protein,1,1,1,9,12,165,17,,989,989,989,,JCOPOM_20475,
group_1369,Signal peptide protein,Signal peptide protein,1,1,1,9,11,165,23,,446,446,446,,JCOPOM_20480,
Initiation,,Initiation,1,1,1,9,10,165,22,,644,644,644,,JCOPOM_20485,
group_1371,Helix-turn-helix domain-containing protein,Helix-turn-helix domain-containing protein,1,1,1,9,9,165,21,,1034,1034,1034,,JCOPOM_20490,
group_1372,Transposase,Transposase,1,1,1,9,8,165,20,,671,671,671,,JCOPOM_20495,
group_1373,DUF4065 domain-containing protein,DUF4065 domain-containing protein,1,1,1,9,7,165,19,,467,467,467,,JCOPOM_20500,
RelA-SpoT domain-containing protein,,RelA-SpoT domain-containing protein,1,1,1,9,6,165,18,,1223,1223,1223,,JCOPOM_20505,
Homoserine dehydrogenase,,Homoserine dehydrogenase,1,1,1,4,634,204,2,,1262,1262,1262,,JCOPOM_20545,
group_1376,Restriction endonuclease,Restriction endonuclease,1,1,1,4,633,204,3,,1043,1043,1043,,JCOPOM_20550,
group_1377,hypothetical protein,hypothetical protein,1,1,1,4,632,204,1,,350,350,350,,JCOPOM_20555,
group_1378,Secreted protein,Secreted protein,1,1,1,4,563,301,1,,650,650,650,,JCOPOM_20810,
group_1379,Transposase,Transposase,1,1,1,4,652,289,1,,665,665,665,,JCOPOM_20865,
group_1380,AAA family ATPase,AAA family ATPase,1,1,1,4,645,177,1,,353,353,353,,JCOPOM_20890,
DUF4349 domain-containing protein,,DUF4349 domain-containing protein,1,1,1,4,644,177,8,,608,608,608,,JCOPOM_20895,
group_1382,trbB,P-type conjugative transfer ATPase TrbB,1,1,1,4,643,177,7,,947,947,947,,JCOPOM_20900,
group_1383,DUF3265 domain-containing protein,DUF3265 domain-containing protein,1,1,1,4,642,177,6,,197,197,197,,JCOPOM_20905,
Metallothionein,,Metallothionein,1,1,1,4,641,177,5,,155,155,155,,JCOPOM_20910,
DUF3110 domain-containing protein,,DUF3110 domain-containing protein,1,1,1,4,640,177,4,,284,284,284,,JCOPOM_20915,
type I restriction endonuclease subunit M,,type I restriction endonuclease subunit M,1,1,1,4,639,177,3,,338,338,338,,JCOPOM_20920,
group_1387,FH2 domain-containing protein,FH2 domain-containing protein,1,1,1,4,638,177,2,,284,284,284,,JCOPOM_20925,
Pseudouridine synthase,,Pseudouridine synthase,1,1,1,1,15,232,1,,1061,1061,1061,,JCOPOM_21320,
group_1389,Transcriptional regulator,Transcriptional regulator,1,1,1,1,23,279,1,,116,116,116,,JCOPOM_21365,
group_1390,Kazal-like domain-containing protein,Kazal-like domain-containing protein,1,1,1,1,43,263,1,,86,86,86,,JCOPOM_21460,
group_1391,"Acetyltransferase, gnat family","Acetyltransferase, gnat family",1,1,1,2,907,191,4,,470,470,470,,JCOPOM_21785,
Short-chain dehydrogenase,,Short-chain dehydrogenase,1,1,1,2,906,191,3,,731,731,731,,JCOPOM_21790,
"Acetyltransferase, gnat family",,"Acetyltransferase, gnat family",1,1,1,2,905,191,2,,515,515,515,,JCOPOM_21795,
group_1394,napC,Tetraheme cytochrome c subunit NapC of nitrate or TMAO reductase,1,1,1,2,904,191,1,,1094,1094,1094,,JCOPOM_21800,
group_1395,tauB,"ABC-type nitrate/sulfonate/bicarbonate transport system, ATPase component",1,1,1,2,896,264,1,,758,758,758,,JCOPOM_21840,
group_1396,hPtr,HPt (histidine-containing phosphotransfer) domain,1,1,1,11,19,272,1,,335,335,335,,JCOPOM_21915,
Type II secretion system protein G,,Type II secretion system protein G,1,1,1,11,22,259,1,,527,527,527,,JCOPOM_21925,
group_1398,hypothetical protein,hypothetical protein,1,1,1,4,27,267,1,,191,191,191,,JCOPOM_22150,
group_1399,mshP,MSHA biogenesis protein MshP,1,1,1,4,676,229,1,,584,584,584,,JCOPOM_22245,
group_1400,Type IV pilin,Type IV pilin,1,1,1,4,677,229,2,,527,527,527,,JCOPOM_22250,
group_1401,Site-specific DNA-methyltransferase (adenine-specific),Site-specific DNA-methyltransferase (adenine-specific),1,1,1,4,1,,,,1979,1979,1979,,JCOPOM_22460,
Elongation factor Tu,,Elongation factor Tu,1,1,1,7,49,235,1,,137,137,137,,JCOPOM_22465,
group_1403,TPR-REGION domain-containing protein,TPR-REGION domain-containing protein,1,1,1,12,15,186,1,,509,509,509,,JCOPOM_22950,
group_1404,hypothetical protein,hypothetical protein,1,1,1,12,16,186,2,,467,467,467,,JCOPOM_22955,
group_1405,hypothetical protein,hypothetical protein,1,1,1,12,17,186,4,,419,419,419,,JCOPOM_22960,
group_1406,hypothetical protein,hypothetical protein,1,1,1,12,18,186,3,,185,185,185,,JCOPOM_22965,
TIR domain-containing protein,,TIR domain-containing protein,1,1,1,12,20,187,1,,539,539,539,,JCOPOM_22975,
nuclear transport factor 2 family protein,,nuclear transport factor 2 family protein,1,1,1,12,21,187,4,,380,380,380,,JCOPOM_22980,
group_1409,hypothetical protein,hypothetical protein,1,1,1,12,23,187,2,,572,572,572,,JCOPOM_22990,
Recombination protein N,,Recombination protein N,1,1,1,12,34,163,3,,1499,1499,1499,,JCOPOM_23005,
group_1411,dinB,Uncharacterized damage-inducible protein DinB (Forms a four-helix bundle),1,1,1,12,35,163,4,,497,497,497,,JCOPOM_23010,
group_1412,hypothetical protein,hypothetical protein,1,1,1,12,36,163,5,,587,587,587,,JCOPOM_23015,
group_1413,VOC domain-containing protein,VOC domain-containing protein,1,1,1,12,37,163,6,,416,416,416,,JCOPOM_23020,
group_1414,parA,Chromosome partitioning protein ParA,1,1,1,12,38,163,7,,749,749,749,,JCOPOM_23025,
UPF0145 protein,,UPF0145 protein,1,1,1,12,41,163,10,,533,533,533,,JCOPOM_23040,
HEPN-MAE-28990 domain-containing protein,,HEPN-MAE-28990 domain-containing protein,1,1,1,12,42,163,11,,941,941,941,,JCOPOM_23045,
group_1417,Phage protein,Phage protein,1,1,1,12,43,163,12,,449,449,449,,JCOPOM_23050,
group_1418,hypothetical protein,hypothetical protein,1,1,1,12,44,163,13,,113,113,113,,JCOPOM_23055,
merR,,MerR family transcriptional regulator,1,1,1,12,45,163,14,,509,509,509,,JCOPOM_23060,
dfsB,,DUF1706 domain-containing protein,1,1,1,12,46,163,15,,521,521,521,,JCOPOM_23065,
group_1421,N-acetyltransferase domain-containing protein,N-acetyltransferase domain-containing protein,1,1,1,12,47,163,16,,464,464,464,,JCOPOM_23070,
Aa-trans domain-containing protein,,Aa-trans domain-containing protein,1,1,1,12,48,163,17,,404,404,404,,JCOPOM_23075,
group_1423,lysE,Lysine transporter LysE,1,1,1,12,49,163,18,,617,617,617,,JCOPOM_23080,
PH domain-containing protein,,PH domain-containing protein,1,1,1,12,50,163,19,,308,308,308,,JCOPOM_23085,
DUF6615 domain-containing protein,,DUF6615 domain-containing protein,1,1,1,12,51,163,20,,782,782,782,,JCOPOM_23090,
Glyoxalase domain-containing protein,,Glyoxalase domain-containing protein,1,1,1,12,52,163,21,,365,365,365,,JCOPOM_23095,
Phage-int-SAM-5 domain-containing protein,,Phage-int-SAM-5 domain-containing protein,1,1,1,12,53,163,22,,713,713,713,,JCOPOM_23100,
group_1428,hypothetical protein,hypothetical protein,1,1,1,12,54,163,23,,1220,1220,1220,,JCOPOM_23105,
GFA family protein,,GFA family protein,1,1,1,12,55,163,24,,512,512,512,,JCOPOM_23110,
Adenylate kinase,,Adenylate kinase,1,1,1,12,56,163,25,,533,533,533,,JCOPOM_23115,
DUF2971 domain-containing protein,,DUF2971 domain-containing protein,1,1,1,12,93,163,26,,743,743,743,,JCOPOM_23120,
group_1432,Helix-turn-helix domain-containing protein,Helix-turn-helix domain-containing protein,1,1,1,12,92,163,27,,611,611,611,,JCOPOM_23125,
group_1433,hypothetical protein,hypothetical protein,1,1,1,12,91,163,28,,668,668,668,,JCOPOM_23130,
DNA topology modulation protein,,DNA topology modulation protein,1,1,1,12,90,163,29,,497,497,497,,JCOPOM_23135,
group_1435,DUF2489 domain-containing protein,DUF2489 domain-containing protein,1,1,1,12,89,163,2,,596,596,596,,JCOPOM_23140,
group_1436,hypothetical protein,hypothetical protein,1,1,1,12,88,163,1,,584,584,584,,JCOPOM_23145,
group_1437,FRG domain-containing protein,FRG domain-containing protein,1,1,1,12,84,194,1,,698,698,698,,JCOPOM_23155,
group_1438,hypothetical protein,hypothetical protein,1,1,1,12,83,194,4,,572,572,572,,JCOPOM_23160,
group_1439,DUF3265 domain-containing protein,DUF3265 domain-containing protein,1,1,1,12,82,194,3,,353,353,353,,JCOPOM_23165,
group_1440,SMI1/KNR4 family protein,SMI1/KNR4 family protein,1,1,1,12,81,194,2,,902,902,902,,JCOPOM_23170,
group_1441,thiS,sulfur carrier protein ThiS,1,1,1,13,29,283,1,,203,203,203,,JCOPOM_23195,
group_1442,araC,AraC-type DNA-binding domain and AraC-containing proteins,1,1,1,13,14,262,1,,842,842,842,,JCOPOM_23270,
group_1443,Transposase,Transposase,1,1,1,50,4,175,1,,458,458,458,,JCOPOM_23535,
group_1444,parA,Chromosome partitioning protein ParA,1,1,1,50,5,175,2,,665,665,665,,JCOPOM_23540,
group_1445,copG,CopG family transcriptional regulator,1,1,1,50,6,175,3,,320,320,320,,JCOPOM_23545,
Alpha-helical coiled coil protein,,Alpha-helical coiled coil protein,1,1,1,50,7,175,4,,986,986,986,,JCOPOM_23550,
Cold-shock protein,,Cold-shock protein,1,1,1,50,8,175,5,,674,674,674,,JCOPOM_23555,
group_1448,Phosphatidylinositol kinase,Phosphatidylinositol kinase,1,1,1,50,9,175,6,,824,824,824,,JCOPOM_23560,
group_1449,recF,Recombinase RecF,1,1,1,50,10,175,7,,2333,2333,2333,,JCOPOM_23565,
Type II restriction endonuclease,,Type II restriction endonuclease,1,1,1,50,3,175,8,,665,665,665,,JCOPOM_23570,
CTD1 domain-containing protein,,CTD1 domain-containing protein,1,1,1,50,2,175,10,,1229,1229,1229,,JCOPOM_23575,
group_1452,ribD,bifunctional diaminohydroxyphosphoribosylaminopyrimidine deaminase/5-amino-6-(5-phosphoribosylamino)uracil reductase RibD,1,1,1,48,1,169,11,,380,380,380,,JCOPOM_23635,
group_1453,N-acetyltransferase domain-containing protein,N-acetyltransferase domain-containing protein,1,1,1,48,2,169,12,,521,521,521,,JCOPOM_23640,
group_1454,hypothetical protein,hypothetical protein,1,1,1,48,3,169,13,,392,392,392,,JCOPOM_23645,
group_1455,hypothetical protein,hypothetical protein,1,1,1,48,4,169,10,,527,527,527,,JCOPOM_23650,
group_1456,DUF4760 domain-containing protein,DUF4760 domain-containing protein,1,1,1,48,5,169,9,,488,488,488,,JCOPOM_23655,
group_1457,hypothetical protein,hypothetical protein,1,1,1,48,6,169,8,,368,368,368,,JCOPOM_23660,
group_1458,HEPN-AbiU2 domain-containing protein,HEPN-AbiU2 domain-containing protein,1,1,1,48,7,169,7,,656,656,656,,JCOPOM_23665,
DUF4238 domain-containing protein,,DUF4238 domain-containing protein,1,1,1,48,8,169,6,,1028,1028,1028,,JCOPOM_23670,
DUF3630 domain-containing protein,,DUF3630 domain-containing protein,1,1,1,48,9,169,5,,308,308,308,,JCOPOM_23675,
group_1461,DUF4440 domain-containing protein,DUF4440 domain-containing protein,1,1,1,48,10,169,4,,374,374,374,,JCOPOM_23680,
group_1462,DUF4145 domain-containing protein,DUF4145 domain-containing protein,1,1,1,48,11,169,3,,710,710,710,,JCOPOM_23685,
group_1463,Transmembrane protein,Transmembrane protein,1,1,1,48,12,169,2,,992,992,992,,JCOPOM_23690,
HEPN-AbiU2 domain-containing protein,,HEPN-AbiU2 domain-containing protein,1,1,1,48,13,169,1,,710,710,710,,JCOPOM_23695,
DUF4917 domain-containing protein,,DUF4917 domain-containing protein,1,1,1,49,9,171,1,,998,998,998,,JCOPOM_23700,
group_1466,N-acetyltransferase,N-acetyltransferase,1,1,1,49,10,171,2,,425,425,425,,JCOPOM_23705,
group_1467,hypothetical protein,hypothetical protein,1,1,1,49,11,171,3,,1301,1301,1301,,JCOPOM_23710,
group_1468,rimL,"Protein N-acetyltransferase, RimJ/RimL family",1,1,1,49,12,171,4,,476,476,476,,JCOPOM_23715,
group_1469,TPR-REGION domain-containing protein,TPR-REGION domain-containing protein,1,1,1,49,8,171,5,,320,320,320,,JCOPOM_23720,
ABC transporter ATP-binding protein,,ABC transporter ATP-binding protein,1,1,1,49,6,171,12,,365,365,365,,JCOPOM_23730,
Integral membrane protein,,Integral membrane protein,1,1,1,49,5,171,11,,329,329,329,,JCOPOM_23735,
group_1472,Endonuclease,Endonuclease,1,1,1,49,3,171,9,,260,260,260,,JCOPOM_23745,
group_1473,Endonuclease,Endonuclease,1,1,1,49,2,171,8,,374,374,374,,JCOPOM_23750,
tadF,,Pilus assembly protein TadF,1,1,1,11,4,205,3,,578,578,578,,JCOPOM_23785,
group_1475,Pilus assembly protein,Pilus assembly protein,1,1,1,11,3,205,2,,542,542,542,,JCOPOM_23790,
tadD,,"Flp pilus assembly protein TadD, contains TPR repeats",1,1,1,11,2,205,1,,899,899,899,,JCOPOM_23795,
group_1477,Structural protein,Structural protein,1,1,1,4,222,190,4,,491,491,491,,JCOPOM_23835,
Peptidoglycan-binding protein,,Peptidoglycan-binding protein,1,1,1,4,221,190,3,,890,890,890,,JCOPOM_23840,
group_1479,IS3 family transposase,IS3 family transposase,1,1,1,4,220,190,2,,800,800,800,,JCOPOM_23845,
group_1480,Transposase,Transposase,1,1,1,4,219,190,1,,308,308,308,,JCOPOM_23850,
group_1481,hypothetical protein,hypothetical protein,1,1,1,52,1,192,4,,134,134,134,,JCOPOM_23915,
Cation-ATPase-N domain-containing protein,,Cation-ATPase-N domain-containing protein,1,1,1,52,2,192,3,,1007,1007,1007,,JCOPOM_23920,
group_1483,Transmembrane protein,Transmembrane protein,1,1,1,52,3,192,2,,419,419,419,,JCOPOM_23925,
group_1484,hypothetical protein,hypothetical protein,1,1,1,52,4,192,1,,530,530,530,,JCOPOM_23935,
group_1485,IDEAL domain-containing protein,IDEAL domain-containing protein,1,1,1,51,5,179,5,,206,206,206,,JCOPOM_23940,
group_1486,Lipoprotein,Lipoprotein,1,1,1,51,6,179,6,,476,476,476,,JCOPOM_23945,
group_1487,Secreted protein,Secreted protein,1,1,1,51,4,179,4,,155,155,155,,JCOPOM_23950,
pirA,,PirA,1,1,1,51,3,179,3,,335,335,335,,JCOPOM_23955,
pirB,,PirB,1,1,1,51,2,179,2,,1316,1316,1316,,JCOPOM_23960,
DDE-Tnp-1-7 domain-containing protein,,DDE-Tnp-1-7 domain-containing protein,1,1,1,51,1,179,1,,479,479,479,,JCOPOM_23965,
HNHc domain-containing protein,,HNHc domain-containing protein,1,1,1,53,3,203,2,,1079,1079,1079,,JCOPOM_23970,
Phage-Mu-F domain-containing protein,,Phage-Mu-F domain-containing protein,1,1,1,53,2,203,3,,548,548,548,,JCOPOM_23975,
group_1493,DUF4178 domain-containing protein,DUF4178 domain-containing protein,1,1,1,53,1,203,1,,338,338,338,,JCOPOM_23980,
group_1494,hypothetical protein,hypothetical protein,1,1,1,1,89,,,,104,104,104,,JCOPOM_24010,
pentapeptide repeat-containing protein,,pentapeptide repeat-containing protein,1,1,1,55,2,224,2,Investigate,212,212,212,,JCOPOM_24015,
qnrD,,QnrD family quinolone resistance pentapeptide repeat protein,1,1,1,55,1,224,1,Investigate,359,359,359,,JCOPOM_24020,
group_1497,Transposase,Transposase,1,1,1,65,2,213,2,Investigate,311,311,311,,JCOPOM_24030,
Integrase catalytic domain-containing protein,,Integrase catalytic domain-containing protein,1,1,1,65,1,213,1,Investigate,626,626,626,,JCOPOM_24035,
NIPSNAP domain-containing protein,,NIPSNAP domain-containing protein,1,1,1,59,1,208,1,Investigate,305,305,305,,JCOPOM_24040,
group_1500,Conserved domain protein,Conserved domain protein,1,1,1,59,2,208,2,Investigate,437,437,437,,JCOPOM_24045,
group_1501,polC,"DNA polymerase III, alpha subunit (gram-positive type)",1,1,1,67,2,209,1,Investigate,554,554,554,,JCOPOM_24050,
group_1502,hypothetical protein,hypothetical protein,1,1,1,67,1,209,2,Investigate,302,302,302,,JCOPOM_24055,
group_1503,IS3 family transposase,IS3 family transposase,1,1,1,58,1,211,1,Investigate,122,122,122,,JCOPOM_24065,
group_1504,N-acetyltransferase domain-containing protein,N-acetyltransferase domain-containing protein,1,1,1,57,1,226,1,Investigate,440,440,440,,JCOPOM_24070,
Txe/YoeB family addiction module toxin,,Txe/YoeB family addiction module toxin,1,1,1,60,1,217,1,Investigate,269,269,269,,JCOPOM_24075,
group_1506,stbD,"Antitoxin component YafN of the YafNO toxin-antitoxin module, PHD/YefM family",1,1,1,60,2,217,2,Investigate,254,254,254,,JCOPOM_24080,
SCP2 domain-containing protein,,SCP2 domain-containing protein,1,1,1,63,1,206,1,Investigate,320,320,320,,JCOPOM_24120,
group_1508,hypothetical protein,hypothetical protein,1,1,1,61,1,225,1,Investigate,260,260,260,,JCOPOM_24125,
group_1509,hypothetical protein,hypothetical protein,1,1,1,56,1,221,1,Investigate,197,197,197,,JCOPOM_24130,
group_1510,hypothetical protein,hypothetical protein,1,1,1,66,1,218,1,Investigate,140,140,140,,JCOPOM_24135,
group_1511,hypothetical protein,hypothetical protein,1,1,1,62,1,220,1,Investigate,230,230,230,,JCOPOM_24160,
group_1512,Transcriptional regulator,Transcriptional regulator,1,1,1,64,1,216,1,Investigate,89,89,89,,JCOPOM_24175,
group_1513,hypothetical protein,hypothetical protein,1,1,1,54,1,228,1,Investigate,101,101,101,,JCOPOM_24190,
"ATP synthase-coupling factor 6, mitochondrial",,"ATP synthase-coupling factor 6, mitochondrial",1,1,1,2,4,88,1,,287,287,287,,,JANPHL_01635
group_1515,hypothetical protein,hypothetical protein,1,1,1,1,1208,131,1,,257,257,257,,,JANPHL_07595
Na+/H+ antiporter subunit E,,Na+/H+ antiporter subunit E,1,1,1,46,1,78,1,Investigate,224,224,224,,,JANPHL_24830
proline racemase family protein,,proline racemase family protein,1,1,1,1,72,278,1,,404,404,404,,JCOPOM_03175,
group_2,hypothetical protein,hypothetical protein,1,1,1,2,620,,,,461,461,461,,JCOPOM_16315,
group_21,DUF4150 domain-containing protein,DUF4150 domain-containing protein,1,1,1,1,610,173,8,,1442,1442,1442,,JCOPOM_14735,
group_27,hypothetical protein,hypothetical protein,1,1,1,1,80,184,1,,335,335,335,,JCOPOM_20145,
group_3,hypothetical protein,hypothetical protein,1,1,1,5,464,200,3,,134,134,134,,JCOPOM_18220,
group_32,lysR,LysR family transcriptional regulator,1,1,1,2,16,249,1,,179,179,179,,JCOPOM_00540,
group_33,lysR,LysR substrate-binding domain-containing protein,1,1,1,11,8,282,1,,491,491,491,,JCOPOM_23760,
group_36,hypothetical protein,hypothetical protein,1,1,1,11,48,268,1,,119,119,119,,JCOPOM_22060,
Methylase family protein,,Methylase family protein,1,1,1,50,1,175,9,,530,530,530,,JCOPOM_23580,
group_443,MFS transporter,MFS transporter,1,1,1,12,39,163,8,,302,302,302,,JCOPOM_23030,
group_444,MFS transporter,MFS transporter,1,1,1,49,4,171,10,,302,302,302,,JCOPOM_23740,
group_446,mazG,"NTP pyrophosphatase, house-cleaning of non-canonical NTPs",1,1,1,12,22,187,3,,284,284,284,,JCOPOM_22985,
group_447,mazG,"NTP pyrophosphatase, house-cleaning of non-canonical NTPs",1,1,1,12,40,163,9,,284,284,284,,JCOPOM_23035,
group_448,DUF4282 domain-containing protein,DUF4282 domain-containing protein,1,1,1,49,7,171,6,,245,245,245,,JCOPOM_23725,
DUF4282 domain-containing protein,,DUF4282 domain-containing protein,1,1,1,49,1,171,7,,245,245,245,,JCOPOM_23755,
PBECR2 domain-containing protein,,PBECR2 domain-containing protein,1,1,1,4,25,100,1,,548,548,548,,,JANPHL_23555
