gene_family	present_AHPND_pos	absent_AHPND_pos	present_AHPND_neg	absent_AHPND_neg	odds_ratio	p_value	FDR
g02012	8	0	11	0	Inf	1	1
g03437	8	0	11	0	Inf	1	1
g02648	8	0	11	0	Inf	1	1
g03497	8	0	11	0	Inf	1	1
g03353	8	0	11	0	Inf	1	1
g00646	8	0	11	0	Inf	1	1
g02726	8	0	11	0	Inf	1	1
g04466	8	0	11	0	Inf	1	1
g03219	8	0	11	0	Inf	1	1
g03371	8	0	11	0	Inf	1	1
g01389	8	0	11	0	Inf	1	1
g03336	8	0	11	0	Inf	1	1
g01056	8	0	11	0	Inf	1	1
g04556	8	0	11	0	Inf	1	1
g03262	8	0	11	0	Inf	1	1
g01193	8	0	11	0	Inf	1	1
g01551	8	0	11	0	Inf	1	1
g02891	8	0	11	0	Inf	1	1
g01718	8	0	11	0	Inf	1	1
g02374	8	0	11	0	Inf	1	1
g00809	8	0	11	0	Inf	1	1
g02915	8	0	11	0	Inf	1	1
g01512	8	0	11	0	Inf	1	1
g02286	8	0	11	0	Inf	1	1
g00204	8	0	11	0	Inf	1	1
g00964	8	0	11	0	Inf	1	1
g00935	8	0	11	0	Inf	1	1
g01720	8	0	11	0	Inf	1	1
g01448	8	0	11	0	Inf	1	1
g03744	8	0	11	0	Inf	1	1
g04586	8	0	11	0	Inf	1	1
g01556	8	0	11	0	Inf	1	1
g00578	8	0	11	0	Inf	1	1
g00557	8	0	11	0	Inf	1	1
g02063	8	0	11	0	Inf	1	1
g00979	8	0	11	0	Inf	1	1
g02305	8	0	11	0	Inf	1	1
g01806	8	0	11	0	Inf	1	1
g01760	8	0	11	0	Inf	1	1
g00072	8	0	11	0	Inf	1	1
g01169	8	0	11	0	Inf	1	1
g02988	8	0	11	0	Inf	1	1
g02863	8	0	11	0	Inf	1	1
g01644	8	0	11	0	Inf	1	1
g02202	8	0	11	0	Inf	1	1
g01026	8	0	11	0	Inf	1	1
g00222	8	0	11	0	Inf	1	1
g01129	8	0	11	0	Inf	1	1
g00568	8	0	11	0	Inf	1	1
g00077	8	0	11	0	Inf	1	1
g00289	8	0	11	0	Inf	1	1
g00020	8	0	11	0	Inf	1	1
g00251	8	0	11	0	Inf	1	1
g03412	8	0	11	0	Inf	1	1
g01335	8	0	11	0	Inf	1	1
g04497	8	0	11	0	Inf	1	1
g00636	8	0	11	0	Inf	1	1
g03464	8	0	11	0	Inf	1	1
g02041	8	0	11	0	Inf	1	1
g02237	8	0	11	0	Inf	1	1
g00125	8	0	11	0	Inf	1	1
g02335	8	0	11	0	Inf	1	1
g01401	8	0	11	0	Inf	1	1
g01862	8	0	11	0	Inf	1	1
g00385	8	0	11	0	Inf	1	1
g00465	8	0	11	0	Inf	1	1
g02148	8	0	11	0	Inf	1	1
g02375	8	0	11	0	Inf	1	1
g02583	8	0	11	0	Inf	1	1
g03702	8	0	11	0	Inf	1	1
g01666	8	0	11	0	Inf	1	1
g00260	8	0	11	0	Inf	1	1
g01641	8	0	11	0	Inf	1	1
g00131	8	0	11	0	Inf	1	1
g00581	8	0	11	0	Inf	1	1
g00923	8	0	11	0	Inf	1	1
g01609	8	0	11	0	Inf	1	1
g03287	8	0	11	0	Inf	1	1
g02337	8	0	11	0	Inf	1	1
g01018	8	0	11	0	Inf	1	1
g01360	8	0	11	0	Inf	1	1
g01253	8	0	11	0	Inf	1	1
g01744	8	0	11	0	Inf	1	1
g00806	8	0	11	0	Inf	1	1
g02589	8	0	11	0	Inf	1	1
g02299	8	0	11	0	Inf	1	1
g01768	8	0	11	0	Inf	1	1
g01736	8	0	11	0	Inf	1	1
g01929	8	0	11	0	Inf	1	1
g00962	8	0	11	0	Inf	1	1
g03303	8	0	11	0	Inf	1	1
g00016	8	0	11	0	Inf	1	1
g01152	8	0	11	0	Inf	1	1
g00333	8	0	11	0	Inf	1	1
g02457	8	0	11	0	Inf	1	1
g01912	8	0	11	0	Inf	1	1
g01140	8	0	11	0	Inf	1	1
g01555	8	0	11	0	Inf	1	1
g01488	8	0	11	0	Inf	1	1
g00256	8	0	11	0	Inf	1	1
g00093	8	0	11	0	Inf	1	1
g01021	8	0	11	0	Inf	1	1
g01425	8	0	11	0	Inf	1	1
g00361	8	0	11	0	Inf	1	1
g03786	8	0	11	0	Inf	1	1
g00128	8	0	11	0	Inf	1	1
g02366	8	0	11	0	Inf	1	1
g02443	8	0	11	0	Inf	1	1
g01627	8	0	11	0	Inf	1	1
g00624	8	0	11	0	Inf	1	1
g00952	8	0	11	0	Inf	1	1
g00982	8	0	11	0	Inf	1	1
g01937	8	0	11	0	Inf	1	1
g00975	8	0	11	0	Inf	1	1
g02432	8	0	11	0	Inf	1	1
g02983	8	0	11	0	Inf	1	1
g01924	8	0	11	0	Inf	1	1
g04162	8	0	11	0	Inf	1	1
g00589	8	0	11	0	Inf	1	1
g03989	8	0	11	0	Inf	1	1
g00937	8	0	11	0	Inf	1	1
g03885	8	0	11	0	Inf	1	1
g04238	8	0	11	0	Inf	1	1
g02178	8	0	11	0	Inf	1	1
g00141	8	0	11	0	Inf	1	1
g03767	8	0	11	0	Inf	1	1
g00828	8	0	11	0	Inf	1	1
g02713	8	0	11	0	Inf	1	1
g02250	8	0	11	0	Inf	1	1
g00379	8	0	11	0	Inf	1	1
g00194	8	0	11	0	Inf	1	1
g00695	8	0	11	0	Inf	1	1
g02740	8	0	11	0	Inf	1	1
g00343	8	0	11	0	Inf	1	1
g02042	8	0	11	0	Inf	1	1
g01759	8	0	11	0	Inf	1	1
g02677	8	0	11	0	Inf	1	1
g00434	8	0	11	0	Inf	1	1
g01493	8	0	11	0	Inf	1	1
g00217	8	0	11	0	Inf	1	1
g00302	8	0	11	0	Inf	1	1
g01721	8	0	11	0	Inf	1	1
g00148	8	0	11	0	Inf	1	1
g01469	8	0	11	0	Inf	1	1
g01466	8	0	11	0	Inf	1	1
g02120	8	0	11	0	Inf	1	1
g00069	8	0	11	0	Inf	1	1
g01210	8	0	11	0	Inf	1	1
g01586	8	0	11	0	Inf	1	1
g00171	8	0	11	0	Inf	1	1
g02557	8	0	11	0	Inf	1	1
g02842	8	0	11	0	Inf	1	1
g00542	8	0	11	0	Inf	1	1
g02634	8	0	11	0	Inf	1	1
g01476	8	0	11	0	Inf	1	1
g00892	8	0	11	0	Inf	1	1
g01836	8	0	11	0	Inf	1	1
g01669	8	0	11	0	Inf	1	1
g02028	8	0	11	0	Inf	1	1
g02687	8	0	11	0	Inf	1	1
g00573	8	0	11	0	Inf	1	1
g01031	8	0	11	0	Inf	1	1
g01571	8	0	11	0	Inf	1	1
g00529	8	0	11	0	Inf	1	1
g01470	8	0	11	0	Inf	1	1
g02213	8	0	11	0	Inf	1	1
g02440	8	0	11	0	Inf	1	1
g04551	8	0	11	0	Inf	1	1
g02143	8	0	11	0	Inf	1	1
g02447	8	0	11	0	Inf	1	1
g02451	8	0	11	0	Inf	1	1
g00867	8	0	11	0	Inf	1	1
g01004	8	0	11	0	Inf	1	1
g01273	8	0	11	0	Inf	1	1
g00268	8	0	11	0	Inf	1	1
g00803	8	0	11	0	Inf	1	1
g02518	8	0	11	0	Inf	1	1
g00752	8	0	11	0	Inf	1	1
g00508	8	0	11	0	Inf	1	1
g01580	8	0	11	0	Inf	1	1
g01815	8	0	11	0	Inf	1	1
g02383	8	0	11	0	Inf	1	1
g01532	8	0	11	0	Inf	1	1
g00944	8	0	11	0	Inf	1	1
g01375	8	0	11	0	Inf	1	1
g01528	8	0	11	0	Inf	1	1
g00089	8	0	11	0	Inf	1	1
g02048	8	0	11	0	Inf	1	1
g01612	8	0	11	0	Inf	1	1
g00733	8	0	11	0	Inf	1	1
g02599	8	0	11	0	Inf	1	1
g00449	8	0	11	0	Inf	1	1
g01386	8	0	11	0	Inf	1	1
g00159	8	0	11	0	Inf	1	1
g04413	8	0	11	0	Inf	1	1
g01608	8	0	11	0	Inf	1	1
g00974	8	0	11	0	Inf	1	1
g00043	8	0	11	0	Inf	1	1
g02499	8	0	11	0	Inf	1	1
g00281	8	0	11	0	Inf	1	1
g00562	8	0	11	0	Inf	1	1
g00861	8	0	11	0	Inf	1	1
g01309	8	0	11	0	Inf	1	1
g01390	8	0	11	0	Inf	1	1
g03606	8	0	11	0	Inf	1	1
g02014	8	0	11	0	Inf	1	1
g00398	8	0	11	0	Inf	1	1
g04414	8	0	11	0	Inf	1	1
g01741	8	0	11	0	Inf	1	1
g00725	8	0	11	0	Inf	1	1
g01114	8	0	11	0	Inf	1	1
g02744	8	0	11	0	Inf	1	1
g04301	8	0	11	0	Inf	1	1
g03408	8	0	11	0	Inf	1	1
g01915	8	0	11	0	Inf	1	1
g01892	8	0	11	0	Inf	1	1
g00050	8	0	11	0	Inf	1	1
g01171	8	0	11	0	Inf	1	1
g00079	8	0	11	0	Inf	1	1
g01494	8	0	11	0	Inf	1	1
g01565	8	0	11	0	Inf	1	1
g01716	8	0	11	0	Inf	1	1
g00926	8	0	11	0	Inf	1	1
g00206	8	0	11	0	Inf	1	1
g00643	8	0	11	0	Inf	1	1
g02795	8	0	11	0	Inf	1	1
g01096	8	0	11	0	Inf	1	1
g00474	8	0	11	0	Inf	1	1
g00745	8	0	11	0	Inf	1	1
g00421	8	0	11	0	Inf	1	1
g00389	8	0	11	0	Inf	1	1
g00883	8	0	11	0	Inf	1	1
g00747	8	0	11	0	Inf	1	1
g01442	8	0	11	0	Inf	1	1
g00650	8	0	11	0	Inf	1	1
g01194	8	0	11	0	Inf	1	1
g00396	8	0	11	0	Inf	1	1
g03559	8	0	11	0	Inf	1	1
g04564	8	0	11	0	Inf	1	1
g04290	8	0	11	0	Inf	1	1
g00329	8	0	11	0	Inf	1	1
g00425	8	0	11	0	Inf	1	1
g01550	8	0	11	0	Inf	1	1
g00700	8	0	11	0	Inf	1	1
g02768	8	0	11	0	Inf	1	1
g01868	8	0	11	0	Inf	1	1
g01574	8	0	11	0	Inf	1	1
g01630	8	0	11	0	Inf	1	1
g02565	8	0	11	0	Inf	1	1
g01749	8	0	11	0	Inf	1	1
g00889	8	0	11	0	Inf	1	1
g01525	8	0	11	0	Inf	1	1
g01224	8	0	11	0	Inf	1	1
g00041	8	0	11	0	Inf	1	1
g00377	8	0	11	0	Inf	1	1
g00129	8	0	11	0	Inf	1	1
g01524	8	0	11	0	Inf	1	1
g01548	8	0	11	0	Inf	1	1
g02668	8	0	11	0	Inf	1	1
g00931	8	0	11	0	Inf	1	1
g00193	8	0	11	0	Inf	1	1
g01497	8	0	11	0	Inf	1	1
g01774	8	0	11	0	Inf	1	1
g02901	8	0	11	0	Inf	1	1
g02181	8	0	11	0	Inf	1	1
g00567	8	0	11	0	Inf	1	1
g02862	8	0	11	0	Inf	1	1
g00056	8	0	11	0	Inf	1	1
g00224	8	0	11	0	Inf	1	1
g02571	8	0	11	0	Inf	1	1
g02249	8	0	11	0	Inf	1	1
g00165	8	0	11	0	Inf	1	1
g01212	8	0	11	0	Inf	1	1
g02935	8	0	11	0	Inf	1	1
g01922	8	0	11	0	Inf	1	1
g01596	8	0	11	0	Inf	1	1
g00245	8	0	11	0	Inf	1	1
g00686	8	0	11	0	Inf	1	1
g02951	8	0	11	0	Inf	1	1
g00272	8	0	11	0	Inf	1	1
g00269	8	0	11	0	Inf	1	1
g00941	8	0	11	0	Inf	1	1
g01715	8	0	11	0	Inf	1	1
g01160	8	0	11	0	Inf	1	1
g01017	8	0	11	0	Inf	1	1
g04376	8	0	11	0	Inf	1	1
g01691	8	0	11	0	Inf	1	1
g00790	8	0	11	0	Inf	1	1
g00822	8	0	11	0	Inf	1	1
g01645	8	0	11	0	Inf	1	1
g00233	8	0	11	0	Inf	1	1
g00584	8	0	11	0	Inf	1	1
g00917	8	0	11	0	Inf	1	1
g01012	8	0	11	0	Inf	1	1
g01180	8	0	11	0	Inf	1	1
g01398	8	0	11	0	Inf	1	1
g01113	8	0	11	0	Inf	1	1
g02941	8	0	11	0	Inf	1	1
g02115	8	0	11	0	Inf	1	1
g02242	8	0	11	0	Inf	1	1
g02379	8	0	11	0	Inf	1	1
g02316	8	0	11	0	Inf	1	1
g01677	8	0	11	0	Inf	1	1
g00102	8	0	11	0	Inf	1	1
g00858	8	0	11	0	Inf	1	1
g00444	8	0	11	0	Inf	1	1
g00360	8	0	11	0	Inf	1	1
g03573	8	0	11	0	Inf	1	1
g00999	8	0	11	0	Inf	1	1
g00775	8	0	11	0	Inf	1	1
g02353	8	0	11	0	Inf	1	1
g01854	8	0	11	0	Inf	1	1
g00534	8	0	11	0	Inf	1	1
g00666	8	0	11	0	Inf	1	1
g01456	8	0	11	0	Inf	1	1
g00771	8	0	11	0	Inf	1	1
g03511	8	0	11	0	Inf	1	1
g02165	8	0	11	0	Inf	1	1
g02341	8	0	11	0	Inf	1	1
g03583	8	0	11	0	Inf	1	1
g01001	8	0	11	0	Inf	1	1
g00750	8	0	11	0	Inf	1	1
g02141	8	0	11	0	Inf	1	1
g04457	8	0	11	0	Inf	1	1
g00008	8	0	11	0	Inf	1	1
g00730	8	0	11	0	Inf	1	1
g02031	8	0	11	0	Inf	1	1
g02511	8	0	11	0	Inf	1	1
g02270	8	0	11	0	Inf	1	1
g00802	8	0	11	0	Inf	1	1
g02345	8	0	11	0	Inf	1	1
g01558	8	0	11	0	Inf	1	1
g02905	8	0	11	0	Inf	1	1
g01745	8	0	11	0	Inf	1	1
g02670	8	0	11	0	Inf	1	1
g00384	8	0	11	0	Inf	1	1
g01801	8	0	11	0	Inf	1	1
g00130	8	0	11	0	Inf	1	1
g00300	8	0	11	0	Inf	1	1
g02676	8	0	11	0	Inf	1	1
g04060	8	0	11	0	Inf	1	1
g02427	8	0	11	0	Inf	1	1
g02616	8	0	11	0	Inf	1	1
g02054	8	0	11	0	Inf	1	1
g03592	8	0	11	0	Inf	1	1
g02558	8	0	11	0	Inf	1	1
g02560	8	0	11	0	Inf	1	1
g02892	8	0	11	0	Inf	1	1
g02281	8	0	11	0	Inf	1	1
g02139	8	0	11	0	Inf	1	1
g02289	8	0	11	0	Inf	1	1
g04372	8	0	11	0	Inf	1	1
g03130	8	0	11	0	Inf	1	1
g01177	8	0	11	0	Inf	1	1
g00115	8	0	11	0	Inf	1	1
g02526	8	0	11	0	Inf	1	1
g01100	8	0	11	0	Inf	1	1
g00438	8	0	11	0	Inf	1	1
g02381	8	0	11	0	Inf	1	1
g00405	8	0	11	0	Inf	1	1
g00722	8	0	11	0	Inf	1	1
g01158	8	0	11	0	Inf	1	1
g02784	8	0	11	0	Inf	1	1
g04107	8	0	11	0	Inf	1	1
g00342	8	0	11	0	Inf	1	1
g01839	8	0	11	0	Inf	1	1
g00393	8	0	11	0	Inf	1	1
g01382	8	0	11	0	Inf	1	1
g04284	8	0	11	0	Inf	1	1
g01047	8	0	11	0	Inf	1	1
g01333	8	0	11	0	Inf	1	1
g01762	8	0	11	0	Inf	1	1
g04444	8	0	11	0	Inf	1	1
g00708	8	0	11	0	Inf	1	1
g02515	8	0	11	0	Inf	1	1
g02761	8	0	11	0	Inf	1	1
g01914	8	0	11	0	Inf	1	1
g02410	8	0	11	0	Inf	1	1
g00096	8	0	11	0	Inf	1	1
g01499	8	0	11	0	Inf	1	1
g02357	8	0	11	0	Inf	1	1
g00012	8	0	11	0	Inf	1	1
g01905	8	0	11	0	Inf	1	1
g01910	8	0	11	0	Inf	1	1
g02789	8	0	11	0	Inf	1	1
g01968	8	0	11	0	Inf	1	1
g00232	8	0	11	0	Inf	1	1
g00485	8	0	11	0	Inf	1	1
g01421	8	0	11	0	Inf	1	1
g01460	8	0	11	0	Inf	1	1
g00734	8	0	11	0	Inf	1	1
g01225	8	0	11	0	Inf	1	1
g01416	8	0	11	0	Inf	1	1
g02405	8	0	11	0	Inf	1	1
g00680	8	0	11	0	Inf	1	1
g01767	8	0	11	0	Inf	1	1
g02002	8	0	11	0	Inf	1	1
g01432	8	0	11	0	Inf	1	1
g00866	8	0	11	0	Inf	1	1
g00598	8	0	11	0	Inf	1	1
g00872	8	0	11	0	Inf	1	1
g03729	8	0	11	0	Inf	1	1
g03174	8	0	11	0	Inf	1	1
g02266	8	0	11	0	Inf	1	1
g03810	8	0	11	0	Inf	1	1
g03389	8	0	11	0	Inf	1	1
g02574	8	0	11	0	Inf	1	1
g02684	8	0	11	0	Inf	1	1
g03490	8	0	11	0	Inf	1	1
g01805	8	0	11	0	Inf	1	1
g01826	8	0	11	0	Inf	1	1
g02930	8	0	11	0	Inf	1	1
g03223	8	0	11	0	Inf	1	1
g02872	8	0	11	0	Inf	1	1
g01424	8	0	11	0	Inf	1	1
g02037	8	0	11	0	Inf	1	1
g02195	8	0	11	0	Inf	1	1
g01471	8	0	11	0	Inf	1	1
g00341	8	0	11	0	Inf	1	1
g01954	8	0	11	0	Inf	1	1
g02612	8	0	11	0	Inf	1	1
g00674	8	0	11	0	Inf	1	1
g00537	8	0	11	0	Inf	1	1
g00669	8	0	11	0	Inf	1	1
g00403	8	0	11	0	Inf	1	1
g00401	8	0	11	0	Inf	1	1
g00885	8	0	11	0	Inf	1	1
g02025	8	0	11	0	Inf	1	1
g01568	8	0	11	0	Inf	1	1
g01597	8	0	11	0	Inf	1	1
g01709	8	0	11	0	Inf	1	1
g00087	8	0	11	0	Inf	1	1
g02449	8	0	11	0	Inf	1	1
g03089	8	0	11	0	Inf	1	1
g03565	8	0	11	0	Inf	1	1
g01014	8	0	11	0	Inf	1	1
g01065	8	0	11	0	Inf	1	1
g04044	8	0	11	0	Inf	1	1
g03431	8	0	11	0	Inf	1	1
g01885	8	0	11	0	Inf	1	1
g00601	8	0	11	0	Inf	1	1
g00241	8	0	11	0	Inf	1	1
g02576	8	0	11	0	Inf	1	1
g02344	8	0	11	0	Inf	1	1
g03023	8	0	11	0	Inf	1	1
g04253	8	0	11	0	Inf	1	1
g04329	8	0	11	0	Inf	1	1
g04291	8	0	11	0	Inf	1	1
g01092	8	0	11	0	Inf	1	1
g00721	8	0	11	0	Inf	1	1
g02838	8	0	11	0	Inf	1	1
g00025	8	0	11	0	Inf	1	1
g02081	8	0	11	0	Inf	1	1
g03717	8	0	11	0	Inf	1	1
g02794	8	0	11	0	Inf	1	1
g03141	8	0	11	0	Inf	1	1
g02595	8	0	11	0	Inf	1	1
g03064	8	0	11	0	Inf	1	1
g03170	8	0	11	0	Inf	1	1
g03430	8	0	11	0	Inf	1	1
g00945	8	0	11	0	Inf	1	1
g01474	8	0	11	0	Inf	1	1
g01533	8	0	11	0	Inf	1	1
g02473	8	0	11	0	Inf	1	1
g00762	8	0	11	0	Inf	1	1
g00394	8	0	11	0	Inf	1	1
g01057	8	0	11	0	Inf	1	1
g02136	8	0	11	0	Inf	1	1
g00710	8	0	11	0	Inf	1	1
g00259	8	0	11	0	Inf	1	1
g01011	8	0	11	0	Inf	1	1
g04334	8	0	11	0	Inf	1	1
g01277	8	0	11	0	Inf	1	1
g00800	8	0	11	0	Inf	1	1
g00908	8	0	11	0	Inf	1	1
g01161	8	0	11	0	Inf	1	1
g01838	8	0	11	0	Inf	1	1
g02849	8	0	11	0	Inf	1	1
g00751	8	0	11	0	Inf	1	1
g01350	8	0	11	0	Inf	1	1
g01410	8	0	11	0	Inf	1	1
g00454	8	0	11	0	Inf	1	1
g01751	8	0	11	0	Inf	1	1
g02611	8	0	11	0	Inf	1	1
g02459	8	0	11	0	Inf	1	1
g03649	8	0	11	0	Inf	1	1
g02470	8	0	11	0	Inf	1	1
g00178	8	0	11	0	Inf	1	1
g00388	8	0	11	0	Inf	1	1
g03319	8	0	11	0	Inf	1	1
g03756	8	0	11	0	Inf	1	1
g02691	8	0	11	0	Inf	1	1
g00864	8	0	11	0	Inf	1	1
g00998	8	0	11	0	Inf	1	1
g02382	8	0	11	0	Inf	1	1
g04270	8	0	11	0	Inf	1	1
g00223	8	0	11	0	Inf	1	1
g01820	8	0	11	0	Inf	1	1
g00404	8	0	11	0	Inf	1	1
g00873	8	0	11	0	Inf	1	1
g00893	8	0	11	0	Inf	1	1
g00527	8	0	11	0	Inf	1	1
g00994	8	0	11	0	Inf	1	1
g01520	8	0	11	0	Inf	1	1
g01468	8	0	11	0	Inf	1	1
g04157	8	0	11	0	Inf	1	1
g01343	8	0	11	0	Inf	1	1
g02602	8	0	11	0	Inf	1	1
g01734	8	0	11	0	Inf	1	1
g06326	8	0	11	0	Inf	1	1
g02787	8	0	11	0	Inf	1	1
g03002	8	0	11	0	Inf	1	1
g01607	8	0	11	0	Inf	1	1
g01154	8	0	11	0	Inf	1	1
g00906	8	0	11	0	Inf	1	1
g01605	8	0	11	0	Inf	1	1
g01248	8	0	11	0	Inf	1	1
g03743	8	0	11	0	Inf	1	1
g02817	8	0	11	0	Inf	1	1
g03621	8	0	11	0	Inf	1	1
g04554	8	0	11	0	Inf	1	1
g01578	8	0	11	0	Inf	1	1
g02016	8	0	11	0	Inf	1	1
g02397	8	0	11	0	Inf	1	1
g03769	8	0	11	0	Inf	1	1
g02285	8	0	11	0	Inf	1	1
g02731	8	0	11	0	Inf	1	1
g03750	8	0	11	0	Inf	1	1
g00716	8	0	11	0	Inf	1	1
g04539	8	0	11	0	Inf	1	1
g04363	8	0	11	0	Inf	1	1
g01397	8	0	11	0	Inf	1	1
g03823	8	0	11	0	Inf	1	1
g02474	8	0	11	0	Inf	1	1
g04307	8	0	11	0	Inf	1	1
g01795	8	0	11	0	Inf	1	1
g00183	8	0	11	0	Inf	1	1
g01002	8	0	11	0	Inf	1	1
g03326	8	0	11	0	Inf	1	1
g02464	8	0	11	0	Inf	1	1
g00309	8	0	11	0	Inf	1	1
g00632	8	0	11	0	Inf	1	1
g01769	8	0	11	0	Inf	1	1
g02769	8	0	11	0	Inf	1	1
g00152	8	0	11	0	Inf	1	1
g02271	8	0	11	0	Inf	1	1
g02827	8	0	11	0	Inf	1	1
g00583	8	0	11	0	Inf	1	1
g01076	8	0	11	0	Inf	1	1
g00218	8	0	11	0	Inf	1	1
g03595	8	0	11	0	Inf	1	1
g01346	8	0	11	0	Inf	1	1
g02096	8	0	11	0	Inf	1	1
g02275	8	0	11	0	Inf	1	1
g02391	8	0	11	0	Inf	1	1
g01058	8	0	11	0	Inf	1	1
g04206	8	0	11	0	Inf	1	1
g01222	8	0	11	0	Inf	1	1
g01313	8	0	11	0	Inf	1	1
g02423	8	0	11	0	Inf	1	1
g03508	8	0	11	0	Inf	1	1
g01714	8	0	11	0	Inf	1	1
g02082	8	0	11	0	Inf	1	1
g01611	8	0	11	0	Inf	1	1
g01742	8	0	11	0	Inf	1	1
g01053	8	0	11	0	Inf	1	1
g02235	8	0	11	0	Inf	1	1
g00516	8	0	11	0	Inf	1	1
g00431	8	0	11	0	Inf	1	1
g02805	8	0	11	0	Inf	1	1
g02955	8	0	11	0	Inf	1	1
g03058	8	0	11	0	Inf	1	1
g00843	8	0	11	0	Inf	1	1
g03156	8	0	11	0	Inf	1	1
g00977	8	0	11	0	Inf	1	1
g01881	8	0	11	0	Inf	1	1
g02220	8	0	11	0	Inf	1	1
g00660	8	0	11	0	Inf	1	1
g01306	8	0	11	0	Inf	1	1
g00765	8	0	11	0	Inf	1	1
g01393	8	0	11	0	Inf	1	1
g03686	8	0	11	0	Inf	1	1
g00719	8	0	11	0	Inf	1	1
g01185	8	0	11	0	Inf	1	1
g02234	8	0	11	0	Inf	1	1
g04135	8	0	11	0	Inf	1	1
g02030	8	0	11	0	Inf	1	1
g02566	8	0	11	0	Inf	1	1
g00196	8	0	11	0	Inf	1	1
g00101	8	0	11	0	Inf	1	1
g00539	8	0	11	0	Inf	1	1
g00727	8	0	11	0	Inf	1	1
g00731	8	0	11	0	Inf	1	1
g01804	8	0	11	0	Inf	1	1
g01824	8	0	11	0	Inf	1	1
g01317	8	0	11	0	Inf	1	1
g04429	8	0	11	0	Inf	1	1
g02918	8	0	11	0	Inf	1	1
g04543	8	0	11	0	Inf	1	1
g01310	8	0	11	0	Inf	1	1
g01966	8	0	11	0	Inf	1	1
g02657	8	0	11	0	Inf	1	1
g03236	8	0	11	0	Inf	1	1
g03940	8	0	11	0	Inf	1	1
g00294	8	0	11	0	Inf	1	1
g01758	8	0	11	0	Inf	1	1
g00928	8	0	11	0	Inf	1	1
g04541	8	0	11	0	Inf	1	1
g02739	8	0	11	0	Inf	1	1
g02694	8	0	11	0	Inf	1	1
g03314	8	0	11	0	Inf	1	1
g03362	8	0	11	0	Inf	1	1
g03048	8	0	11	0	Inf	1	1
g01703	8	0	11	0	Inf	1	1
g01848	8	0	11	0	Inf	1	1
g02348	8	0	11	0	Inf	1	1
g04063	8	0	11	0	Inf	1	1
g01925	8	0	11	0	Inf	1	1
g03522	8	0	11	0	Inf	1	1
g01957	8	0	11	0	Inf	1	1
g02472	8	0	11	0	Inf	1	1
g02497	8	0	11	0	Inf	1	1
g01846	8	0	11	0	Inf	1	1
g04394	8	0	11	0	Inf	1	1
g02559	8	0	11	0	Inf	1	1
g01837	8	0	11	0	Inf	1	1
g01560	8	0	11	0	Inf	1	1
g00884	8	0	11	0	Inf	1	1
g02425	8	0	11	0	Inf	1	1
g00135	8	0	11	0	Inf	1	1
g00338	8	0	11	0	Inf	1	1
g00955	8	0	11	0	Inf	1	1
g00099	8	0	11	0	Inf	1	1
g00103	8	0	11	0	Inf	1	1
g00392	8	0	11	0	Inf	1	1
g00170	8	0	11	0	Inf	1	1
g00312	8	0	11	0	Inf	1	1
g00122	8	0	11	0	Inf	1	1
g00110	8	0	11	0	Inf	1	1
g00285	8	0	11	0	Inf	1	1
g00375	8	0	11	0	Inf	1	1
g00075	8	0	11	0	Inf	1	1
g00003	8	0	11	0	Inf	1	1
g00142	8	0	11	0	Inf	1	1
g00344	8	0	11	0	Inf	1	1
g00158	8	0	11	0	Inf	1	1
g01192	8	0	11	0	Inf	1	1
g01817	8	0	11	0	Inf	1	1
g00274	8	0	11	0	Inf	1	1
g00145	8	0	11	0	Inf	1	1
g01138	8	0	11	0	Inf	1	1
g00265	8	0	11	0	Inf	1	1
g00044	8	0	11	0	Inf	1	1
g00153	8	0	11	0	Inf	1	1
g00010	8	0	11	0	Inf	1	1
g00214	8	0	11	0	Inf	1	1
g00378	8	0	11	0	Inf	1	1
g01999	8	0	11	0	Inf	1	1
g01446	8	0	11	0	Inf	1	1
g03822	8	0	11	0	Inf	1	1
g03460	8	0	11	0	Inf	1	1
g01921	8	0	11	0	Inf	1	1
g03843	8	0	11	0	Inf	1	1
g02643	8	0	11	0	Inf	1	1
g01247	8	0	11	0	Inf	1	1
g00978	8	0	11	0	Inf	1	1
g00847	8	0	11	0	Inf	1	1
g00448	8	0	11	0	Inf	1	1
g02485	8	0	11	0	Inf	1	1
g01932	8	0	11	0	Inf	1	1
g01947	8	0	11	0	Inf	1	1
g00563	8	0	11	0	Inf	1	1
g03685	8	0	11	0	Inf	1	1
g03253	8	0	11	0	Inf	1	1
g03200	8	0	11	0	Inf	1	1
g02137	8	0	11	0	Inf	1	1
g02644	8	0	11	0	Inf	1	1
g03780	8	0	11	0	Inf	1	1
g00779	8	0	11	0	Inf	1	1
g01660	8	0	11	0	Inf	1	1
g02895	8	0	11	0	Inf	1	1
g01151	8	0	11	0	Inf	1	1
g00063	8	0	11	0	Inf	1	1
g00295	8	0	11	0	Inf	1	1
g01893	8	0	11	0	Inf	1	1
g03781	8	0	11	0	Inf	1	1
g02865	8	0	11	0	Inf	1	1
g02547	8	0	11	0	Inf	1	1
g03733	8	0	11	0	Inf	1	1
g01697	8	0	11	0	Inf	1	1
g00605	8	0	11	0	Inf	1	1
g01561	8	0	11	0	Inf	1	1
g00304	8	0	11	0	Inf	1	1
g01798	8	0	11	0	Inf	1	1
g03304	8	0	11	0	Inf	1	1
g02715	8	0	11	0	Inf	1	1
g01944	8	0	11	0	Inf	1	1
g00713	8	0	11	0	Inf	1	1
g03231	8	0	11	0	Inf	1	1
g03972	8	0	11	0	Inf	1	1
g03441	8	0	11	0	Inf	1	1
g01268	8	0	11	0	Inf	1	1
g02646	8	0	11	0	Inf	1	1
g02809	8	0	11	0	Inf	1	1
g00373	8	0	11	0	Inf	1	1
g01849	8	0	11	0	Inf	1	1
g01840	8	0	11	0	Inf	1	1
g03776	8	0	11	0	Inf	1	1
g02346	8	0	11	0	Inf	1	1
g04090	8	0	11	0	Inf	1	1
g02902	8	0	11	0	Inf	1	1
g01975	8	0	11	0	Inf	1	1
g02104	8	0	11	0	Inf	1	1
g02889	8	0	11	0	Inf	1	1
g03673	8	0	11	0	Inf	1	1
g01667	8	0	11	0	Inf	1	1
g01865	8	0	11	0	Inf	1	1
g02188	8	0	11	0	Inf	1	1
g00702	8	0	11	0	Inf	1	1
g04546	8	0	11	0	Inf	1	1
g01023	8	0	11	0	Inf	1	1
g01931	8	0	11	0	Inf	1	1
g03348	8	0	11	0	Inf	1	1
g00810	8	0	11	0	Inf	1	1
g00121	8	0	11	0	Inf	1	1
g00021	8	0	11	0	Inf	1	1
g00331	8	0	11	0	Inf	1	1
g01454	8	0	11	0	Inf	1	1
g00556	8	0	11	0	Inf	1	1
g03727	8	0	11	0	Inf	1	1
g01255	8	0	11	0	Inf	1	1
g02709	8	0	11	0	Inf	1	1
g01202	8	0	11	0	Inf	1	1
g02888	8	0	11	0	Inf	1	1
g00376	8	0	11	0	Inf	1	1
g00898	8	0	11	0	Inf	1	1
g03503	8	0	11	0	Inf	1	1
g02613	8	0	11	0	Inf	1	1
g02917	8	0	11	0	Inf	1	1
g04419	8	0	11	0	Inf	1	1
g03799	8	0	11	0	Inf	1	1
g04552	8	0	11	0	Inf	1	1
g02798	8	0	11	0	Inf	1	1
g02943	8	0	11	0	Inf	1	1
g02233	8	0	11	0	Inf	1	1
g04120	8	0	11	0	Inf	1	1
g02654	8	0	11	0	Inf	1	1
g01093	8	0	11	0	Inf	1	1
g02545	8	0	11	0	Inf	1	1
g01174	8	0	11	0	Inf	1	1
g04341	8	0	11	0	Inf	1	1
g00951	8	0	11	0	Inf	1	1
g03500	8	0	11	0	Inf	1	1
g00549	8	0	11	0	Inf	1	1
g03232	8	0	11	0	Inf	1	1
g02327	8	0	11	0	Inf	1	1
g02640	8	0	11	0	Inf	1	1
g00201	8	0	11	0	Inf	1	1
g03952	8	0	11	0	Inf	1	1
g02815	8	0	11	0	Inf	1	1
g00311	8	0	11	0	Inf	1	1
g00027	8	0	11	0	Inf	1	1
g00014	8	0	11	0	Inf	1	1
g00315	8	0	11	0	Inf	1	1
g04420	8	0	11	0	Inf	1	1
g00807	8	0	11	0	Inf	1	1
g02746	8	0	11	0	Inf	1	1
g02487	8	0	11	0	Inf	1	1
g02387	8	0	11	0	Inf	1	1
g00504	8	0	11	0	Inf	1	1
g03396	8	0	11	0	Inf	1	1
g04437	8	0	11	0	Inf	1	1
g03201	8	0	11	0	Inf	1	1
g03024	8	0	11	0	Inf	1	1
g01030	8	0	11	0	Inf	1	1
g01753	8	0	11	0	Inf	1	1
g02766	8	0	11	0	Inf	1	1
g04252	8	0	11	0	Inf	1	1
g02231	8	0	11	0	Inf	1	1
g01978	8	0	11	0	Inf	1	1
g01926	8	0	11	0	Inf	1	1
g00659	8	0	11	0	Inf	1	1
g00957	8	0	11	0	Inf	1	1
g03960	8	0	11	0	Inf	1	1
g03030	8	0	11	0	Inf	1	1
g03053	8	0	11	0	Inf	1	1
g04381	8	0	11	0	Inf	1	1
g01620	8	0	11	0	Inf	1	1
g03414	8	0	11	0	Inf	1	1
g03585	8	0	11	0	Inf	1	1
g02056	8	0	11	0	Inf	1	1
g02245	8	0	11	0	Inf	1	1
g02174	8	0	11	0	Inf	1	1
g03528	8	0	11	0	Inf	1	1
g03044	8	0	11	0	Inf	1	1
g03808	8	0	11	0	Inf	1	1
g02114	8	0	11	0	Inf	1	1
g02454	8	0	11	0	Inf	1	1
g02924	8	0	11	0	Inf	1	1
g03271	8	0	11	0	Inf	1	1
g03569	8	0	11	0	Inf	1	1
g02753	8	0	11	0	Inf	1	1
g01495	8	0	11	0	Inf	1	1
g02764	8	0	11	0	Inf	1	1
g02867	8	0	11	0	Inf	1	1
g03939	8	0	11	0	Inf	1	1
g00933	8	0	11	0	Inf	1	1
g01211	8	0	11	0	Inf	1	1
g02129	8	0	11	0	Inf	1	1
g02693	8	0	11	0	Inf	1	1
g00628	8	0	11	0	Inf	1	1
g01737	8	0	11	0	Inf	1	1
g00354	8	0	11	0	Inf	1	1
g00963	8	0	11	0	Inf	1	1
g01643	8	0	11	0	Inf	1	1
g04451	8	0	11	0	Inf	1	1
g02278	8	0	11	0	Inf	1	1
g02416	8	0	11	0	Inf	1	1
g02931	8	0	11	0	Inf	1	1
g02124	8	0	11	0	Inf	1	1
g00117	8	0	11	0	Inf	1	1
g01692	8	0	11	0	Inf	1	1
g02264	8	0	11	0	Inf	1	1
g03009	8	0	11	0	Inf	1	1
g01967	8	0	11	0	Inf	1	1
g04498	8	0	11	0	Inf	1	1
g02929	8	0	11	0	Inf	1	1
g03101	8	0	11	0	Inf	1	1
g02920	8	0	11	0	Inf	1	1
g03868	8	0	11	0	Inf	1	1
g02681	8	0	11	0	Inf	1	1
g03218	8	0	11	0	Inf	1	1
g02990	8	0	11	0	Inf	1	1
g00833	8	0	11	0	Inf	1	1
g04085	8	0	11	0	Inf	1	1
g02536	8	0	11	0	Inf	1	1
g02496	8	0	11	0	Inf	1	1
g01933	8	0	11	0	Inf	1	1
g00411	8	0	11	0	Inf	1	1
g02437	8	0	11	0	Inf	1	1
g01700	8	0	11	0	Inf	1	1
g01464	8	0	11	0	Inf	1	1
g02689	8	0	11	0	Inf	1	1
g02465	8	0	11	0	Inf	1	1
g01411	8	0	11	0	Inf	1	1
g01434	8	0	11	0	Inf	1	1
g02570	8	0	11	0	Inf	1	1
g01290	8	0	11	0	Inf	1	1
g03173	8	0	11	0	Inf	1	1
g04458	8	0	11	0	Inf	1	1
g01600	8	0	11	0	Inf	1	1
g01157	8	0	11	0	Inf	1	1
g02364	8	0	11	0	Inf	1	1
g02071	8	0	11	0	Inf	1	1
g00215	8	0	11	0	Inf	1	1
g00777	8	0	11	0	Inf	1	1
g03601	8	0	11	0	Inf	1	1
g00709	8	0	11	0	Inf	1	1
g01567	8	0	11	0	Inf	1	1
g01359	8	0	11	0	Inf	1	1
g03588	8	0	11	0	Inf	1	1
g03052	8	0	11	0	Inf	1	1
g02507	8	0	11	0	Inf	1	1
g01378	8	0	11	0	Inf	1	1
g02535	8	0	11	0	Inf	1	1
g00579	8	0	11	0	Inf	1	1
g01776	8	0	11	0	Inf	1	1
g01832	8	0	11	0	Inf	1	1
g02519	8	0	11	0	Inf	1	1
g02467	8	0	11	0	Inf	1	1
g02367	8	0	11	0	Inf	1	1
g03848	8	0	11	0	Inf	1	1
g01381	8	0	11	0	Inf	1	1
g01738	8	0	11	0	Inf	1	1
g01459	8	0	11	0	Inf	1	1
g01802	8	0	11	0	Inf	1	1
g00210	8	0	11	0	Inf	1	1
g00156	8	0	11	0	Inf	1	1
g02322	8	0	11	0	Inf	1	1
g03951	8	0	11	0	Inf	1	1
g00960	8	0	11	0	Inf	1	1
g01473	8	0	11	0	Inf	1	1
g00290	8	0	11	0	Inf	1	1
g01175	8	0	11	0	Inf	1	1
g00026	8	0	11	0	Inf	1	1
g00564	8	0	11	0	Inf	1	1
g01025	8	0	11	0	Inf	1	1
g03510	8	0	11	0	Inf	1	1
g00408	8	0	11	0	Inf	1	1
g00880	8	0	11	0	Inf	1	1
g04415	8	0	11	0	Inf	1	1
g01506	8	0	11	0	Inf	1	1
g01625	8	0	11	0	Inf	1	1
g01197	8	0	11	0	Inf	1	1
g00484	8	0	11	0	Inf	1	1
g00930	8	0	11	0	Inf	1	1
g02900	8	0	11	0	Inf	1	1
g01635	8	0	11	0	Inf	1	1
g01783	8	0	11	0	Inf	1	1
g00478	8	0	11	0	Inf	1	1
g02196	8	0	11	0	Inf	1	1
g00609	8	0	11	0	Inf	1	1
g00009	8	0	11	0	Inf	1	1
g00870	8	0	11	0	Inf	1	1
g00740	8	0	11	0	Inf	1	1
g02253	8	0	11	0	Inf	1	1
g01834	8	0	11	0	Inf	1	1
g04082	8	0	11	0	Inf	1	1
g00673	8	0	11	0	Inf	1	1
g02398	8	0	11	0	Inf	1	1
g00748	8	0	11	0	Inf	1	1
g01029	8	0	11	0	Inf	1	1
g02537	8	0	11	0	Inf	1	1
g01861	8	0	11	0	Inf	1	1
g02963	8	0	11	0	Inf	1	1
g02306	8	0	11	0	Inf	1	1
g03736	8	0	11	0	Inf	1	1
g00207	8	0	11	0	Inf	1	1
g03623	8	0	11	0	Inf	1	1
g00555	8	0	11	0	Inf	1	1
g01331	8	0	11	0	Inf	1	1
g00258	8	0	11	0	Inf	1	1
g01079	8	0	11	0	Inf	1	1
g03723	8	0	11	0	Inf	1	1
g00681	8	0	11	0	Inf	1	1
g00904	8	0	11	0	Inf	1	1
g00956	8	0	11	0	Inf	1	1
g04047	8	0	11	0	Inf	1	1
g00227	8	0	11	0	Inf	1	1
g00339	8	0	11	0	Inf	1	1
g00612	8	0	11	0	Inf	1	1
g00987	8	0	11	0	Inf	1	1
g02514	8	0	11	0	Inf	1	1
g07220	8	0	11	0	Inf	1	1
g00602	8	0	11	0	Inf	1	1
g00909	8	0	11	0	Inf	1	1
g02745	8	0	11	0	Inf	1	1
g02177	8	0	11	0	Inf	1	1
g00470	8	0	11	0	Inf	1	1
g01052	8	0	11	0	Inf	1	1
g00420	8	0	11	0	Inf	1	1
g00852	8	0	11	0	Inf	1	1
g00882	8	0	11	0	Inf	1	1
g00821	8	0	11	0	Inf	1	1
g02711	8	0	11	0	Inf	1	1
g01037	8	0	11	0	Inf	1	1
g01181	8	0	11	0	Inf	1	1
g00035	8	0	11	0	Inf	1	1
g02675	8	0	11	0	Inf	1	1
g01746	8	0	11	0	Inf	1	1
g00754	8	0	11	0	Inf	1	1
g01357	8	0	11	0	Inf	1	1
g00414	8	0	11	0	Inf	1	1
g02217	8	0	11	0	Inf	1	1
g03627	8	0	11	0	Inf	1	1
g00264	8	0	11	0	Inf	1	1
g02064	8	0	11	0	Inf	1	1
g01061	8	0	11	0	Inf	1	1
g00530	8	0	11	0	Inf	1	1
g00683	8	0	11	0	Inf	1	1
g00617	8	0	11	0	Inf	1	1
g01145	8	0	11	0	Inf	1	1
g01800	8	0	11	0	Inf	1	1
g00179	8	0	11	0	Inf	1	1
g00548	8	0	11	0	Inf	1	1
g00328	8	0	11	0	Inf	1	1
g01165	8	0	11	0	Inf	1	1
g00137	8	0	11	0	Inf	1	1
g01032	8	0	11	0	Inf	1	1
g01841	8	0	11	0	Inf	1	1
g02498	8	0	11	0	Inf	1	1
g01252	8	0	11	0	Inf	1	1
g00671	8	0	11	0	Inf	1	1
g00427	8	0	11	0	Inf	1	1
g00512	8	0	11	0	Inf	1	1
g01316	8	0	11	0	Inf	1	1
g02290	8	0	11	0	Inf	1	1
g03944	8	0	11	0	Inf	1	1
g03499	8	0	11	0	Inf	1	1
g02036	8	0	11	0	Inf	1	1
g02315	8	0	11	0	Inf	1	1
g04189	8	0	11	0	Inf	1	1
g04464	8	0	11	0	Inf	1	1
g00439	8	0	11	0	Inf	1	1
g00386	8	0	11	0	Inf	1	1
g00441	8	0	11	0	Inf	1	1
g00501	8	0	11	0	Inf	1	1
g00383	8	0	11	0	Inf	1	1
g00176	8	0	11	0	Inf	1	1
g01205	8	0	11	0	Inf	1	1
g01109	8	0	11	0	Inf	1	1
g00600	8	0	11	0	Inf	1	1
g00623	8	0	11	0	Inf	1	1
g01453	8	0	11	0	Inf	1	1
g02324	8	0	11	0	Inf	1	1
g01280	8	0	11	0	Inf	1	1
g04587	8	0	11	0	Inf	1	1
g01829	8	0	11	0	Inf	1	1
g01747	8	0	11	0	Inf	1	1
g03356	8	0	11	0	Inf	1	1
g03359	8	0	11	0	Inf	1	1
g02318	8	0	11	0	Inf	1	1
g04156	8	0	11	0	Inf	1	1
g00808	8	0	11	0	Inf	1	1
g02392	8	0	11	0	Inf	1	1
g03140	8	0	11	0	Inf	1	1
g01457	8	0	11	0	Inf	1	1
g03557	8	0	11	0	Inf	1	1
g01187	8	0	11	0	Inf	1	1
g02544	8	0	11	0	Inf	1	1
g02540	8	0	11	0	Inf	1	1
g02581	8	0	11	0	Inf	1	1
g03668	8	0	11	0	Inf	1	1
g01166	8	0	11	0	Inf	1	1
g00051	8	0	11	0	Inf	1	1
g00644	8	0	11	0	Inf	1	1
g00744	8	0	11	0	Inf	1	1
g00560	8	0	11	0	Inf	1	1
g00422	8	0	11	0	Inf	1	1
g00317	8	0	11	0	Inf	1	1
g00804	8	0	11	0	Inf	1	1
g02436	8	0	11	0	Inf	1	1
g02466	8	0	11	0	Inf	1	1
g00842	8	0	11	0	Inf	1	1
g02475	8	0	11	0	Inf	1	1
g02977	8	0	11	0	Inf	1	1
g01891	8	0	11	0	Inf	1	1
g01799	8	0	11	0	Inf	1	1
g01971	8	0	11	0	Inf	1	1
g03996	8	0	11	0	Inf	1	1
g02636	8	0	11	0	Inf	1	1
g03925	8	0	11	0	Inf	1	1
g03301	8	0	11	0	Inf	1	1
g02070	8	0	11	0	Inf	1	1
g01358	8	0	11	0	Inf	1	1
g00154	8	0	11	0	Inf	1	1
g01480	8	0	11	0	Inf	1	1
g02792	8	0	11	0	Inf	1	1
g04386	8	0	11	0	Inf	1	1
g01118	8	0	11	0	Inf	1	1
g03208	8	0	11	0	Inf	1	1
g03874	8	0	11	0	Inf	1	1
g03150	8	0	11	0	Inf	1	1
g02774	8	0	11	0	Inf	1	1
g03620	8	0	11	0	Inf	1	1
g02880	8	0	11	0	Inf	1	1
g03471	8	0	11	0	Inf	1	1
g03100	8	0	11	0	Inf	1	1
g03293	8	0	11	0	Inf	1	1
g00630	8	0	11	0	Inf	1	1
g02824	8	0	11	0	Inf	1	1
g02704	8	0	11	0	Inf	1	1
g01587	8	0	11	0	Inf	1	1
g03765	8	0	11	0	Inf	1	1
g00606	8	0	11	0	Inf	1	1
g01186	8	0	11	0	Inf	1	1
g00297	8	0	11	0	Inf	1	1
g02504	8	0	11	0	Inf	1	1
g02617	8	0	11	0	Inf	1	1
g01752	8	0	11	0	Inf	1	1
g02050	8	0	11	0	Inf	1	1
g02300	8	0	11	0	Inf	1	1
g02820	8	0	11	0	Inf	1	1
g00817	8	0	11	0	Inf	1	1
g00580	8	0	11	0	Inf	1	1
g00947	8	0	11	0	Inf	1	1
g01311	8	0	11	0	Inf	1	1
g00813	8	0	11	0	Inf	1	1
g02479	8	0	11	0	Inf	1	1
g01592	8	0	11	0	Inf	1	1
g00736	8	0	11	0	Inf	1	1
g00599	8	0	11	0	Inf	1	1
g00689	8	0	11	0	Inf	1	1
g01606	8	0	11	0	Inf	1	1
g04323	8	0	11	0	Inf	1	1
g00706	8	0	11	0	Inf	1	1
g02658	8	0	11	0	Inf	1	1
g00981	8	0	11	0	Inf	1	1
g02238	8	0	11	0	Inf	1	1
g02292	8	0	11	0	Inf	1	1
g00614	8	0	11	0	Inf	1	1
g00355	8	0	11	0	Inf	1	1
g00466	8	0	11	0	Inf	1	1
g01098	8	0	11	0	Inf	1	1
g00865	8	0	11	0	Inf	1	1
g04051	8	0	11	0	Inf	1	1
g00238	8	0	11	0	Inf	1	1
g03244	8	0	11	0	Inf	1	1
g01681	8	0	11	0	Inf	1	1
g00714	8	0	11	0	Inf	1	1
g00676	8	0	11	0	Inf	1	1
g00097	8	0	11	0	Inf	1	1
g00307	8	0	11	0	Inf	1	1
g00319	8	0	11	0	Inf	1	1
g01523	8	0	11	0	Inf	1	1
g02577	8	0	11	0	Inf	1	1
g01217	8	0	11	0	Inf	1	1
g05590	8	0	11	0	Inf	1	1
g00552	8	0	11	0	Inf	1	1
g00471	8	0	11	0	Inf	1	1
g00476	8	0	11	0	Inf	1	1
g03831	8	0	11	0	Inf	1	1
g01696	8	0	11	0	Inf	1	1
g01823	8	0	11	0	Inf	1	1
g02212	8	0	11	0	Inf	1	1
g04236	8	0	11	0	Inf	1	1
g00641	8	0	11	0	Inf	1	1
g02267	8	0	11	0	Inf	1	1
g00860	8	0	11	0	Inf	1	1
g00950	8	0	11	0	Inf	1	1
g01131	8	0	11	0	Inf	1	1
g00278	8	0	11	0	Inf	1	1
g00336	8	0	11	0	Inf	1	1
g00239	8	0	11	0	Inf	1	1
g03745	8	0	11	0	Inf	1	1
g02296	8	0	11	0	Inf	1	1
g02974	8	0	11	0	Inf	1	1
g02521	8	0	11	0	Inf	1	1
g02490	8	0	11	0	Inf	1	1
g01124	8	0	11	0	Inf	1	1
g01819	8	0	11	0	Inf	1	1
g02284	8	0	11	0	Inf	1	1
g01772	8	0	11	0	Inf	1	1
g00149	8	0	11	0	Inf	1	1
g02088	8	0	11	0	Inf	1	1
g01918	8	0	11	0	Inf	1	1
g00834	8	0	11	0	Inf	1	1
g02517	8	0	11	0	Inf	1	1
g04128	8	0	11	0	Inf	1	1
g00910	8	0	11	0	Inf	1	1
g01710	8	0	11	0	Inf	1	1
g02190	8	0	11	0	Inf	1	1
g02435	8	0	11	0	Inf	1	1
g01275	8	0	11	0	Inf	1	1
g01173	8	0	11	0	Inf	1	1
g01939	8	0	11	0	Inf	1	1
g01188	8	0	11	0	Inf	1	1
g01955	8	0	11	0	Inf	1	1
g02372	8	0	11	0	Inf	1	1
g02321	8	0	11	0	Inf	1	1
g02854	8	0	11	0	Inf	1	1
g03698	8	0	11	0	Inf	1	1
g00969	8	0	11	0	Inf	1	1
g01388	8	0	11	0	Inf	1	1
g00832	8	0	11	0	Inf	1	1
g03003	8	0	11	0	Inf	1	1
g00419	8	0	11	0	Inf	1	1
g00081	8	0	11	0	Inf	1	1
g01579	8	0	11	0	Inf	1	1
g02987	8	0	11	0	Inf	1	1
g03904	8	0	11	0	Inf	1	1
g00986	8	0	11	0	Inf	1	1
g00914	8	0	11	0	Inf	1	1
g00535	8	0	11	0	Inf	1	1
g00106	8	0	11	0	Inf	1	1
g03994	8	0	11	0	Inf	1	1
g02555	8	0	11	0	Inf	1	1
g02510	8	0	11	0	Inf	1	1
g00033	8	0	11	0	Inf	1	1
g02762	8	0	11	0	Inf	1	1
g01418	8	0	11	0	Inf	1	1
g01780	8	0	11	0	Inf	1	1
g04030	8	0	11	0	Inf	1	1
g01671	8	0	11	0	Inf	1	1
g00310	8	0	11	0	Inf	1	1
g04146	8	0	11	0	Inf	1	1
g00382	8	0	11	0	Inf	1	1
g03943	8	0	11	0	Inf	1	1
g01719	8	0	11	0	Inf	1	1
g03047	8	0	11	0	Inf	1	1
g04006	8	0	11	0	Inf	1	1
g04101	8	0	11	0	Inf	1	1
g01996	8	0	11	0	Inf	1	1
g04056	8	0	11	0	Inf	1	1
g02878	8	0	11	0	Inf	1	1
g01995	8	0	11	0	Inf	1	1
g01261	8	0	11	0	Inf	1	1
g02033	8	0	11	0	Inf	1	1
g00139	8	0	11	0	Inf	1	1
g01775	8	0	11	0	Inf	1	1
g04438	8	0	11	0	Inf	1	1
g03545	8	0	11	0	Inf	1	1
g00635	8	0	11	0	Inf	1	1
g01256	8	0	11	0	Inf	1	1
g01764	8	0	11	0	Inf	1	1
g03865	8	0	11	0	Inf	1	1
g02564	8	0	11	0	Inf	1	1
g02445	8	0	11	0	Inf	1	1
g03158	8	0	11	0	Inf	1	1
g04400	8	0	11	0	Inf	1	1
g01588	8	0	11	0	Inf	1	1
g02712	8	0	11	0	Inf	1	1
g02144	8	0	11	0	Inf	1	1
g02252	8	0	11	0	Inf	1	1
g02360	8	0	11	0	Inf	1	1
g02509	8	0	11	0	Inf	1	1
g02429	8	0	11	0	Inf	1	1
g02836	8	0	11	0	Inf	1	1
g02019	8	0	11	0	Inf	1	1
g00968	8	0	11	0	Inf	1	1
g02268	8	0	11	0	Inf	1	1
g02661	8	0	11	0	Inf	1	1
g04503	8	0	11	0	Inf	1	1
g04529	8	0	11	0	Inf	1	1
g00729	8	0	11	0	Inf	1	1
g02407	8	0	11	0	Inf	1	1
g01670	8	0	11	0	Inf	1	1
g01589	8	0	11	0	Inf	1	1
g02710	8	0	11	0	Inf	1	1
g01127	8	0	11	0	Inf	1	1
g00724	8	0	11	0	Inf	1	1
g02841	8	0	11	0	Inf	1	1
g01086	8	0	11	0	Inf	1	1
g02244	8	0	11	0	Inf	1	1
g03254	8	0	11	0	Inf	1	1
g03270	8	0	11	0	Inf	1	1
g03832	8	0	11	0	Inf	1	1
g02944	8	0	11	0	Inf	1	1
g00353	8	0	11	0	Inf	1	1
g02568	8	0	11	0	Inf	1	1
g01619	8	0	11	0	Inf	1	1
g04013	8	0	11	0	Inf	1	1
g01451	8	0	11	0	Inf	1	1
g02051	8	0	11	0	Inf	1	1
g04303	8	0	11	0	Inf	1	1
g01281	8	0	11	0	Inf	1	1
g03332	8	0	11	0	Inf	1	1
g01984	8	0	11	0	Inf	1	1
g02852	8	0	11	0	Inf	1	1
g04286	8	0	11	0	Inf	1	1
g02520	8	0	11	0	Inf	1	1
g04322	8	0	11	0	Inf	1	1
g01981	8	0	11	0	Inf	1	1
g02737	8	0	11	0	Inf	1	1
g00440	8	0	11	0	Inf	1	1
g00656	8	0	11	0	Inf	1	1
g02967	8	0	11	0	Inf	1	1
g00243	8	0	11	0	Inf	1	1
g01878	8	0	11	0	Inf	1	1
g03551	8	0	11	0	Inf	1	1
g00922	8	0	11	0	Inf	1	1
g02856	8	0	11	0	Inf	1	1
g00380	8	0	11	0	Inf	1	1
g02038	8	0	11	0	Inf	1	1
g00430	8	0	11	0	Inf	1	1
g01327	8	0	11	0	Inf	1	1
g00234	8	0	11	0	Inf	1	1
g01156	8	0	11	0	Inf	1	1
g02898	8	0	11	0	Inf	1	1
g03008	8	0	11	0	Inf	1	1
g03111	8	0	11	0	Inf	1	1
g02468	8	0	11	0	Inf	1	1
g01822	8	0	11	0	Inf	1	1
g03696	8	0	11	0	Inf	1	1
g01226	8	0	11	0	Inf	1	1
g00032	8	0	11	0	Inf	1	1
g02503	8	0	11	0	Inf	1	1
g02631	8	0	11	0	Inf	1	1
g02725	8	0	11	0	Inf	1	1
g02656	8	0	11	0	Inf	1	1
g03343	8	0	11	0	Inf	1	1
g00902	8	0	11	0	Inf	1	1
g00469	8	0	11	0	Inf	1	1
g00460	8	0	11	0	Inf	1	1
g01396	8	0	11	0	Inf	1	1
g03459	8	0	11	0	Inf	1	1
g01615	8	0	11	0	Inf	1	1
g01504	8	0	11	0	Inf	1	1
g01123	8	0	11	0	Inf	1	1
g02128	8	0	11	0	Inf	1	1
g03596	8	0	11	0	Inf	1	1
g01334	8	0	11	0	Inf	1	1
g01962	8	0	11	0	Inf	1	1
g04352	8	0	11	0	Inf	1	1
g00827	8	0	11	0	Inf	1	1
g00296	8	0	11	0	Inf	1	1
g00114	8	0	11	0	Inf	1	1
g00186	8	0	11	0	Inf	1	1
g02062	8	0	11	0	Inf	1	1
g00633	8	0	11	0	Inf	1	1
g00607	8	0	11	0	Inf	1	1
g01549	8	0	11	0	Inf	1	1
g04454	8	0	11	0	Inf	1	1
g02623	8	0	11	0	Inf	1	1
g04293	8	0	11	0	Inf	1	1
g00932	8	0	11	0	Inf	1	1
g02201	8	0	11	0	Inf	1	1
g00395	8	0	11	0	Inf	1	1
g01684	8	0	11	0	Inf	1	1
g00424	8	0	11	0	Inf	1	1
g02848	8	0	11	0	Inf	1	1
g02484	8	0	11	0	Inf	1	1
g01490	8	0	11	0	Inf	1	1
g00057	8	0	11	0	Inf	1	1
g01395	8	0	11	0	Inf	1	1
g00473	8	0	11	0	Inf	1	1
g02192	8	0	11	0	Inf	1	1
g02550	8	0	11	0	Inf	1	1
g03667	8	0	11	0	Inf	1	1
g03878	8	0	11	0	Inf	1	1
g02154	8	0	11	0	Inf	1	1
g02448	8	0	11	0	Inf	1	1
g01610	8	0	11	0	Inf	1	1
g02336	8	0	11	0	Inf	1	1
g04468	8	0	11	0	Inf	1	1
g02200	8	0	11	0	Inf	1	1
g03836	8	0	11	0	Inf	1	1
g00533	8	0	11	0	Inf	1	1
g02380	8	0	11	0	Inf	1	1
g03564	8	0	11	0	Inf	1	1
g01913	8	0	11	0	Inf	1	1
g04432	8	0	11	0	Inf	1	1
g01897	8	0	11	0	Inf	1	1
g00349	8	0	11	0	Inf	1	1
g00837	8	0	11	0	Inf	1	1
g01172	8	0	11	0	Inf	1	1
g00055	8	0	11	0	Inf	1	1
g00699	8	0	11	0	Inf	1	1
g02665	8	0	11	0	Inf	1	1
g01477	8	0	11	0	Inf	1	1
g00626	8	0	11	0	Inf	1	1
g01440	8	0	11	0	Inf	1	1
g01301	8	0	11	0	Inf	1	1
g00337	8	0	11	0	Inf	1	1
g00249	8	0	11	0	Inf	1	1
g02501	8	0	11	0	Inf	1	1
g03680	8	0	11	0	Inf	1	1
g00225	8	0	11	0	Inf	1	1
g00076	8	0	11	0	Inf	1	1
g01452	8	0	11	0	Inf	1	1
g00237	8	0	11	0	Inf	1	1
g02187	8	0	11	0	Inf	1	1
g01969	8	0	11	0	Inf	1	1
g01200	8	0	11	0	Inf	1	1
g00499	8	0	11	0	Inf	1	1
g00019	8	0	11	0	Inf	1	1
g00711	8	0	11	0	Inf	1	1
g00869	8	0	11	0	Inf	1	1
g00054	8	0	11	0	Inf	1	1
g00407	8	0	11	0	Inf	1	1
g01948	8	0	11	0	Inf	1	1
g00678	8	0	11	0	Inf	1	1
g00190	8	0	11	0	Inf	1	1
g00092	8	0	11	0	Inf	1	1
g02072	8	0	11	0	Inf	1	1
g00467	8	0	11	0	Inf	1	1
g00284	8	0	11	0	Inf	1	1
g02698	8	0	11	0	Inf	1	1
g00649	8	0	11	0	Inf	1	1
g00209	8	0	11	0	Inf	1	1
g00642	8	0	11	0	Inf	1	1
g02830	8	0	11	0	Inf	1	1
g01492	8	0	11	0	Inf	1	1
g02125	8	0	11	0	Inf	1	1
g01365	8	0	11	0	Inf	1	1
g01436	8	0	11	0	Inf	1	1
g01766	8	0	11	0	Inf	1	1
g03635	8	0	11	0	Inf	1	1
g04166	8	0	11	0	Inf	1	1
g03587	8	0	11	0	Inf	1	1
g00205	8	0	11	0	Inf	1	1
g00523	8	0	11	0	Inf	1	1
g09185	8	0	11	0	Inf	1	1
g02303	8	0	11	0	Inf	1	1
g01694	8	0	11	0	Inf	1	1
g02456	8	0	11	0	Inf	1	1
g00520	8	0	11	0	Inf	1	1
g02420	8	0	11	0	Inf	1	1
g04392	8	0	11	0	Inf	1	1
g01489	8	0	11	0	Inf	1	1
g02785	8	0	11	0	Inf	1	1
g04398	8	0	11	0	Inf	1	1
g01235	8	0	11	0	Inf	1	1
g02308	8	0	11	0	Inf	1	1
g04302	8	0	11	0	Inf	1	1
g03291	8	0	11	0	Inf	1	1
g02728	8	0	11	0	Inf	1	1
g03334	8	0	11	0	Inf	1	1
g04589	8	0	11	0	Inf	1	1
g03027	8	0	11	0	Inf	1	1
g01091	8	0	11	0	Inf	1	1
g01090	8	0	11	0	Inf	1	1
g02408	8	0	11	0	Inf	1	1
g01874	8	0	11	0	Inf	1	1
g02625	8	0	11	0	Inf	1	1
g01482	8	0	11	0	Inf	1	1
g00848	8	0	11	0	Inf	1	1
g03715	8	0	11	0	Inf	1	1
g01632	8	0	11	0	Inf	1	1
g02645	8	0	11	0	Inf	1	1
g04240	8	0	11	0	Inf	1	1
g03382	8	0	11	0	Inf	1	1
g02632	8	0	11	0	Inf	1	1
g02548	8	0	11	0	Inf	1	1
g02791	8	0	11	0	Inf	1	1
g01227	8	0	11	0	Inf	1	1
g01204	8	0	11	0	Inf	1	1
g04087	8	0	11	0	Inf	1	1
g00878	8	0	11	0	Inf	1	1
g02588	8	0	11	0	Inf	1	1
g01241	8	0	11	0	Inf	1	1
g01942	8	0	11	0	Inf	1	1
g03563	8	0	11	0	Inf	1	1
g02586	8	0	11	0	Inf	1	1
g03498	8	0	11	0	Inf	1	1
g02078	8	0	11	0	Inf	1	1
g03005	8	0	11	0	Inf	1	1
g03709	8	0	11	0	Inf	1	1
g03011	8	0	11	0	Inf	1	1
g01900	8	0	11	0	Inf	1	1
g02288	8	0	11	0	Inf	1	1
g00796	8	0	11	0	Inf	1	1
g02542	8	0	11	0	Inf	1	1
g00812	8	0	11	0	Inf	1	1
g03806	8	0	11	0	Inf	1	1
g02004	8	0	11	0	Inf	1	1
g00737	8	0	11	0	Inf	1	1
g01176	8	0	11	0	Inf	1	1
g01325	8	0	11	0	Inf	1	1
g01322	8	0	11	0	Inf	1	1
g01344	8	0	11	0	Inf	1	1
g05983	8	0	11	0	Inf	1	1
g01693	8	0	11	0	Inf	1	1
g02840	8	0	11	0	Inf	1	1
g02966	8	0	11	0	Inf	1	1
g02402	8	0	11	0	Inf	1	1
g02885	8	0	11	0	Inf	1	1
g00229	8	0	11	0	Inf	1	1
g00308	8	0	11	0	Inf	1	1
g00876	8	0	11	0	Inf	1	1
g01887	8	0	11	0	Inf	1	1
g02145	8	0	11	0	Inf	1	1
g03706	8	0	11	0	Inf	1	1
g03010	8	0	11	0	Inf	1	1
g04361	8	0	11	0	Inf	1	1
g02105	8	0	11	0	Inf	1	1
g01882	8	0	11	0	Inf	1	1
g01502	8	0	11	0	Inf	1	1
g02488	8	0	11	0	Inf	1	1
g02887	8	0	11	0	Inf	1	1
g03753	8	0	11	0	Inf	1	1
g03774	8	0	11	0	Inf	1	1
g02562	8	0	11	0	Inf	1	1
g02282	8	0	11	0	Inf	1	1
g00805	8	0	11	0	Inf	1	1
g00510	8	0	11	0	Inf	1	1
g02975	8	0	11	0	Inf	1	1
g02933	8	0	11	0	Inf	1	1
g02743	8	0	11	0	Inf	1	1
g01537	8	0	11	0	Inf	1	1
g01554	8	0	11	0	Inf	1	1
g03622	8	0	11	0	Inf	1	1
g03739	8	0	11	0	Inf	1	1
g00446	8	0	11	0	Inf	1	1
g01385	8	0	11	0	Inf	1	1
g02211	8	0	11	0	Inf	1	1
g01992	8	0	11	0	Inf	1	1
g03738	8	0	11	0	Inf	1	1
g02859	8	0	11	0	Inf	1	1
g03597	8	0	11	0	Inf	1	1
g02167	8	0	11	0	Inf	1	1
g02057	8	0	11	0	Inf	1	1
g04461	8	0	11	0	Inf	1	1
g00409	8	0	11	0	Inf	1	1
g01791	8	0	11	0	Inf	1	1
g02011	8	0	11	0	Inf	1	1
g01509	8	0	11	0	Inf	1	1
g02954	8	0	11	0	Inf	1	1
g01779	8	0	11	0	Inf	1	1
g01068	8	0	11	0	Inf	1	1
g03527	8	0	11	0	Inf	1	1
g03495	8	0	11	0	Inf	1	1
g03328	8	0	11	0	Inf	1	1
g02493	8	0	11	0	Inf	1	1
g02024	8	0	11	0	Inf	1	1
g02422	8	0	11	0	Inf	1	1
g03337	8	0	11	0	Inf	1	1
g04441	8	0	11	0	Inf	1	1
g04519	8	0	11	0	Inf	1	1
g01461	8	0	11	0	Inf	1	1
g04277	8	0	11	0	Inf	1	1
g02240	8	0	11	0	Inf	1	1
g00486	8	0	11	0	Inf	1	1
g00381	8	0	11	0	Inf	1	1
g01491	8	0	11	0	Inf	1	1
g02092	8	0	11	0	Inf	1	1
g01876	8	0	11	0	Inf	1	1
g01067	8	0	11	0	Inf	1	1
g04080	8	0	11	0	Inf	1	1
g02692	8	0	11	0	Inf	1	1
g02546	8	0	11	0	Inf	1	1
g04059	8	0	11	0	Inf	1	1
g01787	8	0	11	0	Inf	1	1
g01433	8	0	11	0	Inf	1	1
g00132	8	0	11	0	Inf	1	1
g01899	8	0	11	0	Inf	1	1
g02370	8	0	11	0	Inf	1	1
g01298	8	0	11	0	Inf	1	1
g00276	8	0	11	0	Inf	1	1
g01164	8	0	11	0	Inf	1	1
g00150	8	0	11	0	Inf	1	1
g00890	8	0	11	0	Inf	1	1
g00001	8	0	11	0	Inf	1	1
g02970	8	0	11	0	Inf	1	1
g02679	8	0	11	0	Inf	1	1
g00531	8	0	11	0	Inf	1	1
g01120	8	0	11	0	Inf	1	1
g00442	8	0	11	0	Inf	1	1
g00571	8	0	11	0	Inf	1	1
g01379	8	0	11	0	Inf	1	1
g00418	8	0	11	0	Inf	1	1
g03718	8	0	11	0	Inf	1	1
g03575	8	0	11	0	Inf	1	1
g01239	8	0	11	0	Inf	1	1
g01420	8	0	11	0	Inf	1	1
g02189	8	0	11	0	Inf	1	1
g00104	8	0	11	0	Inf	1	1
g00850	8	0	11	0	Inf	1	1
g02823	8	0	11	0	Inf	1	1
g03791	8	0	11	0	Inf	1	1
g01431	8	0	11	0	Inf	1	1
g03006	8	0	11	0	Inf	1	1
g02359	8	0	11	0	Inf	1	1
g01179	8	0	11	0	Inf	1	1
g02561	8	0	11	0	Inf	1	1
g01264	8	0	11	0	Inf	1	1
g04282	8	0	11	0	Inf	1	1
g00786	8	0	11	0	Inf	1	1
g00487	8	0	11	0	Inf	1	1
g00942	8	0	11	0	Inf	1	1
g02293	8	0	11	0	Inf	1	1
g02801	8	0	11	0	Inf	1	1
g00287	8	0	11	0	Inf	1	1
g01203	8	0	11	0	Inf	1	1
g04477	8	0	11	0	Inf	1	1
g02938	8	0	11	0	Inf	1	1
g03209	8	0	11	0	Inf	1	1
g04031	8	0	11	0	Inf	1	1
g01634	8	0	11	0	Inf	1	1
g04465	8	0	11	0	Inf	1	1
g00662	8	0	11	0	Inf	1	1
g01107	8	0	11	0	Inf	1	1
g01236	8	0	11	0	Inf	1	1
g01282	8	0	11	0	Inf	1	1
g00147	8	0	11	0	Inf	1	1
g02059	8	0	11	0	Inf	1	1
g01723	8	0	11	0	Inf	1	1
g02396	8	0	11	0	Inf	1	1
g03132	8	0	11	0	Inf	1	1
g01259	8	0	11	0	Inf	1	1
g02980	8	0	11	0	Inf	1	1
g04559	8	0	11	0	Inf	1	1
g01682	8	0	11	0	Inf	1	1
g02845	8	0	11	0	Inf	1	1
g02328	8	0	11	0	Inf	1	1
g01150	8	0	11	0	Inf	1	1
g02170	8	0	11	0	Inf	1	1
g00316	8	0	11	0	Inf	1	1
g01475	8	0	11	0	Inf	1	1
g00452	8	0	11	0	Inf	1	1
g01851	8	0	11	0	Inf	1	1
g01302	8	0	11	0	Inf	1	1
g01103	8	0	11	0	Inf	1	1
g01576	8	0	11	0	Inf	1	1
g02323	8	0	11	0	Inf	1	1
g04073	8	0	11	0	Inf	1	1
g04039	8	0	11	0	Inf	1	1
g00913	8	0	11	0	Inf	1	1
g00483	8	0	11	0	Inf	1	1
g01064	8	0	11	0	Inf	1	1
g01332	8	0	11	0	Inf	1	1
g00757	8	0	11	0	Inf	1	1
g01936	8	0	11	0	Inf	1	1
g01754	8	0	11	0	Inf	1	1
g02258	8	0	11	0	Inf	1	1
g01406	8	0	11	0	Inf	1	1
g00701	8	0	11	0	Inf	1	1
g00685	8	0	11	0	Inf	1	1
g01559	8	0	11	0	Inf	1	1
g00854	8	0	11	0	Inf	1	1
g01444	8	0	11	0	Inf	1	1
g01219	8	0	11	0	Inf	1	1
g01517	8	0	11	0	Inf	1	1
g01513	8	0	11	0	Inf	1	1
g02134	8	0	11	0	Inf	1	1
g01260	8	0	11	0	Inf	1	1
g01990	8	0	11	0	Inf	1	1
g01060	8	0	11	0	Inf	1	1
g01577	8	0	11	0	Inf	1	1
g01108	8	0	11	0	Inf	1	1
g01042	8	0	11	0	Inf	1	1
g04153	8	0	11	0	Inf	1	1
g00622	8	0	11	0	Inf	1	1
g04256	8	0	11	0	Inf	1	1
g01351	8	0	11	0	Inf	1	1
g02543	8	0	11	0	Inf	1	1
g02228	8	0	11	0	Inf	1	1
g02095	8	0	11	0	Inf	1	1
g01462	8	0	11	0	Inf	1	1
g02960	8	0	11	0	Inf	1	1
g02858	8	0	11	0	Inf	1	1
g01902	8	0	11	0	Inf	1	1
g00363	8	0	11	0	Inf	1	1
g04171	8	0	11	0	Inf	1	1
g02874	8	0	11	0	Inf	1	1
g03532	8	0	11	0	Inf	1	1
g01132	8	0	11	0	Inf	1	1
g00871	8	0	11	0	Inf	1	1
g02621	8	0	11	0	Inf	1	1
g02940	8	0	11	0	Inf	1	1
g04337	8	0	11	0	Inf	1	1
g01521	8	0	11	0	Inf	1	1
g02522	8	0	11	0	Inf	1	1
g01894	8	0	11	0	Inf	1	1
g02732	8	0	11	0	Inf	1	1
g02666	8	0	11	0	Inf	1	1
g02911	8	0	11	0	Inf	1	1
g02981	8	0	11	0	Inf	1	1
g00629	8	0	11	0	Inf	1	1
g00670	8	0	11	0	Inf	1	1
g03307	8	0	11	0	Inf	1	1
g03861	8	0	11	0	Inf	1	1
g00181	8	0	11	0	Inf	1	1
g00972	8	0	11	0	Inf	1	1
g01213	8	0	11	0	Inf	1	1
g01038	8	0	11	0	Inf	1	1
g00212	8	0	11	0	Inf	1	1
g01366	8	0	11	0	Inf	1	1
g00374	8	0	11	0	Inf	1	1
g00723	8	0	11	0	Inf	1	1
g01323	8	0	11	0	Inf	1	1
g03907	8	0	11	0	Inf	1	1
g01880	8	0	11	0	Inf	1	1
g00798	8	0	11	0	Inf	1	1
g00058	8	0	11	0	Inf	1	1
g03656	8	0	11	0	Inf	1	1
g01816	8	0	11	0	Inf	1	1
g01911	8	0	11	0	Inf	1	1
g01085	8	0	11	0	Inf	1	1
g00966	8	0	11	0	Inf	1	1
g01857	8	0	11	0	Inf	1	1
g03988	8	0	11	0	Inf	1	1
g03815	8	0	11	0	Inf	1	1
g08570	8	0	11	0	Inf	1	1
g01337	8	0	11	0	Inf	1	1
g00657	8	0	11	0	Inf	1	1
g01908	8	0	11	0	Inf	1	1
g01262	8	0	11	0	Inf	1	1
g00277	8	0	11	0	Inf	1	1
g00273	8	0	11	0	Inf	1	1
g01725	8	0	11	0	Inf	1	1
g01649	8	0	11	0	Inf	1	1
g00586	8	0	11	0	Inf	1	1
g00785	8	0	11	0	Inf	1	1
g00146	8	0	11	0	Inf	1	1
g03294	8	0	11	0	Inf	1	1
g01245	8	0	11	0	Inf	1	1
g00625	8	0	11	0	Inf	1	1
g01326	8	0	11	0	Inf	1	1
g01661	8	0	11	0	Inf	1	1
g04459	8	0	11	0	Inf	1	1
g03243	8	0	11	0	Inf	1	1
g00335	8	0	11	0	Inf	1	1
g02430	8	0	11	0	Inf	1	1
g01084	8	0	11	0	Inf	1	1
g02871	8	0	11	0	Inf	1	1
g02298	8	0	11	0	Inf	1	1
g01652	8	0	11	0	Inf	1	1
g01143	8	0	11	0	Inf	1	1
g02052	8	0	11	0	Inf	1	1
g02775	8	0	11	0	Inf	1	1
g00696	8	0	11	0	Inf	1	1
g00262	8	0	11	0	Inf	1	1
g00525	8	0	11	0	Inf	1	1
g00693	8	0	11	0	Inf	1	1
g04525	8	0	11	0	Inf	1	1
g01405	8	0	11	0	Inf	1	1
g00160	8	0	11	0	Inf	1	1
g00949	8	0	11	0	Inf	1	1
g00522	8	0	11	0	Inf	1	1
g03071	8	0	11	0	Inf	1	1
g00988	8	0	11	0	Inf	1	1
g02269	8	0	11	0	Inf	1	1
g00507	8	0	11	0	Inf	1	1
g01286	8	0	11	0	Inf	1	1
g03871	8	0	11	0	Inf	1	1
g00574	8	0	11	0	Inf	1	1
g00793	8	0	11	0	Inf	1	1
g02690	8	0	11	0	Inf	1	1
g00509	8	0	11	0	Inf	1	1
g00728	8	0	11	0	Inf	1	1
g00482	8	0	11	0	Inf	1	1
g00475	8	0	11	0	Inf	1	1
g01563	8	0	11	0	Inf	1	1
g02009	8	0	11	0	Inf	1	1
g02563	8	0	11	0	Inf	1	1
g01308	8	0	11	0	Inf	1	1
g00946	8	0	11	0	Inf	1	1
g00073	8	0	11	0	Inf	1	1
g00588	8	0	11	0	Inf	1	1
g00428	8	0	11	0	Inf	1	1
g03278	8	0	11	0	Inf	1	1
g03261	8	0	11	0	Inf	1	1
g01458	8	0	11	0	Inf	1	1
g02117	8	0	11	0	Inf	1	1
g01794	8	0	11	0	Inf	1	1
g03554	8	0	11	0	Inf	1	1
g03057	8	0	11	0	Inf	1	1
g04344	8	0	11	0	Inf	1	1
g01963	8	0	11	0	Inf	1	1
g03647	8	0	11	0	Inf	1	1
g02077	8	0	11	0	Inf	1	1
g02688	8	0	11	0	Inf	1	1
g03368	8	0	11	0	Inf	1	1
g01341	8	0	11	0	Inf	1	1
g03695	8	0	11	0	Inf	1	1
g03393	8	0	11	0	Inf	1	1
g00545	8	0	11	0	Inf	1	1
g04347	8	0	11	0	Inf	1	1
g04218	8	0	11	0	Inf	1	1
g02444	8	0	11	0	Inf	1	1
g02639	8	0	11	0	Inf	1	1
g01137	8	0	11	0	Inf	1	1
g04318	8	0	11	0	Inf	1	1
g02524	8	0	11	0	Inf	1	1
g04055	8	0	11	0	Inf	1	1
g01159	8	0	11	0	Inf	1	1
g02376	8	0	11	0	Inf	1	1
g02194	8	0	11	0	Inf	1	1
g01699	8	0	11	0	Inf	1	1
g00823	8	0	11	0	Inf	1	1
g00943	8	0	11	0	Inf	1	1
g01877	8	0	11	0	Inf	1	1
g00679	8	0	11	0	Inf	1	1
g01952	8	0	11	0	Inf	1	1
g03991	8	0	11	0	Inf	1	1
g03802	8	0	11	0	Inf	1	1
g02218	8	0	11	0	Inf	1	1
g03136	8	0	11	0	Inf	1	1
g03079	8	0	11	0	Inf	1	1
g02627	8	0	11	0	Inf	1	1
g03222	8	0	11	0	Inf	1	1
g02601	8	0	11	0	Inf	1	1
g03401	8	0	11	0	Inf	1	1
g03640	8	0	11	0	Inf	1	1
g02635	8	0	11	0	Inf	1	1
g04502	8	0	11	0	Inf	1	1
g03708	8	0	11	0	Inf	1	1
g03967	8	0	11	0	Inf	1	1
g03157	8	0	11	0	Inf	1	1
g03281	8	0	11	0	Inf	1	1
g02598	8	0	11	0	Inf	1	1
g01007	8	0	11	0	Inf	1	1
g01449	8	0	11	0	Inf	1	1
g03373	8	0	11	0	Inf	1	1
g03364	8	0	11	0	Inf	1	1
g01276	8	0	11	0	Inf	1	1
g03604	8	0	11	0	Inf	1	1
g02173	8	0	11	0	Inf	1	1
g02080	8	0	11	0	Inf	1	1
g03864	8	0	11	0	Inf	1	1
g02094	8	0	11	0	Inf	1	1
g00610	8	0	11	0	Inf	1	1
g03411	8	0	11	0	Inf	1	1
g04532	8	0	11	0	Inf	1	1
g01796	8	0	11	0	Inf	1	1
g04266	8	0	11	0	Inf	1	1
g03148	8	0	11	0	Inf	1	1
g03220	8	0	11	0	Inf	1	1
g02910	8	0	11	0	Inf	1	1
g02756	8	0	11	0	Inf	1	1
g02850	8	0	11	0	Inf	1	1
g02913	8	0	11	0	Inf	1	1
g03646	8	0	11	0	Inf	1	1
g02283	8	0	11	0	Inf	1	1
g03973	8	0	11	0	Inf	1	1
g03327	8	0	11	0	Inf	1	1
g02620	8	0	11	0	Inf	1	1
g02060	8	0	11	0	Inf	1	1
g03036	8	0	11	0	Inf	1	1
g02386	8	0	11	0	Inf	1	1
g01639	8	0	11	0	Inf	1	1
g02781	8	0	11	0	Inf	1	1
g04568	8	0	11	0	Inf	1	1
g04424	8	0	11	0	Inf	1	1
g03237	8	0	11	0	Inf	1	1
g04566	8	0	11	0	Inf	1	1
g02549	8	0	11	0	Inf	1	1
g03040	8	0	11	0	Inf	1	1
g01229	8	0	11	0	Inf	1	1
g00112	8	0	11	0	Inf	1	1
g01141	8	0	11	0	Inf	1	1
g01099	8	0	11	0	Inf	1	1
g00013	8	0	11	0	Inf	1	1
g01740	8	0	11	0	Inf	1	1
g00912	8	0	11	0	Inf	1	1
g02965	8	0	11	0	Inf	1	1
g03199	8	0	11	0	Inf	1	1
g03369	8	0	11	0	Inf	1	1
g02161	8	0	11	0	Inf	1	1
g00697	8	0	11	0	Inf	1	1
g00357	8	0	11	0	Inf	1	1
g00415	8	0	11	0	Inf	1	1
g01479	8	0	11	0	Inf	1	1
g00856	8	0	11	0	Inf	1	1
g01130	8	0	11	0	Inf	1	1
g04401	8	0	11	0	Inf	1	1
g02946	8	0	11	0	Inf	1	1
g03479	8	0	11	0	Inf	1	1
g01034	8	0	11	0	Inf	1	1
g01757	8	0	11	0	Inf	1	1
g00423	8	0	11	0	Inf	1	1
g00255	8	0	11	0	Inf	1	1
g00231	8	0	11	0	Inf	1	1
g00202	8	0	11	0	Inf	1	1
g00481	8	0	11	0	Inf	1	1
g02274	8	0	11	0	Inf	1	1
g01847	8	0	11	0	Inf	1	1
g01455	8	0	11	0	Inf	1	1
g01244	8	0	11	0	Inf	1	1
g00899	8	0	11	0	Inf	1	1
g00967	8	0	11	0	Inf	1	1
g00782	8	0	11	0	Inf	1	1
g00500	8	0	11	0	Inf	1	1
g01909	8	0	11	0	Inf	1	1
g00045	8	0	11	0	Inf	1	1
g00216	8	0	11	0	Inf	1	1
g00576	8	0	11	0	Inf	1	1
g00197	8	0	11	0	Inf	1	1
g00074	8	0	11	0	Inf	1	1
g00881	8	0	11	0	Inf	1	1
g02525	8	0	11	0	Inf	1	1
g00668	8	0	11	0	Inf	1	1
g01372	8	0	11	0	Inf	1	1
g00068	8	0	11	0	Inf	1	1
g02039	8	0	11	0	Inf	1	1
g02720	8	0	11	0	Inf	1	1
g01583	8	0	11	0	Inf	1	1
g01024	8	0	11	0	Inf	1	1
g00819	8	0	11	0	Inf	1	1
g00608	8	0	11	0	Inf	1	1
g02446	8	0	11	0	Inf	1	1
g01518	8	0	11	0	Inf	1	1
g00491	8	0	11	0	Inf	1	1
g01572	8	0	11	0	Inf	1	1
g00303	8	0	11	0	Inf	1	1
g00814	8	0	11	0	Inf	1	1
g00400	8	0	11	0	Inf	1	1
g02119	8	0	11	0	Inf	1	1
g01765	8	0	11	0	Inf	1	1
g00655	8	0	11	0	Inf	1	1
g01041	8	0	11	0	Inf	1	1
g00118	8	0	11	0	Inf	1	1
g00066	8	0	11	0	Inf	1	1
g03182	8	0	11	0	Inf	1	1
g01778	8	0	11	0	Inf	1	1
g01391	8	0	11	0	Inf	1	1
g01059	8	0	11	0	Inf	1	1
g00789	8	0	11	0	Inf	1	1
g00456	8	0	11	0	Inf	1	1
g03725	8	0	11	0	Inf	1	1
g01370	8	0	11	0	Inf	1	1
g02207	8	0	11	0	Inf	1	1
g02727	8	0	11	0	Inf	1	1
g02352	8	0	11	0	Inf	1	1
g00123	8	0	11	0	Inf	1	1
g01920	8	0	11	0	Inf	1	1
g04371	8	0	11	0	Inf	1	1
g02482	8	0	11	0	Inf	1	1
g00543	8	0	11	0	Inf	1	1
g01943	8	0	11	0	Inf	1	1
g00707	8	0	11	0	Inf	1	1
g00773	8	0	11	0	Inf	1	1
g02788	8	0	11	0	Inf	1	1
g00594	8	0	11	0	Inf	1	1
g00841	8	0	11	0	Inf	1	1
g00927	8	0	11	0	Inf	1	1
g00874	8	0	11	0	Inf	1	1
g02068	8	0	11	0	Inf	1	1
g01730	8	0	11	0	Inf	1	1
g04029	8	0	11	0	Inf	1	1
g00463	8	0	11	0	Inf	1	1
g04246	8	0	11	0	Inf	1	1
g00618	8	0	11	0	Inf	1	1
g02831	8	0	11	0	Inf	1	1
g00090	8	0	11	0	Inf	1	1
g00261	8	0	11	0	Inf	1	1
g00368	8	0	11	0	Inf	1	1
g03731	8	0	11	0	Inf	1	1
g02186	8	0	11	0	Inf	1	1
g01274	8	0	11	0	Inf	1	1
g02433	8	0	11	0	Inf	1	1
g02158	8	0	11	0	Inf	1	1
g00990	8	0	11	0	Inf	1	1
g04360	8	0	11	0	Inf	1	1
g01708	8	0	11	0	Inf	1	1
g00086	8	0	11	0	Inf	1	1
g01380	8	0	11	0	Inf	1	1
g01501	8	0	11	0	Inf	1	1
g02896	8	0	11	0	Inf	1	1
g01977	8	0	11	0	Inf	1	1
g00199	8	0	11	0	Inf	1	1
g02531	8	0	11	0	Inf	1	1
g00324	8	0	11	0	Inf	1	1
g01377	8	0	11	0	Inf	1	1
g02939	8	0	11	0	Inf	1	1
g01755	8	0	11	0	Inf	1	1
g00971	8	0	11	0	Inf	1	1
g01536	8	0	11	0	Inf	1	1
g01083	8	0	11	0	Inf	1	1
g01040	8	0	11	0	Inf	1	1
g01049	8	0	11	0	Inf	1	1
g00992	8	0	11	0	Inf	1	1
g00497	8	0	11	0	Inf	1	1
g01296	8	0	11	0	Inf	1	1
g01039	8	0	11	0	Inf	1	1
g02314	8	0	11	0	Inf	1	1
g02829	8	0	11	0	Inf	1	1
g03228	8	0	11	0	Inf	1	1
g01368	8	0	11	0	Inf	1	1
g00064	8	0	11	0	Inf	1	1
g01075	8	0	11	0	Inf	1	1
g02400	8	0	11	0	Inf	1	1
g02008	8	0	11	0	Inf	1	1
g01813	8	0	11	0	Inf	1	1
g03169	8	0	11	0	Inf	1	1
g01602	8	0	11	0	Inf	1	1
g01128	8	0	11	0	Inf	1	1
g02580	8	0	11	0	Inf	1	1
g04097	8	0	11	0	Inf	1	1
g03855	8	0	11	0	Inf	1	1
g01986	8	0	11	0	Inf	1	1
g01043	8	0	11	0	Inf	1	1
g01089	8	0	11	0	Inf	1	1
g00133	8	0	11	0	Inf	1	1
g00084	8	0	11	0	Inf	1	1
g01094	8	0	11	0	Inf	1	1
g02126	8	0	11	0	Inf	1	1
g00758	8	0	11	0	Inf	1	1
g00472	8	0	11	0	Inf	1	1
g01575	8	0	11	0	Inf	1	1
g01614	8	0	11	0	Inf	1	1
g00547	8	0	11	0	Inf	1	1
g03959	8	0	11	0	Inf	1	1
g01314	8	0	11	0	Inf	1	1
g02961	8	0	11	0	Inf	1	1
g00004	8	0	11	0	Inf	1	1
g00350	8	0	11	0	Inf	1	1
g00940	8	0	11	0	Inf	1	1
g00818	8	0	11	0	Inf	1	1
g00094	8	0	11	0	Inf	1	1
g00919	8	0	11	0	Inf	1	1
g00334	8	0	11	0	Inf	1	1
g01923	8	0	11	0	Inf	1	1
g00781	8	0	11	0	Inf	1	1
g00005	8	0	11	0	Inf	1	1
g03378	8	0	11	0	Inf	1	1
g01790	8	0	11	0	Inf	1	1
g00592	8	0	11	0	Inf	1	1
g00248	8	0	11	0	Inf	1	1
g02833	8	0	11	0	Inf	1	1
g02347	8	0	11	0	Inf	1	1
g02579	8	0	11	0	Inf	1	1
g00621	8	0	11	0	Inf	1	1
g01027	8	0	11	0	Inf	1	1
g00772	8	0	11	0	Inf	1	1
g00764	8	0	11	0	Inf	1	1
g00200	8	0	11	0	Inf	1	1
g00791	8	0	11	0	Inf	1	1
g00318	8	0	11	0	Inf	1	1
g00412	8	0	11	0	Inf	1	1
g01196	8	0	11	0	Inf	1	1
g01593	8	0	11	0	Inf	1	1
g00518	8	0	11	0	Inf	1	1
g03333	8	0	11	0	Inf	1	1
g00124	8	0	11	0	Inf	1	1
g02184	8	0	11	0	Inf	1	1
g00433	8	0	11	0	Inf	1	1
g00991	8	0	11	0	Inf	1	1
g02804	8	0	11	0	Inf	1	1
g00105	8	0	11	0	Inf	1	1
g00323	8	0	11	0	Inf	1	1
g00490	8	0	11	0	Inf	1	1
g01651	8	0	11	0	Inf	1	1
g03908	8	0	11	0	Inf	1	1
g01786	8	0	11	0	Inf	1	1
g00570	8	0	11	0	Inf	1	1
g00792	8	0	11	0	Inf	1	1
g04263	8	0	11	0	Inf	1	1
g04509	8	0	11	0	Inf	1	1
g00088	8	0	11	0	Inf	1	1
g02927	8	0	11	0	Inf	1	1
g02018	8	0	11	0	Inf	1	1
g01972	8	0	11	0	Inf	1	1
g01147	8	0	11	0	Inf	1	1
g02389	8	0	11	0	Inf	1	1
g00648	8	0	11	0	Inf	1	1
g00590	8	0	11	0	Inf	1	1
g02868	8	0	11	0	Inf	1	1
g01756	8	0	11	0	Inf	1	1
g04152	8	0	11	0	Inf	1	1
g00705	8	0	11	0	Inf	1	1
g02578	8	0	11	0	Inf	1	1
g02180	8	0	11	0	Inf	1	1
g03258	8	0	11	0	Inf	1	1
g02035	8	0	11	0	Inf	1	1
g00282	8	0	11	0	Inf	1	1
g00799	8	0	11	0	Inf	1	1
g01763	8	0	11	0	Inf	1	1
g02197	8	0	11	0	Inf	1	1
g01735	8	0	11	0	Inf	1	1
g01604	8	0	11	0	Inf	1	1
g02755	8	0	11	0	Inf	1	1
g00936	8	0	11	0	Inf	1	1
g01445	8	0	11	0	Inf	1	1
g02606	8	0	11	0	Inf	1	1
g02460	8	0	11	0	Inf	1	1
g02477	8	0	11	0	Inf	1	1
g02483	8	0	11	0	Inf	1	1
g01867	8	0	11	0	Inf	1	1
g02130	8	0	11	0	Inf	1	1
g00694	8	0	11	0	Inf	1	1
g02311	8	0	11	0	Inf	1	1
g02506	8	0	11	0	Inf	1	1
g02660	8	0	11	0	Inf	1	1
g03664	8	0	11	0	Inf	1	1
g02622	8	0	11	0	Inf	1	1
g02076	8	0	11	0	Inf	1	1
g02877	8	0	11	0	Inf	1	1
g04380	8	0	11	0	Inf	1	1
g01367	8	0	11	0	Inf	1	1
g02247	8	0	11	0	Inf	1	1
g02949	8	0	11	0	Inf	1	1
g00356	8	0	11	0	Inf	1	1
g02279	8	0	11	0	Inf	1	1
g00857	8	0	11	0	Inf	1	1
g02452	8	0	11	0	Inf	1	1
g01087	8	0	11	0	Inf	1	1
g02857	8	0	11	0	Inf	1	1
g00824	8	0	11	0	Inf	1	1
g00840	8	0	11	0	Inf	1	1
g04528	8	0	11	0	Inf	1	1
g04364	8	0	11	0	Inf	1	1
g03795	8	0	11	0	Inf	1	1
g03092	8	0	11	0	Inf	1	1
g02907	8	0	11	0	Inf	1	1
g01082	8	0	11	0	Inf	1	1
g00327	8	0	11	0	Inf	1	1
g00569	8	0	11	0	Inf	1	1
g01069	8	0	11	0	Inf	1	1
g00835	8	0	11	0	Inf	1	1
g00959	8	0	11	0	Inf	1	1
g00691	8	0	11	0	Inf	1	1
g00996	8	0	11	0	Inf	1	1
g00778	8	0	11	0	Inf	1	1
g02225	8	0	11	0	Inf	1	1
g01946	8	0	11	0	Inf	1	1
g00640	8	0	11	0	Inf	1	1
g02087	8	0	11	0	Inf	1	1
g01570	8	0	11	0	Inf	1	1
g01254	8	0	11	0	Inf	1	1
g01287	8	0	11	0	Inf	1	1
g01304	8	0	11	0	Inf	1	1
g00030	8	0	11	0	Inf	1	1
g02919	8	0	11	0	Inf	1	1
g01663	8	0	11	0	Inf	1	1
g01015	8	0	11	0	Inf	1	1
g01352	8	0	11	0	Inf	1	1
g04243	8	0	11	0	Inf	1	1
g04548	8	0	11	0	Inf	1	1
g01818	8	0	11	0	Inf	1	1
g01890	8	0	11	0	Inf	1	1
g02413	8	0	11	0	Inf	1	1
g02603	8	0	11	0	Inf	1	1
g02015	8	0	11	0	Inf	1	1
g02164	8	0	11	0	Inf	1	1
g03536	8	0	11	0	Inf	1	1
g04092	8	0	11	0	Inf	1	1
g04248	8	0	11	0	Inf	1	1
g00901	8	0	11	0	Inf	1	1
g00489	8	0	11	0	Inf	1	1
g02248	8	0	11	0	Inf	1	1
g02034	8	0	11	0	Inf	1	1
g00903	8	0	11	0	Inf	1	1
g00049	8	0	11	0	Inf	1	1
g01073	8	0	11	0	Inf	1	1
g01289	8	0	11	0	Inf	1	1
g00410	8	0	11	0	Inf	1	1
g00654	8	0	11	0	Inf	1	1
g00455	8	0	11	0	Inf	1	1
g00897	8	0	11	0	Inf	1	1
g00526	8	0	11	0	Inf	1	1
g00062	8	0	11	0	Inf	1	1
g00042	8	0	11	0	Inf	1	1
g00038	8	0	11	0	Inf	1	1
g00362	8	0	11	0	Inf	1	1
g00305	8	0	11	0	Inf	1	1
g00984	8	0	11	0	Inf	1	1
g01871	8	0	11	0	Inf	1	1
g02641	8	0	11	0	Inf	1	1
g02869	8	0	11	0	Inf	1	1
g02406	8	0	11	0	Inf	1	1
g03538	8	0	11	0	Inf	1	1
g01330	8	0	11	0	Inf	1	1
g03120	8	0	11	0	Inf	1	1
g01295	8	0	11	0	Inf	1	1
g00682	8	0	11	0	Inf	1	1
g04140	8	0	11	0	Inf	1	1
g02055	8	0	11	0	Inf	1	1
g00536	8	0	11	0	Inf	1	1
g01569	8	0	11	0	Inf	1	1
g00151	8	0	11	0	Inf	1	1
g00851	8	0	11	0	Inf	1	1
g02748	8	0	11	0	Inf	1	1
g02492	8	0	11	0	Inf	1	1
g03913	8	0	11	0	Inf	1	1
g02489	8	0	11	0	Inf	1	1
g01927	8	0	11	0	Inf	1	1
g03309	8	0	11	0	Inf	1	1
g02332	8	0	11	0	Inf	1	1
g00554	8	0	11	0	Inf	1	1
g03074	8	0	11	0	Inf	1	1
g03181	8	0	11	0	Inf	1	1
g03267	8	0	11	0	Inf	1	1
g04460	8	0	11	0	Inf	1	1
g04327	8	0	11	0	Inf	1	1
g01437	8	0	11	0	Inf	1	1
g01231	8	0	11	0	Inf	1	1
g00078	8	0	11	0	Inf	1	1
g02478	8	0	11	0	Inf	1	1
g02803	8	0	11	0	Inf	1	1
g01726	8	0	11	0	Inf	1	1
g04483	8	0	11	0	Inf	1	1
g02936	8	0	11	0	Inf	1	1
g03363	8	0	11	0	Inf	1	1
g01189	8	0	11	0	Inf	1	1
g01853	8	0	11	0	Inf	1	1
g02156	8	0	11	0	Inf	1	1
g04070	8	0	11	0	Inf	1	1
g00811	8	0	11	0	Inf	1	1
g00505	8	0	11	0	Inf	1	1
g00766	8	0	11	0	Inf	1	1
g03997	8	0	11	0	Inf	1	1
g03787	8	0	11	0	Inf	1	1
g00663	8	0	11	0	Inf	1	1
g00664	8	0	11	0	Inf	1	1
g01581	8	0	11	0	Inf	1	1
g01626	8	0	11	0	Inf	1	1
g01638	8	0	11	0	Inf	1	1
g03578	8	0	11	0	Inf	1	1
g01729	8	0	11	0	Inf	1	1
g00875	8	0	11	0	Inf	1	1
g01547	8	0	11	0	Inf	1	1
g04330	8	0	11	0	Inf	1	1
g00769	8	0	11	0	Inf	1	1
g02814	8	0	11	0	Inf	1	1
g02010	8	0	11	0	Inf	1	1
g02722	8	0	11	0	Inf	1	1
g00559	8	0	11	0	Inf	1	1
g03480	8	0	11	0	Inf	1	1
g02343	8	0	11	0	Inf	1	1
g02099	8	0	11	0	Inf	1	1
g01146	8	0	11	0	Inf	1	1
g02462	8	0	11	0	Inf	1	1
g01811	8	0	11	0	Inf	1	1
g01860	8	0	11	0	Inf	1	1
g00435	8	0	11	0	Inf	1	1
g02206	8	0	11	0	Inf	1	1
g02411	8	0	11	0	Inf	1	1
g01006	8	0	11	0	Inf	1	1
g00637	8	0	11	0	Inf	1	1
g00366	8	0	11	0	Inf	1	1
g00794	8	0	11	0	Inf	1	1
g01541	8	0	11	0	Inf	1	1
g01833	8	0	11	0	Inf	1	1
g01866	8	0	11	0	Inf	1	1
g00925	8	0	11	0	Inf	1	1
g03770	8	0	11	0	Inf	1	1
g00544	8	0	11	0	Inf	1	1
g02812	8	0	11	0	Inf	1	1
g00402	8	0	11	0	Inf	1	1
g00002	8	0	11	0	Inf	1	1
g01535	8	0	11	0	Inf	1	1
g00718	8	0	11	0	Inf	1	1
g02714	8	0	11	0	Inf	1	1
g01072	8	0	11	0	Inf	1	1
g02223	8	0	11	0	Inf	1	1
g01949	8	0	11	0	Inf	1	1
g00853	8	0	11	0	Inf	1	1
g02647	8	0	11	0	Inf	1	1
g00168	8	0	11	0	Inf	1	1
g03990	8	0	11	0	Inf	1	1
g00634	8	0	11	0	Inf	1	1
g02108	8	0	11	0	Inf	1	1
g00989	8	0	11	0	Inf	1	1
g00755	8	0	11	0	Inf	1	1
g01288	8	0	11	0	Inf	1	1
g01237	8	0	11	0	Inf	1	1
g04576	8	0	11	0	Inf	1	1
g00742	8	0	11	0	Inf	1	1
g01938	8	0	11	0	Inf	1	1
g02159	8	0	11	0	Inf	1	1
g00763	8	0	11	0	Inf	1	1
g04377	8	0	11	0	Inf	1	1
g02001	8	0	11	0	Inf	1	1
g00595	8	0	11	0	Inf	1	1
g02294	8	0	11	0	Inf	1	1
g03671	8	0	11	0	Inf	1	1
g01648	8	0	11	0	Inf	1	1
g02023	8	0	11	0	Inf	1	1
g01618	8	0	11	0	Inf	1	1
g01125	8	0	11	0	Inf	1	1
g01807	8	0	11	0	Inf	1	1
g03638	8	0	11	0	Inf	1	1
g02512	8	0	11	0	Inf	1	1
g03188	8	0	11	0	Inf	1	1
g02500	8	0	11	0	Inf	1	1
g02959	8	0	11	0	Inf	1	1
g00651	8	0	11	0	Inf	1	1
g03413	8	0	11	0	Inf	1	1
g03324	8	0	11	0	Inf	1	1
g01896	8	0	11	0	Inf	1	1
g00948	8	0	11	0	Inf	1	1
g00298	8	0	11	0	Inf	1	1
g01515	8	0	11	0	Inf	1	1
g04450	8	0	11	0	Inf	1	1
g02909	8	0	11	0	Inf	1	1
g00565	8	0	11	0	Inf	1	1
g00488	8	0	11	0	Inf	1	1
g01702	8	0	11	0	Inf	1	1
g03322	8	0	11	0	Inf	1	1
g02923	8	0	11	0	Inf	1	1
g04563	8	0	11	0	Inf	1	1
g00221	8	0	11	0	Inf	1	1
g01544	8	0	11	0	Inf	1	1
g01409	8	0	11	0	Inf	1	1
g00046	8	0	11	0	Inf	1	1
g02556	8	0	11	0	Inf	1	1
g02450	8	0	11	0	Inf	1	1
g00039	8	0	11	0	Inf	1	1
g01628	8	0	11	0	Inf	1	1
g03116	8	0	11	0	Inf	1	1
g04412	8	0	11	0	Inf	1	1
g01728	8	0	11	0	Inf	1	1
g03898	8	0	11	0	Inf	1	1
g02873	8	0	11	0	Inf	1	1
g02163	8	0	11	0	Inf	1	1
g03945	8	0	11	0	Inf	1	1
g02378	8	0	11	0	Inf	1	1
g03211	8	0	11	0	Inf	1	1
g01364	8	0	11	0	Inf	1	1
g02934	8	0	11	0	Inf	1	1
g02843	8	0	11	0	Inf	1	1
g04515	8	0	11	0	Inf	1	1
g02319	8	0	11	0	Inf	1	1
g02908	8	0	11	0	Inf	1	1
g01353	8	0	11	0	Inf	1	1
g00270	8	0	11	0	Inf	1	1
g01631	8	0	11	0	Inf	1	1
g03381	8	0	11	0	Inf	1	1
g02638	8	0	11	0	Inf	1	1
g02273	8	0	11	0	Inf	1	1
g00127	8	0	11	0	Inf	1	1
g00993	8	0	11	0	Inf	1	1
g01831	8	0	11	0	Inf	1	1
g01206	8	0	11	0	Inf	1	1
g04028	8	0	11	0	Inf	1	1
g01044	8	0	11	0	Inf	1	1
g00348	8	0	11	0	Inf	1	1
g02572	8	0	11	0	Inf	1	1
g04431	8	0	11	0	Inf	1	1
g02153	8	0	11	0	Inf	1	1
g03658	8	0	11	0	Inf	1	1
g02486	8	0	11	0	Inf	1	1
g01662	8	0	11	0	Inf	1	1
g03075	8	0	11	0	Inf	1	1
g03547	8	0	11	0	Inf	1	1
g01162	8	0	11	0	Inf	1	1
g00413	8	0	11	0	Inf	1	1
g01354	8	0	11	0	Inf	1	1
g02825	8	0	11	0	Inf	1	1
g01988	8	0	11	0	Inf	1	1
g02428	8	0	11	0	Inf	1	1
g01566	8	0	11	0	Inf	1	1
g01149	8	0	11	0	Inf	1	1
g01095	8	0	11	0	Inf	1	1
g00028	8	0	11	0	Inf	1	1
g00891	8	0	11	0	Inf	1	1
g01907	8	0	11	0	Inf	1	1
g03138	8	0	11	0	Inf	1	1
g01531	8	0	11	0	Inf	1	1
g00816	8	0	11	0	Inf	1	1
g02236	8	0	11	0	Inf	1	1
g02350	8	0	11	0	Inf	1	1
g02215	8	0	11	0	Inf	1	1
g02886	8	0	11	0	Inf	1	1
g03746	8	0	11	0	Inf	1	1
g03031	8	0	11	0	Inf	1	1
g01594	8	0	11	0	Inf	1	1
g02921	8	0	11	0	Inf	1	1
g01232	8	0	11	0	Inf	1	1
g02968	8	0	11	0	Inf	1	1
g01228	8	0	11	0	Inf	1	1
g01875	8	0	11	0	Inf	1	1
g01678	8	0	11	0	Inf	1	1
g02453	8	0	11	0	Inf	1	1
g01407	8	0	11	0	Inf	1	1
g01622	8	0	11	0	Inf	1	1
g02455	8	0	11	0	Inf	1	1
g02808	8	0	11	0	Inf	1	1
g04287	8	0	11	0	Inf	1	1
g01408	8	0	11	0	Inf	1	1
g01511	8	0	11	0	Inf	1	1
g00017	8	0	11	0	Inf	1	1
g01739	8	0	11	0	Inf	1	1
g02752	8	0	11	0	Inf	1	1
g01342	8	0	11	0	Inf	1	1
g02480	8	0	11	0	Inf	1	1
g01870	8	0	11	0	Inf	1	1
g02047	8	0	11	0	Inf	1	1
g00247	8	0	11	0	Inf	1	1
g04544	8	0	11	0	Inf	1	1
g01542	8	0	11	0	Inf	1	1
g04088	8	0	11	0	Inf	1	1
g02307	8	0	11	0	Inf	1	1
g03066	8	0	11	0	Inf	1	1
g00048	8	0	11	0	Inf	1	1
g02216	8	0	11	0	Inf	1	1
g03475	8	0	11	0	Inf	1	1
g01266	8	0	11	0	Inf	1	1
g01585	8	0	11	0	Inf	1	1
g02142	8	0	11	0	Inf	1	1
g04537	8	0	11	0	Inf	1	1
g01005	8	0	11	0	Inf	1	1
g01781	8	0	11	0	Inf	1	1
g01687	8	0	11	0	Inf	1	1
g04079	8	0	11	0	Inf	1	1
g04427	8	0	11	0	Inf	1	1
g02750	8	0	11	0	Inf	1	1
g03955	8	0	11	0	Inf	1	1
g02020	8	0	11	0	Inf	1	1
g00684	8	0	11	0	Inf	1	1
g03142	8	0	11	0	Inf	1	1
g01376	8	0	11	0	Inf	1	1
g02890	8	0	11	0	Inf	1	1
g03444	8	0	11	0	Inf	1	1
g03987	8	0	11	0	Inf	1	1
g02897	8	0	11	0	Inf	1	1
g03648	8	0	11	0	Inf	1	1
g00760	8	0	11	0	Inf	1	1
g02049	8	0	11	0	Inf	1	1
g01055	8	0	11	0	Inf	1	1
g02329	8	0	11	0	Inf	1	1
g01810	8	0	11	0	Inf	1	1
g01088	8	0	11	0	Inf	1	1
g04267	8	0	11	0	Inf	1	1
g00457	8	0	11	0	Inf	1	1
g01363	8	0	11	0	Inf	1	1
g01415	8	0	11	0	Inf	1	1
g00961	8	0	11	0	Inf	1	1
g02362	8	0	11	0	Inf	1	1
g00587	8	0	11	0	Inf	1	1
g02191	8	0	11	0	Inf	1	1
g02875	8	0	11	0	Inf	1	1
g02594	8	0	11	0	Inf	1	1
g02097	8	0	11	0	Inf	1	1
g03933	8	0	11	0	Inf	1	1
g01135	8	0	11	0	Inf	1	1
g02502	8	0	11	0	Inf	1	1
g02022	8	0	11	0	Inf	1	1
g01889	8	0	11	0	Inf	1	1
g02204	8	0	11	0	Inf	1	1
g02667	8	0	11	0	Inf	1	1
g03352	8	0	11	0	Inf	1	1
g03060	8	0	11	0	Inf	1	1
g02110	8	0	11	0	Inf	1	1
g01582	8	0	11	0	Inf	1	1
g01640	8	0	11	0	Inf	1	1
g00879	8	0	11	0	Inf	1	1
g02554	8	0	11	0	Inf	1	1
g01636	8	0	11	0	Inf	1	1
g00980	8	0	11	0	Inf	1	1
g02826	8	0	11	0	Inf	1	1
g00916	8	0	11	0	Inf	1	1
g00550	8	0	11	0	Inf	1	1
g04208	8	0	11	0	Inf	1	1
g01573	8	0	11	0	Inf	1	1
g02637	8	0	11	0	Inf	1	1
g01844	8	0	11	0	Inf	1	1
g00513	8	0	11	0	Inf	1	1
g01633	8	0	11	0	Inf	1	1
g04499	8	0	11	0	Inf	1	1
g00934	8	0	11	0	Inf	1	1
g01679	8	0	11	0	Inf	1	1
g04139	8	0	11	0	Inf	1	1
g03397	8	0	11	0	Inf	1	1
g04147	8	0	11	0	Inf	1	1
g04269	8	0	11	0	Inf	1	1
g02065	8	0	11	0	Inf	1	1
g04260	8	0	11	0	Inf	1	1
g04163	8	0	11	0	Inf	1	1
g02751	8	0	11	0	Inf	1	1
g03523	8	0	11	0	Inf	1	1
g03239	8	0	11	0	Inf	1	1
g02837	8	0	11	0	Inf	1	1
g02590	8	0	11	0	Inf	1	1
g02251	8	0	11	0	Inf	1	1
g02853	8	0	11	0	Inf	1	1
g00053	8	0	11	0	Inf	1	1
g02029	8	0	11	0	Inf	1	1
g01953	8	0	11	0	Inf	1	1
g01724	8	0	11	0	Inf	1	1
g00616	8	0	11	0	Inf	1	1
g00597	8	0	11	0	Inf	1	1
g01019	8	0	11	0	Inf	1	1
g00553	8	0	11	0	Inf	1	1
g00877	8	0	11	0	Inf	1	1
g00211	8	0	11	0	Inf	1	1
g02277	8	0	11	0	Inf	1	1
g00172	8	0	11	0	Inf	1	1
g01650	8	0	11	0	Inf	1	1
g01595	8	0	11	0	Inf	1	1
g00886	8	0	11	0	Inf	1	1
g01659	8	0	11	0	Inf	1	1
g02607	8	0	11	0	Inf	1	1
g01976	8	0	11	0	Inf	1	1
g00753	8	0	11	0	Inf	1	1
g00437	8	0	11	0	Inf	1	1
g01830	8	0	11	0	Inf	1	1
g01402	8	0	11	0	Inf	1	1
g03529	8	0	11	0	Inf	1	1
g02950	8	0	11	0	Inf	1	1
g04305	8	0	11	0	Inf	1	1
g02363	8	0	11	0	Inf	1	1
g01557	8	0	11	0	Inf	1	1
g01104	8	0	11	0	Inf	1	1
g00849	8	0	11	0	Inf	1	1
g04046	8	0	11	0	Inf	1	1
g00189	8	0	11	0	Inf	1	1
g01115	8	0	11	0	Inf	1	1
g01110	8	0	11	0	Inf	1	1
g03879	8	0	11	0	Inf	1	1
g00390	8	0	11	0	Inf	1	1
g00140	8	0	11	0	Inf	1	1
g02552	8	0	11	0	Inf	1	1
g01339	8	0	11	0	Inf	1	1
g02263	8	0	11	0	Inf	1	1
g03367	8	0	11	0	Inf	1	1
g00863	8	0	11	0	Inf	1	1
g01530	8	0	11	0	Inf	1	1
g01293	8	0	11	0	Inf	1	1
g00445	8	0	11	0	Inf	1	1
g00286	8	0	11	0	Inf	1	1
g01191	8	0	11	0	Inf	1	1
g01672	8	0	11	0	Inf	1	1
g01441	8	0	11	0	Inf	1	1
g00603	8	0	11	0	Inf	1	1
g00301	8	0	11	0	Inf	1	1
g02628	8	0	11	0	Inf	1	1
g01731	8	0	11	0	Inf	1	1
g01062	8	0	11	0	Inf	1	1
g01982	8	0	11	0	Inf	1	1
g00195	8	0	11	0	Inf	1	1
g00330	8	0	11	0	Inf	1	1
g01958	8	0	11	0	Inf	1	1
g02084	8	0	11	0	Inf	1	1
g00667	8	0	11	0	Inf	1	1
g03418	8	0	11	0	Inf	1	1
g01750	8	0	11	0	Inf	1	1
g01872	8	0	11	0	Inf	1	1
g01263	8	0	11	0	Inf	1	1
g01507	8	0	11	0	Inf	1	1
g03374	8	0	11	0	Inf	1	1
g01439	8	0	11	0	Inf	1	1
g04354	8	0	11	0	Inf	1	1
g02708	8	0	11	0	Inf	1	1
g02339	8	0	11	0	Inf	1	1
g00582	8	0	11	0	Inf	1	1
g00257	8	0	11	0	Inf	1	1
g00314	8	0	11	0	Inf	1	1
g01845	8	0	11	0	Inf	1	1
g02261	8	0	11	0	Inf	1	1
g00732	8	0	11	0	Inf	1	1
g01329	8	0	11	0	Inf	1	1
g00111	8	0	11	0	Inf	1	1
g00561	8	0	11	0	Inf	1	1
g01873	8	0	11	0	Inf	1	1
g01485	8	0	11	0	Inf	1	1
g04472	8	0	11	0	Inf	1	1
g03320	8	0	11	0	Inf	1	1
g00326	8	0	11	0	Inf	1	1
g02633	8	0	11	0	Inf	1	1
g00109	8	0	11	0	Inf	1	1
g00983	8	0	11	0	Inf	1	1
g02199	8	0	11	0	Inf	1	1
g00322	8	0	11	0	Inf	1	1
g00970	8	0	11	0	Inf	1	1
g01403	8	0	11	0	Inf	1	1
g01527	8	0	11	0	Inf	1	1
g02551	8	0	11	0	Inf	1	1
g03068	8	0	11	0	Inf	1	1
g02619	8	0	11	0	Inf	1	1
g02000	8	0	11	0	Inf	1	1
g03963	8	0	11	0	Inf	1	1
g04002	8	0	11	0	Inf	1	1
g03380	8	0	11	0	Inf	1	1
g02005	8	0	11	0	Inf	1	1
g02629	8	0	11	0	Inf	1	1
g02904	8	0	11	0	Inf	1	1
g02399	8	0	11	0	Inf	1	1
g01374	8	0	11	0	Inf	1	1
g03602	8	0	11	0	Inf	1	1
g00029	8	0	11	0	Inf	1	1
g01675	8	0	11	0	Inf	1	1
g00015	8	0	11	0	Inf	1	1
g01221	8	0	11	0	Inf	1	1
g03095	8	0	11	0	Inf	1	1
g02735	8	0	11	0	Inf	1	1
g00712	8	0	11	0	Inf	1	1
g01430	8	0	11	0	Inf	1	1
g01399	8	0	11	0	Inf	1	1
g00313	8	0	11	0	Inf	1	1
g01046	8	0	11	0	Inf	1	1
g04312	8	0	11	0	Inf	1	1
g08661	8	0	11	0	Inf	1	1
g02780	8	0	11	0	Inf	1	1
g03801	8	0	11	0	Inf	1	1
g02685	8	0	11	0	Inf	1	1
g02591	8	0	11	0	Inf	1	1
g04373	8	0	11	0	Inf	1	1
g04449	8	0	11	0	Inf	1	1
g03016	8	0	11	0	Inf	1	1
g04423	8	0	11	0	Inf	1	1
g02596	8	0	11	0	Inf	1	1
g03325	8	0	11	0	Inf	1	1
g03819	8	0	11	0	Inf	1	1
g03884	8	0	11	0	Inf	1	1
g00242	8	0	11	0	Inf	1	1
g01855	8	0	11	0	Inf	1	1
g02733	8	0	11	0	Inf	1	1
g02671	8	0	11	0	Inf	1	1
g04378	8	0	11	0	Inf	1	1
g00464	8	0	11	0	Inf	1	1
g02230	8	0	11	0	Inf	1	1
g02021	8	0	11	0	Inf	1	1
g04473	8	0	11	0	Inf	1	1
g01707	8	0	11	0	Inf	1	1
g03857	8	0	11	0	Inf	1	1
g00397	8	0	11	0	Inf	1	1
g01144	8	0	11	0	Inf	1	1
g02786	8	0	11	0	Inf	1	1
g01265	8	0	11	0	Inf	1	1
g01270	8	0	11	0	Inf	1	1
g01526	8	0	11	0	Inf	1	1
g04083	8	0	11	0	Inf	1	1
g03097	8	0	11	0	Inf	1	1
g02326	8	0	11	0	Inf	1	1
g04482	8	0	11	0	Inf	1	1
g01505	8	0	11	0	Inf	1	1
g03663	8	0	11	0	Inf	1	1
g00846	8	0	11	0	Inf	1	1
g00345	8	0	11	0	Inf	1	1
g00426	8	0	11	0	Inf	1	1
g00658	8	0	11	0	Inf	1	1
g00082	8	0	11	0	Inf	1	1
g01803	8	0	11	0	Inf	1	1
g00203	8	0	11	0	Inf	1	1
g03860	8	0	11	0	Inf	1	1
g01508	8	0	11	0	Inf	1	1
g00726	8	0	11	0	Inf	1	1
g01250	8	0	11	0	Inf	1	1
g00011	8	0	11	0	Inf	1	1
g01543	8	0	11	0	Inf	1	1
g03703	8	0	11	0	Inf	1	1
g04452	8	0	11	0	Inf	1	1
g00921	8	0	11	0	Inf	1	1
g01713	8	0	11	0	Inf	1	1
g03149	8	0	11	0	Inf	1	1
g03571	8	0	11	0	Inf	1	1
g02597	8	0	11	0	Inf	1	1
g01680	8	0	11	0	Inf	1	1
g01814	8	0	11	0	Inf	1	1
g00738	8	0	11	0	Inf	1	1
g01793	8	0	11	0	Inf	1	1
g00920	8	0	11	0	Inf	1	1
g02818	8	0	11	0	Inf	1	1
g01674	8	0	11	0	Inf	1	1
g03297	8	0	11	0	Inf	1	1
g02219	8	0	11	0	Inf	1	1
g02354	8	0	11	0	Inf	1	1
g02320	8	0	11	0	Inf	1	1
g01956	8	0	11	0	Inf	1	1
g02495	8	0	11	0	Inf	1	1
g01695	8	0	11	0	Inf	1	1
g00825	8	0	11	0	Inf	1	1
g00429	8	0	11	0	Inf	1	1
g02696	8	0	11	0	Inf	1	1
g01879	8	0	11	0	Inf	1	1
g02870	8	0	11	0	Inf	1	1
g02553	8	0	11	0	Inf	1	1
g00100	8	0	11	0	Inf	1	1
g03779	8	0	11	0	Inf	1	1
g02003	8	0	11	0	Inf	1	1
g02834	8	0	11	0	Inf	1	1
g02208	8	0	11	0	Inf	1	1
g01935	8	0	11	0	Inf	1	1
g03869	8	0	11	0	Inf	1	1
g01961	8	0	11	0	Inf	1	1
g02151	8	0	11	0	Inf	1	1
g03818	8	0	11	0	Inf	1	1
g03308	8	0	11	0	Inf	1	1
g01993	8	0	11	0	Inf	1	1
g02006	8	0	11	0	Inf	1	1
g01656	8	0	11	0	Inf	1	1
g02265	8	0	11	0	Inf	1	1
g02802	8	0	11	0	Inf	1	1
g01117	8	0	11	0	Inf	1	1
g01348	8	0	11	0	Inf	1	1
g03639	8	0	11	0	Inf	1	1
g04197	8	0	11	0	Inf	1	1
g04258	8	0	11	0	Inf	1	1
g02226	8	0	11	0	Inf	1	1
g02945	8	0	11	0	Inf	1	1
g01102	8	0	11	0	Inf	1	1
g02884	8	0	11	0	Inf	1	1
g02044	8	0	11	0	Inf	1	1
g03537	8	0	11	0	Inf	1	1
g00162	8	0	11	0	Inf	1	1
g01989	8	0	11	0	Inf	1	1
g04225	8	0	11	0	Inf	1	1
g04348	8	0	11	0	Inf	1	1
g01928	8	0	11	0	Inf	1	1
g00976	8	0	11	0	Inf	1	1
g00815	8	0	11	0	Inf	1	1
g00551	8	0	11	0	Inf	1	1
g03549	8	0	11	0	Inf	1	1
g00692	8	0	11	0	Inf	1	1
g00675	8	0	11	0	Inf	1	1
g00795	8	0	11	0	Inf	1	1
g02256	8	0	11	0	Inf	1	1
g01291	8	0	11	0	Inf	1	1
g02205	8	0	11	0	Inf	1	1
g03439	8	0	11	0	Inf	1	1
g00698	8	0	11	0	Inf	1	1
g00052	8	0	11	0	Inf	1	1
g02297	8	0	11	0	Inf	1	1
g01312	8	0	11	0	Inf	1	1
g00252	8	0	11	0	Inf	1	1
g01904	8	0	11	0	Inf	1	1
g01590	8	0	11	0	Inf	1	1
g02957	8	0	11	0	Inf	1	1
g00228	8	0	11	0	Inf	1	1
g00271	8	0	11	0	Inf	1	1
g00347	8	0	11	0	Inf	1	1
g00746	8	0	11	0	Inf	1	1
g01553	8	0	11	0	Inf	1	1
g04285	8	0	11	0	Inf	1	1
g03483	8	0	11	0	Inf	1	1
g01761	8	0	11	0	Inf	1	1
g00351	8	0	11	0	Inf	1	1
g01934	8	0	11	0	Inf	1	1
g04333	8	0	11	0	Inf	1	1
g02146	8	0	11	0	Inf	1	1
g00113	8	0	11	0	Inf	1	1
g00161	8	0	11	0	Inf	1	1
g02232	8	0	11	0	Inf	1	1
g01345	8	0	11	0	Inf	1	1
g02414	8	0	11	0	Inf	1	1
g03153	8	0	11	0	Inf	1	1
g00521	8	0	11	0	Inf	1	1
g02797	8	0	11	0	Inf	1	1
g02916	8	0	11	0	Inf	1	1
g02166	8	0	11	0	Inf	1	1
g02527	8	0	11	0	Inf	1	1
g04250	8	0	11	0	Inf	1	1
g02276	8	0	11	0	Inf	1	1
g03145	8	0	11	0	Inf	1	1
g03085	8	0	11	0	Inf	1	1
g00611	8	0	11	0	Inf	1	1
g03202	8	0	11	0	Inf	1	1
g01163	8	0	11	0	Inf	1	1
g00095	8	0	11	0	Inf	1	1
g02229	8	0	11	0	Inf	1	1
g02760	8	0	11	0	Inf	1	1
g01538	8	0	11	0	Inf	1	1
g02839	8	0	11	0	Inf	1	1
g01112	8	0	11	0	Inf	1	1
g00022	8	0	11	0	Inf	1	1
g02390	8	0	11	0	Inf	1	1
g00283	8	0	11	0	Inf	1	1
g02254	8	0	11	0	Inf	1	1
g02209	8	0	11	0	Inf	1	1
g02754	8	0	11	0	Inf	1	1
g04370	8	0	11	0	Inf	1	1
g04280	8	0	11	0	Inf	1	1
g03277	8	0	11	0	Inf	1	1
g03938	8	0	11	0	Inf	1	1
g02421	8	0	11	0	Inf	1	1
g03160	8	0	11	0	Inf	1	1
g04390	8	0	11	0	Inf	1	1
g02973	8	0	11	0	Inf	1	1
g00546	8	0	11	0	Inf	1	1
g00352	8	0	11	0	Inf	1	1
g03902	8	0	11	0	Inf	1	1
g01676	8	0	11	0	Inf	1	1
g01859	8	0	11	0	Inf	1	1
g01003	8	0	11	0	Inf	1	1
g00244	8	0	11	0	Inf	1	1
g01184	8	0	11	0	Inf	1	1
g00502	8	0	11	0	Inf	1	1
g00191	8	0	11	0	Inf	1	1
g01642	8	0	11	0	Inf	1	1
g00741	8	0	11	0	Inf	1	1
g01690	8	0	11	0	Inf	1	1
g02262	8	0	11	0	Inf	1	1
g01665	8	0	11	0	Inf	1	1
g03814	8	0	11	0	Inf	1	1
g02369	8	0	11	0	Inf	1	1
g00213	8	0	11	0	Inf	1	1
g00761	8	0	11	0	Inf	1	1
g01712	8	0	11	0	Inf	1	1
g02932	8	0	11	0	Inf	1	1
g01987	8	0	11	0	Inf	1	1
g01654	8	0	11	0	Inf	1	1
g02150	8	0	11	0	Inf	1	1
g04578	8	0	11	0	Inf	1	1
g02304	8	0	11	0	Inf	1	1
g01835	8	0	11	0	Inf	1	1
g02699	8	0	11	0	Inf	1	1
g01319	8	0	11	0	Inf	1	1
g00266	8	0	11	0	Inf	1	1
g01054	8	0	11	0	Inf	1	1
g01689	8	0	11	0	Inf	1	1
g01869	8	0	11	0	Inf	1	1
g02090	8	0	11	0	Inf	1	1
g02832	8	0	11	0	Inf	1	1
g01355	8	0	11	0	Inf	1	1
g01419	8	0	11	0	Inf	1	1
g00332	8	0	11	0	Inf	1	1
g00645	8	0	11	0	Inf	1	1
g00120	8	0	11	0	Inf	1	1
g00138	8	0	11	0	Inf	1	1
g00495	8	0	11	0	Inf	1	1
g02790	8	0	11	0	Inf	1	1
g00416	8	0	11	0	Inf	1	1
g04316	8	0	11	0	Inf	1	1
g04106	8	0	11	0	Inf	1	1
g02937	8	0	11	0	Inf	1	1
g02155	8	0	11	0	Inf	1	1
g03286	8	0	11	0	Inf	1	1
g02575	8	0	11	0	Inf	1	1
g09416	8	0	11	0	Inf	1	1
g00620	8	0	11	0	Inf	1	1
g00776	8	0	11	0	Inf	1	1
g01081	8	0	11	0	Inf	1	1
g03391	8	0	11	0	Inf	1	1
g04523	8	0	11	0	Inf	1	1
g02776	8	0	11	0	Inf	1	1
g01706	8	0	11	0	Inf	1	1
g01349	8	0	11	0	Inf	1	1
g03612	8	0	11	0	Inf	1	1
g02707	8	0	11	0	Inf	1	1
g00451	8	0	11	0	Inf	1	1
g03354	8	0	11	0	Inf	1	1
g03119	8	0	11	0	Inf	1	1
g03046	8	0	11	0	Inf	1	1
g01785	8	0	11	0	Inf	1	1
g02138	8	0	11	0	Inf	1	1
g00627	8	0	11	0	Inf	1	1
g00647	8	0	11	0	Inf	1	1
g00528	8	0	11	0	Inf	1	1
g02822	8	0	11	0	Inf	1	1
g04440	8	0	11	0	Inf	1	1
g02883	8	0	11	0	Inf	1	1
g00855	8	0	11	0	Inf	1	1
g00749	8	0	11	0	Inf	1	1
g02067	8	0	11	0	Inf	1	1
g03682	8	0	11	0	Inf	1	1
g00566	8	0	11	0	Inf	1	1
g01777	8	0	11	0	Inf	1	1
g00083	8	0	11	0	Inf	1	1
g03366	8	0	11	0	Inf	1	1
g02102	8	0	11	0	Inf	1	1
g00119	8	0	11	0	Inf	1	1
g02302	8	0	11	0	Inf	1	1
g03421	8	0	11	0	Inf	1	1
g03152	8	0	11	0	Inf	1	1
g03516	8	0	11	0	Inf	1	1
g02758	8	0	11	0	Inf	1	1
g01748	8	0	11	0	Inf	1	1
g03467	8	0	11	0	Inf	1	1
g03403	8	0	11	0	Inf	1	1
g04512	8	0	11	0	Inf	1	1
g03803	8	0	11	0	Inf	1	1
g02651	8	0	11	0	Inf	1	1
g03924	8	0	11	0	Inf	1	1
g02567	8	0	11	0	Inf	1	1
g01465	8	0	11	0	Inf	1	1
g03114	8	0	11	0	Inf	1	1
g03210	8	0	11	0	Inf	1	1
g04091	8	0	11	0	Inf	1	1
g04014	8	0	11	0	Inf	1	1
g02171	8	0	11	0	Inf	1	1
g01422	8	0	11	0	Inf	1	1
g00838	8	0	11	0	Inf	1	1
g02111	8	0	11	0	Inf	1	1
g01500	8	0	11	0	Inf	1	1
g02338	8	0	11	0	Inf	1	1
g01991	8	0	11	0	Inf	1	1
g02133	8	0	11	0	Inf	1	1
g03390	8	0	11	0	Inf	1	1
g01646	8	0	11	0	Inf	1	1
g01209	8	0	11	0	Inf	1	1
g02175	8	0	11	0	Inf	1	1
g02203	8	0	11	0	Inf	1	1
g01285	8	0	11	0	Inf	1	1
g08881	8	0	11	0	Inf	1	1
g00503	8	0	11	0	Inf	1	1
g02523	8	0	11	0	Inf	1	1
g02984	8	0	11	0	Inf	1	1
g00985	8	0	11	0	Inf	1	1
g02778	8	0	11	0	Inf	1	1
g01655	8	0	11	0	Inf	1	1
g04145	8	0	11	0	Inf	1	1
g01623	8	0	11	0	Inf	1	1
g04158	8	0	11	0	Inf	1	1
g01496	8	0	11	0	Inf	1	1
g00519	8	0	11	0	Inf	1	1
g02431	8	0	11	0	Inf	1	1
g01487	8	0	11	0	Inf	1	1
g02149	8	0	11	0	Inf	1	1
g04021	8	0	11	0	Inf	1	1
g02340	8	0	11	0	Inf	1	1
g04235	8	0	11	0	Inf	1	1
g04521	8	0	11	0	Inf	1	1
g02682	8	0	11	0	Inf	1	1
g01133	8	0	11	0	Inf	1	1
g02782	8	0	11	0	Inf	1	1
g02183	8	0	11	0	Inf	1	1
g02179	8	0	11	0	Inf	1	1
g03151	8	0	11	0	Inf	1	1
g00845	8	0	11	0	Inf	1	1
g04561	8	0	11	0	Inf	1	1
g02584	8	0	11	0	Inf	1	1
g02442	8	0	11	0	Inf	1	1
g01279	8	0	11	0	Inf	1	1
g01168	8	0	11	0	Inf	1	1
g02759	8	0	11	0	Inf	1	1
g02334	8	0	11	0	Inf	1	1
g03701	8	0	11	0	Inf	1	1
g04127	8	0	11	0	Inf	1	1
g02947	8	0	11	0	Inf	1	1
g03295	8	0	11	0	Inf	1	1
g03476	8	0	11	0	Inf	1	1
g02899	8	0	11	0	Inf	1	1
g02903	8	0	11	0	Inf	1	1
g01423	8	0	11	0	Inf	1	1
g03062	8	0	11	0	Inf	1	1
g04573	8	0	11	0	Inf	1	1
g00034	8	0	11	0	Inf	1	1
g01246	8	0	11	0	Inf	1	1
g00905	8	0	11	0	Inf	1	1
g01020	8	0	11	0	Inf	1	1
g01392	8	0	11	0	Inf	1	1
g02417	8	0	11	0	Inf	1	1
g00018	8	0	11	0	Inf	1	1
g01142	8	0	11	0	Inf	1	1
g00188	8	0	11	0	Inf	1	1
g00895	8	0	11	0	Inf	1	1
g02066	8	0	11	0	Inf	1	1
g01647	8	0	11	0	Inf	1	1
g02662	8	0	11	0	Inf	1	1
g02388	8	0	11	0	Inf	1	1
g02618	8	0	11	0	Inf	1	1
g00174	8	0	11	0	Inf	1	1
g01170	8	0	11	0	Inf	1	1
g00067	8	0	11	0	Inf	1	1
g00479	8	0	11	0	Inf	1	1
g02313	8	0	11	0	Inf	1	1
g01970	8	0	11	0	Inf	1	1
g01980	8	0	11	0	Inf	1	1
g02221	8	0	11	0	Inf	1	1
g00468	8	0	11	0	Inf	1	1
g03930	8	0	11	0	Inf	1	1
g03574	8	0	11	0	Inf	1	1
g00918	8	0	11	0	Inf	1	1
g01450	8	0	11	0	Inf	1	1
g02649	8	0	11	0	Inf	1	1
g01998	8	0	11	0	Inf	1	1
g03661	8	0	11	0	Inf	1	1
g02469	8	0	11	0	Inf	1	1
g01919	8	0	11	0	Inf	1	1
g01190	8	0	11	0	Inf	1	1
g02439	8	0	11	0	Inf	1	1
g00462	8	0	11	0	Inf	1	1
g02541	8	0	11	0	Inf	1	1
g01429	8	0	11	0	Inf	1	1
g02007	8	0	11	0	Inf	1	1
g02312	8	0	11	0	Inf	1	1
g00226	8	0	11	0	Inf	1	1
g03542	8	0	11	0	Inf	1	1
g02678	8	0	11	0	Inf	1	1
g01613	8	0	11	0	Inf	1	1
g02653	8	0	11	0	Inf	1	1
g02989	8	0	11	0	Inf	1	1
g02573	8	0	11	0	Inf	1	1
g01727	8	0	11	0	Inf	1	1
g03598	8	0	11	0	Inf	1	1
g02835	8	0	11	0	Inf	1	1
g01215	8	0	11	0	Inf	1	1
g02103	8	0	11	0	Inf	1	1
g03221	8	0	11	0	Inf	1	1
g01514	8	0	11	0	Inf	1	1
g02069	8	0	11	0	Inf	1	1
g04217	8	0	11	0	Inf	1	1
g04403	8	0	11	0	Inf	1	1
g02993	8	0	11	0	Inf	1	1
g03530	8	0	11	0	Inf	1	1
g01071	8	0	11	0	Inf	1	1
g02463	8	0	11	0	Inf	1	1
g00797	8	0	11	0	Inf	1	1
g03875	8	0	11	0	Inf	1	1
g02168	8	0	11	0	Inf	1	1
g03269	8	0	11	0	Inf	1	1
g02027	8	0	11	0	Inf	1	1
g03679	8	0	11	0	Inf	1	1
g02193	8	0	11	0	Inf	1	1
g00236	8	0	11	0	Inf	1	1
g03357	8	0	11	0	Inf	1	1
g02377	8	0	11	0	Inf	1	1
g03670	8	0	11	0	Inf	1	1
g01782	8	0	11	0	Inf	1	1
g00359	8	0	11	0	Inf	1	1
g02539	8	0	11	0	Inf	1	1
g03407	8	0	11	0	Inf	1	1
g01843	8	0	11	0	Inf	1	1
g02491	8	0	11	0	Inf	1	1
g01711	8	0	11	0	Inf	1	1
g01864	8	0	11	0	Inf	1	1
g01552	8	0	11	0	Inf	1	1
g02419	8	0	11	0	Inf	1	1
g00320	8	0	11	0	Inf	1	1
g01373	8	0	11	0	Inf	1	1
g01673	8	0	11	0	Inf	1	1
g04393	8	0	11	0	Inf	1	1
g01230	8	0	11	0	Inf	1	1
g04399	8	0	11	0	Inf	1	1
g02604	8	0	11	0	Inf	1	1
g01009	8	0	11	0	Inf	1	1
g00787	8	0	11	0	Inf	1	1
g01770	8	0	11	0	Inf	1	1
g01808	8	0	11	0	Inf	1	1
g01997	8	0	11	0	Inf	1	1
g01447	8	0	11	0	Inf	1	1
g02819	8	0	11	0	Inf	1	1
g00346	8	0	11	0	Inf	1	1
g02317	8	0	11	0	Inf	1	1
g01812	8	0	11	0	Inf	1	1
g00177	8	0	11	0	Inf	1	1
g01321	8	0	11	0	Inf	1	1
g02695	8	0	11	0	Inf	1	1
g01167	8	0	11	0	Inf	1	1
g01297	8	0	11	0	Inf	1	1
g03289	8	0	11	0	Inf	1	1
g00907	8	0	11	0	Inf	1	1
g00524	8	0	11	0	Inf	1	1
g00631	8	0	11	0	Inf	1	1
g00024	8	0	11	0	Inf	1	1
g02991	8	0	11	0	Inf	1	1
g00739	8	0	11	0	Inf	1	1
g04480	8	0	11	0	Inf	1	1
g00007	8	0	11	0	Inf	1	1
g01664	8	0	11	0	Inf	1	1
g07080	8	0	11	0	Inf	1	1
g00591	8	0	11	0	Inf	1	1
g04396	8	0	11	0	Inf	1	1
g00690	8	0	11	0	Inf	1	1
g02434	8	0	11	0	Inf	1	1
g00575	8	0	11	0	Inf	1	1
g01658	8	0	11	0	Inf	1	1
g02528	8	0	11	0	Inf	1	1
g00532	8	0	11	0	Inf	1	1
g02587	8	0	11	0	Inf	1	1
g03716	8	0	11	0	Inf	1	1
g02441	8	0	11	0	Inf	1	1
g00774	8	0	11	0	Inf	1	1
g01013	8	0	11	0	Inf	1	1
g00288	8	0	11	0	Inf	1	1
g08484	8	0	11	0	Inf	1	1
g03137	8	0	11	0	Inf	1	1
g04514	8	0	11	0	Inf	1	1
g02505	8	0	11	0	Inf	1	1
g01136	8	0	11	0	Inf	1	1
g00820	8	0	11	0	Inf	1	1
g02533	8	0	11	0	Inf	1	1
g01201	8	0	11	0	Inf	1	1
g00558	8	0	11	0	Inf	1	1
g02257	8	0	11	0	Inf	1	1
g00143	8	0	11	0	Inf	1	1
g02401	8	0	11	0	Inf	1	1
g01303	8	0	11	0	Inf	1	1
g00888	8	0	11	0	Inf	1	1
g02255	8	0	11	0	Inf	1	1
g02729	8	0	11	0	Inf	1	1
g02593	8	0	11	0	Inf	1	1
g02730	8	0	11	0	Inf	1	1
g02609	8	0	11	0	Inf	1	1
g02404	8	0	11	0	Inf	1	1
g01467	8	0	11	0	Inf	1	1
g03514	8	0	11	0	Inf	1	1
g04577	8	0	11	0	Inf	1	1
g02074	8	0	11	0	Inf	1	1
g00492	8	0	11	0	Inf	1	1
g03616	8	0	11	0	Inf	1	1
g00279	8	0	11	0	Inf	1	1
g01732	8	0	11	0	Inf	1	1
g02291	8	0	11	0	Inf	1	1
g01825	8	0	11	0	Inf	1	1
g01267	8	0	11	0	Inf	1	1
g02538	8	0	11	0	Inf	1	1
g01809	8	0	11	0	Inf	1	1
g01404	8	0	11	0	Inf	1	1
g01562	8	0	11	0	Inf	1	1
g00639	8	0	11	0	Inf	1	1
g01412	8	0	11	0	Inf	1	1
g01414	8	0	11	0	Inf	1	1
g04214	8	0	11	0	Inf	1	1
g02738	8	0	11	0	Inf	1	1
g02476	8	0	11	0	Inf	1	1
g02717	8	0	11	0	Inf	1	1
g01789	8	0	11	0	Inf	1	1
g02246	8	0	11	0	Inf	1	1
g02894	8	0	11	0	Inf	1	1
g03462	8	0	11	0	Inf	1	1
g04520	8	0	11	0	Inf	1	1
g02605	8	0	11	0	Inf	1	1
g00515	8	0	11	0	Inf	1	1
g00688	8	0	11	0	Inf	1	1
g01257	8	0	11	0	Inf	1	1
g00417	8	0	11	0	Inf	1	1
g00997	8	0	11	0	Inf	1	1
g03094	8	0	11	0	Inf	1	1
g02241	8	0	11	0	Inf	1	1
g01828	8	0	11	0	Inf	1	1
g00235	8	0	11	0	Inf	1	1
g01930	8	0	11	0	Inf	1	1
g01340	8	0	11	0	Inf	1	1
g03084	8	0	11	0	Inf	1	1
g03349	8	0	11	0	Inf	1	1
g03677	8	0	11	0	Inf	1	1
g03147	8	0	11	0	Inf	1	1
g02828	8	0	11	0	Inf	1	1
g04530	8	0	11	0	Inf	1	1
g01856	8	0	11	0	Inf	1	1
g01111	8	0	11	0	Inf	1	1
g02418	8	0	11	0	Inf	1	1
g03001	8	0	11	0	Inf	1	1
g02614	8	0	11	0	Inf	1	1
g01629	8	0	11	0	Inf	1	1
g00615	8	0	11	0	Inf	1	1
g00715	8	0	11	0	Inf	1	1
g00198	8	0	11	0	Inf	1	1
g02091	8	0	11	0	Inf	1	1
g01985	8	0	11	0	Inf	1	1
g02783	8	0	11	0	Inf	1	1
g01621	8	0	11	0	Inf	1	1
g02779	8	0	11	0	Inf	1	1
g01546	8	0	11	0	Inf	1	1
g01251	8	0	11	0	Inf	1	1
g01472	8	0	11	0	Inf	1	1
g02127	8	0	11	0	Inf	1	1
g00059	8	0	11	0	Inf	1	1
g00164	8	0	11	0	Inf	1	1
g00973	8	0	11	0	Inf	1	1
g00098	8	0	11	0	Inf	1	1
g01338	8	0	11	0	Inf	1	1
g02978	8	0	11	0	Inf	1	1
g01773	8	0	11	0	Inf	1	1
g02893	8	0	11	0	Inf	1	1
g01066	8	0	11	0	Inf	1	1
g01481	8	0	11	0	Inf	1	1
g04416	8	0	11	0	Inf	1	1
g01307	8	0	11	0	Inf	1	1
g03146	8	0	11	0	Inf	1	1
g03087	8	0	11	0	Inf	1	1
g02135	8	0	11	0	Inf	1	1
g03509	8	0	11	0	Inf	1	1
g00458	8	0	11	0	Inf	1	1
g00687	8	0	11	0	Inf	1	1
g00447	8	0	11	0	Inf	1	1
g00958	8	0	11	0	Inf	1	1
g00459	8	0	11	0	Inf	1	1
g00047	8	0	11	0	Inf	1	1
g00995	8	0	11	0	Inf	1	1
g00859	8	0	11	0	Inf	1	1
g00208	8	0	11	0	Inf	1	1
g01478	8	0	11	0	Inf	1	1
g02361	8	0	11	0	Inf	1	1
g02325	8	0	11	0	Inf	1	1
g01435	8	0	11	0	Inf	1	1
g00604	8	0	11	0	Inf	1	1
g02813	8	0	11	0	Inf	1	1
g02214	8	0	11	0	Inf	1	1
g03235	8	0	11	0	Inf	1	1
g01950	8	0	11	0	Inf	1	1
g00844	8	0	11	0	Inf	1	1
g00703	8	0	11	0	Inf	1	1
g01624	8	0	11	0	Inf	1	1
g00839	8	0	11	0	Inf	1	1
g00166	8	0	11	0	Inf	1	1
g04446	8	0	11	0	Inf	1	1
g03026	8	0	11	0	Inf	1	1
g03676	8	0	11	0	Inf	1	1
g02331	8	0	11	0	Inf	1	1
g03820	8	0	11	0	Inf	1	1
g02765	8	0	11	0	Inf	1	1
g03379	8	0	11	0	Inf	1	1
g03346	8	0	11	0	Inf	1	1
g01994	8	0	11	0	Inf	1	1
g03133	8	0	11	0	Inf	1	1
g02942	8	0	11	0	Inf	1	1
g03110	8	0	11	0	Inf	1	1
g01080	8	0	11	0	Inf	1	1
g02992	8	0	11	0	Inf	1	1
g04506	8	0	11	0	Inf	1	1
g03582	8	0	11	0	Inf	1	1
g02747	8	0	11	0	Inf	1	1
g02409	8	0	11	0	Inf	1	1
g03276	8	0	11	0	Inf	1	1
g04351	8	0	11	0	Inf	1	1
g02058	8	0	11	0	Inf	1	1
g02351	8	0	11	0	Inf	1	1
g03189	8	0	11	0	Inf	1	1
g01484	8	0	11	0	Inf	1	1
g02742	8	0	11	0	Inf	1	1
g03919	8	0	11	0	Inf	1	1
g02109	8	0	11	0	Inf	1	1
g01119	8	0	11	0	Inf	1	1
g02100	8	0	11	0	Inf	1	1
g03399	8	0	11	0	Inf	1	1
g02697	8	0	11	0	Inf	1	1
g03626	8	0	11	0	Inf	1	1
g03072	8	0	11	0	Inf	1	1
g04463	8	0	11	0	Inf	1	1
g01964	8	0	11	0	Inf	1	1
g03740	8	0	11	0	Inf	1	1
g02876	8	0	11	0	Inf	1	1
g01886	8	0	11	0	Inf	1	1
g00250	8	0	11	0	Inf	1	1
g02089	8	0	11	0	Inf	1	1
g02342	8	0	11	0	Inf	1	1
g04475	8	0	11	0	Inf	1	1
g02672	8	0	11	0	Inf	1	1
g00365	8	0	11	0	Inf	1	1
g04406	8	0	11	0	Inf	1	1
g02101	8	0	11	0	Inf	1	1
g03279	8	0	11	0	Inf	1	1
g00572	8	0	11	0	Inf	1	1
g00450	8	0	11	0	Inf	1	1
g01704	8	0	11	0	Inf	1	1
g03699	8	0	11	0	Inf	1	1
g01097	8	0	11	0	Inf	1	1
g03225	8	0	11	0	Inf	1	1
g01686	8	0	11	0	Inf	1	1
g00517	8	0	11	0	Inf	1	1
g02301	8	0	11	0	Inf	1	1
g00801	8	0	11	0	Inf	1	1
g00187	8	0	11	0	Inf	1	1
g00538	8	0	11	0	Inf	1	1
g00321	8	0	11	0	Inf	1	1
g02222	8	0	11	0	Inf	1	1
g03339	8	0	11	0	Inf	1	1
g01008	8	0	11	0	Inf	1	1
g01271	8	0	11	0	Inf	1	1
g01242	8	0	11	0	Inf	1	1
g00040	8	0	11	0	Inf	1	1
g01951	8	0	11	0	Inf	1	1
g00638	8	0	11	0	Inf	1	1
g02157	8	0	11	0	Inf	1	1
g02971	8	0	11	0	Inf	1	1
g02914	8	0	11	0	Inf	1	1
g02600	8	0	11	0	Inf	1	1
g01945	8	0	11	0	Inf	1	1
g02608	8	0	11	0	Inf	1	1
g01233	8	0	11	0	Inf	1	1
g03086	8	0	11	0	Inf	1	1
g03191	8	0	11	0	Inf	1	1
g02655	8	0	11	0	Inf	1	1
g03452	8	0	11	0	Inf	1	1
g02793	8	0	11	0	Inf	1	1
g02864	8	0	11	0	Inf	1	1
g03713	8	0	11	0	Inf	1	1
g03054	8	0	11	0	Inf	1	1
g00653	8	0	11	0	Inf	1	1
g03777	8	0	11	0	Inf	1	1
g01243	8	0	11	0	Inf	1	1
g04408	8	0	11	0	Inf	1	1
g02106	8	0	11	0	Inf	1	1
g02516	8	0	11	0	Inf	1	1
g01153	8	0	11	0	Inf	1	1
g01797	8	0	11	0	Inf	1	1
g01916	8	0	11	0	Inf	1	1
g00372	8	0	11	0	Inf	1	1
g01134	8	0	11	0	Inf	1	1
g01883	8	0	11	0	Inf	1	1
g00006	8	0	11	0	Inf	1	1
g01698	8	0	11	0	Inf	1	1
g00493	8	0	11	0	Inf	1	1
g00514	8	0	11	0	Inf	1	1
g00911	8	0	11	0	Inf	1	1
g03284	8	0	11	0	Inf	1	1
g02800	8	0	11	0	Inf	1	1
g02073	8	0	11	0	Inf	1	1
g04409	8	0	11	0	Inf	1	1
g01850	8	0	11	0	Inf	1	1
g04061	8	0	11	0	Inf	1	1
g01443	8	0	11	0	Inf	1	1
g03175	8	0	11	0	Inf	1	1
g01688	8	0	11	0	Inf	1	1
g03789	8	0	11	0	Inf	1	1
g02777	8	0	11	0	Inf	1	1
g02210	8	0	11	0	Inf	1	1
g02582	8	0	11	0	Inf	1	1
g02403	8	0	11	0	Inf	1	1
g02958	8	0	11	0	Inf	1	1
g01016	8	0	11	0	Inf	1	1
g00784	8	0	11	0	Inf	1	1
g01121	8	0	11	0	Inf	1	1
g02098	8	0	11	0	Inf	1	1
g04331	8	0	11	0	Inf	1	1
g01400	8	0	11	0	Inf	1	1
g02741	8	0	11	0	Inf	1	1
g01305	8	0	11	0	Inf	1	1
g00391	8	0	11	0	Inf	1	1
g01498	8	0	11	0	Inf	1	1
g03506	8	0	11	0	Inf	1	1
g03115	8	0	11	0	Inf	1	1
g03700	8	0	11	0	Inf	1	1
g03468	8	0	11	0	Inf	1	1
g02395	8	0	11	0	Inf	1	1
g03728	8	0	11	0	Inf	1	1
g02494	8	0	11	0	Inf	1	1
g02879	8	0	11	0	Inf	1	1
g03131	8	0	11	0	Inf	1	1
g02807	8	0	11	0	Inf	1	1
g04276	8	0	11	0	Inf	1	1
g04535	8	0	11	0	Inf	1	1
g04271	8	0	11	0	Inf	1	1
g02394	8	0	11	0	Inf	1	1
g01974	8	0	11	0	Inf	1	1
g03350	8	0	11	0	Inf	1	1
g03338	8	0	11	0	Inf	1	1
g02810	8	0	11	0	Inf	1	1
g04469	8	0	11	0	Inf	1	1
g00829	8	0	11	0	Inf	1	1
g02384	8	0	11	0	Inf	1	1
g01973	8	0	11	0	Inf	1	1
g01258	8	0	11	0	Inf	1	1
g02703	8	0	11	0	Inf	1	1
g03773	8	0	11	0	Inf	1	1
g01387	8	0	11	0	Inf	1	1
g03968	8	0	11	0	Inf	1	1
g01126	8	0	11	0	Inf	1	1
g01906	8	0	11	0	Inf	1	1
g02912	8	0	11	0	Inf	1	1
g04242	8	0	11	0	Inf	1	1
g04198	8	0	11	0	Inf	1	1
g02630	8	0	11	0	Inf	1	1
g04490	8	0	11	0	Inf	1	1
g02866	8	0	11	0	Inf	1	1
g01155	8	0	11	0	Inf	1	1
g02663	8	0	11	0	Inf	1	1
g02821	8	0	11	0	Inf	1	1
g02287	8	0	11	0	Inf	1	1
g01743	8	0	11	0	Inf	1	1
g02083	8	0	11	0	Inf	1	1
g01036	8	0	11	0	Inf	1	1
g00938	8	0	11	0	Inf	1	1
g00613	8	0	11	0	Inf	1	1
g01519	8	0	11	0	Inf	1	1
g00717	8	0	11	0	Inf	1	1
g01564	8	0	11	0	Inf	1	1
g02438	8	0	11	0	Inf	1	1
g03416	8	0	11	0	Inf	1	1
g04249	8	0	11	0	Inf	1	1
g03521	8	0	11	0	Inf	1	1
g04037	8	0	11	0	Inf	1	1
g03055	8	0	11	0	Inf	1	1
g03127	8	0	11	0	Inf	1	1
g03340	8	0	11	0	Inf	1	1
g02426	8	0	11	0	Inf	1	1
g04584	8	0	11	0	Inf	1	1
g03829	8	0	11	0	Inf	1	1
g02412	8	0	11	0	Inf	1	1
g04071	8	0	11	0	Inf	1	1
g03226	8	0	11	0	Inf	1	1
g02093	8	0	11	0	Inf	1	1
g03077	8	0	11	0	Inf	1	1
g03004	8	0	11	0	Inf	1	1
g03028	8	0	11	0	Inf	1	1
g02956	8	0	11	0	Inf	1	1
g02169	8	0	11	0	Inf	1	1
g00060	8	0	11	0	Inf	1	1
g03135	8	0	11	0	Inf	1	1
g02461	8	0	11	0	Inf	1	1
g02964	8	0	11	0	Inf	1	1
g04462	8	0	11	0	Inf	1	1
g02953	8	0	11	0	Inf	1	1
g02969	8	0	11	0	Inf	1	1
g01603	8	0	11	0	Inf	1	1
g04540	8	0	11	0	Inf	1	1
g02700	8	0	11	0	Inf	1	1
g03042	8	0	11	0	Inf	1	1
g00915	8	0	11	0	Inf	1	1
g02749	8	0	11	0	Inf	1	1
g02112	8	0	11	0	Inf	1	1
g01842	8	0	11	0	Inf	1	1
g04367	8	0	11	0	Inf	1	1
g01917	8	0	11	0	Inf	1	1
g03129	8	0	11	0	Inf	1	1
g04358	8	0	11	0	Inf	1	1
g03710	8	0	11	0	Inf	1	1
g01272	8	0	11	0	Inf	1	1
g02716	8	0	11	0	Inf	1	1
g02626	8	0	11	0	Inf	1	1
g03112	8	0	11	0	Inf	1	1
g03331	8	0	11	0	Inf	1	1
g01653	8	0	11	0	Inf	1	1
g02985	8	0	11	0	Inf	1	1
g03862	8	0	11	0	Inf	1	1
g00163	8	0	11	0	Inf	1	1
g01035	8	0	11	0	Inf	1	1
g02079	8	0	11	0	Inf	1	1
g01979	8	0	11	0	Inf	1	1
g00182	8	0	11	0	Inf	1	1
g00065	8	0	11	0	Inf	1	1
g00292	8	0	11	0	Inf	1	1
g01384	8	0	11	0	Inf	1	1
g01299	8	0	11	0	Inf	1	1
g00494	8	0	11	0	Inf	1	1
g04391	8	0	11	0	Inf	1	1
g01292	8	0	11	0	Inf	1	1
g00219	8	0	11	0	Inf	1	1
g02121	8	0	11	0	Inf	1	1
g00596	8	0	11	0	Inf	1	1
g00767	8	0	11	0	Inf	1	1
g00192	8	0	11	0	Inf	1	1
g01199	8	0	11	0	Inf	1	1
g01771	8	0	11	0	Inf	1	1
g03600	8	0	11	0	Inf	1	1
g01383	8	0	11	0	Inf	1	1
g03556	8	0	11	0	Inf	1	1
g00091	8	0	11	0	Inf	1	1
g03986	8	0	11	0	Inf	1	1
g01362	8	0	11	0	Inf	1	1
g02773	8	0	11	0	Inf	1	1
g02770	8	0	11	0	Inf	1	1
g04042	8	0	11	0	Inf	1	1
g04119	8	0	11	0	Inf	1	1
g01010	8	0	11	0	Inf	1	1
g01965	8	0	11	0	Inf	1	1
g01903	8	0	11	0	Inf	1	1
g03000	8	0	11	0	Inf	1	1
g02972	8	0	11	0	Inf	1	1
g00340	8	0	11	0	Inf	1	1
g00031	8	0	11	0	Inf	1	1
g02513	8	0	11	0	Inf	1	1
g02861	8	0	11	0	Inf	1	1
g02508	8	0	11	0	Inf	1	1
g03852	8	0	11	0	Inf	1	1
g01438	8	0	11	0	Inf	1	1
g02371	8	0	11	0	Inf	1	1
g00293	8	0	11	0	Inf	1	1
g01022	8	0	11	0	Inf	1	1
g01788	8	0	11	0	Inf	1	1
g01895	8	0	11	0	Inf	1	1
g01733	8	0	11	0	Inf	1	1
g02260	8	0	11	0	Inf	1	1
g02718	8	0	11	0	Inf	1	1
g00061	8	0	11	0	Inf	1	1
g03839	8	0	11	0	Inf	1	1
g03610	8	0	11	0	Inf	1	1
g01122	8	0	11	0	Inf	1	1
g01884	8	0	11	0	Inf	1	1
g04395	8	0	11	0	Inf	1	1
g04435	8	0	11	0	Inf	1	1
g03555	8	0	11	0	Inf	1	1
g02855	8	0	11	0	Inf	1	1
g04309	8	0	11	0	Inf	1	1
g04588	8	0	11	0	Inf	1	1
g01028	8	0	11	0	Inf	1	1
g02860	8	0	11	0	Inf	1	1
g03388	8	0	11	0	Inf	1	1
g02680	8	0	11	0	Inf	1	1
g03037	8	0	11	0	Inf	1	1
g03662	8	0	11	0	Inf	1	1
g03250	8	0	11	0	Inf	1	1
g03704	8	0	11	0	Inf	1	1
g02160	8	0	11	0	Inf	1	1
g01105	8	0	11	0	Inf	1	1
g01637	8	0	11	0	Inf	1	1
g01070	8	0	11	0	Inf	1	1
g00652	8	0	11	0	Inf	1	1
g02659	8	0	11	0	Inf	1	1
g03918	8	0	11	0	Inf	1	1
g03929	8	0	11	0	Inf	1	1
g02705	8	0	11	0	Inf	1	1
g02131	8	0	11	0	Inf	1	1
g03618	8	0	11	0	Inf	1	1
g03478	8	0	11	0	Inf	1	1
g02962	8	0	11	0	Inf	1	1
g01486	8	0	11	0	Inf	1	1
g02734	8	0	11	0	Inf	1	1
g03484	8	0	11	0	Inf	1	1
g03177	8	0	11	0	Inf	1	1
g02227	8	0	11	0	Inf	1	1
g03159	8	0	11	0	Inf	1	1
g03104	8	0	11	0	Inf	1	1
g00436	8	0	11	0	Inf	1	1
g01238	8	0	11	0	Inf	1	1
g03641	8	0	11	0	Inf	1	1
g02415	8	0	11	0	Inf	1	1
g03014	8	0	11	0	Inf	1	1
g04436	8	0	11	0	Inf	1	1
g03245	8	0	11	0	Inf	1	1
g03049	8	0	11	0	Inf	1	1
g03932	8	0	11	0	Inf	1	1
g00477	8	0	11	0	Inf	1	1
g01207	8	0	11	0	Inf	1	1
g02846	8	0	11	0	Inf	1	1
g01522	8	0	11	0	Inf	1	1
g00593	8	0	11	0	Inf	1	1
g01657	8	0	11	0	Inf	1	1
g00862	8	0	11	0	Inf	1	1
g01336	8	0	11	0	Inf	1	1
g01827	8	0	11	0	Inf	1	1
g00155	8	0	11	0	Inf	1	1
g00577	8	0	11	0	Inf	1	1
g00358	8	0	11	0	Inf	1	1
g01361	8	0	11	0	Inf	1	1
g02295	8	0	11	0	Inf	1	1
g01503	8	0	11	0	Inf	1	1
g02162	8	0	11	0	Inf	1	1
g01463	8	0	11	0	Inf	1	1
g01283	8	0	11	0	Inf	1	1
g00325	8	0	11	0	Inf	1	1
g00364	8	0	11	0	Inf	1	1
g00080	8	0	11	0	Inf	1	1
g00453	8	0	11	0	Inf	1	1
g00369	8	0	11	0	Inf	1	1
g00070	8	0	11	0	Inf	1	1
g00783	8	0	11	0	Inf	1	1
g00116	8	0	11	0	Inf	1	1
g01901	8	0	11	0	Inf	1	1
g02045	8	0	11	0	Inf	1	1
g01784	8	0	11	0	Inf	1	1
g03681	8	0	11	0	Inf	1	1
g00585	8	0	11	0	Inf	1	1
g03844	8	0	11	0	Inf	1	1
g02569	8	0	11	0	Inf	1	1
g01417	8	0	11	0	Inf	1	1
g00661	8	0	11	0	Inf	1	1
g04131	8	0	11	0	Inf	1	1
g02368	8	0	11	0	Inf	1	1
g00743	8	0	11	0	Inf	1	1
g01356	8	0	11	0	Inf	1	1
g01534	8	0	11	0	Inf	1	1
g00541	8	0	11	0	Inf	1	1
g03881	8	0	11	0	Inf	1	1
g02310	8	0	11	0	Inf	1	1
g03018	8	0	11	0	Inf	1	1
g03063	8	0	11	0	Inf	1	1
g02534	8	0	11	0	Inf	1	1
g02796	8	0	11	0	Inf	1	1
g00184	8	0	11	0	Inf	1	1
g02017	8	0	11	0	Inf	1	1
g01705	8	0	11	0	Inf	1	1
g01284	8	0	11	0	Inf	1	1
g03351	8	0	11	0	Inf	1	1
g04052	8	0	11	0	Inf	1	1
g03022	8	0	11	0	Inf	1	1
g03406	8	0	11	0	Inf	1	1
g03195	8	0	11	0	Inf	1	1
g03275	8	0	11	0	Inf	1	1
g02053	8	0	11	0	Inf	1	1
g08864	8	0	11	0	Inf	1	1
g01195	8	0	11	0	Inf	1	1
g01300	8	0	11	0	Inf	1	1
g02243	8	0	11	0	Inf	1	1
g02140	8	0	11	0	Inf	1	1
g02771	8	0	11	0	Inf	1	1
g03652	8	0	11	0	Inf	1	1
g04365	8	0	11	0	Inf	1	1
g03812	8	0	11	0	Inf	1	1
g02118	8	0	11	0	Inf	1	1
g00230	8	0	11	0	Inf	1	1
g04264	8	0	11	0	Inf	1	1
g02982	8	0	11	0	Inf	1	1
g03216	8	0	11	0	Inf	1	1
g03234	8	0	11	0	Inf	1	1
g02767	8	0	11	0	Inf	1	1
g01584	8	0	11	0	Inf	1	1
g02356	8	0	11	0	Inf	1	1
g02123	8	0	11	0	Inf	1	1
g00953	8	0	11	0	Inf	1	1
g02046	8	0	11	0	Inf	1	1
g01601	8	0	11	0	Inf	1	1
g03358	8	0	11	0	Inf	1	1
g03021	8	0	11	0	Inf	1	1
g03949	8	0	11	0	Inf	1	1
g02772	8	0	11	0	Inf	1	1
g01483	8	0	11	0	Inf	1	1
g01426	8	0	11	0	Inf	1	1
g02652	8	0	11	0	Inf	1	1
g01940	8	0	11	0	Inf	1	1
g03615	8	0	11	0	Inf	1	1
g01898	8	0	11	0	Inf	1	1
g04418	8	0	11	0	Inf	1	1
g04317	8	0	11	0	Inf	1	1
g04585	8	0	11	0	Inf	1	1
g02309	8	0	11	0	Inf	1	1
g04346	8	0	11	0	Inf	1	1
g02763	8	0	11	0	Inf	1	1
g04534	8	0	11	0	Inf	1	1
g03185	8	0	11	0	Inf	1	1
g02385	8	0	11	0	Inf	1	1
g01683	8	0	11	0	Inf	1	1
g00511	8	0	11	0	Inf	1	1
g03608	8	0	11	0	Inf	1	1
g04582	8	0	11	0	Inf	1	1
g00836	8	0	11	0	Inf	1	1
g02086	8	0	11	0	Inf	1	1
g01852	8	0	11	0	Inf	1	1
g03099	8	0	11	0	Inf	1	1
g03922	8	0	11	0	Inf	1	1
g04241	8	0	11	0	Inf	1	1
g04019	8	0	11	0	Inf	1	1
g00136	8	0	11	0	Inf	1	1
g03335	8	0	11	0	Inf	1	1
g01591	8	0	11	0	Inf	1	1
g01045	8	0	11	0	Inf	1	1
g00900	8	0	11	0	Inf	1	1
g01941	8	0	11	0	Inf	1	1
g04104	8	0	11	0	Inf	1	1
g02906	8	0	11	0	Inf	1	1
g03124	8	0	11	0	Inf	1	1
g01701	8	0	11	0	Inf	1	1
g03427	8	0	11	0	Inf	1	1
g02882	8	0	11	0	Inf	1	1
g00240	8	0	11	0	Inf	1	1
g00157	8	0	11	0	Inf	1	1
g00896	8	0	11	0	Inf	1	1
g00108	8	0	11	0	Inf	1	1
g00263	8	0	11	0	Inf	1	1
g02723	8	0	11	0	Inf	1	1
g02721	8	0	11	0	Inf	1	1
g00023	8	0	11	0	Inf	1	1
g02013	8	0	11	0	Inf	1	1
g01198	8	0	11	0	Inf	1	1
g03760	8	0	11	0	Inf	1	1
g01717	8	0	11	0	Inf	1	1
g02674	8	0	11	0	Inf	1	1
g02113	8	0	11	0	Inf	1	1
g00144	8	0	11	0	Inf	1	1
g02075	8	0	11	0	Inf	1	1
g03206	8	0	11	0	Inf	1	1
g02811	8	0	11	0	Inf	1	1
g00167	8	0	11	0	Inf	1	1
g00254	8	0	11	0	Inf	1	1
g02986	8	0	11	0	Inf	1	1
g00831	8	0	11	0	Inf	1	1
g00672	8	0	11	0	Inf	1	1
g00759	8	0	11	0	Inf	1	1
g02650	8	0	11	0	Inf	1	1
g00299	8	0	11	0	Inf	1	1
g02610	8	0	11	0	Inf	1	1
g00220	8	0	11	0	Inf	1	1
g01214	8	0	11	0	Inf	1	1
g00887	8	0	11	0	Inf	1	1
g01371	8	0	11	0	Inf	1	1
g03474	8	0	11	0	Inf	1	1
g02592	8	0	11	0	Inf	1	1
g01294	8	0	11	0	Inf	1	1
g02349	8	0	11	0	Inf	1	1
g02393	8	0	11	0	Inf	1	1
g02239	8	0	11	0	Inf	1	1
g02719	8	0	11	0	Inf	1	1
g02799	8	0	11	0	Inf	1	1
g02330	8	0	11	0	Inf	1	1
g02172	8	0	11	0	Inf	1	1
g02471	8	0	11	0	Inf	1	1
g04336	8	0	11	0	Inf	1	1
g02664	8	0	11	0	Inf	1	1
g02948	8	0	11	0	Inf	1	1
g04065	8	0	11	0	Inf	1	1
g03025	8	0	11	0	Inf	1	1
g03134	8	0	11	0	Inf	1	1
g04404	8	0	11	0	Inf	1	1
g02615	8	0	11	0	Inf	1	1
g01598	8	0	11	0	Inf	1	1
g00677	8	0	11	0	Inf	1	1
g02481	8	0	11	0	Inf	1	1
g04320	8	0	11	0	Inf	1	1
g00432	8	0	11	0	Inf	1	1
g02926	8	0	11	0	Inf	1	1
g01858	8	0	11	0	Inf	1	1
g00704	8	0	11	0	Inf	1	1
g00291	8	0	11	0	Inf	1	1
g01545	8	0	11	0	Inf	1	1
g01599	8	0	11	0	Inf	1	1
g02702	8	0	11	0	Inf	1	1
g04484	8	0	11	0	Inf	1	1
g02922	8	0	11	0	Inf	1	1
g03436	8	0	11	0	Inf	1	1
g01347	8	0	11	0	Inf	1	1
g01033	8	0	11	0	Inf	1	1
g01216	8	0	11	0	Inf	1	1
g01792	8	0	11	0	Inf	1	1
g00788	8	0	11	0	Inf	1	1
g02224	8	0	11	0	Inf	1	1
g02061	8	0	11	0	Inf	1	1
g02624	8	0	11	0	Inf	1	1
g00826	8	0	11	0	Inf	1	1
g00280	8	0	11	0	Inf	1	1
g02530	8	0	11	0	Inf	1	1
g03624	8	0	11	0	Inf	1	1
g01983	8	0	11	0	Inf	1	1
g03830	8	0	11	0	Inf	1	1
g03171	8	0	11	0	Inf	1	1
g01540	8	0	11	0	Inf	1	1
g02881	8	0	11	0	Inf	1	1
g00720	8	0	11	0	Inf	1	1
g00619	8	0	11	0	Inf	1	1
g00371	8	0	11	0	Inf	1	1
g00770	8	0	11	0	Inf	1	1
g02642	8	0	11	0	Inf	1	1
g04443	8	0	11	0	Inf	1	1
g02724	8	0	11	0	Inf	1	1
g02736	8	0	11	0	Inf	1	1
g01063	8	0	11	0	Inf	1	1
g01413	8	0	11	0	Inf	1	1
g02040	8	0	11	0	Inf	1	1
g03355	8	0	11	0	Inf	1	1
g03341	8	0	11	0	Inf	1	1
g03224	8	0	11	0	Inf	1	1
g02355	8	0	11	0	Inf	1	1
g03078	8	0	11	0	Inf	1	1
g04177	8	0	11	0	Inf	1	1
g02925	8	0	11	0	Inf	1	1
g02185	8	0	11	0	Inf	1	1
g02147	8	0	11	0	Inf	1	1
g00367	8	0	11	0	Inf	1	1
g00406	8	0	11	0	Inf	1	1
g00868	8	0	11	0	Inf	1	1
g01394	8	0	11	0	Inf	1	1
g02458	8	0	11	0	Inf	1	1
g00126	8	0	11	0	Inf	1	1
g01240	8	0	11	0	Inf	1	1
g02043	8	0	11	0	Inf	1	1
g00735	8	0	11	0	Inf	1	1
g01428	8	0	11	0	Inf	1	1
g00387	8	0	11	0	Inf	1	1
g02107	8	0	11	0	Inf	1	1
g00965	8	0	11	0	Inf	1	1
g00085	8	0	11	0	Inf	1	1
g01722	8	0	11	0	Inf	1	1
g01821	8	0	11	0	Inf	1	1
g00496	8	0	11	0	Inf	1	1
g00107	8	0	11	0	Inf	1	1
g01048	8	0	11	0	Inf	1	1
g02358	8	0	11	0	Inf	1	1
g04295	8	0	11	0	Inf	1	1
g02979	8	0	11	0	Inf	1	1
g01000	8	0	11	0	Inf	1	1
g03106	8	0	11	0	Inf	1	1
g03144	8	0	11	0	Inf	1	1
g00756	8	0	11	0	Inf	1	1
g03051	8	0	11	0	Inf	1	1
g02673	8	0	11	0	Inf	1	1
g02706	8	0	11	0	Inf	1	1
g04325	8	0	11	0	Inf	1	1
g02280	8	0	11	0	Inf	1	1
g03546	8	0	11	0	Inf	1	1
g02532	8	0	11	0	Inf	1	1
g04362	8	0	11	0	Inf	1	1
g01685	8	0	11	0	Inf	1	1
g01516	8	0	11	0	Inf	1	1
g01208	8	0	11	0	Inf	1	1
g01101	8	0	11	0	Inf	1	1
g01074	8	0	11	0	Inf	1	1
g03747	8	0	11	0	Inf	1	1
g01369	8	0	11	0	Inf	1	1
g01616	8	0	11	0	Inf	1	1
g04332	8	0	11	0	Inf	1	1
g03970	8	0	11	0	Inf	1	1
g01234	8	0	11	0	Inf	1	1
g01078	8	0	11	0	Inf	1	1
g01960	8	0	11	0	Inf	1	1
g03056	8	0	11	0	Inf	1	1
g01139	8	0	11	0	Inf	1	1
g00540	8	0	11	0	Inf	1	1
g03118	8	0	11	0	Inf	1	1
g01106	8	0	11	0	Inf	1	1
g00954	8	0	11	0	Inf	1	1
g01182	8	0	11	0	Inf	1	1
g02847	8	0	11	0	Inf	1	1
g02122	8	0	11	0	Inf	1	1
g02032	8	0	11	0	Inf	1	1
g02365	8	0	11	0	Inf	1	1
g02176	8	0	11	0	Inf	1	1
g00939	8	0	11	0	Inf	1	1
g04402	8	0	11	0	Inf	1	1
g02198	8	0	11	0	Inf	1	1
g03384	8	0	11	0	Inf	1	1
g02976	8	0	11	0	Inf	1	1
g03091	8	0	11	0	Inf	1	1
g03409	8	0	11	0	Inf	1	1
g01617	8	0	11	0	Inf	1	1
g01427	8	0	11	0	Inf	1	1
g01077	8	0	11	0	Inf	1	1
g02085	8	0	11	0	Inf	1	1
g01050	8	0	11	0	Inf	1	1
g02152	8	0	11	0	Inf	1	1
g01223	8	0	11	0	Inf	1	1
g04353	8	0	11	0	Inf	1	1
g02424	8	0	11	0	Inf	1	1
g03285	8	0	11	0	Inf	1	1
g03102	8	0	11	0	Inf	1	1
g07882	8	0	11	0	Inf	1	1
g02259	8	0	11	0	Inf	1	1
g03628	8	0	11	0	Inf	1	1
g03501	8	0	11	0	Inf	1	1
g02373	8	0	11	0	Inf	1	1
g02333	8	0	11	0	Inf	1	1
g01888	8	0	11	0	Inf	1	1
g03020	8	0	11	0	Inf	1	1
g02952	8	0	11	0	Inf	1	1
g02026	8	0	11	0	Inf	1	1
g03607	8	0	11	0	Inf	1	1
g03880	8	0	11	0	Inf	1	1
g01269	8	0	11	0	Inf	1	1
g02585	8	0	11	0	Inf	1	1
g01318	8	0	11	0	Inf	1	1
g01116	8	0	11	0	Inf	1	1
g01320	8	0	11	0	Inf	1	1
g01529	8	0	11	0	Inf	1	1
g02686	8	0	11	0	Inf	1	1
g02132	8	0	11	0	Inf	1	1
g04338	8	0	11	0	Inf	1	1
g02806	8	0	11	0	Inf	1	1
g01959	8	0	11	0	Inf	1	1
g02701	8	0	11	0	Inf	1	1
g02669	8	0	11	0	Inf	1	1
g04300	8	0	11	0	Inf	1	1
g00185	8	0	11	0	Inf	1	1
g00894	8	0	11	0	Inf	1	1
g00246	8	0	11	0	Inf	1	1
g00275	8	0	11	0	Inf	1	1
g00498	8	0	11	0	Inf	1	1
g00480	8	0	11	0	Inf	1	1
g01328	8	0	11	0	Inf	1	1
g01315	8	0	11	0	Inf	1	1
g00780	8	0	11	0	Inf	1	1
g00768	8	0	11	0	Inf	1	1
g01218	8	0	11	0	Inf	1	1
g00036	8	0	11	0	Inf	1	1
g00173	8	0	11	0	Inf	1	1
g00267	8	0	11	0	Inf	1	1
g00929	8	0	11	0	Inf	1	1
g02116	8	0	11	0	Inf	1	1
g00169	8	0	11	0	Inf	1	1
g03038	8	0	11	0	Inf	1	1
g03264	8	0	11	0	Inf	1	1
g02182	8	0	11	0	Inf	1	1
g02272	8	0	11	0	Inf	1	1
g02844	8	0	11	0	Inf	1	1
g00071	8	0	11	0	Inf	1	1
g04533	8	0	11	0	Inf	1	1
g01178	8	0	11	0	Inf	1	1
g00134	8	0	11	0	Inf	1	1
g01539	8	0	11	0	Inf	1	1
g00830	8	0	11	0	Inf	1	1
g01051	8	0	11	0	Inf	1	1
g01668	8	0	11	0	Inf	1	1
g03650	8	0	11	0	Inf	1	1
g02928	8	0	11	0	Inf	1	1
g03260	8	0	11	0	Inf	1	1
g03240	8	0	11	0	Inf	1	1
g02529	8	0	11	0	Inf	1	1
g00443	8	0	11	0	Inf	1	1
g03466	8	0	11	0	Inf	1	1
g00180	8	0	11	0	Inf	1	1
g04255	8	0	11	0	Inf	1	1
g04470	8	0	11	0	Inf	1	1
g01249	8	0	11	0	Inf	1	1
g00370	8	0	11	0	Inf	1	1
g01220	8	0	11	0	Inf	1	1
g03784	8	0	11	0	Inf	1	1
g01183	8	0	11	0	Inf	1	1
g00253	8	0	11	0	Inf	1	1
g00037	8	0	11	0	Inf	1	1
g01278	8	0	11	0	Inf	1	1
g00461	8	0	11	0	Inf	1	1
g00306	8	0	11	0	Inf	1	1
g00175	8	0	11	0	Inf	1	1
g00506	8	0	11	0	Inf	1	1
g03184	8	0	11	0	Inf	1	1
g02999	8	0	11	0	Inf	1	1
g03154	8	0	11	0	Inf	1	1
g03342	8	0	11	0	Inf	1	1
g03821	8	0	11	0	Inf	1	1
g04272	8	0	11	0	Inf	1	1
g02851	8	0	11	0	Inf	1	1
g02757	8	0	11	0	Inf	1	1
g01148	8	0	11	0	Inf	1	1
g04479	8	0	11	0	Inf	1	1
g00665	8	0	11	0	Inf	1	1
g00924	8	0	11	0	Inf	1	1
g01510	8	0	11	0	Inf	1	1
g01324	8	0	11	0	Inf	1	1
g02816	8	0	11	0	Inf	1	1
g03247	8	0	11	0	Inf	1	1
g06001	8	0	11	0	Inf	1	1
g03117	8	0	11	0	Inf	1	1
g03461	8	0	11	0	Inf	1	1
g03345	8	0	11	0	Inf	1	1
g03139	8	0	11	0	Inf	1	1
g02683	8	0	11	0	Inf	1	1
g03163	8	0	11	0	Inf	1	1
g03203	8	0	11	0	Inf	1	1
g03143	8	0	11	0	Inf	1	1
g03233	8	0	11	0	Inf	1	1
g02996	8	0	11	0	Inf	1	1
g02995	8	0	11	0	Inf	1	1
g03098	8	0	11	0	Inf	1	1
g04200	8	0	11	0	Inf	1	1
g03494	8	0	11	0	Inf	1	1
g09528	8	0	11	0	Inf	1	1
g03248	8	0	11	0	Inf	1	1
g03214	8	0	11	0	Inf	1	1
g04527	8	0	11	0	Inf	1	1
g03067	8	0	11	0	Inf	1	1
g07225	8	0	11	0	Inf	1	1
g03653	8	0	11	0	Inf	1	1
g00399	8	0	11	0	Inf	1	1
g03911	8	0	11	0	Inf	1	1
g08947	8	0	11	0	Inf	1	1
g03310	8	0	11	0	Inf	1	1
g04324	8	0	11	0	Inf	1	1
g01863	8	0	11	0	Inf	1	1
g04550	8	0	11	0	Inf	1	1
g09221	8	0	10	1	Inf	1	1
g05873	8	0	10	1	Inf	1	1
g05503	8	0	10	1	Inf	1	1
g08573	8	0	10	1	Inf	1	1
g07414	8	0	10	1	Inf	1	1
g06847	8	0	10	1	Inf	1	1
g05245	8	0	10	1	Inf	1	1
g07960	8	0	10	1	Inf	1	1
g05925	8	0	10	1	Inf	1	1
g08666	8	0	10	1	Inf	1	1
g05681	8	0	10	1	Inf	1	1
g06198	8	0	10	1	Inf	1	1
g06822	8	0	10	1	Inf	1	1
g05723	8	0	10	1	Inf	1	1
g07511	8	0	10	1	Inf	1	1
g09385	8	0	10	1	Inf	1	1
g06533	8	0	10	1	Inf	1	1
g06290	8	0	10	1	Inf	1	1
g08205	8	0	10	1	Inf	1	1
g04675	8	0	10	1	Inf	1	1
g09437	8	0	10	1	Inf	1	1
g08753	8	0	10	1	Inf	1	1
g06035	8	0	10	1	Inf	1	1
g08191	8	0	10	1	Inf	1	1
g04375	8	0	10	1	Inf	1	1
g05448	8	0	10	1	Inf	1	1
g07152	8	0	10	1	Inf	1	1
g08380	8	0	10	1	Inf	1	1
g07871	8	0	10	1	Inf	1	1
g09228	8	0	10	1	Inf	1	1
g09043	7	1	11	0	0	0.421052631578947	1
g08401	7	1	11	0	0	0.421052631578947	1
g08415	7	1	11	0	0	0.421052631578947	1
g03194	7	1	11	0	0	0.421052631578947	1
g03196	7	1	11	0	0	0.421052631578947	1
g04761	7	1	11	0	0	0.421052631578947	1
g05108	7	1	11	0	0	0.421052631578947	1
g08403	7	1	11	0	0	0.421052631578947	1
g03737	7	1	11	0	0	0.421052631578947	1
g04188	7	1	11	0	0	0.421052631578947	1
g08354	7	1	11	0	0	0.421052631578947	1
g08988	7	1	11	0	0	0.421052631578947	1
g05769	7	1	11	0	0	0.421052631578947	1
g03920	7	1	11	0	0	0.421052631578947	1
g09337	7	1	11	0	0	0.421052631578947	1
g05016	7	1	11	0	0	0.421052631578947	1
g08195	7	1	11	0	0	0.421052631578947	1
g07429	7	1	11	0	0	0.421052631578947	1
g09467	7	1	11	0	0	0.421052631578947	1
g05554	7	1	11	0	0	0.421052631578947	1
g08930	7	1	11	0	0	0.421052631578947	1
g07431	7	1	11	0	0	0.421052631578947	1
g08327	7	1	11	0	0	0.421052631578947	1
g08860	7	1	11	0	0	0.421052631578947	1
g03771	7	1	11	0	0	0.421052631578947	1
g04605	7	1	11	0	0	0.421052631578947	1
g07158	7	1	11	0	0	0.421052631578947	1
g07079	7	1	11	0	0	0.421052631578947	1
g09489	7	1	11	0	0	0.421052631578947	1
g06744	7	1	11	0	0	0.421052631578947	1
g05096	7	1	11	0	0	0.421052631578947	1
g07055	7	1	11	0	0	0.421052631578947	1
g07031	7	1	11	0	0	0.421052631578947	1
g09456	7	1	11	0	0	0.421052631578947	1
g04944	7	1	11	0	0	0.421052631578947	1
g08096	7	1	11	0	0	0.421052631578947	1
g05675	7	1	11	0	0	0.421052631578947	1
g07446	7	1	11	0	0	0.421052631578947	1
g08807	8	0	10	1	Inf	1	1
g05444	8	0	10	1	Inf	1	1
g08700	8	0	10	1	Inf	1	1
g07921	8	0	10	1	Inf	1	1
g06633	8	0	10	1	Inf	1	1
g05948	8	0	10	1	Inf	1	1
g07130	8	0	10	1	Inf	1	1
g07402	8	0	10	1	Inf	1	1
g06611	8	0	10	1	Inf	1	1
g06191	8	0	10	1	Inf	1	1
g06036	8	0	10	1	Inf	1	1
g03035	8	0	10	1	Inf	1	1
g03029	8	0	10	1	Inf	1	1
g03083	8	0	10	1	Inf	1	1
g04478	7	1	11	0	0	0.421052631578947	1
g09375	7	1	11	0	0	0.421052631578947	1
g07136	7	1	11	0	0	0.421052631578947	1
g04410	8	0	10	1	Inf	1	1
g03050	8	0	10	1	Inf	1	1
g03180	8	0	10	1	Inf	1	1
g03082	8	0	10	1	Inf	1	1
g03900	8	0	10	1	Inf	1	1
g07916	8	0	10	1	Inf	1	1
g04581	8	0	10	1	Inf	1	1
g09414	8	0	10	1	Inf	1	1
g03103	7	1	11	0	0	0.421052631578947	1
g03205	7	1	11	0	0	0.421052631578947	1
g06055	7	1	11	0	0	0.421052631578947	1
g09387	7	1	11	0	0	0.421052631578947	1
g08458	7	1	11	0	0	0.421052631578947	1
g03039	7	1	11	0	0	0.421052631578947	1
g05204	8	0	10	1	Inf	1	1
g05099	8	0	10	1	Inf	1	1
g03088	8	0	10	1	Inf	1	1
g04195	8	0	10	1	Inf	1	1
g03581	8	0	10	1	Inf	1	1
g03013	8	0	10	1	Inf	1	1
g03749	8	0	10	1	Inf	1	1
g03560	8	0	10	1	Inf	1	1
g03576	8	0	10	1	Inf	1	1
g03539	7	1	11	0	0	0.421052631578947	1
g04297	8	0	10	1	Inf	1	1
g07059	8	0	10	1	Inf	1	1
g04749	7	1	11	0	0	0.421052631578947	1
g09222	7	1	11	0	0	0.421052631578947	1
g03633	8	0	10	1	Inf	1	1
g05581	7	1	11	0	0	0.421052631578947	1
g07253	8	0	10	1	Inf	1	1
g03463	8	0	9	2	Inf	0.485380116959064	1
g03316	8	0	9	2	Inf	0.485380116959064	1
g06922	8	0	9	2	Inf	0.485380116959064	1
g05431	8	0	9	2	Inf	0.485380116959064	1
g09508	8	0	9	2	Inf	0.485380116959064	1
g05970	8	0	9	2	Inf	0.485380116959064	1
g07006	8	0	9	2	Inf	0.485380116959064	1
g07394	8	0	9	2	Inf	0.485380116959064	1
g06267	8	0	9	2	Inf	0.485380116959064	1
g07054	8	0	9	2	Inf	0.485380116959064	1
g03599	8	0	9	2	Inf	0.485380116959064	1
g07935	8	0	9	2	Inf	0.485380116959064	1
g06295	8	0	9	2	Inf	0.485380116959064	1
g04948	8	0	9	2	Inf	0.485380116959064	1
g07052	8	0	9	2	Inf	0.485380116959064	1
g03073	8	0	9	2	Inf	0.485380116959064	1
g09451	6	2	11	0	0	0.16374269005848	1
g07481	6	2	11	0	0	0.16374269005848	1
g09546	6	2	11	0	0	0.16374269005848	1
g03892	6	2	11	0	0	0.16374269005848	1
g04134	6	2	11	0	0	0.16374269005848	1
g03712	6	2	11	0	0	0.16374269005848	1
g03241	6	2	11	0	0	0.16374269005848	1
g03015	6	2	11	0	0	0.16374269005848	1
g03772	6	2	11	0	0	0.16374269005848	1
g03061	6	2	11	0	0	0.16374269005848	1
g03400	7	1	10	1	0.713518410920031	1	1
g03107	7	1	10	1	0.713518410920031	1	1
g03187	7	1	10	1	0.713518410920031	1	1
g03059	7	1	10	1	0.713518410920031	1	1
g07336	8	0	9	2	Inf	0.485380116959064	1
g07832	8	0	9	2	Inf	0.485380116959064	1
g08038	8	0	9	2	Inf	0.485380116959064	1
g05633	8	0	9	2	Inf	0.485380116959064	1
g07291	8	0	9	2	Inf	0.485380116959064	1
g08373	6	2	11	0	0	0.16374269005848	1
g07881	8	0	9	2	Inf	0.485380116959064	1
g06559	7	1	10	1	0.713518410920031	1	1
g03213	7	1	10	1	0.713518410920031	1	1
g08132	7	1	10	1	0.713518410920031	1	1
g04213	6	2	11	0	0	0.16374269005848	1
g04232	8	0	9	2	Inf	0.485380116959064	1
g03198	8	0	9	2	Inf	0.485380116959064	1
g03045	7	1	10	1	0.713518410920031	1	1
g04356	6	2	11	0	0	0.16374269005848	1
g03419	7	1	10	1	0.713518410920031	1	1
g03033	8	0	9	2	Inf	0.485380116959064	1
g03992	6	2	11	0	0	0.16374269005848	1
g07319	8	0	9	2	Inf	0.485380116959064	1
g05470	8	0	8	3	Inf	0.228070175438596	1
g06281	8	0	8	3	Inf	0.228070175438596	1
g08072	8	0	8	3	Inf	0.228070175438596	1
g04751	8	0	8	3	Inf	0.228070175438596	1
g06040	8	0	8	3	Inf	0.228070175438596	1
g04251	8	0	8	3	Inf	0.228070175438596	1
g04808	8	0	8	3	Inf	0.228070175438596	1
g07734	8	0	8	3	Inf	0.228070175438596	1
g09315	8	0	8	3	Inf	0.228070175438596	1
g07188	8	0	8	3	Inf	0.228070175438596	1
g08018	8	0	8	3	Inf	0.228070175438596	1
g05636	8	0	8	3	Inf	0.228070175438596	1
g08733	8	0	8	3	Inf	0.228070175438596	1
g04562	8	0	8	3	Inf	0.228070175438596	1
g08501	8	0	8	3	Inf	0.228070175438596	1
g04384	8	0	8	3	Inf	0.228070175438596	1
g08597	8	0	8	3	Inf	0.228070175438596	1
g04247	8	0	8	3	Inf	0.228070175438596	1
g05920	8	0	8	3	Inf	0.228070175438596	1
g05417	8	0	8	3	Inf	0.228070175438596	1
g06019	8	0	8	3	Inf	0.228070175438596	1
g04797	8	0	8	3	Inf	0.228070175438596	1
g04558	8	0	8	3	Inf	0.228070175438596	1
g03711	7	1	9	2	1.5208461261665	1	1
g03609	7	1	9	2	1.5208461261665	1	1
g05665	7	1	9	2	1.5208461261665	1	1
g08218	7	1	9	2	1.5208461261665	1	1
g09191	7	1	9	2	1.5208461261665	1	1
g04212	5	3	11	0	0	0.0577915376676986	1
g08292	5	3	11	0	0	0.0577915376676986	1
g07685	5	3	11	0	0	0.0577915376676986	1
g08478	7	1	9	2	1.5208461261665	1	1
g08261	7	1	9	2	1.5208461261665	1	1
g04368	8	0	8	3	Inf	0.228070175438596	1
g03012	8	0	8	3	Inf	0.228070175438596	1
g04357	8	0	8	3	Inf	0.228070175438596	1
g03764	8	0	8	3	Inf	0.228070175438596	1
g04074	7	1	9	2	1.5208461261665	1	1
g03935	7	1	9	2	1.5208461261665	1	1
g03543	5	3	11	0	0	0.0577915376676986	1
g03125	7	1	9	2	1.5208461261665	1	1
g03251	7	1	9	2	1.5208461261665	1	1
g07767	6	2	10	1	0.320340564680153	0.545923632610939	1
g03593	7	1	9	2	1.5208461261665	1	1
g03722	6	2	10	1	0.320340564680153	0.545923632610939	1
g08865	6	2	10	1	0.320340564680153	0.545923632610939	1
g09080	8	0	8	3	Inf	0.228070175438596	1
g03155	7	1	9	2	1.5208461261665	1	1
g02997	7	1	9	2	1.5208461261665	1	1
g02994	8	0	8	3	Inf	0.228070175438596	1
g03726	7	1	9	2	1.5208461261665	1	1
g03257	8	0	8	3	Inf	0.228070175438596	1
g03280	5	3	11	0	0	0.0577915376676986	1
g03306	8	0	8	3	Inf	0.228070175438596	1
g05332	7	1	8	3	2.50208683009272	0.602683178534572	1
g06861	7	1	8	3	2.50208683009272	0.602683178534572	1
g04387	7	1	8	3	2.50208683009272	0.602683178534572	1
g03249	7	1	8	3	2.50208683009272	0.602683178534572	1
g03828	7	1	8	3	2.50208683009272	0.602683178534572	1
g04265	7	1	8	3	2.50208683009272	0.602683178534572	1
g04659	7	1	8	3	2.50208683009272	0.602683178534572	1
g03347	7	1	8	3	2.50208683009272	0.602683178534572	1
g04175	7	1	8	3	2.50208683009272	0.602683178534572	1
g07540	7	1	8	3	2.50208683009272	0.602683178534572	1
g04237	7	1	8	3	2.50208683009272	0.602683178534572	1
g03323	7	1	8	3	2.50208683009272	0.602683178534572	1
g03778	7	1	8	3	2.50208683009272	0.602683178534572	1
g03360	7	1	8	3	2.50208683009272	0.602683178534572	1
g03655	6	2	9	2	0.681339817033505	1	1
g03076	6	2	9	2	0.681339817033505	1	1
g03230	7	1	8	3	2.50208683009272	0.602683178534572	1
g09300	7	1	8	3	2.50208683009272	0.602683178534572	1
g03081	6	2	9	2	0.681339817033505	1	1
g03043	7	1	8	3	2.50208683009272	0.602683178534572	1
g08412	5	3	10	1	0.184326111523789	0.262125902992776	1
g02998	5	3	10	1	0.184326111523789	0.262125902992776	1
g04072	7	1	8	3	2.50208683009272	0.602683178534572	1
g07620	7	1	8	3	2.50208683009272	0.602683178534572	1
g03113	8	0	7	4	Inf	0.103199174406605	1
g03215	7	1	8	3	2.50208683009272	0.602683178534572	1
g07003	5	3	10	1	0.184326111523789	0.262125902992776	1
g03162	7	1	8	3	2.50208683009272	0.602683178534572	1
g04994	7	1	8	3	2.50208683009272	0.602683178534572	1
g08958	5	3	10	1	0.184326111523789	0.262125902992776	1
g08547	8	0	7	4	Inf	0.103199174406605	1
g03273	8	0	6	5	Inf	0.044547643618851	1
g03420	8	0	6	5	Inf	0.044547643618851	1
g03724	8	0	6	5	Inf	0.044547643618851	1
g03644	5	3	9	2	0.391298125598591	0.602683178534572	1
g03435	5	3	9	2	0.391298125598591	0.602683178534572	1
g03007	8	0	6	5	Inf	0.044547643618851	1
g03567	7	1	7	4	3.73352155184632	0.33780529755762	1
g03197	6	2	8	3	1.11807638262745	1	1
g03274	6	2	8	3	1.11807638262745	1	1
g04959	5	3	9	2	0.391298125598591	0.602683178534572	1
g08209	6	2	8	3	1.11807638262745	1	1
g03065	7	1	7	4	3.73352155184632	0.33780529755762	1
g06582	6	2	8	3	1.11807638262745	1	1
g07575	8	0	6	5	Inf	0.044547643618851	1
g03070	7	1	7	4	3.73352155184632	0.33780529755762	1
g03305	7	1	7	4	3.73352155184632	0.33780529755762	1
g03675	7	1	6	5	5.33087440668157	0.176986584107327	1
g03666	7	1	6	5	5.33087440668157	0.176986584107327	1
g03630	8	0	5	6	Inf	0.0180598555211558	1
g03660	8	0	5	6	Inf	0.0180598555211558	1
g07449	6	2	7	4	1.666859299905	1	1
g03493	8	0	5	6	Inf	0.0180598555211558	1
g03891	8	0	5	6	Inf	0.0180598555211558	1
g03252	8	0	5	6	Inf	0.0180598555211558	1
g03365	8	0	5	6	Inf	0.0180598555211558	1
g03032	7	1	6	5	5.33087440668157	0.176986584107327	1
g03344	8	0	5	6	Inf	0.0180598555211558	1
g03019	5	3	8	3	0.640984284097399	1	1
g03080	7	1	6	5	5.33087440668157	0.176986584107327	1
g08396	5	3	8	3	0.640984284097399	1	1
g03982	8	0	5	6	Inf	0.0180598555211558	1
g03229	8	0	5	6	Inf	0.0180598555211558	1
g03128	8	0	5	6	Inf	0.0180598555211558	1
g03288	8	0	5	6	Inf	0.0180598555211558	1
g04474	8	0	5	6	Inf	0.0180598555211558	1
g03552	8	0	5	6	Inf	0.0180598555211558	1
g03442	8	0	5	6	Inf	0.0180598555211558	1
g03217	8	0	5	6	Inf	0.0180598555211558	1
g03636	8	0	5	6	Inf	0.0180598555211558	1
g03707	8	0	5	6	Inf	0.0180598555211558	1
g03954	7	1	6	5	5.33087440668157	0.176986584107327	1
g03768	5	3	8	3	0.640984284097399	1	1
g03093	8	0	5	6	Inf	0.0180598555211558	1
g03651	8	0	5	6	Inf	0.0180598555211558	1
g04115	8	0	5	6	Inf	0.0180598555211558	1
g05222	8	0	5	6	Inf	0.0180598555211558	1
g04182	8	0	5	6	Inf	0.0180598555211558	1
g04259	8	0	5	6	Inf	0.0180598555211558	1
g03568	6	2	7	4	1.666859299905	1	1
g03376	8	0	5	6	Inf	0.0180598555211558	1
g03752	8	0	5	6	Inf	0.0180598555211558	1
g03758	8	0	5	6	Inf	0.0180598555211558	1
g06061	8	0	4	7	Inf	0.0128205128205128	1
g09037	8	0	4	7	Inf	0.0128205128205128	1
g05333	8	0	4	7	Inf	0.0128205128205128	1
g04110	8	0	4	7	Inf	0.0128205128205128	1
g04066	8	0	4	7	Inf	0.0128205128205128	1
g07855	7	1	5	6	7.4906640187356	0.14729697547035	1
g06625	7	1	5	6	7.4906640187356	0.14729697547035	1
g05206	7	1	5	6	7.4906640187356	0.14729697547035	1
g03090	4	4	8	3	0.395956082889368	0.376518218623482	1
g03488	4	4	8	3	0.395956082889368	0.376518218623482	1
g04023	8	0	4	7	Inf	0.0128205128205128	1
g03121	7	1	5	6	7.4906640187356	0.14729697547035	1
g08051	5	3	7	4	0.954861029329092	1	1
g03694	8	0	4	7	Inf	0.0128205128205128	1
g06213	6	2	6	5	2.38223288196955	0.633246010954989	1
g03975	8	0	4	7	Inf	0.0128205128205128	1
g03318	8	0	4	7	Inf	0.0128205128205128	1
g03069	7	1	5	6	7.4906640187356	0.14729697547035	1
g08387	6	2	6	5	2.38223288196955	0.633246010954989	1
g03428	4	4	8	3	0.395956082889368	0.376518218623482	1
g03166	6	2	6	5	2.38223288196955	0.633246010954989	1
g03946	8	0	4	7	Inf	0.0128205128205128	1
g04075	8	0	4	7	Inf	0.0128205128205128	1
g04183	4	4	8	3	0.395956082889368	0.376518218623482	1
g03888	7	1	5	6	7.4906640187356	0.14729697547035	1
g08404	8	0	4	7	Inf	0.0128205128205128	1
g03505	6	2	6	5	2.38223288196955	0.633246010954989	1
g04919	8	0	4	7	Inf	0.0128205128205128	1
g08587	3	5	9	2	0.151274334613122	0.0739461776613478	1
g08451	6	2	6	5	2.38223288196955	0.633246010954989	1
g05757	8	0	4	7	Inf	0.0128205128205128	1
g07983	8	0	3	8	Inf	0.00336058849990738	0.867940100138241
g06252	8	0	3	8	Inf	0.00336058849990738	0.867940100138241
g04952	8	0	3	8	Inf	0.00336058849990738	0.867940100138241
g05019	8	0	3	8	Inf	0.00336058849990738	0.867940100138241
g04987	8	0	3	8	Inf	0.00336058849990738	0.867940100138241
g05574	8	0	3	8	Inf	0.00336058849990738	0.867940100138241
g07473	8	0	3	8	Inf	0.00336058849990738	0.867940100138241
g08207	8	0	3	8	Inf	0.00336058849990738	0.867940100138241
g06136	8	0	3	8	Inf	0.00336058849990738	0.867940100138241
g06934	8	0	3	8	Inf	0.00336058849990738	0.867940100138241
g05812	8	0	3	8	Inf	0.00336058849990738	0.867940100138241
g06647	8	0	3	8	Inf	0.00336058849990738	0.867940100138241
g09247	8	0	3	8	Inf	0.00336058849990738	0.867940100138241
g07365	8	0	3	8	Inf	0.00336058849990738	0.867940100138241
g08100	8	0	3	8	Inf	0.00336058849990738	0.867940100138241
g04165	4	4	7	4	0.588824590728985	0.657696276891323	1
g04883	4	4	7	4	0.588824590728985	0.657696276891323	1
g03965	4	4	7	4	0.588824590728985	0.657696276891323	1
g04456	4	4	7	4	0.588824590728985	0.657696276891323	1
g09017	5	3	6	5	1.36508267462688	1	1
g07820	5	3	6	5	1.36508267462688	1	1
g05008	5	3	6	5	1.36508267462688	1	1
g07667	5	3	6	5	1.36508267462688	1	1
g07823	5	3	6	5	1.36508267462688	1	1
g08663	8	0	3	8	Inf	0.00336058849990738	0.867940100138241
g05912	8	0	3	8	Inf	0.00336058849990738	0.867940100138241
g08670	5	3	6	5	1.36508267462688	1	1
g04199	5	3	6	5	1.36508267462688	1	1
g03492	4	4	7	4	0.588824590728985	0.657696276891323	1
g04219	4	4	7	4	0.588824590728985	0.657696276891323	1
g03041	6	2	5	6	3.35770600578856	0.352067952687148	1
g03579	6	2	5	6	3.35770600578856	0.352067952687148	1
g03161	5	3	6	5	1.36508267462688	1	1
g03190	4	4	7	4	0.588824590728985	0.657696276891323	1
g03415	4	4	7	4	0.588824590728985	0.657696276891323	1
g03561	4	4	7	4	0.588824590728985	0.657696276891323	1
g06967	8	0	3	8	Inf	0.00336058849990738	0.867940100138241
g05923	3	5	7	4	0.363769981143466	0.369849964277209	1
g07053	3	5	7	4	0.363769981143466	0.369849964277209	1
g04765	3	5	7	4	0.363769981143466	0.369849964277209	1
g08197	3	5	7	4	0.363769981143466	0.369849964277209	1
g07344	3	5	7	4	0.363769981143466	0.369849964277209	1
g04600	3	5	7	4	0.363769981143466	0.369849964277209	1
g08638	3	5	7	4	0.363769981143466	0.369849964277209	1
g06519	3	5	7	4	0.363769981143466	0.369849964277209	1
g04870	3	5	7	4	0.363769981143466	0.369849964277209	1
g04254	3	5	7	4	0.363769981143466	0.369849964277209	1
g08001	3	5	7	4	0.363769981143466	0.369849964277209	1
g03372	3	5	7	4	0.363769981143466	0.369849964277209	1
g07423	3	5	7	4	0.363769981143466	0.369849964277209	1
g06171	3	5	7	4	0.363769981143466	0.369849964277209	1
g09507	3	5	7	4	0.363769981143466	0.369849964277209	1
g03566	4	4	6	5	0.84138898052296	1	1
g03847	4	4	6	5	0.84138898052296	1	1
g03520	4	4	6	5	0.84138898052296	1	1
g03266	4	4	6	5	0.84138898052296	1	1
g07108	5	3	5	6	1.92732569454932	0.649916646820672	1
g03105	4	4	6	5	0.84138898052296	1	1
g04226	6	2	4	7	4.77262127565397	0.169802333889021	1
g09443	3	5	7	4	0.363769981143466	0.369849964277209	1
g03255	4	4	6	5	0.84138898052296	1	1
g04374	4	4	6	5	0.84138898052296	1	1
g03833	8	0	2	9	Inf	0.000714455822814956	0.426708740176232
g07153	2	6	8	3	0.142299106979224	0.0697785186949273	1
g03204	6	2	4	7	4.77262127565397	0.169802333889021	1
g03377	4	4	6	5	0.84138898052296	1	1
g07746	5	3	5	6	1.92732569454932	0.649916646820672	1
g03109	4	4	6	5	0.84138898052296	1	1
g03395	5	3	5	6	1.92732569454932	0.649916646820672	1
g03790	4	4	6	5	0.84138898052296	1	1
g05189	6	2	4	7	4.77262127565397	0.169802333889021	1
g04433	5	3	5	6	1.92732569454932	0.649916646820672	1
g03486	4	4	6	5	0.84138898052296	1	1
g04086	4	4	6	5	0.84138898052296	1	1
g05919	8	0	1	10	Inf	0.000119075970469159	0.0758593315868856
g05909	8	0	1	10	Inf	0.000119075970469159	0.0758593315868856
g09134	8	0	1	10	Inf	0.000119075970469159	0.0758593315868856
g08047	8	0	1	10	Inf	0.000119075970469159	0.0758593315868856
g09492	8	0	1	10	Inf	0.000119075970469159	0.0758593315868856
g08513	8	0	1	10	Inf	0.000119075970469159	0.0758593315868856
g07762	8	0	1	10	Inf	0.000119075970469159	0.0758593315868856
g07515	8	0	1	10	Inf	0.000119075970469159	0.0758593315868856
g06476	8	0	1	10	Inf	0.000119075970469159	0.0758593315868856
g09055	8	0	1	10	Inf	0.000119075970469159	0.0758593315868856
g03782	4	4	5	6	1.18851093031722	1	1
g03423	4	4	5	6	1.18851093031722	1	1
g03692	4	4	5	6	1.18851093031722	1	1
g03678	4	4	5	6	1.18851093031722	1	1
g04328	4	4	5	6	1.18851093031722	1	1
g03643	4	4	5	6	1.18851093031722	1	1
g07412	4	4	5	6	1.18851093031722	1	1
g08168	4	4	5	6	1.18851093031722	1	1
g06815	4	4	5	6	1.18851093031722	1	1
g06469	4	4	5	6	1.18851093031722	1	1
g07793	4	4	5	6	1.18851093031722	1	1
g05780	4	4	5	6	1.18851093031722	1	1
g04161	4	4	5	6	1.18851093031722	1	1
g07877	4	4	5	6	1.18851093031722	1	1
g03813	3	5	6	5	0.518853664862201	0.649916646820672	1
g04565	3	5	6	5	0.518853664862201	0.649916646820672	1
g04349	3	5	6	5	0.518853664862201	0.649916646820672	1
g06535	1	7	8	3	0.0649453420777336	0.0197666110978805	1
g04167	1	7	8	3	0.0649453420777336	0.0197666110978805	1
g08542	1	7	8	3	0.0649453420777336	0.0197666110978805	1
g06428	4	4	5	6	1.18851093031722	1	1
g04388	4	4	5	6	1.18851093031722	1	1
g04274	3	5	6	5	0.518853664862201	0.649916646820672	1
g03317	3	5	6	5	0.518853664862201	0.649916646820672	1
g05418	3	5	6	5	0.518853664862201	0.649916646820672	1
g03577	4	4	5	6	1.18851093031722	1	1
g05487	5	3	4	7	2.74898988876604	0.369849964277209	1
g03207	7	1	2	9	23.9996500835665	0.00547749464158134	1
g06523	8	0	1	10	Inf	0.000119075970469159	0.0758593315868856
g04231	5	3	4	7	2.74898988876604	0.369849964277209	1
g05664	3	5	6	5	0.518853664862201	0.649916646820672	1
g05730	5	3	4	7	2.74898988876604	0.369849964277209	1
g03453	7	1	2	9	23.9996500835665	0.00547749464158134	1
g03512	4	4	5	6	1.18851093031722	1	1
g03958	7	1	2	9	23.9996500835665	0.00547749464158134	1
g03504	3	5	6	5	0.518853664862201	0.649916646820672	1
g04093	3	5	6	5	0.518853664862201	0.649916646820672	1
g03315	7	1	2	9	23.9996500835665	0.00547749464158134	1
g04048	5	3	4	7	2.74898988876604	0.369849964277209	1
g03172	7	1	2	9	23.9996500835665	0.00547749464158134	1
g05766	4	4	5	6	1.18851093031722	1	1
g03034	3	5	6	5	0.518853664862201	0.649916646820672	1
g03168	3	5	6	5	0.518853664862201	0.649916646820672	1
g05231	3	5	6	5	0.518853664862201	0.649916646820672	1
g03804	4	4	5	6	1.18851093031722	1	1
g03619	4	4	5	6	1.18851093031722	1	1
g04311	4	4	5	6	1.18851093031722	1	1
g06736	1	7	8	3	0.0649453420777336	0.0197666110978805	1
g04931	4	4	5	6	1.18851093031722	1	1
g07578	4	4	5	6	1.18851093031722	1	1
g03246	4	4	5	6	1.18851093031722	1	1
g06268	6	2	3	8	7.02745098847317	0.0697785186949273	1
g04184	3	5	6	5	0.518853664862201	0.649916646820672	1
g03300	3	5	6	5	0.518853664862201	0.649916646820672	1
g03394	4	4	5	6	1.18851093031722	1	1
g03496	5	3	4	7	2.74898988876604	0.369849964277209	1
g04133	5	3	4	7	2.74898988876604	0.369849964277209	1
g03629	3	5	6	5	0.518853664862201	0.649916646820672	1
g04016	5	3	4	7	2.74898988876604	0.369849964277209	1
g03533	4	4	5	6	1.18851093031722	1	1
g03123	3	5	6	5	0.518853664862201	0.649916646820672	1
g03761	5	3	4	7	2.74898988876604	0.369849964277209	1
g03580	3	5	6	5	0.518853664862201	0.649916646820672	1
g03165	4	4	5	6	1.18851093031722	1	1
g04222	3	5	6	5	0.518853664862201	0.649916646820672	1
g05428	4	4	5	6	1.18851093031722	1	1
g03534	3	5	6	5	0.518853664862201	0.649916646820672	1
g03485	3	5	6	5	0.518853664862201	0.649916646820672	1
g03183	5	3	4	7	2.74898988876604	0.369849964277209	1
g07720	8	0	0	11	Inf	1.32306633854621e-05	0.0316080548278691
g06662	8	0	0	11	Inf	1.32306633854621e-05	0.0316080548278691
g07221	8	0	0	11	Inf	1.32306633854621e-05	0.0316080548278691
g07679	8	0	0	11	Inf	1.32306633854621e-05	0.0316080548278691
g07900	4	4	4	7	1.69829863722567	0.657696276891323	1
g06333	4	4	4	7	1.69829863722567	0.657696276891323	1
g05070	4	4	4	7	1.69829863722567	0.657696276891323	1
g04810	4	4	4	7	1.69829863722567	0.657696276891323	1
g05368	6	2	2	9	11.2522759332342	0.0237358101135191	1
g03594	6	2	2	9	11.2522759332342	0.0237358101135191	1
g04511	6	2	2	9	11.2522759332342	0.0237358101135191	1
g03659	6	2	2	9	11.2522759332342	0.0237358101135191	1
g03489	4	4	4	7	1.69829863722567	0.657696276891323	1
g03292	4	4	4	7	1.69829863722567	0.657696276891323	1
g03176	4	4	4	7	1.69829863722567	0.657696276891323	1
g07193	3	5	5	6	0.732556363498884	1	1
g05307	3	5	5	6	0.732556363498884	1	1
g03732	3	5	5	6	0.732556363498884	1	1
g07582	3	5	5	6	0.732556363498884	1	1
g06083	3	5	5	6	0.732556363498884	1	1
g04487	4	4	4	7	1.69829863722567	0.657696276891323	1
g08545	4	4	4	7	1.69829863722567	0.657696276891323	1
g04745	6	2	2	9	11.2522759332342	0.0237358101135191	1
g03691	6	2	2	9	11.2522759332342	0.0237358101135191	1
g04141	1	7	7	4	0.0945100085514177	0.0586647614511393	1
g04098	1	7	7	4	0.0945100085514177	0.0586647614511393	1
g03438	2	6	6	5	0.297822381791627	0.352067952687148	1
g09428	2	6	6	5	0.297822381791627	0.352067952687148	1
g03096	2	6	6	5	0.297822381791627	0.352067952687148	1
g03361	2	6	6	5	0.297822381791627	0.352067952687148	1
g03108	6	2	2	9	11.2522759332342	0.0237358101135191	1
g03544	0	8	8	3	0	0.00336058849990738	0.867940100138241
g03126	2	6	6	5	0.297822381791627	0.352067952687148	1
g07461	4	4	4	7	1.69829863722567	0.657696276891323	1
g04049	4	4	4	7	1.69829863722567	0.657696276891323	1
g08973	6	2	2	9	11.2522759332342	0.0237358101135191	1
g03386	2	6	6	5	0.297822381791627	0.352067952687148	1
g06088	4	4	4	7	1.69829863722567	0.657696276891323	1
g06271	6	2	2	9	11.2522759332342	0.0237358101135191	1
g03238	4	4	4	7	1.69829863722567	0.657696276891323	1
g03282	7	1	1	10	44.579771301588	0.00117752904130613	0.625137084373411
g03912	3	5	5	6	0.732556363498884	1	1
g04445	1	7	7	4	0.0945100085514177	0.0586647614511393	1
g03321	3	5	5	6	0.732556363498884	1	1
g03298	2	6	6	5	0.297822381791627	0.352067952687148	1
g03796	6	2	2	9	11.2522759332342	0.0237358101135191	1
g03502	4	4	4	7	1.69829863722567	0.657696276891323	1
g04851	5	3	3	8	4.07441713323573	0.180916091132809	1
g04137	3	5	5	6	0.732556363498884	1	1
g03265	2	6	6	5	0.297822381791627	0.352067952687148	1
g07642	4	4	4	7	1.69829863722567	0.657696276891323	1
g05328	5	3	3	8	4.07441713323573	0.180916091132809	1
g06722	5	3	3	8	4.07441713323573	0.180916091132809	1
g08991	4	4	4	7	1.69829863722567	0.657696276891323	1
g03535	3	5	5	6	0.732556363498884	1	1
g03017	2	6	6	5	0.297822381791627	0.352067952687148	1
g03385	6	2	2	9	11.2522759332342	0.0237358101135191	1
g03370	5	3	3	8	4.07441713323573	0.180916091132809	1
g03558	4	4	4	7	1.69829863722567	0.657696276891323	1
g05463	4	4	4	7	1.69829863722567	0.657696276891323	1
g03178	1	7	7	4	0.0945100085514177	0.0586647614511393	1
g06335	4	4	4	7	1.69829863722567	0.657696276891323	1
g03302	4	4	4	7	1.69829863722567	0.657696276891323	1
g08796	4	4	4	7	1.69829863722567	0.657696276891323	1
g07589	2	6	6	5	0.297822381791627	0.352067952687148	1
g07381	3	5	5	6	0.732556363498884	1	1
g04032	4	4	4	7	1.69829863722567	0.657696276891323	1
g06887	6	2	2	9	11.2522759332342	0.0237358101135191	1
g04504	4	4	4	7	1.69829863722567	0.657696276891323	1
g03614	2	6	6	5	0.297822381791627	0.352067952687148	1
g07736	4	4	4	7	1.69829863722567	0.657696276891323	1
g03714	2	6	5	6	0.419774241036096	0.633246010954989	1
g09050	2	6	5	6	0.419774241036096	0.633246010954989	1
g09356	2	6	5	6	0.419774241036096	0.633246010954989	1
g08411	2	6	5	6	0.419774241036096	0.633246010954989	1
g09367	2	6	5	6	0.419774241036096	0.633246010954989	1
g08037	2	6	5	6	0.419774241036096	0.633246010954989	1
g04108	2	6	5	6	0.419774241036096	0.633246010954989	1
g07558	2	6	5	6	0.419774241036096	0.633246010954989	1
g08334	2	6	5	6	0.419774241036096	0.633246010954989	1
g05615	2	6	5	6	0.419774241036096	0.633246010954989	1
g05313	2	6	5	6	0.419774241036096	0.633246010954989	1
g04760	2	6	5	6	0.419774241036096	0.633246010954989	1
g08098	2	6	5	6	0.419774241036096	0.633246010954989	1
g06131	2	6	5	6	0.419774241036096	0.633246010954989	1
g07255	2	6	5	6	0.419774241036096	0.633246010954989	1
g08064	2	6	5	6	0.419774241036096	0.633246010954989	1
g07444	2	6	5	6	0.419774241036096	0.633246010954989	1
g04650	2	6	5	6	0.419774241036096	0.633246010954989	1
g06180	2	6	5	6	0.419774241036096	0.633246010954989	1
g04940	2	6	5	6	0.419774241036096	0.633246010954989	1
g06806	2	6	5	6	0.419774241036096	0.633246010954989	1
g04575	2	6	5	6	0.419774241036096	0.633246010954989	1
g05240	2	6	5	6	0.419774241036096	0.633246010954989	1
g05362	2	6	5	6	0.419774241036096	0.633246010954989	1
g06862	2	6	5	6	0.419774241036096	0.633246010954989	1
g05450	2	6	5	6	0.419774241036096	0.633246010954989	1
g06541	2	6	5	6	0.419774241036096	0.633246010954989	1
g04203	2	6	5	6	0.419774241036096	0.633246010954989	1
g09085	2	6	5	6	0.419774241036096	0.633246010954989	1
g03993	2	6	5	6	0.419774241036096	0.633246010954989	1
g04054	2	6	5	6	0.419774241036096	0.633246010954989	1
g07018	2	6	5	6	0.419774241036096	0.633246010954989	1
g03742	2	6	5	6	0.419774241036096	0.633246010954989	1
g04708	2	6	5	6	0.419774241036096	0.633246010954989	1
g04439	2	6	5	6	0.419774241036096	0.633246010954989	1
g06425	2	6	5	6	0.419774241036096	0.633246010954989	1
g08859	2	6	5	6	0.419774241036096	0.633246010954989	1
g04929	2	6	5	6	0.419774241036096	0.633246010954989	1
g06492	2	6	5	6	0.419774241036096	0.633246010954989	1
g09054	2	6	5	6	0.419774241036096	0.633246010954989	1
g03572	2	6	5	6	0.419774241036096	0.633246010954989	1
g04653	2	6	5	6	0.419774241036096	0.633246010954989	1
g07039	2	6	5	6	0.419774241036096	0.633246010954989	1
g05288	1	7	6	5	0.133499513193865	0.14729697547035	1
g05221	1	7	6	5	0.133499513193865	0.14729697547035	1
g04768	1	7	6	5	0.133499513193865	0.14729697547035	1
g08528	1	7	6	5	0.133499513193865	0.14729697547035	1
g05330	1	7	6	5	0.133499513193865	0.14729697547035	1
g06675	0	8	7	4	0	0.0128205128205128	1
g05728	0	8	7	4	0	0.0128205128205128	1
g04835	0	8	7	4	0	0.0128205128205128	1
g09028	0	8	7	4	0	0.0128205128205128	1
g06539	2	6	5	6	0.419774241036096	0.633246010954989	1
g09075	2	6	5	6	0.419774241036096	0.633246010954989	1
g04872	2	6	5	6	0.419774241036096	0.633246010954989	1
g04651	2	6	5	6	0.419774241036096	0.633246010954989	1
g03684	3	5	4	7	1.04727281696963	1	1
g03632	3	5	4	7	1.04727281696963	1	1
g04579	3	5	4	7	1.04727281696963	1	1
g03455	3	5	4	7	1.04727281696963	1	1
g03513	3	5	4	7	1.04727281696963	1	1
g03863	2	6	5	6	0.419774241036096	0.633246010954989	1
g03491	2	6	5	6	0.419774241036096	0.633246010954989	1
g03454	3	5	4	7	1.04727281696963	1	1
g03481	3	5	4	7	1.04727281696963	1	1
g08466	4	4	3	8	2.52553261135126	0.376518218623482	1
g06643	4	4	3	8	2.52553261135126	0.376518218623482	1
g06616	4	4	3	8	2.52553261135126	0.376518218623482	1
g03283	4	4	3	8	2.52553261135126	0.376518218623482	1
g03296	3	5	4	7	1.04727281696963	1	1
g03424	5	3	2	9	6.6105066834864	0.0739461776613479	1
g05972	2	6	5	6	0.419774241036096	0.633246010954989	1
g08836	1	7	6	5	0.133499513193865	0.14729697547035	1
g09408	5	3	2	9	6.6105066834864	0.0739461776613479	1
g07208	5	3	2	9	6.6105066834864	0.0739461776613479	1
g03631	1	7	6	5	0.133499513193865	0.14729697547035	1
g03402	4	4	3	8	2.52553261135126	0.376518218623482	1
g03894	4	4	3	8	2.52553261135126	0.376518218623482	1
g08131	2	6	5	6	0.419774241036096	0.633246010954989	1
g03227	2	6	5	6	0.419774241036096	0.633246010954989	1
g04244	1	7	6	5	0.133499513193865	0.14729697547035	1
g03272	5	3	2	9	6.6105066834864	0.0739461776613479	1
g03433	2	6	5	6	0.419774241036096	0.633246010954989	1
g05694	1	7	6	5	0.133499513193865	0.14729697547035	1
g04210	1	7	6	5	0.133499513193865	0.14729697547035	1
g03457	4	4	3	8	2.52553261135126	0.376518218623482	1
g03179	1	7	6	5	0.133499513193865	0.14729697547035	1
g03164	4	4	3	8	2.52553261135126	0.376518218623482	1
g03242	1	7	6	5	0.133499513193865	0.14729697547035	1
g05652	1	7	6	5	0.133499513193865	0.14729697547035	1
g07980	2	6	5	6	0.419774241036096	0.633246010954989	1
g03193	1	7	6	5	0.133499513193865	0.14729697547035	1
g03330	3	5	4	7	1.04727281696963	1	1
g03192	1	7	6	5	0.133499513193865	0.14729697547035	1
g05758	1	7	6	5	0.133499513193865	0.14729697547035	1
g03979	4	4	3	8	2.52553261135126	0.376518218623482	1
g04136	3	5	4	7	1.04727281696963	1	1
g04278	2	6	5	6	0.419774241036096	0.633246010954989	1
g09417	2	6	5	6	0.419774241036096	0.633246010954989	1
g04176	2	6	5	6	0.419774241036096	0.633246010954989	1
g06682	5	3	2	9	6.6105066834864	0.0739461776613479	1
g04142	3	5	4	7	1.04727281696963	1	1
g05334	4	4	2	9	4.12333373655913	0.318885448916409	1
g07585	4	4	2	9	4.12333373655913	0.318885448916409	1
g07211	4	4	2	9	4.12333373655913	0.318885448916409	1
g04109	4	4	2	9	4.12333373655913	0.318885448916409	1
g05657	4	4	2	9	4.12333373655913	0.318885448916409	1
g04613	4	4	2	9	4.12333373655913	0.318885448916409	1
g03903	4	4	2	9	4.12333373655913	0.318885448916409	1
g07908	4	4	2	9	4.12333373655913	0.318885448916409	1
g05770	4	4	2	9	4.12333373655913	0.318885448916409	1
g08337	4	4	2	9	4.12333373655913	0.318885448916409	1
g06368	4	4	2	9	4.12333373655913	0.318885448916409	1
g07723	4	4	2	9	4.12333373655913	0.318885448916409	1
g07719	4	4	2	9	4.12333373655913	0.318885448916409	1
g05763	1	7	5	6	0.1875864865146	0.176986584107327	1
g05762	1	7	5	6	0.1875864865146	0.176986584107327	1
g04190	1	7	5	6	0.1875864865146	0.176986584107327	1
g04790	1	7	5	6	0.1875864865146	0.176986584107327	1
g06402	1	7	5	6	0.1875864865146	0.176986584107327	1
g05910	1	7	5	6	0.1875864865146	0.176986584107327	1
g04308	1	7	5	6	0.1875864865146	0.176986584107327	1
g04796	1	7	5	6	0.1875864865146	0.176986584107327	1
g06241	1	7	5	6	0.1875864865146	0.176986584107327	1
g07222	1	7	5	6	0.1875864865146	0.176986584107327	1
g05594	1	7	5	6	0.1875864865146	0.176986584107327	1
g09474	1	7	5	6	0.1875864865146	0.176986584107327	1
g08895	2	6	4	7	0.599930660048509	1	1
g08848	2	6	4	7	0.599930660048509	1	1
g06587	2	6	4	7	0.599930660048509	1	1
g06515	4	4	2	9	4.12333373655913	0.318885448916409	1
g06869	4	4	2	9	4.12333373655913	0.318885448916409	1
g03263	2	6	4	7	0.599930660048509	1	1
g03268	3	5	3	8	1.56010065271436	1	1
g04096	2	6	4	7	0.599930660048509	1	1
g03290	2	6	4	7	0.599930660048509	1	1
g08505	4	4	2	9	4.12333373655913	0.318885448916409	1
g04125	6	2	0	11	Inf	0.00103199174406605	0.580100770958538
g03665	1	7	5	6	0.1875864865146	0.176986584107327	1
g04743	4	4	2	9	4.12333373655913	0.318885448916409	1
g06855	2	6	4	7	0.599930660048509	1	1
g03589	1	7	5	6	0.1875864865146	0.176986584107327	1
g03550	1	7	5	6	0.1875864865146	0.176986584107327	1
g03186	1	7	5	6	0.1875864865146	0.176986584107327	1
g03456	3	5	3	8	1.56010065271436	1	1
g03299	1	7	5	6	0.1875864865146	0.176986584107327	1
g03591	3	5	3	8	1.56010065271436	1	1
g06401	1	7	5	6	0.1875864865146	0.176986584107327	1
g06961	1	7	5	6	0.1875864865146	0.176986584107327	1
g03883	4	4	2	9	4.12333373655913	0.318885448916409	1
g03312	2	6	4	7	0.599930660048509	1	1
g09524	1	7	5	6	0.1875864865146	0.176986584107327	1
g04172	4	4	2	9	4.12333373655913	0.318885448916409	1
g03313	1	7	5	6	0.1875864865146	0.176986584107327	1
g04068	2	6	4	7	0.599930660048509	1	1
g04855	2	6	4	7	0.599930660048509	1	1
g04335	2	6	4	7	0.599930660048509	1	1
g03562	2	6	4	7	0.599930660048509	1	1
g03329	2	6	4	7	0.599930660048509	1	1
g04430	1	7	5	6	0.1875864865146	0.176986584107327	1
g03642	1	7	5	6	0.1875864865146	0.176986584107327	1
g04275	2	6	4	7	0.599930660048509	1	1
g03383	3	5	3	8	1.56010065271436	1	1
g09309	0	8	6	5	0	0.0180598555211558	1
g03426	1	7	5	6	0.1875864865146	0.176986584107327	1
g04405	2	6	4	7	0.599930660048509	1	1
g03259	3	5	3	8	1.56010065271436	1	1
g03446	3	5	3	8	1.56010065271436	1	1
g07359	3	5	3	8	1.56010065271436	1	1
g04089	4	4	2	9	4.12333373655913	0.318885448916409	1
g03212	1	7	5	6	0.1875864865146	0.176986584107327	1
g03469	3	5	3	8	1.56010065271436	1	1
g04022	1	7	5	6	0.1875864865146	0.176986584107327	1
g05025	3	5	3	8	1.56010065271436	1	1
g03719	1	7	5	6	0.1875864865146	0.176986584107327	1
g04298	2	6	4	7	0.599930660048509	1	1
g03470	3	5	3	8	1.56010065271436	1	1
g03477	3	5	3	8	1.56010065271436	1	1
g03417	5	3	1	10	13.8089870997783	0.0407636738906088	1
g07295	3	5	2	9	2.55559619272452	0.602683178534572	1
g09349	3	5	2	9	2.55559619272452	0.602683178534572	1
g09057	3	5	2	9	2.55559619272452	0.602683178534572	1
g07520	3	5	2	9	2.55559619272452	0.602683178534572	1
g04970	3	5	2	9	2.55559619272452	0.602683178534572	1
g08228	3	5	2	9	2.55559619272452	0.602683178534572	1
g07490	3	5	2	9	2.55559619272452	0.602683178534572	1
g07488	3	5	2	9	2.55559619272452	0.602683178534572	1
g05112	3	5	2	9	2.55559619272452	0.602683178534572	1
g04826	3	5	2	9	2.55559619272452	0.602683178534572	1
g06434	3	5	2	9	2.55559619272452	0.602683178534572	1
g08183	3	5	2	9	2.55559619272452	0.602683178534572	1
g06391	3	5	2	9	2.55559619272452	0.602683178534572	1
g08572	3	5	2	9	2.55559619272452	0.602683178534572	1
g07275	3	5	2	9	2.55559619272452	0.602683178534572	1
g05066	3	5	2	9	2.55559619272452	0.602683178534572	1
g04770	3	5	2	9	2.55559619272452	0.602683178534572	1
g09077	3	5	2	9	2.55559619272452	0.602683178534572	1
g07094	3	5	2	9	2.55559619272452	0.602683178534572	1
g07114	3	5	2	9	2.55559619272452	0.602683178534572	1
g05382	3	5	2	9	2.55559619272452	0.602683178534572	1
g05198	3	5	2	9	2.55559619272452	0.602683178534572	1
g05640	3	5	2	9	2.55559619272452	0.602683178534572	1
g08996	3	5	2	9	2.55559619272452	0.602683178534572	1
g04442	3	5	2	9	2.55559619272452	0.602683178534572	1
g09435	3	5	2	9	2.55559619272452	0.602683178534572	1
g07244	3	5	2	9	2.55559619272452	0.602683178534572	1
g05293	3	5	2	9	2.55559619272452	0.602683178534572	1
g04407	3	5	2	9	2.55559619272452	0.602683178534572	1
g04339	3	5	2	9	2.55559619272452	0.602683178534572	1
g03783	3	5	2	9	2.55559619272452	0.602683178534572	1
g07716	3	5	2	9	2.55559619272452	0.602683178534572	1
g05150	3	5	2	9	2.55559619272452	0.602683178534572	1
g06380	3	5	2	9	2.55559619272452	0.602683178534572	1
g04383	3	5	2	9	2.55559619272452	0.602683178534572	1
g04294	3	5	2	9	2.55559619272452	0.602683178534572	1
g09175	3	5	2	9	2.55559619272452	0.602683178534572	1
g07628	3	5	2	9	2.55559619272452	0.602683178534572	1
g05732	3	5	2	9	2.55559619272452	0.602683178534572	1
g08656	3	5	2	9	2.55559619272452	0.602683178534572	1
g04549	3	5	2	9	2.55559619272452	0.602683178534572	1
g08609	3	5	2	9	2.55559619272452	0.602683178534572	1
g09479	3	5	2	9	2.55559619272452	0.602683178534572	1
g03846	3	5	2	9	2.55559619272452	0.602683178534572	1
g04143	3	5	2	9	2.55559619272452	0.602683178534572	1
g08479	3	5	2	9	2.55559619272452	0.602683178534572	1
g04590	3	5	2	9	2.55559619272452	0.602683178534572	1
g03842	3	5	2	9	2.55559619272452	0.602683178534572	1
g03917	3	5	2	9	2.55559619272452	0.602683178534572	1
g08242	3	5	2	9	2.55559619272452	0.602683178534572	1
g07731	3	5	2	9	2.55559619272452	0.602683178534572	1
g06554	3	5	2	9	2.55559619272452	0.602683178534572	1
g03625	4	4	1	10	8.70776924819551	0.110767113863089	1
g03617	4	4	1	10	8.70776924819551	0.110767113863089	1
g03611	4	4	1	10	8.70776924819551	0.110767113863089	1
g03809	3	5	2	9	2.55559619272452	0.602683178534572	1
g08694	3	5	2	9	2.55559619272452	0.602683178534572	1
g09126	3	5	2	9	2.55559619272452	0.602683178534572	1
g04148	1	7	4	7	0.267843639339774	0.33780529755762	1
g04114	1	7	4	7	0.267843639339774	0.33780529755762	1
g05601	1	7	4	7	0.267843639339774	0.33780529755762	1
g06222	3	5	2	9	2.55559619272452	0.602683178534572	1
g04938	3	5	2	9	2.55559619272452	0.602683178534572	1
g08477	3	5	2	9	2.55559619272452	0.602683178534572	1
g04985	3	5	2	9	2.55559619272452	0.602683178534572	1
g06829	3	5	2	9	2.55559619272452	0.602683178534572	1
g04076	1	7	4	7	0.267843639339774	0.33780529755762	1
g07143	0	8	5	6	0	0.044547643618851	1
g07066	0	8	5	6	0	0.044547643618851	1
g04993	1	7	4	7	0.267843639339774	0.33780529755762	1
g05821	1	7	4	7	0.267843639339774	0.33780529755762	1
g03792	3	5	2	9	2.55559619272452	0.602683178534572	1
g03886	1	7	4	7	0.267843639339774	0.33780529755762	1
g03425	3	5	2	9	2.55559619272452	0.602683178534572	1
g03654	3	5	2	9	2.55559619272452	0.602683178534572	1
g05527	2	6	3	8	0.894393277183822	1	1
g03915	2	6	3	8	0.894393277183822	1	1
g04112	2	6	3	8	0.894393277183822	1	1
g04009	3	5	2	9	2.55559619272452	0.602683178534572	1
g03540	1	7	4	7	0.267843639339774	0.33780529755762	1
g04024	3	5	2	9	2.55559619272452	0.602683178534572	1
g03541	1	7	4	7	0.267843639339774	0.33780529755762	1
g06097	3	5	2	9	2.55559619272452	0.602683178534572	1
g05809	3	5	2	9	2.55559619272452	0.602683178534572	1
g08365	4	4	1	10	8.70776924819551	0.110767113863089	1
g04545	2	6	3	8	0.894393277183822	1	1
g03256	0	8	5	6	0	0.044547643618851	1
g05427	2	6	3	8	0.894393277183822	1	1
g07438	0	8	5	6	0	0.044547643618851	1
g03687	3	5	2	9	2.55559619272452	0.602683178534572	1
g03404	1	7	4	7	0.267843639339774	0.33780529755762	1
g04531	3	5	2	9	2.55559619272452	0.602683178534572	1
g07342	3	5	2	9	2.55559619272452	0.602683178534572	1
g07990	0	8	5	6	0	0.044547643618851	1
g05040	3	5	2	9	2.55559619272452	0.602683178534572	1
g09129	3	5	2	9	2.55559619272452	0.602683178534572	1
g03669	1	7	4	7	0.267843639339774	0.33780529755762	1
g03487	2	6	3	8	0.894393277183822	1	1
g04428	0	8	5	6	0	0.044547643618851	1
g03720	2	6	3	8	0.894393277183822	1	1
g04215	1	7	4	7	0.267843639339774	0.33780529755762	1
g03926	1	7	4	7	0.267843639339774	0.33780529755762	1
g04385	3	5	2	9	2.55559619272452	0.602683178534572	1
g04003	3	5	2	9	2.55559619272452	0.602683178534572	1
g03735	3	5	2	9	2.55559619272452	0.602683178534572	1
g07005	1	7	4	7	0.267843639339774	0.33780529755762	1
g03524	2	6	3	8	0.894393277183822	1	1
g04053	1	7	4	7	0.267843639339774	0.33780529755762	1
g04447	1	7	4	7	0.267843639339774	0.33780529755762	1
g03851	5	3	0	11	Inf	0.00481596147230823	1
g08955	3	5	2	9	2.55559619272452	0.602683178534572	1
g04426	3	5	2	9	2.55559619272452	0.602683178534572	1
g09283	3	5	2	9	2.55559619272452	0.602683178534572	1
g05903	3	5	2	9	2.55559619272452	0.602683178534572	1
g03931	3	5	2	9	2.55559619272452	0.602683178534572	1
g04178	1	7	4	7	0.267843639339774	0.33780529755762	1
g03798	3	5	2	9	2.55559619272452	0.602683178534572	1
g03895	2	6	3	8	0.894393277183822	1	1
g03882	1	7	4	7	0.267843639339774	0.33780529755762	1
g03311	0	8	5	6	0	0.044547643618851	1
g05982	1	7	4	7	0.267843639339774	0.33780529755762	1
g04159	3	5	2	9	2.55559619272452	0.602683178534572	1
g04207	5	3	0	11	Inf	0.00481596147230823	1
g04223	3	5	2	9	2.55559619272452	0.602683178534572	1
g08296	3	5	2	9	2.55559619272452	0.602683178534572	1
g08522	1	7	4	7	0.267843639339774	0.33780529755762	1
g07538	1	7	4	7	0.267843639339774	0.33780529755762	1
g07526	2	6	3	8	0.894393277183822	1	1
g03688	2	6	3	8	0.894393277183822	1	1
g03928	3	5	2	9	2.55559619272452	0.602683178534572	1
g09336	0	8	4	7	0	0.103199174406605	1
g05320	0	8	4	7	0	0.103199174406605	1
g06474	0	8	4	7	0	0.103199174406605	1
g08459	0	8	4	7	0	0.103199174406605	1
g06387	0	8	4	7	0	0.103199174406605	1
g08555	0	8	4	7	0	0.103199174406605	1
g09239	0	8	4	7	0	0.103199174406605	1
g05564	0	8	4	7	0	0.103199174406605	1
g05386	0	8	4	7	0	0.103199174406605	1
g06049	0	8	4	7	0	0.103199174406605	1
g08165	0	8	4	7	0	0.103199174406605	1
g08642	0	8	4	7	0	0.103199174406605	1
g04977	0	8	4	7	0	0.103199174406605	1
g08843	0	8	4	7	0	0.103199174406605	1
g06612	0	8	4	7	0	0.103199174406605	1
g08179	0	8	4	7	0	0.103199174406605	1
g08840	0	8	4	7	0	0.103199174406605	1
g05257	0	8	4	7	0	0.103199174406605	1
g06516	0	8	4	7	0	0.103199174406605	1
g05446	0	8	4	7	0	0.103199174406605	1
g05129	0	8	4	7	0	0.103199174406605	1
g04705	0	8	4	7	0	0.103199174406605	1
g08266	0	8	4	7	0	0.103199174406605	1
g06480	0	8	4	7	0	0.103199174406605	1
g07518	0	8	4	7	0	0.103199174406605	1
g06831	0	8	4	7	0	0.103199174406605	1
g05796	0	8	4	7	0	0.103199174406605	1
g09357	0	8	4	7	0	0.103199174406605	1
g09016	0	8	4	7	0	0.103199174406605	1
g04877	0	8	4	7	0	0.103199174406605	1
g08280	0	8	4	7	0	0.103199174406605	1
g05277	0	8	4	7	0	0.103199174406605	1
g07497	0	8	4	7	0	0.103199174406605	1
g05839	0	8	4	7	0	0.103199174406605	1
g06077	0	8	4	7	0	0.103199174406605	1
g07090	0	8	4	7	0	0.103199174406605	1
g05635	0	8	4	7	0	0.103199174406605	1
g04950	0	8	4	7	0	0.103199174406605	1
g05389	0	8	4	7	0	0.103199174406605	1
g06639	0	8	4	7	0	0.103199174406605	1
g05062	0	8	4	7	0	0.103199174406605	1
g07899	0	8	4	7	0	0.103199174406605	1
g05676	0	8	4	7	0	0.103199174406605	1
g06659	0	8	4	7	0	0.103199174406605	1
g06770	1	7	3	8	0.39966638566374	0.602683178534572	1
g07596	1	7	3	8	0.39966638566374	0.602683178534572	1
g08822	1	7	3	8	0.39966638566374	0.602683178534572	1
g04425	1	7	3	8	0.39966638566374	0.602683178534572	1
g04517	1	7	3	8	0.39966638566374	0.602683178534572	1
g05764	1	7	3	8	0.39966638566374	0.602683178534572	1
g08509	1	7	3	8	0.39966638566374	0.602683178534572	1
g05167	1	7	3	8	0.39966638566374	0.602683178534572	1
g08056	1	7	3	8	0.39966638566374	0.602683178534572	1
g04728	1	7	3	8	0.39966638566374	0.602683178534572	1
g08097	1	7	3	8	0.39966638566374	0.602683178534572	1
g06689	1	7	3	8	0.39966638566374	0.602683178534572	1
g03586	1	7	3	8	0.39966638566374	0.602683178534572	1
g03447	1	7	3	8	0.39966638566374	0.602683178534572	1
g04912	1	7	3	8	0.39966638566374	0.602683178534572	1
g04924	1	7	3	8	0.39966638566374	0.602683178534572	1
g08652	1	7	3	8	0.39966638566374	0.602683178534572	1
g04123	2	6	2	9	1.46769640493625	1	1
g06525	2	6	2	9	1.46769640493625	1	1
g03645	2	6	2	9	1.46769640493625	1	1
g05089	2	6	2	9	1.46769640493625	1	1
g08903	2	6	2	9	1.46769640493625	1	1
g08941	2	6	2	9	1.46769640493625	1	1
g03896	2	6	2	9	1.46769640493625	1	1
g06606	2	6	2	9	1.46769640493625	1	1
g04999	2	6	2	9	1.46769640493625	1	1
g09174	2	6	2	9	1.46769640493625	1	1
g08966	2	6	2	9	1.46769640493625	1	1
g03440	2	6	2	9	1.46769640493625	1	1
g03613	2	6	2	9	1.46769640493625	1	1
g04340	2	6	2	9	1.46769640493625	1	1
g04491	2	6	2	9	1.46769640493625	1	1
g03811	2	6	2	9	1.46769640493625	1	1
g03531	2	6	2	9	1.46769640493625	1	1
g03981	2	6	2	9	1.46769640493625	1	1
g06804	2	6	2	9	1.46769640493625	1	1
g04221	2	6	2	9	1.46769640493625	1	1
g06500	2	6	2	9	1.46769640493625	1	1
g05649	2	6	2	9	1.46769640493625	1	1
g06096	2	6	2	9	1.46769640493625	1	1
g06761	2	6	2	9	1.46769640493625	1	1
g03472	2	6	2	9	1.46769640493625	1	1
g04555	2	6	2	9	1.46769640493625	1	1
g03901	2	6	2	9	1.46769640493625	1	1
g03526	2	6	2	9	1.46769640493625	1	1
g04319	2	6	2	9	1.46769640493625	1	1
g08287	3	5	1	10	5.42516733919678	0.262125902992776	1
g04975	3	5	1	10	5.42516733919678	0.262125902992776	1
g09379	3	5	1	10	5.42516733919678	0.262125902992776	1
g09520	3	5	1	10	5.42516733919678	0.262125902992776	1
g05111	3	5	1	10	5.42516733919678	0.262125902992776	1
g09145	3	5	1	10	5.42516733919678	0.262125902992776	1
g08145	3	5	1	10	5.42516733919678	0.262125902992776	1
g08128	3	5	1	10	5.42516733919678	0.262125902992776	1
g06242	3	5	1	10	5.42516733919678	0.262125902992776	1
g07796	3	5	1	10	5.42516733919678	0.262125902992776	1
g07000	3	5	1	10	5.42516733919678	0.262125902992776	1
g07964	3	5	1	10	5.42516733919678	0.262125902992776	1
g06627	0	8	4	7	0	0.103199174406605	1
g04689	0	8	4	7	0	0.103199174406605	1
g05915	0	8	4	7	0	0.103199174406605	1
g06386	0	8	4	7	0	0.103199174406605	1
g06894	0	8	4	7	0	0.103199174406605	1
g07711	0	8	4	7	0	0.103199174406605	1
g08426	0	8	4	7	0	0.103199174406605	1
g08333	0	8	4	7	0	0.103199174406605	1
g05181	0	8	4	7	0	0.103199174406605	1
g08433	0	8	4	7	0	0.103199174406605	1
g04635	0	8	4	7	0	0.103199174406605	1
g05003	2	6	2	9	1.46769640493625	1	1
g07897	2	6	2	9	1.46769640493625	1	1
g03866	2	6	2	9	1.46769640493625	1	1
g06657	2	6	2	9	1.46769640493625	1	1
g04417	2	6	2	9	1.46769640493625	1	1
g05823	2	6	2	9	1.46769640493625	1	1
g09099	2	6	2	9	1.46769640493625	1	1
g05779	3	5	1	10	5.42516733919678	0.262125902992776	1
g07096	3	5	1	10	5.42516733919678	0.262125902992776	1
g04505	3	5	1	10	5.42516733919678	0.262125902992776	1
g08816	3	5	1	10	5.42516733919678	0.262125902992776	1
g05828	3	5	1	10	5.42516733919678	0.262125902992776	1
g03763	3	5	1	10	5.42516733919678	0.262125902992776	1
g04516	3	5	1	10	5.42516733919678	0.262125902992776	1
g07525	2	6	2	9	1.46769640493625	1	1
g03465	2	6	2	9	1.46769640493625	1	1
g03953	2	6	2	9	1.46769640493625	1	1
g07120	2	6	2	9	1.46769640493625	1	1
g04129	2	6	2	9	1.46769640493625	1	1
g08742	2	6	2	9	1.46769640493625	1	1
g06495	1	7	3	8	0.39966638566374	0.602683178534572	1
g08902	1	7	3	8	0.39966638566374	0.602683178534572	1
g04570	1	7	3	8	0.39966638566374	0.602683178534572	1
g04343	1	7	3	8	0.39966638566374	0.602683178534572	1
g03807	1	7	3	8	0.39966638566374	0.602683178534572	1
g04862	1	7	3	8	0.39966638566374	0.602683178534572	1
g04828	1	7	3	8	0.39966638566374	0.602683178534572	1
g08117	1	7	3	8	0.39966638566374	0.602683178534572	1
g06783	1	7	3	8	0.39966638566374	0.602683178534572	1
g03797	1	7	3	8	0.39966638566374	0.602683178534572	1
g04081	2	6	2	9	1.46769640493625	1	1
g04239	2	6	2	9	1.46769640493625	1	1
g05130	2	6	2	9	1.46769640493625	1	1
g06146	2	6	2	9	1.46769640493625	1	1
g04547	2	6	2	9	1.46769640493625	1	1
g08685	1	7	3	8	0.39966638566374	0.602683178534572	1
g06370	1	7	3	8	0.39966638566374	0.602683178534572	1
g08146	1	7	3	8	0.39966638566374	0.602683178534572	1
g07184	1	7	3	8	0.39966638566374	0.602683178534572	1
g07744	1	7	3	8	0.39966638566374	0.602683178534572	1
g05755	4	4	0	11	Inf	0.0180598555211558	1
g08069	4	4	0	11	Inf	0.0180598555211558	1
g09554	4	4	0	11	Inf	0.0180598555211558	1
g06225	4	4	0	11	Inf	0.0180598555211558	1
g07933	4	4	0	11	Inf	0.0180598555211558	1
g07804	1	7	3	8	0.39966638566374	0.602683178534572	1
g06459	1	7	3	8	0.39966638566374	0.602683178534572	1
g05575	1	7	3	8	0.39966638566374	0.602683178534572	1
g09117	1	7	3	8	0.39966638566374	0.602683178534572	1
g04306	3	5	1	10	5.42516733919678	0.262125902992776	1
g05447	3	5	1	10	5.42516733919678	0.262125902992776	1
g03934	3	5	1	10	5.42516733919678	0.262125902992776	1
g04580	3	5	1	10	5.42516733919678	0.262125902992776	1
g03697	2	6	2	9	1.46769640493625	1	1
g05430	2	6	2	9	1.46769640493625	1	1
g03422	2	6	2	9	1.46769640493625	1	1
g08368	2	6	2	9	1.46769640493625	1	1
g08366	1	7	3	8	0.39966638566374	0.602683178534572	1
g07049	1	7	3	8	0.39966638566374	0.602683178534572	1
g05572	1	7	3	8	0.39966638566374	0.602683178534572	1
g05654	1	7	3	8	0.39966638566374	0.602683178534572	1
g04067	2	6	2	9	1.46769640493625	1	1
g04099	2	6	2	9	1.46769640493625	1	1
g06299	2	6	2	9	1.46769640493625	1	1
g04510	2	6	2	9	1.46769640493625	1	1
g07002	3	5	1	10	5.42516733919678	0.262125902992776	1
g05490	3	5	1	10	5.42516733919678	0.262125902992776	1
g05226	3	5	1	10	5.42516733919678	0.262125902992776	1
g09471	3	5	1	10	5.42516733919678	0.262125902992776	1
g04739	3	5	1	10	5.42516733919678	0.262125902992776	1
g06412	3	5	1	10	5.42516733919678	0.262125902992776	1
g06513	3	5	1	10	5.42516733919678	0.262125902992776	1
g07277	3	5	1	10	5.42516733919678	0.262125902992776	1
g06648	4	4	0	11	Inf	0.0180598555211558	1
g05672	4	4	0	11	Inf	0.0180598555211558	1
g04842	4	4	0	11	Inf	0.0180598555211558	1
g05026	4	4	0	11	Inf	0.0180598555211558	1
g03570	1	7	3	8	0.39966638566374	0.602683178534572	1
g04553	1	7	3	8	0.39966638566374	0.602683178534572	1
g04069	1	7	3	8	0.39966638566374	0.602683178534572	1
g03603	1	7	3	8	0.39966638566374	0.602683178534572	1
g05628	3	5	1	10	5.42516733919678	0.262125902992776	1
g08460	3	5	1	10	5.42516733919678	0.262125902992776	1
g09173	3	5	1	10	5.42516733919678	0.262125902992776	1
g09153	2	6	2	9	1.46769640493625	1	1
g06938	2	6	2	9	1.46769640493625	1	1
g04366	2	6	2	9	1.46769640493625	1	1
g03766	4	4	0	11	Inf	0.0180598555211558	1
g04288	4	4	0	11	Inf	0.0180598555211558	1
g04369	4	4	0	11	Inf	0.0180598555211558	1
g03834	2	6	2	9	1.46769640493625	1	1
g04187	2	6	2	9	1.46769640493625	1	1
g07643	2	6	2	9	1.46769640493625	1	1
g09517	3	5	1	10	5.42516733919678	0.262125902992776	1
g08659	3	5	1	10	5.42516733919678	0.262125902992776	1
g06808	3	5	1	10	5.42516733919678	0.262125902992776	1
g03637	2	6	2	9	1.46769640493625	1	1
g08775	2	6	2	9	1.46769640493625	1	1
g04493	2	6	2	9	1.46769640493625	1	1
g03507	1	7	3	8	0.39966638566374	0.602683178534572	1
g03657	1	7	3	8	0.39966638566374	0.602683178534572	1
g04118	2	6	2	9	1.46769640493625	1	1
g07207	2	6	2	9	1.46769640493625	1	1
g06955	3	5	1	10	5.42516733919678	0.262125902992776	1
g07699	3	5	1	10	5.42516733919678	0.262125902992776	1
g06095	2	6	2	9	1.46769640493625	1	1
g05752	2	6	2	9	1.46769640493625	1	1
g04094	2	6	2	9	1.46769640493625	1	1
g05626	3	5	1	10	5.42516733919678	0.262125902992776	1
g04766	4	4	0	11	Inf	0.0180598555211558	1
g07619	4	4	0	11	Inf	0.0180598555211558	1
g04204	0	8	4	7	0	0.103199174406605	1
g03927	0	8	4	7	0	0.103199174406605	1
g07847	3	5	1	10	5.42516733919678	0.262125902992776	1
g04538	3	5	1	10	5.42516733919678	0.262125902992776	1
g06796	2	6	2	9	1.46769640493625	1	1
g04321	2	6	2	9	1.46769640493625	1	1
g05139	0	8	4	7	0	0.103199174406605	1
g05715	0	8	4	7	0	0.103199174406605	1
g04830	2	6	2	9	1.46769640493625	1	1
g04844	2	6	2	9	1.46769640493625	1	1
g03410	3	5	1	10	5.42516733919678	0.262125902992776	1
g03693	3	5	1	10	5.42516733919678	0.262125902992776	1
g06794	3	5	1	10	5.42516733919678	0.262125902992776	1
g09388	3	5	1	10	5.42516733919678	0.262125902992776	1
g03584	1	7	3	8	0.39966638566374	0.602683178534572	1
g04026	1	7	3	8	0.39966638566374	0.602683178534572	1
g04560	2	6	2	9	1.46769640493625	1	1
g08960	2	6	2	9	1.46769640493625	1	1
g03473	3	5	1	10	5.42516733919678	0.262125902992776	1
g05744	1	7	3	8	0.39966638566374	0.602683178534572	1
g04138	2	6	2	9	1.46769640493625	1	1
g05836	3	5	1	10	5.42516733919678	0.262125902992776	1
g06253	1	7	3	8	0.39966638566374	0.602683178534572	1
g06230	1	7	3	8	0.39966638566374	0.602683178534572	1
g04130	2	6	2	9	1.46769640493625	1	1
g03445	3	5	1	10	5.42516733919678	0.262125902992776	1
g03835	2	6	2	9	1.46769640493625	1	1
g03375	3	5	1	10	5.42516733919678	0.262125902992776	1
g05338	1	7	3	8	0.39966638566374	0.602683178534572	1
g06065	2	6	2	9	1.46769640493625	1	1
g05249	1	7	3	8	0.39966638566374	0.602683178534572	1
g05339	2	6	2	9	1.46769640493625	1	1
g04180	2	6	2	9	1.46769640493625	1	1
g07070	3	5	1	10	5.42516733919678	0.262125902992776	1
g04194	0	8	4	7	0	0.103199174406605	1
g04117	1	7	3	8	0.39966638566374	0.602683178534572	1
g04100	1	7	3	8	0.39966638566374	0.602683178534572	1
g03450	3	5	1	10	5.42516733919678	0.262125902992776	1
g09487	0	8	4	7	0	0.103199174406605	1
g06852	3	5	1	10	5.42516733919678	0.262125902992776	1
g03167	1	7	3	8	0.39966638566374	0.602683178534572	1
g07268	2	6	2	9	1.46769640493625	1	1
g03887	3	5	1	10	5.42516733919678	0.262125902992776	1
g09377	1	7	3	8	0.39966638566374	0.602683178534572	1
g09269	2	6	2	9	1.46769640493625	1	1
g03856	1	7	3	8	0.39966638566374	0.602683178534572	1
g04078	1	7	3	8	0.39966638566374	0.602683178534572	1
g04160	2	6	2	9	1.46769640493625	1	1
g09114	3	5	1	10	5.42516733919678	0.262125902992776	1
g04186	1	7	3	8	0.39966638566374	0.602683178534572	1
g03889	4	4	0	11	Inf	0.0180598555211558	1
g03950	3	5	1	10	5.42516733919678	0.262125902992776	1
g03525	1	7	3	8	0.39966638566374	0.602683178534572	1
g07486	2	6	2	9	1.46769640493625	1	1
g04379	2	6	2	9	1.46769640493625	1	1
g08851	3	5	1	10	5.42516733919678	0.262125902992776	1
g04211	0	8	4	7	0	0.103199174406605	1
g04661	3	5	1	10	5.42516733919678	0.262125902992776	1
g06152	1	7	3	8	0.39966638566374	0.602683178534572	1
g04018	1	7	3	8	0.39966638566374	0.602683178534572	1
g07385	1	7	3	8	0.39966638566374	0.602683178534572	1
g03867	2	6	2	9	1.46769640493625	1	1
g03705	3	5	1	10	5.42516733919678	0.262125902992776	1
g03122	1	7	3	8	0.39966638566374	0.602683178534572	1
g03553	2	6	2	9	1.46769640493625	1	1
g07898	4	4	0	11	Inf	0.0180598555211558	1
g03515	1	7	3	8	0.39966638566374	0.602683178534572	1
g08906	1	7	3	8	0.39966638566374	0.602683178534572	1
g03759	2	6	2	9	1.46769640493625	1	1
g07661	2	6	2	9	1.46769640493625	1	1
g03977	2	6	2	9	1.46769640493625	1	1
g04164	0	8	4	7	0	0.103199174406605	1
g04012	4	4	0	11	Inf	0.0180598555211558	1
g08126	1	7	3	8	0.39966638566374	0.602683178534572	1
g04281	2	6	2	9	1.46769640493625	1	1
g08006	0	8	4	7	0	0.103199174406605	1
g08679	1	7	3	8	0.39966638566374	0.602683178534572	1
g04150	2	6	2	9	1.46769640493625	1	1
g03517	1	7	3	8	0.39966638566374	0.602683178534572	1
g04111	4	4	0	11	Inf	0.0180598555211558	1
g06481	1	7	3	8	0.39966638566374	0.602683178534572	1
g09182	1	7	3	8	0.39966638566374	0.602683178534572	1
g04880	2	6	2	9	1.46769640493625	1	1
g08801	0	8	4	7	0	0.103199174406605	1
g04688	3	5	1	10	5.42516733919678	0.262125902992776	1
g05443	3	5	1	10	5.42516733919678	0.262125902992776	1
g04015	1	7	3	8	0.39966638566374	0.602683178534572	1
g03590	0	8	4	7	0	0.103199174406605	1
g07434	3	5	1	10	5.42516733919678	0.262125902992776	1
g03482	0	8	4	7	0	0.103199174406605	1
g03605	2	6	2	9	1.46769640493625	1	1
g03448	1	7	3	8	0.39966638566374	0.602683178534572	1
g05749	3	5	1	10	5.42516733919678	0.262125902992776	1
g09495	3	5	1	10	5.42516733919678	0.262125902992776	1
g04077	1	7	3	8	0.39966638566374	0.602683178534572	1
g05442	1	7	3	8	0.39966638566374	0.602683178534572	1
g03785	1	7	3	8	0.39966638566374	0.602683178534572	1
g03548	2	6	2	9	1.46769640493625	1	1
g03443	2	6	2	9	1.46769640493625	1	1
g03398	2	6	2	9	1.46769640493625	1	1
g03890	0	8	4	7	0	0.103199174406605	1
g03689	3	5	1	10	5.42516733919678	0.262125902992776	1
g04102	2	6	2	9	1.46769640493625	1	1
g07507	3	5	0	11	Inf	0.0577915376676986	1
g06498	3	5	0	11	Inf	0.0577915376676986	1
g06644	3	5	0	11	Inf	0.0577915376676986	1
g07670	3	5	0	11	Inf	0.0577915376676986	1
g06002	3	5	0	11	Inf	0.0577915376676986	1
g06842	3	5	0	11	Inf	0.0577915376676986	1
g05522	3	5	0	11	Inf	0.0577915376676986	1
g09216	3	5	0	11	Inf	0.0577915376676986	1
g07190	3	5	0	11	Inf	0.0577915376676986	1
g06343	3	5	0	11	Inf	0.0577915376676986	1
g09042	3	5	0	11	Inf	0.0577915376676986	1
g08184	3	5	0	11	Inf	0.0577915376676986	1
g08773	3	5	0	11	Inf	0.0577915376676986	1
g08849	3	5	0	11	Inf	0.0577915376676986	1
g09006	3	5	0	11	Inf	0.0577915376676986	1
g05383	3	5	0	11	Inf	0.0577915376676986	1
g05404	3	5	0	11	Inf	0.0577915376676986	1
g04981	3	5	0	11	Inf	0.0577915376676986	1
g06773	3	5	0	11	Inf	0.0577915376676986	1
g07691	3	5	0	11	Inf	0.0577915376676986	1
g06782	3	5	0	11	Inf	0.0577915376676986	1
g04868	3	5	0	11	Inf	0.0577915376676986	1
g08309	3	5	0	11	Inf	0.0577915376676986	1
g04593	3	5	0	11	Inf	0.0577915376676986	1
g06720	3	5	0	11	Inf	0.0577915376676986	1
g06260	3	5	0	11	Inf	0.0577915376676986	1
g08582	3	5	0	11	Inf	0.0577915376676986	1
g08768	3	5	0	11	Inf	0.0577915376676986	1
g08189	3	5	0	11	Inf	0.0577915376676986	1
g05209	3	5	0	11	Inf	0.0577915376676986	1
g06162	3	5	0	11	Inf	0.0577915376676986	1
g07369	3	5	0	11	Inf	0.0577915376676986	1
g09072	3	5	0	11	Inf	0.0577915376676986	1
g09136	3	5	0	11	Inf	0.0577915376676986	1
g08939	3	5	0	11	Inf	0.0577915376676986	1
g08525	3	5	0	11	Inf	0.0577915376676986	1
g06819	3	5	0	11	Inf	0.0577915376676986	1
g07931	3	5	0	11	Inf	0.0577915376676986	1
g06395	3	5	0	11	Inf	0.0577915376676986	1
g08159	3	5	0	11	Inf	0.0577915376676986	1
g08398	3	5	0	11	Inf	0.0577915376676986	1
g06966	1	7	2	9	0.657528715624001	1	1
g04769	1	7	2	9	0.657528715624001	1	1
g06950	1	7	2	9	0.657528715624001	1	1
g06767	1	7	2	9	0.657528715624001	1	1
g05474	1	7	2	9	0.657528715624001	1	1
g06557	1	7	2	9	0.657528715624001	1	1
g07595	1	7	2	9	0.657528715624001	1	1
g05889	1	7	2	9	0.657528715624001	1	1
g05281	1	7	2	9	0.657528715624001	1	1
g05453	1	7	2	9	0.657528715624001	1	1
g05317	1	7	2	9	0.657528715624001	1	1
g06734	1	7	2	9	0.657528715624001	1	1
g05822	1	7	2	9	0.657528715624001	1	1
g06685	1	7	2	9	0.657528715624001	1	1
g05710	1	7	2	9	0.657528715624001	1	1
g05343	1	7	2	9	0.657528715624001	1	1
g06649	1	7	2	9	0.657528715624001	1	1
g06497	3	5	0	11	Inf	0.0577915376676986	1
g04754	3	5	0	11	Inf	0.0577915376676986	1
g06578	3	5	0	11	Inf	0.0577915376676986	1
g09254	3	5	0	11	Inf	0.0577915376676986	1
g04711	3	5	0	11	Inf	0.0577915376676986	1
g06081	3	5	0	11	Inf	0.0577915376676986	1
g07837	3	5	0	11	Inf	0.0577915376676986	1
g05285	3	5	0	11	Inf	0.0577915376676986	1
g06959	3	5	0	11	Inf	0.0577915376676986	1
g06126	3	5	0	11	Inf	0.0577915376676986	1
g09439	3	5	0	11	Inf	0.0577915376676986	1
g06588	3	5	0	11	Inf	0.0577915376676986	1
g07180	3	5	0	11	Inf	0.0577915376676986	1
g06974	3	5	0	11	Inf	0.0577915376676986	1
g06520	3	5	0	11	Inf	0.0577915376676986	1
g08356	3	5	0	11	Inf	0.0577915376676986	1
g08474	0	8	3	8	0	0.228070175438596	1
g09360	0	8	3	8	0	0.228070175438596	1
g06405	0	8	3	8	0	0.228070175438596	1
g09022	0	8	3	8	0	0.228070175438596	1
g04606	0	8	3	8	0	0.228070175438596	1
g05351	0	8	3	8	0	0.228070175438596	1
g05959	0	8	3	8	0	0.228070175438596	1
g05260	0	8	3	8	0	0.228070175438596	1
g07784	0	8	3	8	0	0.228070175438596	1
g05239	0	8	3	8	0	0.228070175438596	1
g06440	0	8	3	8	0	0.228070175438596	1
g06354	0	8	3	8	0	0.228070175438596	1
g07465	0	8	3	8	0	0.228070175438596	1
g05964	0	8	3	8	0	0.228070175438596	1
g07392	0	8	3	8	0	0.228070175438596	1
g09423	0	8	3	8	0	0.228070175438596	1
g08673	0	8	3	8	0	0.228070175438596	1
g09132	0	8	3	8	0	0.228070175438596	1
g04752	0	8	3	8	0	0.228070175438596	1
g07450	0	8	3	8	0	0.228070175438596	1
g05291	0	8	3	8	0	0.228070175438596	1
g05364	0	8	3	8	0	0.228070175438596	1
g06457	0	8	3	8	0	0.228070175438596	1
g08085	0	8	3	8	0	0.228070175438596	1
g08710	0	8	3	8	0	0.228070175438596	1
g05650	0	8	3	8	0	0.228070175438596	1
g09257	0	8	3	8	0	0.228070175438596	1
g05556	3	5	0	11	Inf	0.0577915376676986	1
g08416	3	5	0	11	Inf	0.0577915376676986	1
g06733	3	5	0	11	Inf	0.0577915376676986	1
g08163	3	5	0	11	Inf	0.0577915376676986	1
g08562	3	5	0	11	Inf	0.0577915376676986	1
g08325	3	5	0	11	Inf	0.0577915376676986	1
g07522	3	5	0	11	Inf	0.0577915376676986	1
g07366	3	5	0	11	Inf	0.0577915376676986	1
g05052	3	5	0	11	Inf	0.0577915376676986	1
g06234	3	5	0	11	Inf	0.0577915376676986	1
g07256	3	5	0	11	Inf	0.0577915376676986	1
g07111	3	5	0	11	Inf	0.0577915376676986	1
g09219	3	5	0	11	Inf	0.0577915376676986	1
g07403	3	5	0	11	Inf	0.0577915376676986	1
g07282	3	5	0	11	Inf	0.0577915376676986	1
g07380	3	5	0	11	Inf	0.0577915376676986	1
g07104	3	5	0	11	Inf	0.0577915376676986	1
g05297	3	5	0	11	Inf	0.0577915376676986	1
g04913	3	5	0	11	Inf	0.0577915376676986	1
g05586	3	5	0	11	Inf	0.0577915376676986	1
g04923	3	5	0	11	Inf	0.0577915376676986	1
g06306	3	5	0	11	Inf	0.0577915376676986	1
g05279	3	5	0	11	Inf	0.0577915376676986	1
g09329	2	6	1	10	3.12167770884234	0.545923632610939	1
g05472	2	6	1	10	3.12167770884234	0.545923632610939	1
g07035	2	6	1	10	3.12167770884234	0.545923632610939	1
g07133	2	6	1	10	3.12167770884234	0.545923632610939	1
g07174	2	6	1	10	3.12167770884234	0.545923632610939	1
g08220	2	6	1	10	3.12167770884234	0.545923632610939	1
g06367	2	6	1	10	3.12167770884234	0.545923632610939	1
g09215	2	6	1	10	3.12167770884234	0.545923632610939	1
g07939	2	6	1	10	3.12167770884234	0.545923632610939	1
g06312	2	6	1	10	3.12167770884234	0.545923632610939	1
g06542	2	6	1	10	3.12167770884234	0.545923632610939	1
g08344	2	6	1	10	3.12167770884234	0.545923632610939	1
g06506	2	6	1	10	3.12167770884234	0.545923632610939	1
g08690	2	6	1	10	3.12167770884234	0.545923632610939	1
g06508	2	6	1	10	3.12167770884234	0.545923632610939	1
g08027	2	6	1	10	3.12167770884234	0.545923632610939	1
g06345	2	6	1	10	3.12167770884234	0.545923632610939	1
g07970	2	6	1	10	3.12167770884234	0.545923632610939	1
g07802	2	6	1	10	3.12167770884234	0.545923632610939	1
g06881	2	6	1	10	3.12167770884234	0.545923632610939	1
g09070	2	6	1	10	3.12167770884234	0.545923632610939	1
g08079	3	5	0	11	Inf	0.0577915376676986	1
g05798	3	5	0	11	Inf	0.0577915376676986	1
g06204	3	5	0	11	Inf	0.0577915376676986	1
g06958	3	5	0	11	Inf	0.0577915376676986	1
g08844	3	5	0	11	Inf	0.0577915376676986	1
g07437	3	5	0	11	Inf	0.0577915376676986	1
g05441	3	5	0	11	Inf	0.0577915376676986	1
g07113	3	5	0	11	Inf	0.0577915376676986	1
g06730	3	5	0	11	Inf	0.0577915376676986	1
g05707	3	5	0	11	Inf	0.0577915376676986	1
g03983	0	8	3	8	0	0.228070175438596	1
g08307	0	8	3	8	0	0.228070175438596	1
g04310	0	8	3	8	0	0.228070175438596	1
g07197	0	8	3	8	0	0.228070175438596	1
g07930	0	8	3	8	0	0.228070175438596	1
g05935	0	8	3	8	0	0.228070175438596	1
g04261	0	8	3	8	0	0.228070175438596	1
g04522	0	8	3	8	0	0.228070175438596	1
g06642	0	8	3	8	0	0.228070175438596	1
g07913	3	5	0	11	Inf	0.0577915376676986	1
g07787	3	5	0	11	Inf	0.0577915376676986	1
g08716	3	5	0	11	Inf	0.0577915376676986	1
g06046	3	5	0	11	Inf	0.0577915376676986	1
g07833	3	5	0	11	Inf	0.0577915376676986	1
g08571	3	5	0	11	Inf	0.0577915376676986	1
g06725	3	5	0	11	Inf	0.0577915376676986	1
g05477	3	5	0	11	Inf	0.0577915376676986	1
g07792	3	5	0	11	Inf	0.0577915376676986	1
g07163	1	7	2	9	0.657528715624001	1	1
g08926	1	7	2	9	0.657528715624001	1	1
g04170	1	7	2	9	0.657528715624001	1	1
g05259	1	7	2	9	0.657528715624001	1	1
g08771	1	7	2	9	0.657528715624001	1	1
g03966	1	7	2	9	0.657528715624001	1	1
g03947	1	7	2	9	0.657528715624001	1	1
g05000	1	7	2	9	0.657528715624001	1	1
g05612	1	7	2	9	0.657528715624001	1	1
g06255	1	7	2	9	0.657528715624001	1	1
g08395	1	7	2	9	0.657528715624001	1	1
g05445	1	7	2	9	0.657528715624001	1	1
g07607	1	7	2	9	0.657528715624001	1	1
g06298	1	7	2	9	0.657528715624001	1	1
g09543	1	7	2	9	0.657528715624001	1	1
g06665	1	7	2	9	0.657528715624001	1	1
g05045	3	5	0	11	Inf	0.0577915376676986	1
g09280	3	5	0	11	Inf	0.0577915376676986	1
g05314	3	5	0	11	Inf	0.0577915376676986	1
g06880	3	5	0	11	Inf	0.0577915376676986	1
g09272	3	5	0	11	Inf	0.0577915376676986	1
g07379	3	5	0	11	Inf	0.0577915376676986	1
g07971	3	5	0	11	Inf	0.0577915376676986	1
g09531	0	8	3	8	0	0.228070175438596	1
g07780	0	8	3	8	0	0.228070175438596	1
g09203	0	8	3	8	0	0.228070175438596	1
g08783	0	8	3	8	0	0.228070175438596	1
g05169	0	8	3	8	0	0.228070175438596	1
g04224	0	8	3	8	0	0.228070175438596	1
g07287	3	5	0	11	Inf	0.0577915376676986	1
g05010	3	5	0	11	Inf	0.0577915376676986	1
g04967	3	5	0	11	Inf	0.0577915376676986	1
g05272	3	5	0	11	Inf	0.0577915376676986	1
g09084	3	5	0	11	Inf	0.0577915376676986	1
g06149	3	5	0	11	Inf	0.0577915376676986	1
g07237	3	5	0	11	Inf	0.0577915376676986	1
g04832	3	5	0	11	Inf	0.0577915376676986	1
g05529	3	5	0	11	Inf	0.0577915376676986	1
g06056	3	5	0	11	Inf	0.0577915376676986	1
g04767	3	5	0	11	Inf	0.0577915376676986	1
g08872	3	5	0	11	Inf	0.0577915376676986	1
g08135	3	5	0	11	Inf	0.0577915376676986	1
g03721	3	5	0	11	Inf	0.0577915376676986	1
g08752	3	5	0	11	Inf	0.0577915376676986	1
g06200	3	5	0	11	Inf	0.0577915376676986	1
g08523	3	5	0	11	Inf	0.0577915376676986	1
g07314	3	5	0	11	Inf	0.0577915376676986	1
g06073	3	5	0	11	Inf	0.0577915376676986	1
g08615	3	5	0	11	Inf	0.0577915376676986	1
g07764	3	5	0	11	Inf	0.0577915376676986	1
g08002	3	5	0	11	Inf	0.0577915376676986	1
g09359	3	5	0	11	Inf	0.0577915376676986	1
g09281	3	5	0	11	Inf	0.0577915376676986	1
g07046	0	8	3	8	0	0.228070175438596	1
g08664	0	8	3	8	0	0.228070175438596	1
g05456	0	8	3	8	0	0.228070175438596	1
g05197	0	8	3	8	0	0.228070175438596	1
g07017	0	8	3	8	0	0.228070175438596	1
g07968	3	5	0	11	Inf	0.0577915376676986	1
g07425	3	5	0	11	Inf	0.0577915376676986	1
g09364	3	5	0	11	Inf	0.0577915376676986	1
g08041	3	5	0	11	Inf	0.0577915376676986	1
g07512	3	5	0	11	Inf	0.0577915376676986	1
g08063	0	8	3	8	0	0.228070175438596	1
g08473	0	8	3	8	0	0.228070175438596	1
g05725	0	8	3	8	0	0.228070175438596	1
g09481	0	8	3	8	0	0.228070175438596	1
g04488	0	8	3	8	0	0.228070175438596	1
g08640	1	7	2	9	0.657528715624001	1	1
g06749	1	7	2	9	0.657528715624001	1	1
g05659	1	7	2	9	0.657528715624001	1	1
g06844	1	7	2	9	0.657528715624001	1	1
g05153	1	7	2	9	0.657528715624001	1	1
g09123	1	7	2	9	0.657528715624001	1	1
g08677	1	7	2	9	0.657528715624001	1	1
g07157	1	7	2	9	0.657528715624001	1	1
g08758	1	7	2	9	0.657528715624001	1	1
g08061	1	7	2	9	0.657528715624001	1	1
g07427	1	7	2	9	0.657528715624001	1	1
g09327	1	7	2	9	0.657528715624001	1	1
g07401	1	7	2	9	0.657528715624001	1	1
g07261	1	7	2	9	0.657528715624001	1	1
g07115	1	7	2	9	0.657528715624001	1	1
g05021	3	5	0	11	Inf	0.0577915376676986	1
g07273	3	5	0	11	Inf	0.0577915376676986	1
g07782	3	5	0	11	Inf	0.0577915376676986	1
g06545	3	5	0	11	Inf	0.0577915376676986	1
g09157	3	5	0	11	Inf	0.0577915376676986	1
g06622	0	8	3	8	0	0.228070175438596	1
g04121	0	8	3	8	0	0.228070175438596	1
g03392	0	8	3	8	0	0.228070175438596	1
g04508	0	8	3	8	0	0.228070175438596	1
g09504	3	5	0	11	Inf	0.0577915376676986	1
g06579	3	5	0	11	Inf	0.0577915376676986	1
g09151	3	5	0	11	Inf	0.0577915376676986	1
g09150	3	5	0	11	Inf	0.0577915376676986	1
g07041	1	7	2	9	0.657528715624001	1	1
g04927	1	7	2	9	0.657528715624001	1	1
g08357	1	7	2	9	0.657528715624001	1	1
g07803	1	7	2	9	0.657528715624001	1	1
g08500	1	7	2	9	0.657528715624001	1	1
g07246	1	7	2	9	0.657528715624001	1	1
g07705	1	7	2	9	0.657528715624001	1	1
g06074	1	7	2	9	0.657528715624001	1	1
g09335	1	7	2	9	0.657528715624001	1	1
g09491	1	7	2	9	0.657528715624001	1	1
g08887	1	7	2	9	0.657528715624001	1	1
g07703	1	7	2	9	0.657528715624001	1	1
g09326	0	8	3	8	0	0.228070175438596	1
g07956	0	8	3	8	0	0.228070175438596	1
g07418	0	8	3	8	0	0.228070175438596	1
g05971	0	8	3	8	0	0.228070175438596	1
g06747	3	5	0	11	Inf	0.0577915376676986	1
g07082	3	5	0	11	Inf	0.0577915376676986	1
g07229	3	5	0	11	Inf	0.0577915376676986	1
g06217	3	5	0	11	Inf	0.0577915376676986	1
g07179	2	6	1	10	3.12167770884234	0.545923632610939	1
g06361	2	6	1	10	3.12167770884234	0.545923632610939	1
g07384	2	6	1	10	3.12167770884234	0.545923632610939	1
g06981	2	6	1	10	3.12167770884234	0.545923632610939	1
g08846	0	8	3	8	0	0.228070175438596	1
g04642	0	8	3	8	0	0.228070175438596	1
g08538	0	8	3	8	0	0.228070175438596	1
g07625	0	8	3	8	0	0.228070175438596	1
g08313	1	7	2	9	0.657528715624001	1	1
g07869	1	7	2	9	0.657528715624001	1	1
g06310	1	7	2	9	0.657528715624001	1	1
g05549	1	7	2	9	0.657528715624001	1	1
g05944	3	5	0	11	Inf	0.0577915376676986	1
g06931	3	5	0	11	Inf	0.0577915376676986	1
g06963	3	5	0	11	Inf	0.0577915376676986	1
g06989	3	5	0	11	Inf	0.0577915376676986	1
g06307	3	5	0	11	Inf	0.0577915376676986	1
g09176	3	5	0	11	Inf	0.0577915376676986	1
g08171	3	5	0	11	Inf	0.0577915376676986	1
g05380	1	7	2	9	0.657528715624001	1	1
g07696	1	7	2	9	0.657528715624001	1	1
g05228	1	7	2	9	0.657528715624001	1	1
g04040	1	7	2	9	0.657528715624001	1	1
g06168	1	7	2	9	0.657528715624001	1	1
g07801	1	7	2	9	0.657528715624001	1	1
g05704	3	5	0	11	Inf	0.0577915376676986	1
g06445	3	5	0	11	Inf	0.0577915376676986	1
g07162	3	5	0	11	Inf	0.0577915376676986	1
g06972	1	7	2	9	0.657528715624001	1	1
g08274	1	7	2	9	0.657528715624001	1	1
g06259	1	7	2	9	0.657528715624001	1	1
g09171	1	7	2	9	0.657528715624001	1	1
g07629	1	7	2	9	0.657528715624001	1	1
g04949	1	7	2	9	0.657528715624001	1	1
g06971	3	5	0	11	Inf	0.0577915376676986	1
g05488	3	5	0	11	Inf	0.0577915376676986	1
g06771	3	5	0	11	Inf	0.0577915376676986	1
g07729	3	5	0	11	Inf	0.0577915376676986	1
g06656	3	5	0	11	Inf	0.0577915376676986	1
g08382	3	5	0	11	Inf	0.0577915376676986	1
g06447	1	7	2	9	0.657528715624001	1	1
g04641	1	7	2	9	0.657528715624001	1	1
g06433	1	7	2	9	0.657528715624001	1	1
g05533	1	7	2	9	0.657528715624001	1	1
g06160	1	7	2	9	0.657528715624001	1	1
g05464	1	7	2	9	0.657528715624001	1	1
g08429	1	7	2	9	0.657528715624001	1	1
g07257	1	7	2	9	0.657528715624001	1	1
g09462	1	7	2	9	0.657528715624001	1	1
g08355	0	8	3	8	0	0.228070175438596	1
g06655	0	8	3	8	0	0.228070175438596	1
g05200	0	8	3	8	0	0.228070175438596	1
g04476	1	7	2	9	0.657528715624001	1	1
g08381	1	7	2	9	0.657528715624001	1	1
g07192	1	7	2	9	0.657528715624001	1	1
g08521	1	7	2	9	0.657528715624001	1	1
g04690	1	7	2	9	0.657528715624001	1	1
g08871	1	7	2	9	0.657528715624001	1	1
g07235	3	5	0	11	Inf	0.0577915376676986	1
g05687	3	5	0	11	Inf	0.0577915376676986	1
g05968	3	5	0	11	Inf	0.0577915376676986	1
g03921	0	8	3	8	0	0.228070175438596	1
g04113	0	8	3	8	0	0.228070175438596	1
g06324	0	8	3	8	0	0.228070175438596	1
g07105	3	5	0	11	Inf	0.0577915376676986	1
g08140	3	5	0	11	Inf	0.0577915376676986	1
g07471	3	5	0	11	Inf	0.0577915376676986	1
g04583	1	7	2	9	0.657528715624001	1	1
g04536	1	7	2	9	0.657528715624001	1	1
g04526	1	7	2	9	0.657528715624001	1	1
g09090	1	7	2	9	0.657528715624001	1	1
g09261	1	7	2	9	0.657528715624001	1	1
g09179	1	7	2	9	0.657528715624001	1	1
g06567	3	5	0	11	Inf	0.0577915376676986	1
g08335	3	5	0	11	Inf	0.0577915376676986	1
g07061	3	5	0	11	Inf	0.0577915376676986	1
g05188	1	7	2	9	0.657528715624001	1	1
g06952	1	7	2	9	0.657528715624001	1	1
g07603	0	8	3	8	0	0.228070175438596	1
g04869	0	8	3	8	0	0.228070175438596	1
g04350	0	8	3	8	0	0.228070175438596	1
g03672	0	8	3	8	0	0.228070175438596	1
g09538	3	5	0	11	Inf	0.0577915376676986	1
g08709	3	5	0	11	Inf	0.0577915376676986	1
g06377	3	5	0	11	Inf	0.0577915376676986	1
g07528	3	5	0	11	Inf	0.0577915376676986	1
g04639	1	7	2	9	0.657528715624001	1	1
g07922	0	8	3	8	0	0.228070175438596	1
g05985	0	8	3	8	0	0.228070175438596	1
g05595	1	7	2	9	0.657528715624001	1	1
g04201	0	8	3	8	0	0.228070175438596	1
g06175	0	8	3	8	0	0.228070175438596	1
g05194	3	5	0	11	Inf	0.0577915376676986	1
g09205	3	5	0	11	Inf	0.0577915376676986	1
g06717	1	7	2	9	0.657528715624001	1	1
g03906	1	7	2	9	0.657528715624001	1	1
g05814	2	6	1	10	3.12167770884234	0.545923632610939	1
g05930	0	8	3	8	0	0.228070175438596	1
g04299	0	8	3	8	0	0.228070175438596	1
g08052	0	8	3	8	0	0.228070175438596	1
g06811	1	7	2	9	0.657528715624001	1	1
g06439	1	7	2	9	0.657528715624001	1	1
g09532	1	7	2	9	0.657528715624001	1	1
g06389	1	7	2	9	0.657528715624001	1	1
g03741	0	8	3	8	0	0.228070175438596	1
g04185	0	8	3	8	0	0.228070175438596	1
g03429	0	8	3	8	0	0.228070175438596	1
g03948	1	7	2	9	0.657528715624001	1	1
g08815	3	5	0	11	Inf	0.0577915376676986	1
g08425	3	5	0	11	Inf	0.0577915376676986	1
g08231	1	7	2	9	0.657528715624001	1	1
g07099	1	7	2	9	0.657528715624001	1	1
g07521	1	7	2	9	0.657528715624001	1	1
g09098	1	7	2	9	0.657528715624001	1	1
g07788	0	8	3	8	0	0.228070175438596	1
g08877	0	8	3	8	0	0.228070175438596	1
g08129	1	7	2	9	0.657528715624001	1	1
g06128	1	7	2	9	0.657528715624001	1	1
g04742	1	7	2	9	0.657528715624001	1	1
g04715	1	7	2	9	0.657528715624001	1	1
g04891	1	7	2	9	0.657528715624001	1	1
g08441	1	7	2	9	0.657528715624001	1	1
g07151	3	5	0	11	Inf	0.0577915376676986	1
g07821	3	5	0	11	Inf	0.0577915376676986	1
g04389	0	8	3	8	0	0.228070175438596	1
g04557	0	8	3	8	0	0.228070175438596	1
g06843	0	8	3	8	0	0.228070175438596	1
g05958	0	8	3	8	0	0.228070175438596	1
g06728	3	5	0	11	Inf	0.0577915376676986	1
g05035	3	5	0	11	Inf	0.0577915376676986	1
g04017	1	7	2	9	0.657528715624001	1	1
g03788	1	7	2	9	0.657528715624001	1	1
g04928	0	8	3	8	0	0.228070175438596	1
g08904	0	8	3	8	0	0.228070175438596	1
g08115	1	7	2	9	0.657528715624001	1	1
g09189	1	7	2	9	0.657528715624001	1	1
g08109	1	7	2	9	0.657528715624001	1	1
g08190	1	7	2	9	0.657528715624001	1	1
g08853	3	5	0	11	Inf	0.0577915376676986	1
g05177	3	5	0	11	Inf	0.0577915376676986	1
g05887	3	5	0	11	Inf	0.0577915376676986	1
g04656	3	5	0	11	Inf	0.0577915376676986	1
g03793	3	5	0	11	Inf	0.0577915376676986	1
g06098	2	6	1	10	3.12167770884234	0.545923632610939	1
g05804	1	7	2	9	0.657528715624001	1	1
g07483	1	7	2	9	0.657528715624001	1	1
g03825	0	8	3	8	0	0.228070175438596	1
g04434	1	7	2	9	0.657528715624001	1	1
g06070	2	6	1	10	3.12167770884234	0.545923632610939	1
g04884	2	6	1	10	3.12167770884234	0.545923632610939	1
g05745	1	7	2	9	0.657528715624001	1	1
g07991	1	7	2	9	0.657528715624001	1	1
g06969	3	5	0	11	Inf	0.0577915376676986	1
g06978	0	8	3	8	0	0.228070175438596	1
g05844	3	5	0	11	Inf	0.0577915376676986	1
g03683	0	8	3	8	0	0.228070175438596	1
g07848	1	7	2	9	0.657528715624001	1	1
g07941	0	8	3	8	0	0.228070175438596	1
g03451	0	8	3	8	0	0.228070175438596	1
g04234	0	8	3	8	0	0.228070175438596	1
g04233	0	8	3	8	0	0.228070175438596	1
g06973	1	7	2	9	0.657528715624001	1	1
g07858	1	7	2	9	0.657528715624001	1	1
g06013	1	7	2	9	0.657528715624001	1	1
g05933	1	7	2	9	0.657528715624001	1	1
g03518	0	8	3	8	0	0.228070175438596	1
g09404	3	5	0	11	Inf	0.0577915376676986	1
g06104	1	7	2	9	0.657528715624001	1	1
g05700	0	8	3	8	0	0.228070175438596	1
g07098	0	8	3	8	0	0.228070175438596	1
g03794	2	6	1	10	3.12167770884234	0.545923632610939	1
g04313	2	6	1	10	3.12167770884234	0.545923632610939	1
g03961	1	7	2	9	0.657528715624001	1	1
g03873	0	8	3	8	0	0.228070175438596	1
g04209	2	6	1	10	3.12167770884234	0.545923632610939	1
g03837	1	7	2	9	0.657528715624001	1	1
g06424	0	8	3	8	0	0.228070175438596	1
g05120	3	5	0	11	Inf	0.0577915376676986	1
g06031	2	6	1	10	3.12167770884234	0.545923632610939	1
g07681	3	5	0	11	Inf	0.0577915376676986	1
g04064	0	8	3	8	0	0.228070175438596	1
g05561	1	7	2	9	0.657528715624001	1	1
g04567	0	8	3	8	0	0.228070175438596	1
g04296	0	8	3	8	0	0.228070175438596	1
g04229	2	6	1	10	3.12167770884234	0.545923632610939	1
g04001	3	5	0	11	Inf	0.0577915376676986	1
g04168	1	7	2	9	0.657528715624001	1	1
g04084	2	6	1	10	3.12167770884234	0.545923632610939	1
g09547	3	5	0	11	Inf	0.0577915376676986	1
g03936	0	8	3	8	0	0.228070175438596	1
g06005	2	6	1	10	3.12167770884234	0.545923632610939	1
g03905	2	6	1	10	3.12167770884234	0.545923632610939	1
g04467	0	8	3	8	0	0.228070175438596	1
g07714	3	5	0	11	Inf	0.0577915376676986	1
g06110	1	7	2	9	0.657528715624001	1	1
g08526	3	5	0	11	Inf	0.0577915376676986	1
g04257	1	7	2	9	0.657528715624001	1	1
g06024	3	5	0	11	Inf	0.0577915376676986	1
g05460	1	7	2	9	0.657528715624001	1	1
g09548	1	7	2	9	0.657528715624001	1	1
g07238	2	6	1	10	3.12167770884234	0.545923632610939	1
g05708	1	7	2	9	0.657528715624001	1	1
g07927	3	5	0	11	Inf	0.0577915376676986	1
g07665	0	8	3	8	0	0.228070175438596	1
g08959	1	7	2	9	0.657528715624001	1	1
g03937	0	8	3	8	0	0.228070175438596	1
g06317	2	6	1	10	3.12167770884234	0.545923632610939	1
g06201	1	7	2	9	0.657528715624001	1	1
g07279	1	7	2	9	0.657528715624001	1	1
g04268	0	8	3	8	0	0.228070175438596	1
g03845	2	6	1	10	3.12167770884234	0.545923632610939	1
g08199	1	7	2	9	0.657528715624001	1	1
g08791	3	5	0	11	Inf	0.0577915376676986	1
g04571	3	5	0	11	Inf	0.0577915376676986	1
g04227	0	8	3	8	0	0.228070175438596	1
g07904	3	5	0	11	Inf	0.0577915376676986	1
g04518	0	8	3	8	0	0.228070175438596	1
g04421	3	5	0	11	Inf	0.0577915376676986	1
g03841	0	8	3	8	0	0.228070175438596	1
g05356	2	6	1	10	3.12167770884234	0.545923632610939	1
g03816	0	8	3	8	0	0.228070175438596	1
g03754	1	7	2	9	0.657528715624001	1	1
g03519	3	5	0	11	Inf	0.0577915376676986	1
g03877	1	7	2	9	0.657528715624001	1	1
g08317	1	7	2	9	0.657528715624001	1	1
g08911	1	7	2	9	0.657528715624001	1	1
g03751	1	7	2	9	0.657528715624001	1	1
g08121	2	6	1	10	3.12167770884234	0.545923632610939	1
g07067	2	6	1	10	3.12167770884234	0.545923632610939	1
g09415	3	5	0	11	Inf	0.0577915376676986	1
g07398	2	6	1	10	3.12167770884234	0.545923632610939	1
g07395	3	5	0	11	Inf	0.0577915376676986	1
g04500	1	7	2	9	0.657528715624001	1	1
g05042	1	7	2	9	0.657528715624001	1	1
g03998	2	6	1	10	3.12167770884234	0.545923632610939	1
g07688	1	7	2	9	0.657528715624001	1	1
g05658	3	5	0	11	Inf	0.0577915376676986	1
g06646	3	5	0	11	Inf	0.0577915376676986	1
g03458	1	7	2	9	0.657528715624001	1	1
g06930	3	5	0	11	Inf	0.0577915376676986	1
g07161	1	7	2	9	0.657528715624001	1	1
g07938	3	5	0	11	Inf	0.0577915376676986	1
g07516	3	5	0	11	Inf	0.0577915376676986	1
g04095	2	6	1	10	3.12167770884234	0.545923632610939	1
g05737	3	5	0	11	Inf	0.0577915376676986	1
g04592	0	8	3	8	0	0.228070175438596	1
g04888	1	7	2	9	0.657528715624001	1	1
g04292	1	7	2	9	0.657528715624001	1	1
g03387	1	7	2	9	0.657528715624001	1	1
g08886	0	8	3	8	0	0.228070175438596	1
g03962	3	5	0	11	Inf	0.0577915376676986	1
g07269	1	7	2	9	0.657528715624001	1	1
g07404	3	5	0	11	Inf	0.0577915376676986	1
g07508	3	5	0	11	Inf	0.0577915376676986	1
g03840	0	8	3	8	0	0.228070175438596	1
g08502	1	7	2	9	0.657528715624001	1	1
g04103	1	7	2	9	0.657528715624001	1	1
g03909	0	8	3	8	0	0.228070175438596	1
g03838	1	7	2	9	0.657528715624001	1	1
g04397	3	5	0	11	Inf	0.0577915376676986	1
g03849	0	8	3	8	0	0.228070175438596	1
g08621	3	5	0	11	Inf	0.0577915376676986	1
g06824	3	5	0	11	Inf	0.0577915376676986	1
g03432	1	7	2	9	0.657528715624001	1	1
g03634	0	8	3	8	0	0.228070175438596	1
g07302	3	5	0	11	Inf	0.0577915376676986	1
g05819	1	7	2	9	0.657528715624001	1	1
g03971	2	6	1	10	3.12167770884234	0.545923632610939	1
g06719	1	7	2	9	0.657528715624001	1	1
g03976	3	5	0	11	Inf	0.0577915376676986	1
g03674	0	8	3	8	0	0.228070175438596	1
g04644	3	5	0	11	Inf	0.0577915376676986	1
g03964	1	7	2	9	0.657528715624001	1	1
g07669	1	7	2	9	0.657528715624001	1	1
g04492	0	8	3	8	0	0.228070175438596	1
g05888	0	8	3	8	0	0.228070175438596	1
g08214	1	7	2	9	0.657528715624001	1	1
g09483	0	8	3	8	0	0.228070175438596	1
g05648	3	5	0	11	Inf	0.0577915376676986	1
g06692	3	5	0	11	Inf	0.0577915376676986	1
g04008	0	8	3	8	0	0.228070175438596	1
g06251	1	7	2	9	0.657528715624001	1	1
g09095	0	8	3	8	0	0.228070175438596	1
g06366	1	7	2	9	0.657528715624001	1	1
g04033	3	5	0	11	Inf	0.0577915376676986	1
g03858	0	8	3	8	0	0.228070175438596	1
g06913	3	5	0	11	Inf	0.0577915376676986	1
g06196	0	8	3	8	0	0.228070175438596	1
g04192	0	8	3	8	0	0.228070175438596	1
g07727	0	8	3	8	0	0.228070175438596	1
g08974	3	5	0	11	Inf	0.0577915376676986	1
g06672	3	5	0	11	Inf	0.0577915376676986	1
g06936	2	6	1	10	3.12167770884234	0.545923632610939	1
g03405	1	7	2	9	0.657528715624001	1	1
g04230	1	7	2	9	0.657528715624001	1	1
g04569	0	8	3	8	0	0.228070175438596	1
g04481	0	8	3	8	0	0.228070175438596	1
g07029	1	7	2	9	0.657528715624001	1	1
g05092	1	7	2	9	0.657528715624001	1	1
g06678	1	7	2	9	0.657528715624001	1	1
g04495	0	8	3	8	0	0.228070175438596	1
g04173	3	5	0	11	Inf	0.0577915376676986	1
g07853	0	8	3	8	0	0.228070175438596	1
g05709	3	5	0	11	Inf	0.0577915376676986	1
g05571	1	7	2	9	0.657528715624001	1	1
g03999	3	5	0	11	Inf	0.0577915376676986	1
g04020	3	5	0	11	Inf	0.0577915376676986	1
g08682	3	5	0	11	Inf	0.0577915376676986	1
g07346	0	8	3	8	0	0.228070175438596	1
g04179	2	6	1	10	3.12167770884234	0.545923632610939	1
g08603	3	5	0	11	Inf	0.0577915376676986	1
g07233	1	7	2	9	0.657528715624001	1	1
g08599	2	6	1	10	3.12167770884234	0.545923632610939	1
g09023	3	5	0	11	Inf	0.0577915376676986	1
g05988	0	8	3	8	0	0.228070175438596	1
g04619	3	5	0	11	Inf	0.0577915376676986	1
g05714	0	8	3	8	0	0.228070175438596	1
g03690	1	7	2	9	0.657528715624001	1	1
g04448	3	5	0	11	Inf	0.0577915376676986	1
g04679	0	8	2	9	0	0.485380116959064	1
g04772	0	8	2	9	0	0.485380116959064	1
g09217	0	8	2	9	0	0.485380116959064	1
g06838	0	8	2	9	0	0.485380116959064	1
g08987	0	8	2	9	0	0.485380116959064	1
g09127	0	8	2	9	0	0.485380116959064	1
g08739	0	8	2	9	0	0.485380116959064	1
g08918	0	8	2	9	0	0.485380116959064	1
g08802	0	8	2	9	0	0.485380116959064	1
g06937	0	8	2	9	0	0.485380116959064	1
g06363	0	8	2	9	0	0.485380116959064	1
g07684	0	8	2	9	0	0.485380116959064	1
g06496	0	8	2	9	0	0.485380116959064	1
g05452	0	8	2	9	0	0.485380116959064	1
g07622	0	8	2	9	0	0.485380116959064	1
g08223	0	8	2	9	0	0.485380116959064	1
g07106	0	8	2	9	0	0.485380116959064	1
g06471	0	8	2	9	0	0.485380116959064	1
g08303	0	8	2	9	0	0.485380116959064	1
g07664	0	8	2	9	0	0.485380116959064	1
g06907	0	8	2	9	0	0.485380116959064	1
g06942	0	8	2	9	0	0.485380116959064	1
g06999	0	8	2	9	0	0.485380116959064	1
g06257	0	8	2	9	0	0.485380116959064	1
g09518	0	8	2	9	0	0.485380116959064	1
g05611	0	8	2	9	0	0.485380116959064	1
g07148	0	8	2	9	0	0.485380116959064	1
g07025	0	8	2	9	0	0.485380116959064	1
g05081	0	8	2	9	0	0.485380116959064	1
g06595	0	8	2	9	0	0.485380116959064	1
g08312	0	8	2	9	0	0.485380116959064	1
g05412	0	8	2	9	0	0.485380116959064	1
g06650	0	8	2	9	0	0.485380116959064	1
g05969	0	8	2	9	0	0.485380116959064	1
g04694	0	8	2	9	0	0.485380116959064	1
g06510	0	8	2	9	0	0.485380116959064	1
g05826	0	8	2	9	0	0.485380116959064	1
g04718	0	8	2	9	0	0.485380116959064	1
g08923	0	8	2	9	0	0.485380116959064	1
g04881	0	8	2	9	0	0.485380116959064	1
g04747	0	8	2	9	0	0.485380116959064	1
g07606	0	8	2	9	0	0.485380116959064	1
g05336	0	8	2	9	0	0.485380116959064	1
g05866	0	8	2	9	0	0.485380116959064	1
g09234	0	8	2	9	0	0.485380116959064	1
g04856	0	8	2	9	0	0.485380116959064	1
g06174	0	8	2	9	0	0.485380116959064	1
g06045	0	8	2	9	0	0.485380116959064	1
g05057	0	8	2	9	0	0.485380116959064	1
g05449	0	8	2	9	0	0.485380116959064	1
g09516	0	8	2	9	0	0.485380116959064	1
g07496	0	8	2	9	0	0.485380116959064	1
g05927	0	8	2	9	0	0.485380116959064	1
g07280	0	8	2	9	0	0.485380116959064	1
g09033	0	8	2	9	0	0.485380116959064	1
g07592	0	8	2	9	0	0.485380116959064	1
g09087	0	8	2	9	0	0.485380116959064	1
g05897	0	8	2	9	0	0.485380116959064	1
g05232	0	8	2	9	0	0.485380116959064	1
g05491	0	8	2	9	0	0.485380116959064	1
g09020	0	8	2	9	0	0.485380116959064	1
g09162	0	8	2	9	0	0.485380116959064	1
g08320	0	8	2	9	0	0.485380116959064	1
g05018	0	8	2	9	0	0.485380116959064	1
g06465	0	8	2	9	0	0.485380116959064	1
g07506	0	8	2	9	0	0.485380116959064	1
g06060	0	8	2	9	0	0.485380116959064	1
g05735	0	8	2	9	0	0.485380116959064	1
g05560	0	8	2	9	0	0.485380116959064	1
g07127	0	8	2	9	0	0.485380116959064	1
g07730	0	8	2	9	0	0.485380116959064	1
g05080	0	8	2	9	0	0.485380116959064	1
g06090	0	8	2	9	0	0.485380116959064	1
g07563	0	8	2	9	0	0.485380116959064	1
g08388	0	8	2	9	0	0.485380116959064	1
g06420	0	8	2	9	0	0.485380116959064	1
g07056	0	8	2	9	0	0.485380116959064	1
g05059	0	8	2	9	0	0.485380116959064	1
g04723	0	8	2	9	0	0.485380116959064	1
g07167	0	8	2	9	0	0.485380116959064	1
g07175	0	8	2	9	0	0.485380116959064	1
g05559	0	8	2	9	0	0.485380116959064	1
g07816	0	8	2	9	0	0.485380116959064	1
g06287	0	8	2	9	0	0.485380116959064	1
g06003	0	8	2	9	0	0.485380116959064	1
g07452	0	8	2	9	0	0.485380116959064	1
g07800	0	8	2	9	0	0.485380116959064	1
g05344	0	8	2	9	0	0.485380116959064	1
g09362	0	8	2	9	0	0.485380116959064	1
g07323	0	8	2	9	0	0.485380116959064	1
g05578	0	8	2	9	0	0.485380116959064	1
g05127	0	8	2	9	0	0.485380116959064	1
g06163	0	8	2	9	0	0.485380116959064	1
g06262	2	6	0	11	Inf	0.16374269005848	1
g07610	2	6	0	11	Inf	0.16374269005848	1
g06330	2	6	0	11	Inf	0.16374269005848	1
g05218	2	6	0	11	Inf	0.16374269005848	1
g05366	2	6	0	11	Inf	0.16374269005848	1
g04686	2	6	0	11	Inf	0.16374269005848	1
g06621	2	6	0	11	Inf	0.16374269005848	1
g04750	2	6	0	11	Inf	0.16374269005848	1
g04700	2	6	0	11	Inf	0.16374269005848	1
g07073	2	6	0	11	Inf	0.16374269005848	1
g09509	2	6	0	11	Inf	0.16374269005848	1
g06099	2	6	0	11	Inf	0.16374269005848	1
g07478	2	6	0	11	Inf	0.16374269005848	1
g06338	2	6	0	11	Inf	0.16374269005848	1
g06965	2	6	0	11	Inf	0.16374269005848	1
g09407	2	6	0	11	Inf	0.16374269005848	1
g08367	2	6	0	11	Inf	0.16374269005848	1
g04756	2	6	0	11	Inf	0.16374269005848	1
g08281	2	6	0	11	Inf	0.16374269005848	1
g08246	2	6	0	11	Inf	0.16374269005848	1
g08450	2	6	0	11	Inf	0.16374269005848	1
g08359	2	6	0	11	Inf	0.16374269005848	1
g06573	2	6	0	11	Inf	0.16374269005848	1
g06758	2	6	0	11	Inf	0.16374269005848	1
g06598	2	6	0	11	Inf	0.16374269005848	1
g06820	2	6	0	11	Inf	0.16374269005848	1
g08593	2	6	0	11	Inf	0.16374269005848	1
g05831	2	6	0	11	Inf	0.16374269005848	1
g09342	2	6	0	11	Inf	0.16374269005848	1
g04655	2	6	0	11	Inf	0.16374269005848	1
g05885	2	6	0	11	Inf	0.16374269005848	1
g08832	2	6	0	11	Inf	0.16374269005848	1
g09000	2	6	0	11	Inf	0.16374269005848	1
g06800	2	6	0	11	Inf	0.16374269005848	1
g06700	2	6	0	11	Inf	0.16374269005848	1
g06378	2	6	0	11	Inf	0.16374269005848	1
g06836	2	6	0	11	Inf	0.16374269005848	1
g08553	2	6	0	11	Inf	0.16374269005848	1
g05587	0	8	2	9	0	0.485380116959064	1
g06896	0	8	2	9	0	0.485380116959064	1
g04969	0	8	2	9	0	0.485380116959064	1
g06451	0	8	2	9	0	0.485380116959064	1
g08681	0	8	2	9	0	0.485380116959064	1
g07531	0	8	2	9	0	0.485380116959064	1
g05869	0	8	2	9	0	0.485380116959064	1
g08185	0	8	2	9	0	0.485380116959064	1
g06276	0	8	2	9	0	0.485380116959064	1
g06456	0	8	2	9	0	0.485380116959064	1
g09441	0	8	2	9	0	0.485380116959064	1
g07829	0	8	2	9	0	0.485380116959064	1
g06856	0	8	2	9	0	0.485380116959064	1
g07348	0	8	2	9	0	0.485380116959064	1
g09248	0	8	2	9	0	0.485380116959064	1
g04866	0	8	2	9	0	0.485380116959064	1
g06441	0	8	2	9	0	0.485380116959064	1
g05773	0	8	2	9	0	0.485380116959064	1
g05808	0	8	2	9	0	0.485380116959064	1
g06834	0	8	2	9	0	0.485380116959064	1
g05711	0	8	2	9	0	0.485380116959064	1
g05691	0	8	2	9	0	0.485380116959064	1
g04697	0	8	2	9	0	0.485380116959064	1
g05496	0	8	2	9	0	0.485380116959064	1
g06755	0	8	2	9	0	0.485380116959064	1
g07704	0	8	2	9	0	0.485380116959064	1
g07020	0	8	2	9	0	0.485380116959064	1
g09553	0	8	2	9	0	0.485380116959064	1
g06738	0	8	2	9	0	0.485380116959064	1
g05378	0	8	2	9	0	0.485380116959064	1
g06818	0	8	2	9	0	0.485380116959064	1
g06908	0	8	2	9	0	0.485380116959064	1
g07024	0	8	2	9	0	0.485380116959064	1
g05531	2	6	0	11	Inf	0.16374269005848	1
g04838	2	6	0	11	Inf	0.16374269005848	1
g09207	2	6	0	11	Inf	0.16374269005848	1
g07864	2	6	0	11	Inf	0.16374269005848	1
g07026	2	6	0	11	Inf	0.16374269005848	1
g09369	2	6	0	11	Inf	0.16374269005848	1
g04846	2	6	0	11	Inf	0.16374269005848	1
g06898	2	6	0	11	Inf	0.16374269005848	1
g08486	2	6	0	11	Inf	0.16374269005848	1
g04737	2	6	0	11	Inf	0.16374269005848	1
g08494	2	6	0	11	Inf	0.16374269005848	1
g08735	2	6	0	11	Inf	0.16374269005848	1
g09390	2	6	0	11	Inf	0.16374269005848	1
g05680	2	6	0	11	Inf	0.16374269005848	1
g07689	2	6	0	11	Inf	0.16374269005848	1
g05143	2	6	0	11	Inf	0.16374269005848	1
g08295	2	6	0	11	Inf	0.16374269005848	1
g06383	2	6	0	11	Inf	0.16374269005848	1
g09220	2	6	0	11	Inf	0.16374269005848	1
g07301	2	6	0	11	Inf	0.16374269005848	1
g08804	2	6	0	11	Inf	0.16374269005848	1
g08418	2	6	0	11	Inf	0.16374269005848	1
g06322	2	6	0	11	Inf	0.16374269005848	1
g05140	2	6	0	11	Inf	0.16374269005848	1
g07186	2	6	0	11	Inf	0.16374269005848	1
g06289	2	6	0	11	Inf	0.16374269005848	1
g06240	2	6	0	11	Inf	0.16374269005848	1
g09107	2	6	0	11	Inf	0.16374269005848	1
g08789	2	6	0	11	Inf	0.16374269005848	1
g04678	2	6	0	11	Inf	0.16374269005848	1
g05945	0	8	2	9	0	0.485380116959064	1
g07199	0	8	2	9	0	0.485380116959064	1
g07773	0	8	2	9	0	0.485380116959064	1
g06775	0	8	2	9	0	0.485380116959064	1
g06780	0	8	2	9	0	0.485380116959064	1
g06687	0	8	2	9	0	0.485380116959064	1
g09358	0	8	2	9	0	0.485380116959064	1
g05318	0	8	2	9	0	0.485380116959064	1
g05212	0	8	2	9	0	0.485380116959064	1
g08838	0	8	2	9	0	0.485380116959064	1
g07851	0	8	2	9	0	0.485380116959064	1
g09088	0	8	2	9	0	0.485380116959064	1
g06962	0	8	2	9	0	0.485380116959064	1
g05999	0	8	2	9	0	0.485380116959064	1
g07371	0	8	2	9	0	0.485380116959064	1
g06172	0	8	2	9	0	0.485380116959064	1
g09464	0	8	2	9	0	0.485380116959064	1
g06064	0	8	2	9	0	0.485380116959064	1
g06785	0	8	2	9	0	0.485380116959064	1
g05478	0	8	2	9	0	0.485380116959064	1
g06886	0	8	2	9	0	0.485380116959064	1
g08349	0	8	2	9	0	0.485380116959064	1
g07504	0	8	2	9	0	0.485380116959064	1
g07338	0	8	2	9	0	0.485380116959064	1
g05792	0	8	2	9	0	0.485380116959064	1
g08692	0	8	2	9	0	0.485380116959064	1
g05432	0	8	2	9	0	0.485380116959064	1
g04897	0	8	2	9	0	0.485380116959064	1
g08529	0	8	2	9	0	0.485380116959064	1
g04914	0	8	2	9	0	0.485380116959064	1
g04764	0	8	2	9	0	0.485380116959064	1
g06048	0	8	2	9	0	0.485380116959064	1
g07549	0	8	2	9	0	0.485380116959064	1
g06223	0	8	2	9	0	0.485380116959064	1
g07086	0	8	2	9	0	0.485380116959064	1
g05145	0	8	2	9	0	0.485380116959064	1
g07119	0	8	2	9	0	0.485380116959064	1
g09460	0	8	2	9	0	0.485380116959064	1
g07045	0	8	2	9	0	0.485380116959064	1
g07875	0	8	2	9	0	0.485380116959064	1
g06696	0	8	2	9	0	0.485380116959064	1
g07739	0	8	2	9	0	0.485380116959064	1
g06921	0	8	2	9	0	0.485380116959064	1
g05843	0	8	2	9	0	0.485380116959064	1
g04965	0	8	2	9	0	0.485380116959064	1
g09389	0	8	2	9	0	0.485380116959064	1
g07979	0	8	2	9	0	0.485380116959064	1
g06729	0	8	2	9	0	0.485380116959064	1
g07850	0	8	2	9	0	0.485380116959064	1
g08082	0	8	2	9	0	0.485380116959064	1
g08583	0	8	2	9	0	0.485380116959064	1
g09013	0	8	2	9	0	0.485380116959064	1
g05160	0	8	2	9	0	0.485380116959064	1
g06183	0	8	2	9	0	0.485380116959064	1
g07142	0	8	2	9	0	0.485380116959064	1
g09110	0	8	2	9	0	0.485380116959064	1
g04865	0	8	2	9	0	0.485380116959064	1
g08611	0	8	2	9	0	0.485380116959064	1
g05851	0	8	2	9	0	0.485380116959064	1
g08105	0	8	2	9	0	0.485380116959064	1
g05246	0	8	2	9	0	0.485380116959064	1
g08270	0	8	2	9	0	0.485380116959064	1
g07217	0	8	2	9	0	0.485380116959064	1
g07102	0	8	2	9	0	0.485380116959064	1
g06759	0	8	2	9	0	0.485380116959064	1
g07101	0	8	2	9	0	0.485380116959064	1
g05263	0	8	2	9	0	0.485380116959064	1
g05236	0	8	2	9	0	0.485380116959064	1
g08847	0	8	2	9	0	0.485380116959064	1
g07959	0	8	2	9	0	0.485380116959064	1
g07513	0	8	2	9	0	0.485380116959064	1
g05354	0	8	2	9	0	0.485380116959064	1
g09101	0	8	2	9	0	0.485380116959064	1
g06605	0	8	2	9	0	0.485380116959064	1
g06995	0	8	2	9	0	0.485380116959064	1
g07397	0	8	2	9	0	0.485380116959064	1
g06350	0	8	2	9	0	0.485380116959064	1
g04634	0	8	2	9	0	0.485380116959064	1
g08089	0	8	2	9	0	0.485380116959064	1
g05518	0	8	2	9	0	0.485380116959064	1
g07372	0	8	2	9	0	0.485380116959064	1
g06059	0	8	2	9	0	0.485380116959064	1
g07154	0	8	2	9	0	0.485380116959064	1
g09345	0	8	2	9	0	0.485380116959064	1
g07630	0	8	2	9	0	0.485380116959064	1
g05614	0	8	2	9	0	0.485380116959064	1
g08084	0	8	2	9	0	0.485380116959064	1
g08810	0	8	2	9	0	0.485380116959064	1
g05794	0	8	2	9	0	0.485380116959064	1
g06900	0	8	2	9	0	0.485380116959064	1
g05011	0	8	2	9	0	0.485380116959064	1
g05467	0	8	2	9	0	0.485380116959064	1
g07078	0	8	2	9	0	0.485380116959064	1
g09424	0	8	2	9	0	0.485380116959064	1
g08561	0	8	2	9	0	0.485380116959064	1
g08869	0	8	2	9	0	0.485380116959064	1
g07657	0	8	2	9	0	0.485380116959064	1
g06551	0	8	2	9	0	0.485380116959064	1
g05256	0	8	2	9	0	0.485380116959064	1
g07559	0	8	2	9	0	0.485380116959064	1
g08885	0	8	2	9	0	0.485380116959064	1
g05213	0	8	2	9	0	0.485380116959064	1
g06249	0	8	2	9	0	0.485380116959064	1
g05892	0	8	2	9	0	0.485380116959064	1
g07292	0	8	2	9	0	0.485380116959064	1
g07698	0	8	2	9	0	0.485380116959064	1
g06872	0	8	2	9	0	0.485380116959064	1
g08177	0	8	2	9	0	0.485380116959064	1
g06374	0	8	2	9	0	0.485380116959064	1
g07656	0	8	2	9	0	0.485380116959064	1
g07065	0	8	2	9	0	0.485380116959064	1
g08993	0	8	2	9	0	0.485380116959064	1
g07532	0	8	2	9	0	0.485380116959064	1
g09397	0	8	2	9	0	0.485380116959064	1
g07978	0	8	2	9	0	0.485380116959064	1
g07651	0	8	2	9	0	0.485380116959064	1
g06507	0	8	2	9	0	0.485380116959064	1
g08898	0	8	2	9	0	0.485380116959064	1
g04834	0	8	2	9	0	0.485380116959064	1
g06946	0	8	2	9	0	0.485380116959064	1
g07772	0	8	2	9	0	0.485380116959064	1
g07556	0	8	2	9	0	0.485380116959064	1
g09394	0	8	2	9	0	0.485380116959064	1
g04779	0	8	2	9	0	0.485380116959064	1
g07426	0	8	2	9	0	0.485380116959064	1
g07639	0	8	2	9	0	0.485380116959064	1
g05922	0	8	2	9	0	0.485380116959064	1
g08591	0	8	2	9	0	0.485380116959064	1
g08662	0	8	2	9	0	0.485380116959064	1
g05718	0	8	2	9	0	0.485380116959064	1
g05617	0	8	2	9	0	0.485380116959064	1
g05391	0	8	2	9	0	0.485380116959064	1
g04637	0	8	2	9	0	0.485380116959064	1
g08639	0	8	2	9	0	0.485380116959064	1
g09328	0	8	2	9	0	0.485380116959064	1
g05748	0	8	2	9	0	0.485380116959064	1
g07795	0	8	2	9	0	0.485380116959064	1
g08934	0	8	2	9	0	0.485380116959064	1
g07087	0	8	2	9	0	0.485380116959064	1
g07482	0	8	2	9	0	0.485380116959064	1
g09198	0	8	2	9	0	0.485380116959064	1
g09419	0	8	2	9	0	0.485380116959064	1
g06145	0	8	2	9	0	0.485380116959064	1
g04701	0	8	2	9	0	0.485380116959064	1
g05217	0	8	2	9	0	0.485380116959064	1
g07915	0	8	2	9	0	0.485380116959064	1
g07918	0	8	2	9	0	0.485380116959064	1
g05789	0	8	2	9	0	0.485380116959064	1
g09154	0	8	2	9	0	0.485380116959064	1
g06101	0	8	2	9	0	0.485380116959064	1
g08469	0	8	2	9	0	0.485380116959064	1
g07797	0	8	2	9	0	0.485380116959064	1
g06610	0	8	2	9	0	0.485380116959064	1
g05158	0	8	2	9	0	0.485380116959064	1
g05164	0	8	2	9	0	0.485380116959064	1
g07759	0	8	2	9	0	0.485380116959064	1
g06987	0	8	2	9	0	0.485380116959064	1
g08427	0	8	2	9	0	0.485380116959064	1
g04607	0	8	2	9	0	0.485380116959064	1
g08173	0	8	2	9	0	0.485380116959064	1
g08453	0	8	2	9	0	0.485380116959064	1
g09497	0	8	2	9	0	0.485380116959064	1
g05483	0	8	2	9	0	0.485380116959064	1
g08539	0	8	2	9	0	0.485380116959064	1
g07569	0	8	2	9	0	0.485380116959064	1
g05739	0	8	2	9	0	0.485380116959064	1
g08875	0	8	2	9	0	0.485380116959064	1
g08574	0	8	2	9	0	0.485380116959064	1
g07948	0	8	2	9	0	0.485380116959064	1
g06047	0	8	2	9	0	0.485380116959064	1
g05685	0	8	2	9	0	0.485380116959064	1
g09403	0	8	2	9	0	0.485380116959064	1
g06315	0	8	2	9	0	0.485380116959064	1
g09061	0	8	2	9	0	0.485380116959064	1
g08697	0	8	2	9	0	0.485380116959064	1
g05295	0	8	2	9	0	0.485380116959064	1
g06082	0	8	2	9	0	0.485380116959064	1
g07774	0	8	2	9	0	0.485380116959064	1
g06007	0	8	2	9	0	0.485380116959064	1
g04964	0	8	2	9	0	0.485380116959064	1
g06124	0	8	2	9	0	0.485380116959064	1
g07695	0	8	2	9	0	0.485380116959064	1
g08870	0	8	2	9	0	0.485380116959064	1
g08154	0	8	2	9	0	0.485380116959064	1
g07660	0	8	2	9	0	0.485380116959064	1
g08020	0	8	2	9	0	0.485380116959064	1
g06076	0	8	2	9	0	0.485380116959064	1
g09325	0	8	2	9	0	0.485380116959064	1
g09513	0	8	2	9	0	0.485380116959064	1
g09311	2	6	0	11	Inf	0.16374269005848	1
g05375	2	6	0	11	Inf	0.16374269005848	1
g04591	2	6	0	11	Inf	0.16374269005848	1
g08116	2	6	0	11	Inf	0.16374269005848	1
g06873	2	6	0	11	Inf	0.16374269005848	1
g08130	2	6	0	11	Inf	0.16374269005848	1
g05255	2	6	0	11	Inf	0.16374269005848	1
g04867	2	6	0	11	Inf	0.16374269005848	1
g08784	2	6	0	11	Inf	0.16374269005848	1
g05363	2	6	0	11	Inf	0.16374269005848	1
g08628	2	6	0	11	Inf	0.16374269005848	1
g09059	2	6	0	11	Inf	0.16374269005848	1
g09112	2	6	0	11	Inf	0.16374269005848	1
g08300	2	6	0	11	Inf	0.16374269005848	1
g09512	0	8	2	9	0	0.485380116959064	1
g04625	0	8	2	9	0	0.485380116959064	1
g05244	0	8	2	9	0	0.485380116959064	1
g09160	0	8	2	9	0	0.485380116959064	1
g08658	0	8	2	9	0	0.485380116959064	1
g07943	0	8	2	9	0	0.485380116959064	1
g04900	0	8	2	9	0	0.485380116959064	1
g06569	0	8	2	9	0	0.485380116959064	1
g09475	0	8	2	9	0	0.485380116959064	1
g06275	0	8	2	9	0	0.485380116959064	1
g04836	0	8	2	9	0	0.485380116959064	1
g08644	0	8	2	9	0	0.485380116959064	1
g08067	0	8	2	9	0	0.485380116959064	1
g05273	0	8	2	9	0	0.485380116959064	1
g08951	0	8	2	9	0	0.485380116959064	1
g05906	0	8	2	9	0	0.485380116959064	1
g05061	0	8	2	9	0	0.485380116959064	1
g09510	0	8	2	9	0	0.485380116959064	1
g04717	0	8	2	9	0	0.485380116959064	1
g07263	0	8	2	9	0	0.485380116959064	1
g09302	0	8	2	9	0	0.485380116959064	1
g05342	0	8	2	9	0	0.485380116959064	1
g07700	0	8	2	9	0	0.485380116959064	1
g04730	0	8	2	9	0	0.485380116959064	1
g04857	0	8	2	9	0	0.485380116959064	1
g08981	0	8	2	9	0	0.485380116959064	1
g07209	0	8	2	9	0	0.485380116959064	1
g08050	0	8	2	9	0	0.485380116959064	1
g07083	0	8	2	9	0	0.485380116959064	1
g09139	0	8	2	9	0	0.485380116959064	1
g07765	0	8	2	9	0	0.485380116959064	1
g09515	0	8	2	9	0	0.485380116959064	1
g08186	0	8	2	9	0	0.485380116959064	1
g05037	0	8	2	9	0	0.485380116959064	1
g07095	0	8	2	9	0	0.485380116959064	1
g08711	0	8	2	9	0	0.485380116959064	1
g08386	0	8	2	9	0	0.485380116959064	1
g05638	0	8	2	9	0	0.485380116959064	1
g09550	0	8	2	9	0	0.485380116959064	1
g07867	2	6	0	11	Inf	0.16374269005848	1
g04800	2	6	0	11	Inf	0.16374269005848	1
g09106	2	6	0	11	Inf	0.16374269005848	1
g05563	2	6	0	11	Inf	0.16374269005848	1
g08066	2	6	0	11	Inf	0.16374269005848	1
g07825	2	6	0	11	Inf	0.16374269005848	1
g06450	2	6	0	11	Inf	0.16374269005848	1
g06156	2	6	0	11	Inf	0.16374269005848	1
g09212	2	6	0	11	Inf	0.16374269005848	1
g06089	2	6	0	11	Inf	0.16374269005848	1
g07448	2	6	0	11	Inf	0.16374269005848	1
g08532	2	6	0	11	Inf	0.16374269005848	1
g08316	2	6	0	11	Inf	0.16374269005848	1
g04683	2	6	0	11	Inf	0.16374269005848	1
g06918	2	6	0	11	Inf	0.16374269005848	1
g07537	2	6	0	11	Inf	0.16374269005848	1
g09180	2	6	0	11	Inf	0.16374269005848	1
g04603	2	6	0	11	Inf	0.16374269005848	1
g04947	2	6	0	11	Inf	0.16374269005848	1
g07924	2	6	0	11	Inf	0.16374269005848	1
g06404	2	6	0	11	Inf	0.16374269005848	1
g05644	2	6	0	11	Inf	0.16374269005848	1
g06305	2	6	0	11	Inf	0.16374269005848	1
g09156	2	6	0	11	Inf	0.16374269005848	1
g08541	0	8	2	9	0	0.485380116959064	1
g08527	0	8	2	9	0	0.485380116959064	1
g09484	0	8	2	9	0	0.485380116959064	1
g09169	0	8	2	9	0	0.485380116959064	1
g05835	0	8	2	9	0	0.485380116959064	1
g09032	0	8	2	9	0	0.485380116959064	1
g05599	0	8	2	9	0	0.485380116959064	1
g08879	0	8	2	9	0	0.485380116959064	1
g08083	0	8	2	9	0	0.485380116959064	1
g08764	0	8	2	9	0	0.485380116959064	1
g08728	0	8	2	9	0	0.485380116959064	1
g05027	0	8	2	9	0	0.485380116959064	1
g06435	0	8	2	9	0	0.485380116959064	1
g04811	0	8	2	9	0	0.485380116959064	1
g05088	0	8	2	9	0	0.485380116959064	1
g06737	0	8	2	9	0	0.485380116959064	1
g05973	0	8	2	9	0	0.485380116959064	1
g08953	0	8	2	9	0	0.485380116959064	1
g08724	0	8	2	9	0	0.485380116959064	1
g09141	0	8	2	9	0	0.485380116959064	1
g05185	0	8	2	9	0	0.485380116959064	1
g08462	0	8	2	9	0	0.485380116959064	1
g07974	0	8	2	9	0	0.485380116959064	1
g08125	0	8	2	9	0	0.485380116959064	1
g05192	0	8	2	9	0	0.485380116959064	1
g08437	0	8	2	9	0	0.485380116959064	1
g07495	0	8	2	9	0	0.485380116959064	1
g09409	0	8	2	9	0	0.485380116959064	1
g09506	0	8	2	9	0	0.485380116959064	1
g09213	0	8	2	9	0	0.485380116959064	1
g05437	0	8	2	9	0	0.485380116959064	1
g09438	0	8	2	9	0	0.485380116959064	1
g05385	0	8	2	9	0	0.485380116959064	1
g07581	2	6	0	11	Inf	0.16374269005848	1
g08763	2	6	0	11	Inf	0.16374269005848	1
g04672	2	6	0	11	Inf	0.16374269005848	1
g04740	2	6	0	11	Inf	0.16374269005848	1
g09069	2	6	0	11	Inf	0.16374269005848	1
g08746	2	6	0	11	Inf	0.16374269005848	1
g05459	2	6	0	11	Inf	0.16374269005848	1
g07942	2	6	0	11	Inf	0.16374269005848	1
g04831	2	6	0	11	Inf	0.16374269005848	1
g09457	2	6	0	11	Inf	0.16374269005848	1
g06112	0	8	2	9	0	0.485380116959064	1
g09018	0	8	2	9	0	0.485380116959064	1
g08241	0	8	2	9	0	0.485380116959064	1
g07671	0	8	2	9	0	0.485380116959064	1
g05701	0	8	2	9	0	0.485380116959064	1
g07408	0	8	2	9	0	0.485380116959064	1
g05219	0	8	2	9	0	0.485380116959064	1
g06986	0	8	2	9	0	0.485380116959064	1
g09431	0	8	2	9	0	0.485380116959064	1
g05861	0	8	2	9	0	0.485380116959064	1
g06501	0	8	2	9	0	0.485380116959064	1
g07750	0	8	2	9	0	0.485380116959064	1
g09251	0	8	2	9	0	0.485380116959064	1
g08708	0	8	2	9	0	0.485380116959064	1
g06356	0	8	2	9	0	0.485380116959064	1
g07818	0	8	2	9	0	0.485380116959064	1
g05421	0	8	2	9	0	0.485380116959064	1
g07351	0	8	2	9	0	0.485380116959064	1
g08624	1	7	1	10	1.40150553187629	1	1
g04727	1	7	1	10	1.40150553187629	1	1
g07648	1	7	1	10	1.40150553187629	1	1
g06683	1	7	1	10	1.40150553187629	1	1
g08408	1	7	1	10	1.40150553187629	1	1
g08216	1	7	1	10	1.40150553187629	1	1
g08550	1	7	1	10	1.40150553187629	1	1
g06832	1	7	1	10	1.40150553187629	1	1
g06850	1	7	1	10	1.40150553187629	1	1
g07480	2	6	0	11	Inf	0.16374269005848	1
g06776	2	6	0	11	Inf	0.16374269005848	1
g06851	2	6	0	11	Inf	0.16374269005848	1
g08245	2	6	0	11	Inf	0.16374269005848	1
g08944	2	6	0	11	Inf	0.16374269005848	1
g06118	2	6	0	11	Inf	0.16374269005848	1
g05280	2	6	0	11	Inf	0.16374269005848	1
g09096	2	6	0	11	Inf	0.16374269005848	1
g06130	2	6	0	11	Inf	0.16374269005848	1
g08393	0	8	2	9	0	0.485380116959064	1
g09304	0	8	2	9	0	0.485380116959064	1
g05596	0	8	2	9	0	0.485380116959064	1
g08931	0	8	2	9	0	0.485380116959064	1
g07093	0	8	2	9	0	0.485380116959064	1
g08054	0	8	2	9	0	0.485380116959064	1
g04827	0	8	2	9	0	0.485380116959064	1
g09148	0	8	2	9	0	0.485380116959064	1
g06745	0	8	2	9	0	0.485380116959064	1
g08674	0	8	2	9	0	0.485380116959064	1
g06220	0	8	2	9	0	0.485380116959064	1
g08863	0	8	2	9	0	0.485380116959064	1
g06184	0	8	2	9	0	0.485380116959064	1
g05591	0	8	2	9	0	0.485380116959064	1
g07906	0	8	2	9	0	0.485380116959064	1
g04738	0	8	2	9	0	0.485380116959064	1
g08430	0	8	2	9	0	0.485380116959064	1
g05767	0	8	2	9	0	0.485380116959064	1
g08772	0	8	2	9	0	0.485380116959064	1
g04922	0	8	2	9	0	0.485380116959064	1
g06157	0	8	2	9	0	0.485380116959064	1
g06294	0	8	2	9	0	0.485380116959064	1
g07216	0	8	2	9	0	0.485380116959064	1
g07965	0	8	2	9	0	0.485380116959064	1
g06556	0	8	2	9	0	0.485380116959064	1
g04937	0	8	2	9	0	0.485380116959064	1
g06893	0	8	2	9	0	0.485380116959064	1
g04720	0	8	2	9	0	0.485380116959064	1
g07062	0	8	2	9	0	0.485380116959064	1
g06030	0	8	2	9	0	0.485380116959064	1
g04815	0	8	2	9	0	0.485380116959064	1
g06010	0	8	2	9	0	0.485380116959064	1
g06617	0	8	2	9	0	0.485380116959064	1
g08760	0	8	2	9	0	0.485380116959064	1
g07912	0	8	2	9	0	0.485380116959064	1
g07242	0	8	2	9	0	0.485380116959064	1
g06491	0	8	2	9	0	0.485380116959064	1
g08983	0	8	2	9	0	0.485380116959064	1
g09142	0	8	2	9	0	0.485380116959064	1
g05742	0	8	2	9	0	0.485380116959064	1
g07597	0	8	2	9	0	0.485380116959064	1
g07920	0	8	2	9	0	0.485380116959064	1
g05411	0	8	2	9	0	0.485380116959064	1
g04984	0	8	2	9	0	0.485380116959064	1
g08747	0	8	2	9	0	0.485380116959064	1
g05631	0	8	2	9	0	0.485380116959064	1
g09076	0	8	2	9	0	0.485380116959064	1
g05726	0	8	2	9	0	0.485380116959064	1
g07109	0	8	2	9	0	0.485380116959064	1
g09259	2	6	0	11	Inf	0.16374269005848	1
g09494	2	6	0	11	Inf	0.16374269005848	1
g06079	2	6	0	11	Inf	0.16374269005848	1
g08060	2	6	0	11	Inf	0.16374269005848	1
g05820	2	6	0	11	Inf	0.16374269005848	1
g07485	2	6	0	11	Inf	0.16374269005848	1
g07505	2	6	0	11	Inf	0.16374269005848	1
g05258	2	6	0	11	Inf	0.16374269005848	1
g09003	0	8	2	9	0	0.485380116959064	1
g09545	0	8	2	9	0	0.485380116959064	1
g05545	0	8	2	9	0	0.485380116959064	1
g07771	0	8	2	9	0	0.485380116959064	1
g06103	0	8	2	9	0	0.485380116959064	1
g09062	0	8	2	9	0	0.485380116959064	1
g06752	0	8	2	9	0	0.485380116959064	1
g08053	0	8	2	9	0	0.485380116959064	1
g08062	0	8	2	9	0	0.485380116959064	1
g07888	0	8	2	9	0	0.485380116959064	1
g07755	0	8	2	9	0	0.485380116959064	1
g05537	0	8	2	9	0	0.485380116959064	1
g04775	0	8	2	9	0	0.485380116959064	1
g08257	0	8	2	9	0	0.485380116959064	1
g05306	0	8	2	9	0	0.485380116959064	1
g08552	0	8	2	9	0	0.485380116959064	1
g04494	2	6	0	11	Inf	0.16374269005848	1
g06947	2	6	0	11	Inf	0.16374269005848	1
g03957	2	6	0	11	Inf	0.16374269005848	1
g03914	2	6	0	11	Inf	0.16374269005848	1
g03974	2	6	0	11	Inf	0.16374269005848	1
g03969	2	6	0	11	Inf	0.16374269005848	1
g03854	2	6	0	11	Inf	0.16374269005848	1
g03899	2	6	0	11	Inf	0.16374269005848	1
g04833	0	8	2	9	0	0.485380116959064	1
g07683	0	8	2	9	0	0.485380116959064	1
g06499	0	8	2	9	0	0.485380116959064	1
g07459	0	8	2	9	0	0.485380116959064	1
g06212	0	8	2	9	0	0.485380116959064	1
g05507	0	8	2	9	0	0.485380116959064	1
g07290	0	8	2	9	0	0.485380116959064	1
g07076	0	8	2	9	0	0.485380116959064	1
g06068	2	6	0	11	Inf	0.16374269005848	1
g09463	2	6	0	11	Inf	0.16374269005848	1
g04894	2	6	0	11	Inf	0.16374269005848	1
g08514	2	6	0	11	Inf	0.16374269005848	1
g08683	2	6	0	11	Inf	0.16374269005848	1
g06054	2	6	0	11	Inf	0.16374269005848	1
g08876	2	6	0	11	Inf	0.16374269005848	1
g05543	0	8	2	9	0	0.485380116959064	1
g08240	0	8	2	9	0	0.485380116959064	1
g05349	0	8	2	9	0	0.485380116959064	1
g08134	0	8	2	9	0	0.485380116959064	1
g05316	0	8	2	9	0	0.485380116959064	1
g05827	0	8	2	9	0	0.485380116959064	1
g08826	0	8	2	9	0	0.485380116959064	1
g06270	0	8	2	9	0	0.485380116959064	1
g07458	0	8	2	9	0	0.485380116959064	1
g08143	0	8	2	9	0	0.485380116959064	1
g08308	0	8	2	9	0	0.485380116959064	1
g05298	0	8	2	9	0	0.485380116959064	1
g09249	0	8	2	9	0	0.485380116959064	1
g06385	0	8	2	9	0	0.485380116959064	1
g04629	0	8	2	9	0	0.485380116959064	1
g06787	0	8	2	9	0	0.485380116959064	1
g06245	0	8	2	9	0	0.485380116959064	1
g05592	0	8	2	9	0	0.485380116959064	1
g05860	0	8	2	9	0	0.485380116959064	1
g06189	0	8	2	9	0	0.485380116959064	1
g05850	0	8	2	9	0	0.485380116959064	1
g07584	2	6	0	11	Inf	0.16374269005848	1
g08147	2	6	0	11	Inf	0.16374269005848	1
g08648	2	6	0	11	Inf	0.16374269005848	1
g06244	2	6	0	11	Inf	0.16374269005848	1
g05876	2	6	0	11	Inf	0.16374269005848	1
g08792	2	6	0	11	Inf	0.16374269005848	1
g06109	2	6	0	11	Inf	0.16374269005848	1
g07206	0	8	2	9	0	0.485380116959064	1
g05868	0	8	2	9	0	0.485380116959064	1
g06417	0	8	2	9	0	0.485380116959064	1
g06985	0	8	2	9	0	0.485380116959064	1
g05838	0	8	2	9	0	0.485380116959064	1
g09511	0	8	2	9	0	0.485380116959064	1
g04598	0	8	2	9	0	0.485380116959064	1
g06004	0	8	2	9	0	0.485380116959064	1
g06006	0	8	2	9	0	0.485380116959064	1
g06250	0	8	2	9	0	0.485380116959064	1
g04596	0	8	2	9	0	0.485380116959064	1
g08030	0	8	2	9	0	0.485380116959064	1
g06658	0	8	2	9	0	0.485380116959064	1
g04729	0	8	2	9	0	0.485380116959064	1
g03730	1	7	1	10	1.40150553187629	1	1
g05523	1	7	1	10	1.40150553187629	1	1
g05778	1	7	1	10	1.40150553187629	1	1
g06419	1	7	1	10	1.40150553187629	1	1
g06661	1	7	1	10	1.40150553187629	1	1
g04887	1	7	1	10	1.40150553187629	1	1
g05190	1	7	1	10	1.40150553187629	1	1
g08264	0	8	2	9	0	0.485380116959064	1
g09245	0	8	2	9	0	0.485380116959064	1
g07514	0	8	2	9	0	0.485380116959064	1
g06190	0	8	2	9	0	0.485380116959064	1
g06883	0	8	2	9	0	0.485380116959064	1
g08581	0	8	2	9	0	0.485380116959064	1
g04746	0	8	2	9	0	0.485380116959064	1
g08253	2	6	0	11	Inf	0.16374269005848	1
g05102	2	6	0	11	Inf	0.16374269005848	1
g05858	2	6	0	11	Inf	0.16374269005848	1
g09071	2	6	0	11	Inf	0.16374269005848	1
g07475	2	6	0	11	Inf	0.16374269005848	1
g06540	2	6	0	11	Inf	0.16374269005848	1
g07230	2	6	0	11	Inf	0.16374269005848	1
g06957	0	8	2	9	0	0.485380116959064	1
g08854	0	8	2	9	0	0.485380116959064	1
g08188	0	8	2	9	0	0.485380116959064	1
g08606	0	8	2	9	0	0.485380116959064	1
g05486	0	8	2	9	0	0.485380116959064	1
g06863	0	8	2	9	0	0.485380116959064	1
g09380	0	8	2	9	0	0.485380116959064	1
g07779	0	8	2	9	0	0.485380116959064	1
g04788	0	8	2	9	0	0.485380116959064	1
g06063	0	8	2	9	0	0.485380116959064	1
g04732	0	8	2	9	0	0.485380116959064	1
g07577	0	8	2	9	0	0.485380116959064	1
g08584	0	8	2	9	0	0.485380116959064	1
g06034	0	8	2	9	0	0.485380116959064	1
g08095	0	8	2	9	0	0.485380116959064	1
g05947	0	8	2	9	0	0.485380116959064	1
g05253	0	8	2	9	0	0.485380116959064	1
g06397	0	8	2	9	0	0.485380116959064	1
g07874	0	8	2	9	0	0.485380116959064	1
g06895	0	8	2	9	0	0.485380116959064	1
g07715	0	8	2	9	0	0.485380116959064	1
g05621	0	8	2	9	0	0.485380116959064	1
g05567	0	8	2	9	0	0.485380116959064	1
g04599	0	8	2	9	0	0.485380116959064	1
g08226	0	8	2	9	0	0.485380116959064	1
g05943	0	8	2	9	0	0.485380116959064	1
g07320	0	8	2	9	0	0.485380116959064	1
g07245	0	8	2	9	0	0.485380116959064	1
g05667	0	8	2	9	0	0.485380116959064	1
g06167	0	8	2	9	0	0.485380116959064	1
g07790	0	8	2	9	0	0.485380116959064	1
g04986	1	7	1	10	1.40150553187629	1	1
g07887	1	7	1	10	1.40150553187629	1	1
g09395	1	7	1	10	1.40150553187629	1	1
g06977	1	7	1	10	1.40150553187629	1	1
g06314	1	7	1	10	1.40150553187629	1	1
g05331	1	7	1	10	1.40150553187629	1	1
g07421	0	8	2	9	0	0.485380116959064	1
g05902	0	8	2	9	0	0.485380116959064	1
g09271	0	8	2	9	0	0.485380116959064	1
g06463	0	8	2	9	0	0.485380116959064	1
g07963	0	8	2	9	0	0.485380116959064	1
g08152	0	8	2	9	0	0.485380116959064	1
g06778	0	8	2	9	0	0.485380116959064	1
g07564	0	8	2	9	0	0.485380116959064	1
g08556	0	8	2	9	0	0.485380116959064	1
g06537	0	8	2	9	0	0.485380116959064	1
g08855	0	8	2	9	0	0.485380116959064	1
g08005	0	8	2	9	0	0.485380116959064	1
g07580	0	8	2	9	0	0.485380116959064	1
g08244	0	8	2	9	0	0.485380116959064	1
g06211	0	8	2	9	0	0.485380116959064	1
g06889	0	8	2	9	0	0.485380116959064	1
g04956	0	8	2	9	0	0.485380116959064	1
g07763	2	6	0	11	Inf	0.16374269005848	1
g06041	2	6	0	11	Inf	0.16374269005848	1
g06406	2	6	0	11	Inf	0.16374269005848	1
g08080	2	6	0	11	Inf	0.16374269005848	1
g04903	2	6	0	11	Inf	0.16374269005848	1
g08511	2	6	0	11	Inf	0.16374269005848	1
g06348	2	6	0	11	Inf	0.16374269005848	1
g06371	2	6	0	11	Inf	0.16374269005848	1
g08288	2	6	0	11	Inf	0.16374269005848	1
g08456	2	6	0	11	Inf	0.16374269005848	1
g09131	0	8	2	9	0	0.485380116959064	1
g07107	0	8	2	9	0	0.485380116959064	1
g04699	0	8	2	9	0	0.485380116959064	1
g06765	0	8	2	9	0	0.485380116959064	1
g09118	0	8	2	9	0	0.485380116959064	1
g08482	2	6	0	11	Inf	0.16374269005848	1
g07297	2	6	0	11	Inf	0.16374269005848	1
g05233	2	6	0	11	Inf	0.16374269005848	1
g04726	2	6	0	11	Inf	0.16374269005848	1
g08088	2	6	0	11	Inf	0.16374269005848	1
g06715	2	6	0	11	Inf	0.16374269005848	1
g06790	2	6	0	11	Inf	0.16374269005848	1
g07865	2	6	0	11	Inf	0.16374269005848	1
g07587	2	6	0	11	Inf	0.16374269005848	1
g08077	2	6	0	11	Inf	0.16374269005848	1
g06231	2	6	0	11	Inf	0.16374269005848	1
g08899	2	6	0	11	Inf	0.16374269005848	1
g07476	2	6	0	11	Inf	0.16374269005848	1
g06085	2	6	0	11	Inf	0.16374269005848	1
g08019	2	6	0	11	Inf	0.16374269005848	1
g07568	2	6	0	11	Inf	0.16374269005848	1
g05975	2	6	0	11	Inf	0.16374269005848	1
g05168	2	6	0	11	Inf	0.16374269005848	1
g04706	2	6	0	11	Inf	0.16374269005848	1
g07856	2	6	0	11	Inf	0.16374269005848	1
g08059	0	8	2	9	0	0.485380116959064	1
g06349	0	8	2	9	0	0.485380116959064	1
g07604	0	8	2	9	0	0.485380116959064	1
g06976	0	8	2	9	0	0.485380116959064	1
g09340	0	8	2	9	0	0.485380116959064	1
g08239	2	6	0	11	Inf	0.16374269005848	1
g08706	2	6	0	11	Inf	0.16374269005848	1
g08201	2	6	0	11	Inf	0.16374269005848	1
g05135	2	6	0	11	Inf	0.16374269005848	1
g07615	2	6	0	11	Inf	0.16374269005848	1
g05593	0	8	2	9	0	0.485380116959064	1
g07839	0	8	2	9	0	0.485380116959064	1
g07393	0	8	2	9	0	0.485380116959064	1
g06237	0	8	2	9	0	0.485380116959064	1
g09125	0	8	2	9	0	0.485380116959064	1
g06618	2	6	0	11	Inf	0.16374269005848	1
g04614	2	6	0	11	Inf	0.16374269005848	1
g05905	2	6	0	11	Inf	0.16374269005848	1
g08328	2	6	0	11	Inf	0.16374269005848	1
g09539	2	6	0	11	Inf	0.16374269005848	1
g06823	0	8	2	9	0	0.485380116959064	1
g07389	0	8	2	9	0	0.485380116959064	1
g04791	0	8	2	9	0	0.485380116959064	1
g04736	0	8	2	9	0	0.485380116959064	1
g07733	0	8	2	9	0	0.485380116959064	1
g09552	0	8	2	9	0	0.485380116959064	1
g09243	0	8	2	9	0	0.485380116959064	1
g06351	0	8	2	9	0	0.485380116959064	1
g04889	0	8	2	9	0	0.485380116959064	1
g07081	0	8	2	9	0	0.485380116959064	1
g07023	2	6	0	11	Inf	0.16374269005848	1
g07140	2	6	0	11	Inf	0.16374269005848	1
g08492	2	6	0	11	Inf	0.16374269005848	1
g07967	2	6	0	11	Inf	0.16374269005848	1
g08238	2	6	0	11	Inf	0.16374269005848	1
g05058	0	8	2	9	0	0.485380116959064	1
g07145	0	8	2	9	0	0.485380116959064	1
g07330	0	8	2	9	0	0.485380116959064	1
g08759	0	8	2	9	0	0.485380116959064	1
g09012	0	8	2	9	0	0.485380116959064	1
g06207	1	7	1	10	1.40150553187629	1	1
g09290	1	7	1	10	1.40150553187629	1	1
g08017	1	7	1	10	1.40150553187629	1	1
g07198	1	7	1	10	1.40150553187629	1	1
g05321	1	7	1	10	1.40150553187629	1	1
g06949	0	8	2	9	0	0.485380116959064	1
g06712	0	8	2	9	0	0.485380116959064	1
g06273	0	8	2	9	0	0.485380116959064	1
g09279	0	8	2	9	0	0.485380116959064	1
g07498	0	8	2	9	0	0.485380116959064	1
g04755	0	8	2	9	0	0.485380116959064	1
g05433	0	8	2	9	0	0.485380116959064	1
g09258	0	8	2	9	0	0.485380116959064	1
g05083	0	8	2	9	0	0.485380116959064	1
g04823	0	8	2	9	0	0.485380116959064	1
g06664	0	8	2	9	0	0.485380116959064	1
g08982	0	8	2	9	0	0.485380116959064	1
g09401	0	8	2	9	0	0.485380116959064	1
g06258	0	8	2	9	0	0.485380116959064	1
g07355	0	8	2	9	0	0.485380116959064	1
g06828	0	8	2	9	0	0.485380116959064	1
g05890	0	8	2	9	0	0.485380116959064	1
g06328	0	8	2	9	0	0.485380116959064	1
g05402	0	8	2	9	0	0.485380116959064	1
g05082	0	8	2	9	0	0.485380116959064	1
g09544	0	8	2	9	0	0.485380116959064	1
g05953	0	8	2	9	0	0.485380116959064	1
g06342	0	8	2	9	0	0.485380116959064	1
g07232	2	6	0	11	Inf	0.16374269005848	1
g08577	2	6	0	11	Inf	0.16374269005848	1
g08078	2	6	0	11	Inf	0.16374269005848	1
g06848	2	6	0	11	Inf	0.16374269005848	1
g08749	0	8	2	9	0	0.485380116959064	1
g06553	0	8	2	9	0	0.485380116959064	1
g06690	0	8	2	9	0	0.485380116959064	1
g07923	0	8	2	9	0	0.485380116959064	1
g07998	0	8	2	9	0	0.485380116959064	1
g05276	0	8	2	9	0	0.485380116959064	1
g05060	0	8	2	9	0	0.485380116959064	1
g04982	0	8	2	9	0	0.485380116959064	1
g03762	2	6	0	11	Inf	0.16374269005848	1
g07309	2	6	0	11	Inf	0.16374269005848	1
g05234	2	6	0	11	Inf	0.16374269005848	1
g08452	2	6	0	11	Inf	0.16374269005848	1
g05670	0	8	2	9	0	0.485380116959064	1
g04852	0	8	2	9	0	0.485380116959064	1
g05462	0	8	2	9	0	0.485380116959064	1
g07961	0	8	2	9	0	0.485380116959064	1
g05761	2	6	0	11	Inf	0.16374269005848	1
g07636	2	6	0	11	Inf	0.16374269005848	1
g09238	2	6	0	11	Inf	0.16374269005848	1
g06561	2	6	0	11	Inf	0.16374269005848	1
g07836	0	8	2	9	0	0.485380116959064	1
g08702	0	8	2	9	0	0.485380116959064	1
g07666	0	8	2	9	0	0.485380116959064	1
g04455	1	7	1	10	1.40150553187629	1	1
g04289	1	7	1	10	1.40150553187629	1	1
g03755	1	7	1	10	1.40150553187629	1	1
g08208	0	8	2	9	0	0.485380116959064	1
g09195	0	8	2	9	0	0.485380116959064	1
g05597	0	8	2	9	0	0.485380116959064	1
g06906	0	8	2	9	0	0.485380116959064	1
g08336	0	8	2	9	0	0.485380116959064	1
g05482	0	8	2	9	0	0.485380116959064	1
g04382	1	7	1	10	1.40150553187629	1	1
g04191	1	7	1	10	1.40150553187629	1	1
g04216	1	7	1	10	1.40150553187629	1	1
g08721	1	7	1	10	1.40150553187629	1	1
g08374	1	7	1	10	1.40150553187629	1	1
g08322	1	7	1	10	1.40150553187629	1	1
g05157	2	6	0	11	Inf	0.16374269005848	1
g07074	2	6	0	11	Inf	0.16374269005848	1
g04174	2	6	0	11	Inf	0.16374269005848	1
g08447	0	8	2	9	0	0.485380116959064	1
g06141	0	8	2	9	0	0.485380116959064	1
g07276	0	8	2	9	0	0.485380116959064	1
g06448	0	8	2	9	0	0.485380116959064	1
g06702	0	8	2	9	0	0.485380116959064	1
g06421	0	8	2	9	0	0.485380116959064	1
g06858	0	8	2	9	0	0.485380116959064	1
g07068	0	8	2	9	0	0.485380116959064	1
g09242	0	8	2	9	0	0.485380116959064	1
g06210	2	6	0	11	Inf	0.16374269005848	1
g09109	2	6	0	11	Inf	0.16374269005848	1
g07251	2	6	0	11	Inf	0.16374269005848	1
g07972	1	7	1	10	1.40150553187629	1	1
g07541	1	7	1	10	1.40150553187629	1	1
g05361	1	7	1	10	1.40150553187629	1	1
g04886	0	8	2	9	0	0.485380116959064	1
g08620	0	8	2	9	0	0.485380116959064	1
g08363	0	8	2	9	0	0.485380116959064	1
g09004	0	8	2	9	0	0.485380116959064	1
g06667	0	8	2	9	0	0.485380116959064	1
g05208	0	8	2	9	0	0.485380116959064	1
g08345	0	8	2	9	0	0.485380116959064	1
g07690	0	8	2	9	0	0.485380116959064	1
g06916	0	8	2	9	0	0.485380116959064	1
g07117	0	8	2	9	0	0.485380116959064	1
g06695	0	8	2	9	0	0.485380116959064	1
g08141	0	8	2	9	0	0.485380116959064	1
g04895	2	6	0	11	Inf	0.16374269005848	1
g08665	2	6	0	11	Inf	0.16374269005848	1
g06864	2	6	0	11	Inf	0.16374269005848	1
g08065	0	8	2	9	0	0.485380116959064	1
g06084	0	8	2	9	0	0.485380116959064	1
g07214	0	8	2	9	0	0.485380116959064	1
g04640	0	8	2	9	0	0.485380116959064	1
g07343	0	8	2	9	0	0.485380116959064	1
g05287	0	8	2	9	0	0.485380116959064	1
g05017	0	8	2	9	0	0.485380116959064	1
g09147	0	8	2	9	0	0.485380116959064	1
g05600	0	8	2	9	0	0.485380116959064	1
g08215	0	8	2	9	0	0.485380116959064	1
g08302	0	8	2	9	0	0.485380116959064	1
g07761	0	8	2	9	0	0.485380116959064	1
g04861	1	7	1	10	1.40150553187629	1	1
g08731	1	7	1	10	1.40150553187629	1	1
g08045	1	7	1	10	1.40150553187629	1	1
g09365	2	6	0	11	Inf	0.16374269005848	1
g06303	2	6	0	11	Inf	0.16374269005848	1
g06123	2	6	0	11	Inf	0.16374269005848	1
g04489	2	6	0	11	Inf	0.16374269005848	1
g07021	2	6	0	11	Inf	0.16374269005848	1
g06514	2	6	0	11	Inf	0.16374269005848	1
g05797	0	8	2	9	0	0.485380116959064	1
g08546	0	8	2	9	0	0.485380116959064	1
g09202	0	8	2	9	0	0.485380116959064	1
g08487	0	8	2	9	0	0.485380116959064	1
g08767	0	8	2	9	0	0.485380116959064	1
g09041	0	8	2	9	0	0.485380116959064	1
g05679	2	6	0	11	Inf	0.16374269005848	1
g04763	2	6	0	11	Inf	0.16374269005848	1
g09551	2	6	0	11	Inf	0.16374269005848	1
g04273	1	7	1	10	1.40150553187629	1	1
g06826	1	7	1	10	1.40150553187629	1	1
g09190	0	8	2	9	0	0.485380116959064	1
g06681	0	8	2	9	0	0.485380116959064	1
g04283	0	8	2	9	0	0.485380116959064	1
g04355	0	8	2	9	0	0.485380116959064	1
g06197	0	8	2	9	0	0.485380116959064	1
g08439	0	8	2	9	0	0.485380116959064	1
g04657	0	8	2	9	0	0.485380116959064	1
g08531	0	8	2	9	0	0.485380116959064	1
g09237	2	6	0	11	Inf	0.16374269005848	1
g06666	2	6	0	11	Inf	0.16374269005848	1
g09383	2	6	0	11	Inf	0.16374269005848	1
g05498	2	6	0	11	Inf	0.16374269005848	1
g06069	2	6	0	11	Inf	0.16374269005848	1
g09092	2	6	0	11	Inf	0.16374269005848	1
g07128	0	8	2	9	0	0.485380116959064	1
g08680	0	8	2	9	0	0.485380116959064	1
g09303	0	8	2	9	0	0.485380116959064	1
g08833	0	8	2	9	0	0.485380116959064	1
g08294	0	8	2	9	0	0.485380116959064	1
g06503	0	8	2	9	0	0.485380116959064	1
g07315	0	8	2	9	0	0.485380116959064	1
g07722	0	8	2	9	0	0.485380116959064	1
g07361	0	8	2	9	0	0.485380116959064	1
g04669	0	8	2	9	0	0.485380116959064	1
g07399	1	7	1	10	1.40150553187629	1	1
g04908	1	7	1	10	1.40150553187629	1	1
g06699	1	7	1	10	1.40150553187629	1	1
g05350	1	7	1	10	1.40150553187629	1	1
g08590	0	8	2	9	0	0.485380116959064	1
g08894	0	8	2	9	0	0.485380116959064	1
g08893	0	8	2	9	0	0.485380116959064	1
g05393	0	8	2	9	0	0.485380116959064	1
g06023	0	8	2	9	0	0.485380116959064	1
g04789	0	8	2	9	0	0.485380116959064	1
g04572	2	6	0	11	Inf	0.16374269005848	1
g04574	2	6	0	11	Inf	0.16374269005848	1
g07316	1	7	1	10	1.40150553187629	1	1
g05284	1	7	1	10	1.40150553187629	1	1
g05996	0	8	2	9	0	0.485380116959064	1
g08138	0	8	2	9	0	0.485380116959064	1
g05932	0	8	2	9	0	0.485380116959064	1
g07626	1	7	1	10	1.40150553187629	1	1
g09065	2	6	0	11	Inf	0.16374269005848	1
g09405	2	6	0	11	Inf	0.16374269005848	1
g06517	2	6	0	11	Inf	0.16374269005848	1
g08440	2	6	0	11	Inf	0.16374269005848	1
g07732	0	8	2	9	0	0.485380116959064	1
g08769	0	8	2	9	0	0.485380116959064	1
g06093	0	8	2	9	0	0.485380116959064	1
g06121	0	8	2	9	0	0.485380116959064	1
g06899	0	8	2	9	0	0.485380116959064	1
g06410	0	8	2	9	0	0.485380116959064	1
g06137	2	6	0	11	Inf	0.16374269005848	1
g04496	2	6	0	11	Inf	0.16374269005848	1
g04205	0	8	2	9	0	0.485380116959064	1
g03980	0	8	2	9	0	0.485380116959064	1
g07350	2	6	0	11	Inf	0.16374269005848	1
g04885	2	6	0	11	Inf	0.16374269005848	1
g05146	2	6	0	11	Inf	0.16374269005848	1
g04920	2	6	0	11	Inf	0.16374269005848	1
g07594	0	8	2	9	0	0.485380116959064	1
g08699	0	8	2	9	0	0.485380116959064	1
g03826	0	8	2	9	0	0.485380116959064	1
g03876	0	8	2	9	0	0.485380116959064	1
g06140	0	8	2	9	0	0.485380116959064	1
g09194	0	8	2	9	0	0.485380116959064	1
g06026	2	6	0	11	Inf	0.16374269005848	1
g05806	2	6	0	11	Inf	0.16374269005848	1
g06544	0	8	2	9	0	0.485380116959064	1
g04762	0	8	2	9	0	0.485380116959064	1
g05325	0	8	2	9	0	0.485380116959064	1
g06686	0	8	2	9	0	0.485380116959064	1
g05693	0	8	2	9	0	0.485380116959064	1
g09527	0	8	2	9	0	0.485380116959064	1
g08891	0	8	2	9	0	0.485380116959064	1
g05162	0	8	2	9	0	0.485380116959064	1
g06543	2	6	0	11	Inf	0.16374269005848	1
g04801	2	6	0	11	Inf	0.16374269005848	1
g04636	1	7	1	10	1.40150553187629	1	1
g07675	1	7	1	10	1.40150553187629	1	1
g07363	0	8	2	9	0	0.485380116959064	1
g08687	0	8	2	9	0	0.485380116959064	1
g03956	1	7	1	10	1.40150553187629	1	1
g06706	1	7	1	10	1.40150553187629	1	1
g04618	1	7	1	10	1.40150553187629	1	1
g07653	1	7	1	10	1.40150553187629	1	1
g04011	2	6	0	11	Inf	0.16374269005848	1
g03748	1	7	1	10	1.40150553187629	1	1
g04667	0	8	2	9	0	0.485380116959064	1
g08945	0	8	2	9	0	0.485380116959064	1
g04486	0	8	2	9	0	0.485380116959064	1
g06919	0	8	2	9	0	0.485380116959064	1
g05065	0	8	2	9	0	0.485380116959064	1
g07741	0	8	2	9	0	0.485380116959064	1
g07063	0	8	2	9	0	0.485380116959064	1
g03853	0	8	2	9	0	0.485380116959064	1
g04245	1	7	1	10	1.40150553187629	1	1
g07718	1	7	1	10	1.40150553187629	1	1
g08995	2	6	0	11	Inf	0.16374269005848	1
g04122	0	8	2	9	0	0.485380116959064	1
g04652	0	8	2	9	0	0.485380116959064	1
g08033	0	8	2	9	0	0.485380116959064	1
g05492	0	8	2	9	0	0.485380116959064	1
g07905	0	8	2	9	0	0.485380116959064	1
g09206	2	6	0	11	Inf	0.16374269005848	1
g05772	1	7	1	10	1.40150553187629	1	1
g04005	1	7	1	10	1.40150553187629	1	1
g08304	0	8	2	9	0	0.485380116959064	1
g08449	2	6	0	11	Inf	0.16374269005848	1
g09263	2	6	0	11	Inf	0.16374269005848	1
g08806	2	6	0	11	Inf	0.16374269005848	1
g05853	0	8	2	9	0	0.485380116959064	1
g08518	0	8	2	9	0	0.485380116959064	1
g09391	0	8	2	9	0	0.485380116959064	1
g04725	1	7	1	10	1.40150553187629	1	1
g07892	2	6	0	11	Inf	0.16374269005848	1
g08641	0	8	2	9	0	0.485380116959064	1
g07758	2	6	0	11	Inf	0.16374269005848	1
g04342	1	7	1	10	1.40150553187629	1	1
g06892	0	8	2	9	0	0.485380116959064	1
g09523	0	8	2	9	0	0.485380116959064	1
g04038	1	7	1	10	1.40150553187629	1	1
g08399	1	7	1	10	1.40150553187629	1	1
g07678	0	8	2	9	0	0.485380116959064	1
g08167	0	8	2	9	0	0.485380116959064	1
g09165	2	6	0	11	Inf	0.16374269005848	1
g07491	1	7	1	10	1.40150553187629	1	1
g05360	0	8	2	9	0	0.485380116959064	1
g07786	1	7	1	10	1.40150553187629	1	1
g04262	2	6	0	11	Inf	0.16374269005848	1
g06442	2	6	0	11	Inf	0.16374269005848	1
g08225	0	8	2	9	0	0.485380116959064	1
g05223	1	7	1	10	1.40150553187629	1	1
g06795	0	8	2	9	0	0.485380116959064	1
g06568	0	8	2	9	0	0.485380116959064	1
g08144	0	8	2	9	0	0.485380116959064	1
g08937	2	6	0	11	Inf	0.16374269005848	1
g09472	0	8	2	9	0	0.485380116959064	1
g05126	0	8	2	9	0	0.485380116959064	1
g09005	0	8	2	9	0	0.485380116959064	1
g08557	0	8	2	9	0	0.485380116959064	1
g06743	1	7	1	10	1.40150553187629	1	1
g08311	0	8	2	9	0	0.485380116959064	1
g04422	0	8	2	9	0	0.485380116959064	1
g03872	1	7	1	10	1.40150553187629	1	1
g04043	2	6	0	11	Inf	0.16374269005848	1
g04058	0	8	2	9	0	0.485380116959064	1
g04116	0	8	2	9	0	0.485380116959064	1
g07477	2	6	0	11	Inf	0.16374269005848	1
g04411	2	6	0	11	Inf	0.16374269005848	1
g04149	1	7	1	10	1.40150553187629	1	1
g08291	2	6	0	11	Inf	0.16374269005848	1
g06426	2	6	0	11	Inf	0.16374269005848	1
g07987	0	8	2	9	0	0.485380116959064	1
g06318	0	8	2	9	0	0.485380116959064	1
g09505	0	8	2	9	0	0.485380116959064	1
g07097	0	8	2	9	0	0.485380116959064	1
g08668	1	7	1	10	1.40150553187629	1	1
g07339	1	7	1	10	1.40150553187629	1	1
g05009	1	7	1	10	1.40150553187629	1	1
g09422	0	8	2	9	0	0.485380116959064	1
g09368	2	6	0	11	Inf	0.16374269005848	1
g09450	1	7	1	10	1.40150553187629	1	1
g03916	1	7	1	10	1.40150553187629	1	1
g06812	0	8	2	9	0	0.485380116959064	1
g05156	0	8	2	9	0	0.485380116959064	1
g04513	0	8	2	9	0	0.485380116959064	1
g05141	1	7	1	10	1.40150553187629	1	1
g04507	0	8	2	9	0	0.485380116959064	1
g03923	1	7	1	10	1.40150553187629	1	1
g07529	1	7	1	10	1.40150553187629	1	1
g03893	2	6	0	11	Inf	0.16374269005848	1
g05414	1	7	1	10	1.40150553187629	1	1
g07830	2	6	0	11	Inf	0.16374269005848	1
g04345	1	7	1	10	1.40150553187629	1	1
g04155	1	7	1	10	1.40150553187629	1	1
g04154	1	7	1	10	1.40150553187629	1	1
g03827	2	6	0	11	Inf	0.16374269005848	1
g08578	2	6	0	11	Inf	0.16374269005848	1
g07747	2	6	0	11	Inf	0.16374269005848	1
g04279	0	8	2	9	0	0.485380116959064	1
g04181	2	6	0	11	Inf	0.16374269005848	1
g07954	0	8	2	9	0	0.485380116959064	1
g08139	2	6	0	11	Inf	0.16374269005848	1
g06979	0	8	2	9	0	0.485380116959064	1
g04524	0	8	2	9	0	0.485380116959064	1
g03775	2	6	0	11	Inf	0.16374269005848	1
g07810	1	7	1	10	1.40150553187629	1	1
g06173	0	8	2	9	0	0.485380116959064	1
g03942	1	7	1	10	1.40150553187629	1	1
g07424	1	7	1	10	1.40150553187629	1	1
g06604	1	7	1	10	1.40150553187629	1	1
g04359	0	8	2	9	0	0.485380116959064	1
g08722	1	7	1	10	1.40150553187629	1	1
g08819	1	7	1	10	1.40150553187629	1	1
g04685	0	8	2	9	0	0.485380116959064	1
g04471	1	7	1	10	1.40150553187629	1	1
g04193	0	8	2	9	0	0.485380116959064	1
g08834	1	7	1	10	1.40150553187629	1	1
g08119	2	6	0	11	Inf	0.16374269005848	1
g07419	0	8	2	9	0	0.485380116959064	1
g07258	0	8	2	9	0	0.485380116959064	1
g05712	0	8	2	9	0	0.485380116959064	1
g05268	2	6	0	11	Inf	0.16374269005848	1
g04542	0	8	2	9	0	0.485380116959064	1
g05514	0	8	2	9	0	0.485380116959064	1
g08776	0	8	2	9	0	0.485380116959064	1
g09434	0	8	2	9	0	0.485380116959064	1
g04050	0	8	2	9	0	0.485380116959064	1
g06574	2	6	0	11	Inf	0.16374269005848	1
g04315	0	8	2	9	0	0.485380116959064	1
g03985	0	8	2	9	0	0.485380116959064	1
g08732	2	6	0	11	Inf	0.16374269005848	1
g03449	0	8	2	9	0	0.485380116959064	1
g05799	0	8	2	9	0	0.485380116959064	1
g09170	0	8	2	9	0	0.485380116959064	1
g08613	0	8	2	9	0	0.485380116959064	1
g04027	0	8	2	9	0	0.485380116959064	1
g05699	0	8	2	9	0	0.485380116959064	1
g05673	1	7	1	10	1.40150553187629	1	1
g04734	0	8	2	9	0	0.485380116959064	1
g04196	1	7	1	10	1.40150553187629	1	1
g08569	2	6	0	11	Inf	0.16374269005848	1
g04036	0	8	2	9	0	0.485380116959064	1
g06185	2	6	0	11	Inf	0.16374269005848	1
g05765	2	6	0	11	Inf	0.16374269005848	1
g08272	0	8	2	9	0	0.485380116959064	1
g03817	1	7	1	10	1.40150553187629	1	1
g04007	1	7	1	10	1.40150553187629	1	1
g06651	0	8	2	9	0	0.485380116959064	1
g06791	0	8	2	9	0	0.485380116959064	1
g03910	0	8	2	9	0	0.485380116959064	1
g05951	2	6	0	11	Inf	0.16374269005848	1
g08091	0	8	2	9	0	0.485380116959064	1
g07422	2	6	0	11	Inf	0.16374269005848	1
g04304	0	8	2	9	0	0.485380116959064	1
g07880	2	6	0	11	Inf	0.16374269005848	1
g05165	1	7	1	10	1.40150553187629	1	1
g06488	0	8	2	9	0	0.485380116959064	1
g08285	0	8	2	9	0	0.485380116959064	1
g04875	1	7	1	10	1.40150553187629	1	1
g03434	1	7	1	10	1.40150553187629	1	1
g07156	1	7	1	10	1.40150553187629	1	1
g04045	0	8	2	9	0	0.485380116959064	1
g05123	0	8	2	9	0	0.485380116959064	1
g05805	0	8	2	9	0	0.485380116959064	1
g06827	0	8	2	9	0	0.485380116959064	1
g07753	2	6	0	11	Inf	0.16374269005848	1
g05517	0	8	2	9	0	0.485380116959064	1
g09008	0	8	2	9	0	0.485380116959064	1
g04610	0	8	2	9	0	0.485380116959064	1
g06653	0	8	2	9	0	0.485380116959064	1
g03984	0	8	2	9	0	0.485380116959064	1
g08998	0	8	2	9	0	0.485380116959064	1
g04905	2	6	0	11	Inf	0.16374269005848	1
g03757	0	8	2	9	0	0.485380116959064	1
g08950	0	8	2	9	0	0.485380116959064	1
g04041	1	7	1	10	1.40150553187629	1	1
g04485	0	8	2	9	0	0.485380116959064	1
g04314	1	7	1	10	1.40150553187629	1	1
g06859	2	6	0	11	Inf	0.16374269005848	1
g09343	1	7	1	10	1.40150553187629	1	1
g09352	0	8	2	9	0	0.485380116959064	1
g07552	1	7	1	10	1.40150553187629	1	1
g04010	1	7	1	10	1.40150553187629	1	1
g03995	0	8	2	9	0	0.485380116959064	1
g08170	0	8	2	9	0	0.485380116959064	1
g09374	2	6	0	11	Inf	0.16374269005848	1
g06570	1	7	1	10	1.40150553187629	1	1
g04220	0	8	2	9	0	0.485380116959064	1
g06884	0	8	2	9	0	0.485380116959064	1
g08969	1	7	1	10	1.40150553187629	1	1
g05893	0	8	2	9	0	0.485380116959064	1
g06793	0	8	2	9	0	0.485380116959064	1
g07637	1	7	1	10	1.40150553187629	1	1
g07910	2	6	0	11	Inf	0.16374269005848	1
g09353	0	8	2	9	0	0.485380116959064	1
g04004	0	8	2	9	0	0.485380116959064	1
g06188	0	8	2	9	0	0.485380116959064	1
g07649	0	8	2	9	0	0.485380116959064	1
g07659	0	8	2	9	0	0.485380116959064	1
g07860	2	6	0	11	Inf	0.16374269005848	1
g05655	2	6	0	11	Inf	0.16374269005848	1
g05833	0	8	2	9	0	0.485380116959064	1
g04202	1	7	1	10	1.40150553187629	1	1
g09240	1	7	1	10	1.40150553187629	1	1
g04501	0	8	2	9	0	0.485380116959064	1
g09294	2	6	0	11	Inf	0.16374269005848	1
g04326	2	6	0	11	Inf	0.16374269005848	1
g04062	0	8	2	9	0	0.485380116959064	1
g03800	1	7	1	10	1.40150553187629	1	1
g07181	0	8	2	9	0	0.485380116959064	1
g09291	0	8	2	9	0	0.485380116959064	1
g07701	0	8	2	9	0	0.485380116959064	1
g09172	1	7	1	10	1.40150553187629	1	1
g09256	0	8	2	9	0	0.485380116959064	1
g04057	0	8	2	9	0	0.485380116959064	1
g04228	0	8	2	9	0	0.485380116959064	1
g05499	0	8	2	9	0	0.485380116959064	1
g09024	0	8	2	9	0	0.485380116959064	1
g07455	0	8	2	9	0	0.485380116959064	1
g06274	2	6	0	11	Inf	0.16374269005848	1
g06311	0	8	2	9	0	0.485380116959064	1
g04453	1	7	1	10	1.40150553187629	1	1
g07411	0	8	2	9	0	0.485380116959064	1
g08705	0	8	2	9	0	0.485380116959064	1
g09140	2	6	0	11	Inf	0.16374269005848	1
g04144	0	8	2	9	0	0.485380116959064	1
g04798	1	7	1	10	1.40150553187629	1	1
g04169	1	7	1	10	1.40150553187629	1	1
g05216	2	6	0	11	Inf	0.16374269005848	1
g04664	0	8	2	9	0	0.485380116959064	1
g03897	1	7	1	10	1.40150553187629	1	1
g04025	0	8	2	9	0	0.485380116959064	1
g06654	0	8	2	9	0	0.485380116959064	1
g07443	0	8	2	9	0	0.485380116959064	1
g04126	2	6	0	11	Inf	0.16374269005848	1
g09048	2	6	0	11	Inf	0.16374269005848	1
g08975	0	8	1	10	0	1	1
g06066	0	8	1	10	0	1	1
g05093	0	8	1	10	0	1	1
g09079	0	8	1	10	0	1	1
g06158	0	8	1	10	0	1	1
g05241	0	8	1	10	0	1	1
g07131	0	8	1	10	0	1	1
g08883	0	8	1	10	0	1	1
g05534	0	8	1	10	0	1	1
g07405	0	8	1	10	0	1	1
g07463	0	8	1	10	0	1	1
g09500	0	8	1	10	0	1	1
g06254	0	8	1	10	0	1	1
g08986	0	8	1	10	0	1	1
g05397	0	8	1	10	0	1	1
g05029	0	8	1	10	0	1	1
g08726	0	8	1	10	0	1	1
g07717	0	8	1	10	0	1	1
g07333	0	8	1	10	0	1	1
g08142	0	8	1	10	0	1	1
g05577	0	8	1	10	0	1	1
g08174	0	8	1	10	0	1	1
g09158	0	8	1	10	0	1	1
g08915	0	8	1	10	0	1	1
g08567	0	8	1	10	0	1	1
g07806	0	8	1	10	0	1	1
g08698	0	8	1	10	0	1	1
g06502	0	8	1	10	0	1	1
g08576	0	8	1	10	0	1	1
g04896	0	8	1	10	0	1	1
g08315	0	8	1	10	0	1	1
g05118	0	8	1	10	0	1	1
g07123	0	8	1	10	0	1	1
g08155	0	8	1	10	0	1	1
g07337	0	8	1	10	0	1	1
g07647	0	8	1	10	0	1	1
g08136	0	8	1	10	0	1	1
g09273	0	8	1	10	0	1	1
g06608	0	8	1	10	0	1	1
g04684	0	8	1	10	0	1	1
g06202	0	8	1	10	0	1	1
g09459	0	8	1	10	0	1	1
g08892	0	8	1	10	0	1	1
g05105	0	8	1	10	0	1	1
g08736	0	8	1	10	0	1	1
g04957	0	8	1	10	0	1	1
g09525	0	8	1	10	0	1	1
g06102	0	8	1	10	0	1	1
g07103	0	8	1	10	0	1	1
g07547	0	8	1	10	0	1	1
g06365	0	8	1	10	0	1	1
g07894	0	8	1	10	0	1	1
g06901	0	8	1	10	0	1	1
g07777	0	8	1	10	0	1	1
g08787	0	8	1	10	0	1	1
g04783	0	8	1	10	0	1	1
g08684	0	8	1	10	0	1	1
g06740	0	8	1	10	0	1	1
g08554	0	8	1	10	0	1	1
g07573	0	8	1	10	0	1	1
g05550	0	8	1	10	0	1	1
g04812	0	8	1	10	0	1	1
g07370	0	8	1	10	0	1	1
g04906	0	8	1	10	0	1	1
g09411	0	8	1	10	0	1	1
g07975	0	8	1	10	0	1	1
g08924	0	8	1	10	0	1	1
g06436	0	8	1	10	0	1	1
g08372	0	8	1	10	0	1	1
g06779	0	8	1	10	0	1	1
g05038	0	8	1	10	0	1	1
g05613	0	8	1	10	0	1	1
g06216	0	8	1	10	0	1	1
g07396	0	8	1	10	0	1	1
g05878	0	8	1	10	0	1	1
g07265	0	8	1	10	0	1	1
g06688	0	8	1	10	0	1	1
g05032	0	8	1	10	0	1	1
g05155	0	8	1	10	0	1	1
g06078	0	8	1	10	0	1	1
g07632	0	8	1	10	0	1	1
g07973	0	8	1	10	0	1	1
g05501	0	8	1	10	0	1	1
g04876	0	8	1	10	0	1	1
g07896	0	8	1	10	0	1	1
g09393	0	8	1	10	0	1	1
g07997	0	8	1	10	0	1	1
g04998	0	8	1	10	0	1	1
g06282	0	8	1	10	0	1	1
g07907	0	8	1	10	0	1	1
g06460	0	8	1	10	0	1	1
g06849	0	8	1	10	0	1	1
g06011	0	8	1	10	0	1	1
g07027	0	8	1	10	0	1	1
g07936	0	8	1	10	0	1	1
g08422	0	8	1	10	0	1	1
g06548	0	8	1	10	0	1	1
g08643	0	8	1	10	0	1	1
g05526	0	8	1	10	0	1	1
g09448	0	8	1	10	0	1	1
g05553	0	8	1	10	0	1	1
g08948	0	8	1	10	0	1	1
g05051	0	8	1	10	0	1	1
g05054	0	8	1	10	0	1	1
g07654	0	8	1	10	0	1	1
g08874	0	8	1	10	0	1	1
g06853	0	8	1	10	0	1	1
g05929	0	8	1	10	0	1	1
g06147	0	8	1	10	0	1	1
g06813	0	8	1	10	0	1	1
g08718	0	8	1	10	0	1	1
g05074	0	8	1	10	0	1	1
g06526	0	8	1	10	0	1	1
g07546	0	8	1	10	0	1	1
g06521	0	8	1	10	0	1	1
g04892	0	8	1	10	0	1	1
g07599	0	8	1	10	0	1	1
g06940	0	8	1	10	0	1	1
g07304	0	8	1	10	0	1	1
g05358	0	8	1	10	0	1	1
g04960	0	8	1	10	0	1	1
g04854	0	8	1	10	0	1	1
g08900	0	8	1	10	0	1	1
g08448	0	8	1	10	0	1	1
g06980	0	8	1	10	0	1	1
g07334	0	8	1	10	0	1	1
g08811	0	8	1	10	0	1	1
g05911	0	8	1	10	0	1	1
g06600	0	8	1	10	0	1	1
g09149	0	8	1	10	0	1	1
g08419	0	8	1	10	0	1	1
g08025	0	8	1	10	0	1	1
g04682	0	8	1	10	0	1	1
g05832	0	8	1	10	0	1	1
g05954	0	8	1	10	0	1	1
g08619	0	8	1	10	0	1	1
g07770	0	8	1	10	0	1	1
g08206	0	8	1	10	0	1	1
g06062	0	8	1	10	0	1	1
g07085	0	8	1	10	0	1	1
g05666	0	8	1	10	0	1	1
g06360	0	8	1	10	0	1	1
g05036	0	8	1	10	0	1	1
g04633	0	8	1	10	0	1	1
g06816	0	8	1	10	0	1	1
g07600	0	8	1	10	0	1	1
g05006	0	8	1	10	0	1	1
g05825	0	8	1	10	0	1	1
g06292	0	8	1	10	0	1	1
g05740	0	8	1	10	0	1	1
g05753	0	8	1	10	0	1	1
g07862	0	8	1	10	0	1	1
g08101	0	8	1	10	0	1	1
g08916	0	8	1	10	0	1	1
g08043	0	8	1	10	0	1	1
g07966	0	8	1	10	0	1	1
g08861	0	8	1	10	0	1	1
g08517	0	8	1	10	0	1	1
g07878	0	8	1	10	0	1	1
g05292	0	8	1	10	0	1	1
g05788	0	8	1	10	0	1	1
g06668	0	8	1	10	0	1	1
g08896	0	8	1	10	0	1	1
g07089	0	8	1	10	0	1	1
g05558	0	8	1	10	0	1	1
g08346	0	8	1	10	0	1	1
g05663	0	8	1	10	0	1	1
g09233	0	8	1	10	0	1	1
g05991	0	8	1	10	0	1	1
g06443	0	8	1	10	0	1	1
g08637	0	8	1	10	0	1	1
g09209	0	8	1	10	0	1	1
g06194	0	8	1	10	0	1	1
g09373	0	8	1	10	0	1	1
g07817	0	8	1	10	0	1	1
g05097	0	8	1	10	0	1	1
g08198	0	8	1	10	0	1	1
g05269	0	8	1	10	0	1	1
g05405	0	8	1	10	0	1	1
g08933	0	8	1	10	0	1	1
g07781	0	8	1	10	0	1	1
g08362	0	8	1	10	0	1	1
g05048	0	8	1	10	0	1	1
g04807	0	8	1	10	0	1	1
g05207	0	8	1	10	0	1	1
g09501	1	7	0	11	Inf	0.421052631578947	1
g05346	1	7	0	11	Inf	0.421052631578947	1
g06801	1	7	0	11	Inf	0.421052631578947	1
g05289	1	7	0	11	Inf	0.421052631578947	1
g05946	1	7	0	11	Inf	0.421052631578947	1
g07084	1	7	0	11	Inf	0.421052631578947	1
g07662	1	7	0	11	Inf	0.421052631578947	1
g08530	1	7	0	11	Inf	0.421052631578947	1
g06051	1	7	0	11	Inf	0.421052631578947	1
g07447	1	7	0	11	Inf	0.421052631578947	1
g05863	1	7	0	11	Inf	0.421052631578947	1
g08483	1	7	0	11	Inf	0.421052631578947	1
g06902	1	7	0	11	Inf	0.421052631578947	1
g07835	1	7	0	11	Inf	0.421052631578947	1
g09549	1	7	0	11	Inf	0.421052631578947	1
g05619	1	7	0	11	Inf	0.421052631578947	1
g05004	1	7	0	11	Inf	0.421052631578947	1
g05530	1	7	0	11	Inf	0.421052631578947	1
g08686	1	7	0	11	Inf	0.421052631578947	1
g07284	1	7	0	11	Inf	0.421052631578947	1
g05976	1	7	0	11	Inf	0.421052631578947	1
g05967	1	7	0	11	Inf	0.421052631578947	1
g06764	1	7	0	11	Inf	0.421052631578947	1
g06012	1	7	0	11	Inf	0.421052631578947	1
g06560	1	7	0	11	Inf	0.421052631578947	1
g05643	1	7	0	11	Inf	0.421052631578947	1
g07254	1	7	0	11	Inf	0.421052631578947	1
g08503	1	7	0	11	Inf	0.421052631578947	1
g08234	1	7	0	11	Inf	0.421052631578947	1
g05515	1	7	0	11	Inf	0.421052631578947	1
g09143	1	7	0	11	Inf	0.421052631578947	1
g08024	1	7	0	11	Inf	0.421052631578947	1
g05955	1	7	0	11	Inf	0.421052631578947	1
g05094	1	7	0	11	Inf	0.421052631578947	1
g06429	1	7	0	11	Inf	0.421052631578947	1
g06645	1	7	0	11	Inf	0.421052631578947	1
g07984	1	7	0	11	Inf	0.421052631578947	1
g05512	1	7	0	11	Inf	0.421052631578947	1
g05078	1	7	0	11	Inf	0.421052631578947	1
g09124	1	7	0	11	Inf	0.421052631578947	1
g05800	1	7	0	11	Inf	0.421052631578947	1
g06926	1	7	0	11	Inf	0.421052631578947	1
g08193	1	7	0	11	Inf	0.421052631578947	1
g06575	1	7	0	11	Inf	0.421052631578947	1
g07340	1	7	0	11	Inf	0.421052631578947	1
g04757	1	7	0	11	Inf	0.421052631578947	1
g08343	1	7	0	11	Inf	0.421052631578947	1
g05151	1	7	0	11	Inf	0.421052631578947	1
g08510	1	7	0	11	Inf	0.421052631578947	1
g08498	1	7	0	11	Inf	0.421052631578947	1
g09361	1	7	0	11	Inf	0.421052631578947	1
g06753	1	7	0	11	Inf	0.421052631578947	1
g09167	1	7	0	11	Inf	0.421052631578947	1
g08158	1	7	0	11	Inf	0.421052631578947	1
g06027	1	7	0	11	Inf	0.421052631578947	1
g06603	1	7	0	11	Inf	0.421052631578947	1
g08271	1	7	0	11	Inf	0.421052631578947	1
g07776	1	7	0	11	Inf	0.421052631578947	1
g05311	1	7	0	11	Inf	0.421052631578947	1
g05848	1	7	0	11	Inf	0.421052631578947	1
g07034	1	7	0	11	Inf	0.421052631578947	1
g08633	1	7	0	11	Inf	0.421052631578947	1
g06512	1	7	0	11	Inf	0.421052631578947	1
g07149	1	7	0	11	Inf	0.421052631578947	1
g06304	1	7	0	11	Inf	0.421052631578947	1
g08688	1	7	0	11	Inf	0.421052631578947	1
g05407	1	7	0	11	Inf	0.421052631578947	1
g06235	1	7	0	11	Inf	0.421052631578947	1
g05050	1	7	0	11	Inf	0.421052631578947	1
g06660	1	7	0	11	Inf	0.421052631578947	1
g05031	1	7	0	11	Inf	0.421052631578947	1
g06713	1	7	0	11	Inf	0.421052631578947	1
g05625	1	7	0	11	Inf	0.421052631578947	1
g07548	1	7	0	11	Inf	0.421052631578947	1
g05760	1	7	0	11	Inf	0.421052631578947	1
g06344	1	7	0	11	Inf	0.421052631578947	1
g06581	1	7	0	11	Inf	0.421052631578947	1
g05043	1	7	0	11	Inf	0.421052631578947	1
g08827	1	7	0	11	Inf	0.421052631578947	1
g04794	1	7	0	11	Inf	0.421052631578947	1
g05465	1	7	0	11	Inf	0.421052631578947	1
g05854	1	7	0	11	Inf	0.421052631578947	1
g05623	1	7	0	11	Inf	0.421052631578947	1
g05113	1	7	0	11	Inf	0.421052631578947	1
g08793	1	7	0	11	Inf	0.421052631578947	1
g08607	1	7	0	11	Inf	0.421052631578947	1
g07631	1	7	0	11	Inf	0.421052631578947	1
g05308	1	7	0	11	Inf	0.421052631578947	1
g05683	1	7	0	11	Inf	0.421052631578947	1
g09146	1	7	0	11	Inf	0.421052631578947	1
g08014	1	7	0	11	Inf	0.421052631578947	1
g05429	1	7	0	11	Inf	0.421052631578947	1
g05607	1	7	0	11	Inf	0.421052631578947	1
g06208	1	7	0	11	Inf	0.421052631578947	1
g05926	1	7	0	11	Inf	0.421052631578947	1
g05917	1	7	0	11	Inf	0.421052631578947	1
g05121	1	7	0	11	Inf	0.421052631578947	1
g07811	1	7	0	11	Inf	0.421052631578947	1
g06021	1	7	0	11	Inf	0.421052631578947	1
g06423	1	7	0	11	Inf	0.421052631578947	1
g08021	1	7	0	11	Inf	0.421052631578947	1
g09067	1	7	0	11	Inf	0.421052631578947	1
g08250	1	7	0	11	Inf	0.421052631578947	1
g08794	1	7	0	11	Inf	0.421052631578947	1
g08660	1	7	0	11	Inf	0.421052631578947	1
g05864	1	7	0	11	Inf	0.421052631578947	1
g06415	1	7	0	11	Inf	0.421052631578947	1
g09530	1	7	0	11	Inf	0.421052631578947	1
g08075	1	7	0	11	Inf	0.421052631578947	1
g07013	1	7	0	11	Inf	0.421052631578947	1
g07502	1	7	0	11	Inf	0.421052631578947	1
g07445	1	7	0	11	Inf	0.421052631578947	1
g05230	1	7	0	11	Inf	0.421052631578947	1
g07834	1	7	0	11	Inf	0.421052631578947	1
g08111	1	7	0	11	Inf	0.421052631578947	1
g07281	1	7	0	11	Inf	0.421052631578947	1
g05686	1	7	0	11	Inf	0.421052631578947	1
g05992	1	7	0	11	Inf	0.421052631578947	1
g06529	1	7	0	11	Inf	0.421052631578947	1
g05980	1	7	0	11	Inf	0.421052631578947	1
g04933	1	7	0	11	Inf	0.421052631578947	1
g07464	1	7	0	11	Inf	0.421052631578947	1
g06845	1	7	0	11	Inf	0.421052631578947	1
g05696	1	7	0	11	Inf	0.421052631578947	1
g05562	1	7	0	11	Inf	0.421052631578947	1
g08435	1	7	0	11	Inf	0.421052631578947	1
g07177	1	7	0	11	Inf	0.421052631578947	1
g08866	1	7	0	11	Inf	0.421052631578947	1
g05747	1	7	0	11	Inf	0.421052631578947	1
g04627	1	7	0	11	Inf	0.421052631578947	1
g09277	1	7	0	11	Inf	0.421052631578947	1
g08534	1	7	0	11	Inf	0.421052631578947	1
g09522	1	7	0	11	Inf	0.421052631578947	1
g06593	1	7	0	11	Inf	0.421052631578947	1
g08905	1	7	0	11	Inf	0.421052631578947	1
g05720	1	7	0	11	Inf	0.421052631578947	1
g06206	1	7	0	11	Inf	0.421052631578947	1
g07008	1	7	0	11	Inf	0.421052631578947	1
g07617	1	7	0	11	Inf	0.421052631578947	1
g07726	1	7	0	11	Inf	0.421052631578947	1
g08588	1	7	0	11	Inf	0.421052631578947	1
g05020	1	7	0	11	Inf	0.421052631578947	1
g06594	1	7	0	11	Inf	0.421052631578947	1
g09093	1	7	0	11	Inf	0.421052631578947	1
g07583	1	7	0	11	Inf	0.421052631578947	1
g04623	1	7	0	11	Inf	0.421052631578947	1
g06388	1	7	0	11	Inf	0.421052631578947	1
g08696	1	7	0	11	Inf	0.421052631578947	1
g06427	1	7	0	11	Inf	0.421052631578947	1
g05136	1	7	0	11	Inf	0.421052631578947	1
g05544	1	7	0	11	Inf	0.421052631578947	1
g08282	1	7	0	11	Inf	0.421052631578947	1
g04630	1	7	0	11	Inf	0.421052631578947	1
g09045	1	7	0	11	Inf	0.421052631578947	1
g07075	1	7	0	11	Inf	0.421052631578947	1
g08279	1	7	0	11	Inf	0.421052631578947	1
g04979	1	7	0	11	Inf	0.421052631578947	1
g05225	1	7	0	11	Inf	0.421052631578947	1
g08971	1	7	0	11	Inf	0.421052631578947	1
g09159	1	7	0	11	Inf	0.421052631578947	1
g05624	1	7	0	11	Inf	0.421052631578947	1
g08965	1	7	0	11	Inf	0.421052631578947	1
g05022	1	7	0	11	Inf	0.421052631578947	1
g06835	1	7	0	11	Inf	0.421052631578947	1
g08989	1	7	0	11	Inf	0.421052631578947	1
g08262	1	7	0	11	Inf	0.421052631578947	1
g08907	1	7	0	11	Inf	0.421052631578947	1
g04806	1	7	0	11	Inf	0.421052631578947	1
g05845	1	7	0	11	Inf	0.421052631578947	1
g07692	1	7	0	11	Inf	0.421052631578947	1
g09454	1	7	0	11	Inf	0.421052631578947	1
g05513	1	7	0	11	Inf	0.421052631578947	1
g07200	1	7	0	11	Inf	0.421052631578947	1
g04850	1	7	0	11	Inf	0.421052631578947	1
g08182	1	7	0	11	Inf	0.421052631578947	1
g07902	1	7	0	11	Inf	0.421052631578947	1
g06817	1	7	0	11	Inf	0.421052631578947	1
g06256	1	7	0	11	Inf	0.421052631578947	1
g07382	1	7	0	11	Inf	0.421052631578947	1
g05966	1	7	0	11	Inf	0.421052631578947	1
g09310	1	7	0	11	Inf	0.421052631578947	1
g06243	1	7	0	11	Inf	0.421052631578947	1
g06943	0	8	1	10	0	1	1
g09074	0	8	1	10	0	1	1
g05466	0	8	1	10	0	1	1
g05981	0	8	1	10	0	1	1
g04973	0	8	1	10	0	1	1
g05476	0	8	1	10	0	1	1
g07125	0	8	1	10	0	1	1
g05508	0	8	1	10	0	1	1
g04980	0	8	1	10	0	1	1
g06746	0	8	1	10	0	1	1
g05802	0	8	1	10	0	1	1
g06742	0	8	1	10	0	1	1
g05682	0	8	1	10	0	1	1
g08169	0	8	1	10	0	1	1
g06584	0	8	1	10	0	1	1
g06990	0	8	1	10	0	1	1
g08943	0	8	1	10	0	1	1
g06741	0	8	1	10	0	1	1
g05172	0	8	1	10	0	1	1
g08275	0	8	1	10	0	1	1
g09555	0	8	1	10	0	1	1
g06797	0	8	1	10	0	1	1
g07872	0	8	1	10	0	1	1
g05846	0	8	1	10	0	1	1
g06151	0	8	1	10	0	1	1
g06009	0	8	1	10	0	1	1
g05803	0	8	1	10	0	1	1
g05936	0	8	1	10	0	1	1
g05175	0	8	1	10	0	1	1
g08151	0	8	1	10	0	1	1
g08297	0	8	1	10	0	1	1
g04632	0	8	1	10	0	1	1
g07367	0	8	1	10	0	1	1
g07694	0	8	1	10	0	1	1
g05044	0	8	1	10	0	1	1
g05994	0	8	1	10	0	1	1
g06086	0	8	1	10	0	1	1
g07638	0	8	1	10	0	1	1
g06486	0	8	1	10	0	1	1
g06199	0	8	1	10	0	1	1
g09210	0	8	1	10	0	1	1
g06708	0	8	1	10	0	1	1
g06903	0	8	1	10	0	1	1
g08475	0	8	1	10	0	1	1
g07561	0	8	1	10	0	1	1
g08755	0	8	1	10	0	1	1
g08565	0	8	1	10	0	1	1
g06133	0	8	1	10	0	1	1
g07542	0	8	1	10	0	1	1
g08610	0	8	1	10	0	1	1
g07735	0	8	1	10	0	1	1
g08243	0	8	1	10	0	1	1
g05989	0	8	1	10	0	1	1
g05695	0	8	1	10	0	1	1
g08622	0	8	1	10	0	1	1
g09036	0	8	1	10	0	1	1
g05435	0	8	1	10	0	1	1
g06483	0	8	1	10	0	1	1
g09235	0	8	1	10	0	1	1
g07769	0	8	1	10	0	1	1
g04604	0	8	1	10	0	1	1
g09382	0	8	1	10	0	1	1
g07146	0	8	1	10	0	1	1
g09260	0	8	1	10	0	1	1
g07293	0	8	1	10	0	1	1
g05046	0	8	1	10	0	1	1
g08103	0	8	1	10	0	1	1
g05409	0	8	1	10	0	1	1
g09319	0	8	1	10	0	1	1
g08432	0	8	1	10	0	1	1
g09014	0	8	1	10	0	1	1
g06154	1	7	0	11	Inf	0.421052631578947	1
g05855	1	7	0	11	Inf	0.421052631578947	1
g04864	1	7	0	11	Inf	0.421052631578947	1
g04817	1	7	0	11	Inf	0.421052631578947	1
g06166	1	7	0	11	Inf	0.421052631578947	1
g08424	1	7	0	11	Inf	0.421052631578947	1
g08917	1	7	0	11	Inf	0.421052631578947	1
g05731	1	7	0	11	Inf	0.421052631578947	1
g05504	1	7	0	11	Inf	0.421052631578947	1
g07534	1	7	0	11	Inf	0.421052631578947	1
g08845	1	7	0	11	Inf	0.421052631578947	1
g04829	1	7	0	11	Inf	0.421052631578947	1
g05014	1	7	0	11	Inf	0.421052631578947	1
g07737	1	7	0	11	Inf	0.421052631578947	1
g08358	1	7	0	11	Inf	0.421052631578947	1
g06626	1	7	0	11	Inf	0.421052631578947	1
g06505	1	7	0	11	Inf	0.421052631578947	1
g05201	1	7	0	11	Inf	0.421052631578947	1
g05653	1	7	0	11	Inf	0.421052631578947	1
g09128	1	7	0	11	Inf	0.421052631578947	1
g05384	1	7	0	11	Inf	0.421052631578947	1
g07047	1	7	0	11	Inf	0.421052631578947	1
g05278	1	7	0	11	Inf	0.421052631578947	1
g09052	1	7	0	11	Inf	0.421052631578947	1
g09078	1	7	0	11	Inf	0.421052631578947	1
g04792	1	7	0	11	Inf	0.421052631578947	1
g07672	1	7	0	11	Inf	0.421052631578947	1
g05116	1	7	0	11	Inf	0.421052631578947	1
g09392	1	7	0	11	Inf	0.421052631578947	1
g05131	1	7	0	11	Inf	0.421052631578947	1
g07469	1	7	0	11	Inf	0.421052631578947	1
g08007	1	7	0	11	Inf	0.421052631578947	1
g08071	1	7	0	11	Inf	0.421052631578947	1
g08203	1	7	0	11	Inf	0.421052631578947	1
g08961	1	7	0	11	Inf	0.421052631578947	1
g08754	1	7	0	11	Inf	0.421052631578947	1
g09063	1	7	0	11	Inf	0.421052631578947	1
g08632	1	7	0	11	Inf	0.421052631578947	1
g05138	1	7	0	11	Inf	0.421052631578947	1
g09056	1	7	0	11	Inf	0.421052631578947	1
g07844	1	7	0	11	Inf	0.421052631578947	1
g06555	1	7	0	11	Inf	0.421052631578947	1
g06726	1	7	0	11	Inf	0.421052631578947	1
g08329	1	7	0	11	Inf	0.421052631578947	1
g04704	1	7	0	11	Inf	0.421052631578947	1
g08701	1	7	0	11	Inf	0.421052631578947	1
g07278	1	7	0	11	Inf	0.421052631578947	1
g05506	1	7	0	11	Inf	0.421052631578947	1
g08964	1	7	0	11	Inf	0.421052631578947	1
g08910	1	7	0	11	Inf	0.421052631578947	1
g05073	1	7	0	11	Inf	0.421052631578947	1
g08150	1	7	0	11	Inf	0.421052631578947	1
g06788	1	7	0	11	Inf	0.421052631578947	1
g08828	1	7	0	11	Inf	0.421052631578947	1
g04926	1	7	0	11	Inf	0.421052631578947	1
g07687	1	7	0	11	Inf	0.421052631578947	1
g07144	1	7	0	11	Inf	0.421052631578947	1
g07928	1	7	0	11	Inf	0.421052631578947	1
g05627	1	7	0	11	Inf	0.421052631578947	1
g08471	1	7	0	11	Inf	0.421052631578947	1
g05107	1	7	0	11	Inf	0.421052631578947	1
g09252	1	7	0	11	Inf	0.421052631578947	1
g07033	0	8	1	10	0	1	1
g08825	0	8	1	10	0	1	1
g07608	0	8	1	10	0	1	1
g05717	0	8	1	10	0	1	1
g08016	0	8	1	10	0	1	1
g08669	0	8	1	10	0	1	1
g09333	0	8	1	10	0	1	1
g07433	0	8	1	10	0	1	1
g05312	0	8	1	10	0	1	1
g09502	0	8	1	10	0	1	1
g06117	0	8	1	10	0	1	1
g06105	0	8	1	10	0	1	1
g04871	0	8	1	10	0	1	1
g07668	0	8	1	10	0	1	1
g05322	0	8	1	10	0	1	1
g06997	0	8	1	10	0	1	1
g05608	0	8	1	10	0	1	1
g08048	0	8	1	10	0	1	1
g05690	0	8	1	10	0	1	1
g08273	0	8	1	10	0	1	1
g06008	0	8	1	10	0	1	1
g06209	0	8	1	10	0	1	1
g05152	0	8	1	10	0	1	1
g04814	0	8	1	10	0	1	1
g05091	0	8	1	10	0	1	1
g04744	0	8	1	10	0	1	1
g09040	0	8	1	10	0	1	1
g07940	0	8	1	10	0	1	1
g08520	0	8	1	10	0	1	1
g08928	0	8	1	10	0	1	1
g05979	0	8	1	10	0	1	1
g07228	0	8	1	10	0	1	1
g08074	0	8	1	10	0	1	1
g07308	0	8	1	10	0	1	1
g08781	0	8	1	10	0	1	1
g06805	0	8	1	10	0	1	1
g07560	0	8	1	10	0	1	1
g07614	0	8	1	10	0	1	1
g04702	0	8	1	10	0	1	1
g06302	0	8	1	10	0	1	1
g09282	0	8	1	10	0	1	1
g07828	0	8	1	10	0	1	1
g06016	0	8	1	10	0	1	1
g08318	0	8	1	10	0	1	1
g05039	0	8	1	10	0	1	1
g05104	0	8	1	10	0	1	1
g06945	0	8	1	10	0	1	1
g05584	0	8	1	10	0	1	1
g07545	0	8	1	10	0	1	1
g05049	0	8	1	10	0	1	1
g06839	0	8	1	10	0	1	1
g07553	0	8	1	10	0	1	1
g09064	1	7	0	11	Inf	0.421052631578947	1
g07112	1	7	0	11	Inf	0.421052631578947	1
g05795	1	7	0	11	Inf	0.421052631578947	1
g06923	1	7	0	11	Inf	0.421052631578947	1
g05834	1	7	0	11	Inf	0.421052631578947	1
g06592	1	7	0	11	Inf	0.421052631578947	1
g06635	1	7	0	11	Inf	0.421052631578947	1
g09177	1	7	0	11	Inf	0.421052631578947	1
g06596	1	7	0	11	Inf	0.421052631578947	1
g08457	1	7	0	11	Inf	0.421052631578947	1
g05274	1	7	0	11	Inf	0.421052631578947	1
g07962	1	7	0	11	Inf	0.421052631578947	1
g07693	1	7	0	11	Inf	0.421052631578947	1
g07266	1	7	0	11	Inf	0.421052631578947	1
g08774	1	7	0	11	Inf	0.421052631578947	1
g06629	1	7	0	11	Inf	0.421052631578947	1
g09314	1	7	0	11	Inf	0.421052631578947	1
g04972	1	7	0	11	Inf	0.421052631578947	1
g05818	1	7	0	11	Inf	0.421052631578947	1
g08406	1	7	0	11	Inf	0.421052631578947	1
g08592	1	7	0	11	Inf	0.421052631578947	1
g09432	1	7	0	11	Inf	0.421052631578947	1
g05856	1	7	0	11	Inf	0.421052631578947	1
g06534	1	7	0	11	Inf	0.421052631578947	1
g08259	1	7	0	11	Inf	0.421052631578947	1
g07742	1	7	0	11	Inf	0.421052631578947	1
g09323	1	7	0	11	Inf	0.421052631578947	1
g07813	1	7	0	11	Inf	0.421052631578947	1
g06127	1	7	0	11	Inf	0.421052631578947	1
g07417	1	7	0	11	Inf	0.421052631578947	1
g07250	1	7	0	11	Inf	0.421052631578947	1
g08508	1	7	0	11	Inf	0.421052631578947	1
g06464	1	7	0	11	Inf	0.421052631578947	1
g07551	1	7	0	11	Inf	0.421052631578947	1
g04983	1	7	0	11	Inf	0.421052631578947	1
g08756	1	7	0	11	Inf	0.421052631578947	1
g06964	1	7	0	11	Inf	0.421052631578947	1
g08252	1	7	0	11	Inf	0.421052631578947	1
g06327	1	7	0	11	Inf	0.421052631578947	1
g07909	1	7	0	11	Inf	0.421052631578947	1
g04858	1	7	0	11	Inf	0.421052631578947	1
g07007	1	7	0	11	Inf	0.421052631578947	1
g04687	1	7	0	11	Inf	0.421052631578947	1
g08788	1	7	0	11	Inf	0.421052631578947	1
g09034	1	7	0	11	Inf	0.421052631578947	1
g05768	1	7	0	11	Inf	0.421052631578947	1
g09519	1	7	0	11	Inf	0.421052631578947	1
g09204	1	7	0	11	Inf	0.421052631578947	1
g09010	1	7	0	11	Inf	0.421052631578947	1
g07925	1	7	0	11	Inf	0.421052631578947	1
g08805	1	7	0	11	Inf	0.421052631578947	1
g09444	0	8	1	10	0	1	1
g05455	0	8	1	10	0	1	1
g04778	0	8	1	10	0	1	1
g05300	0	8	1	10	0	1	1
g05736	0	8	1	10	0	1	1
g08211	0	8	1	10	0	1	1
g08015	0	8	1	10	0	1	1
g06355	0	8	1	10	0	1	1
g05660	0	8	1	10	0	1	1
g08227	0	8	1	10	0	1	1
g06232	0	8	1	10	0	1	1
g08162	0	8	1	10	0	1	1
g08104	0	8	1	10	0	1	1
g07407	0	8	1	10	0	1	1
g05461	0	8	1	10	0	1	1
g06323	0	8	1	10	0	1	1
g08713	0	8	1	10	0	1	1
g07815	0	8	1	10	0	1	1
g05702	0	8	1	10	0	1	1
g04816	0	8	1	10	0	1	1
g08455	0	8	1	10	0	1	1
g05030	0	8	1	10	0	1	1
g07038	0	8	1	10	0	1	1
g08379	0	8	1	10	0	1	1
g05084	0	8	1	10	0	1	1
g07168	0	8	1	10	0	1	1
g05265	0	8	1	10	0	1	1
g04907	0	8	1	10	0	1	1
g09121	0	8	1	10	0	1	1
g09035	0	8	1	10	0	1	1
g08765	0	8	1	10	0	1	1
g09366	0	8	1	10	0	1	1
g05916	0	8	1	10	0	1	1
g08260	0	8	1	10	0	1	1
g04753	0	8	1	10	0	1	1
g06215	0	8	1	10	0	1	1
g07317	0	8	1	10	0	1	1
g06139	0	8	1	10	0	1	1
g06334	0	8	1	10	0	1	1
g06939	0	8	1	10	0	1	1
g05370	0	8	1	10	0	1	1
g06652	0	8	1	10	0	1	1
g06265	0	8	1	10	0	1	1
g08821	0	8	1	10	0	1	1
g04773	0	8	1	10	0	1	1
g07300	0	8	1	10	0	1	1
g09108	0	8	1	10	0	1	1
g08558	0	8	1	10	0	1	1
g06701	0	8	1	10	0	1	1
g07362	0	8	1	10	0	1	1
g04879	0	8	1	10	0	1	1
g04976	0	8	1	10	0	1	1
g08751	0	8	1	10	0	1	1
g09316	0	8	1	10	0	1	1
g06018	0	8	1	10	0	1	1
g05106	0	8	1	10	0	1	1
g06821	0	8	1	10	0	1	1
g05238	0	8	1	10	0	1	1
g05381	0	8	1	10	0	1	1
g08657	0	8	1	10	0	1	1
g07203	0	8	1	10	0	1	1
g08093	0	8	1	10	0	1	1
g05782	0	8	1	10	0	1	1
g06891	0	8	1	10	0	1	1
g09196	0	8	1	10	0	1	1
g08729	0	8	1	10	0	1	1
g07824	0	8	1	10	0	1	1
g07286	0	8	1	10	0	1	1
g07645	0	8	1	10	0	1	1
g08269	0	8	1	10	0	1	1
g05304	0	8	1	10	0	1	1
g06671	0	8	1	10	0	1	1
g09469	0	8	1	10	0	1	1
g07849	0	8	1	10	0	1	1
g06413	0	8	1	10	0	1	1
g05646	0	8	1	10	0	1	1
g06438	0	8	1	10	0	1	1
g07032	0	8	1	10	0	1	1
g07674	0	8	1	10	0	1	1
g06518	0	8	1	10	0	1	1
g06218	0	8	1	10	0	1	1
g06624	0	8	1	10	0	1	1
g05525	0	8	1	10	0	1	1
g06854	0	8	1	10	0	1	1
g09299	0	8	1	10	0	1	1
g05705	0	8	1	10	0	1	1
g04991	0	8	1	10	0	1	1
g08741	0	8	1	10	0	1	1
g07376	0	8	1	10	0	1	1
g08868	0	8	1	10	0	1	1
g05576	0	8	1	10	0	1	1
g05738	0	8	1	10	0	1	1
g09089	0	8	1	10	0	1	1
g04602	0	8	1	10	0	1	1
g07863	0	8	1	10	0	1	1
g05880	0	8	1	10	0	1	1
g07466	0	8	1	10	0	1	1
g09449	0	8	1	10	0	1	1
g06866	0	8	1	10	0	1	1
g04840	0	8	1	10	0	1	1
g06547	0	8	1	10	0	1	1
g04805	0	8	1	10	0	1	1
g08608	0	8	1	10	0	1	1
g04995	0	8	1	10	0	1	1
g06277	0	8	1	10	0	1	1
g07462	0	8	1	10	0	1	1
g06550	0	8	1	10	0	1	1
g08176	0	8	1	10	0	1	1
g07420	0	8	1	10	0	1	1
g06080	0	8	1	10	0	1	1
g06452	0	8	1	10	0	1	1
g04954	0	8	1	10	0	1	1
g08703	0	8	1	10	0	1	1
g08283	0	8	1	10	0	1	1
g08978	0	8	1	10	0	1	1
g08265	0	8	1	10	0	1	1
g06792	0	8	1	10	0	1	1
g05390	0	8	1	10	0	1	1
g04719	0	8	1	10	0	1	1
g07822	0	8	1	10	0	1	1
g05115	0	8	1	10	0	1	1
g05002	0	8	1	10	0	1	1
g07240	0	8	1	10	0	1	1
g08649	0	8	1	10	0	1	1
g06494	0	8	1	10	0	1	1
g05924	0	8	1	10	0	1	1
g05251	1	7	0	11	Inf	0.421052631578947	1
g04890	1	7	0	11	Inf	0.421052631578947	1
g07757	1	7	0	11	Inf	0.421052631578947	1
g08277	1	7	0	11	Inf	0.421052631578947	1
g07951	1	7	0	11	Inf	0.421052631578947	1
g07805	1	7	0	11	Inf	0.421052631578947	1
g08595	1	7	0	11	Inf	0.421052631578947	1
g07487	1	7	0	11	Inf	0.421052631578947	1
g07658	1	7	0	11	Inf	0.421052631578947	1
g06239	1	7	0	11	Inf	0.421052631578947	1
g08712	1	7	0	11	Inf	0.421052631578947	1
g09398	1	7	0	11	Inf	0.421052631578947	1
g05410	1	7	0	11	Inf	0.421052631578947	1
g06125	1	7	0	11	Inf	0.421052631578947	1
g08153	1	7	0	11	Inf	0.421052631578947	1
g06347	1	7	0	11	Inf	0.421052631578947	1
g06052	1	7	0	11	Inf	0.421052631578947	1
g09161	1	7	0	11	Inf	0.421052631578947	1
g09478	1	7	0	11	Inf	0.421052631578947	1
g05598	1	7	0	11	Inf	0.421052631578947	1
g07708	1	7	0	11	Inf	0.421052631578947	1
g08780	1	7	0	11	Inf	0.421052631578947	1
g08378	1	7	0	11	Inf	0.421052631578947	1
g06382	1	7	0	11	Inf	0.421052631578947	1
g06732	1	7	0	11	Inf	0.421052631578947	1
g05024	1	7	0	11	Inf	0.421052631578947	1
g07322	0	8	1	10	0	1	1
g05510	0	8	1	10	0	1	1
g06138	0	8	1	10	0	1	1
g08631	0	8	1	10	0	1	1
g07957	0	8	1	10	0	1	1
g06670	0	8	1	10	0	1	1
g05509	0	8	1	10	0	1	1
g08596	0	8	1	10	0	1	1
g09477	0	8	1	10	0	1	1
g06924	0	8	1	10	0	1	1
g05865	0	8	1	10	0	1	1
g08339	0	8	1	10	0	1	1
g08464	0	8	1	10	0	1	1
g05101	0	8	1	10	0	1	1
g08305	0	8	1	10	0	1	1
g07307	0	8	1	10	0	1	1
g05857	0	8	1	10	0	1	1
g06025	0	8	1	10	0	1	1
g06638	0	8	1	10	0	1	1
g04668	0	8	1	10	0	1	1
g06341	0	8	1	10	0	1	1
g07227	0	8	1	10	0	1	1
g05573	0	8	1	10	0	1	1
g08028	0	8	1	10	0	1	1
g07591	0	8	1	10	0	1	1
g09009	0	8	1	10	0	1	1
g09278	1	7	0	11	Inf	0.421052631578947	1
g06809	1	7	0	11	Inf	0.421052631578947	1
g06143	1	7	0	11	Inf	0.421052631578947	1
g06910	1	7	0	11	Inf	0.421052631578947	1
g05305	1	7	0	11	Inf	0.421052631578947	1
g05524	1	7	0	11	Inf	0.421052631578947	1
g08990	1	7	0	11	Inf	0.421052631578947	1
g05119	1	7	0	11	Inf	0.421052631578947	1
g05511	1	7	0	11	Inf	0.421052631578947	1
g05267	1	7	0	11	Inf	0.421052631578947	1
g06453	1	7	0	11	Inf	0.421052631578947	1
g06291	1	7	0	11	Inf	0.421052631578947	1
g05931	1	7	0	11	Inf	0.421052631578947	1
g08972	1	7	0	11	Inf	0.421052631578947	1
g07352	1	7	0	11	Inf	0.421052631578947	1
g09347	1	7	0	11	Inf	0.421052631578947	1
g08031	1	7	0	11	Inf	0.421052631578947	1
g08890	1	7	0	11	Inf	0.421052631578947	1
g04878	1	7	0	11	Inf	0.421052631578947	1
g07635	1	7	0	11	Inf	0.421052631578947	1
g09307	1	7	0	11	Inf	0.421052631578947	1
g05604	1	7	0	11	Inf	0.421052631578947	1
g09021	1	7	0	11	Inf	0.421052631578947	1
g05807	1	7	0	11	Inf	0.421052631578947	1
g07368	1	7	0	11	Inf	0.421052631578947	1
g07139	1	7	0	11	Inf	0.421052631578947	1
g07953	1	7	0	11	Inf	0.421052631578947	1
g08707	1	7	0	11	Inf	0.421052631578947	1
g08342	1	7	0	11	Inf	0.421052631578947	1
g08842	1	7	0	11	Inf	0.421052631578947	1
g05495	1	7	0	11	Inf	0.421052631578947	1
g08286	1	7	0	11	Inf	0.421052631578947	1
g06205	1	7	0	11	Inf	0.421052631578947	1
g05357	1	7	0	11	Inf	0.421052631578947	1
g05961	1	7	0	11	Inf	0.421052631578947	1
g06015	1	7	0	11	Inf	0.421052631578947	1
g09470	1	7	0	11	Inf	0.421052631578947	1
g09413	1	7	0	11	Inf	0.421052631578947	1
g08919	1	7	0	11	Inf	0.421052631578947	1
g06487	1	7	0	11	Inf	0.421052631578947	1
g06193	1	7	0	11	Inf	0.421052631578947	1
g06466	1	7	0	11	Inf	0.421052631578947	1
g06107	1	7	0	11	Inf	0.421052631578947	1
g05900	1	7	0	11	Inf	0.421052631578947	1
g05424	1	7	0	11	Inf	0.421052631578947	1
g07775	1	7	0	11	Inf	0.421052631578947	1
g07219	1	7	0	11	Inf	0.421052631578947	1
g07178	1	7	0	11	Inf	0.421052631578947	1
g09306	1	7	0	11	Inf	0.421052631578947	1
g09355	0	8	1	10	0	1	1
g04643	0	8	1	10	0	1	1
g06984	0	8	1	10	0	1	1
g05942	0	8	1	10	0	1	1
g06037	0	8	1	10	0	1	1
g09166	0	8	1	10	0	1	1
g07842	0	8	1	10	0	1	1
g06087	0	8	1	10	0	1	1
g05493	0	8	1	10	0	1	1
g06982	0	8	1	10	0	1	1
g07565	0	8	1	10	0	1	1
g06631	0	8	1	10	0	1	1
g05528	0	8	1	10	0	1	1
g09025	0	8	1	10	0	1	1
g07494	0	8	1	10	0	1	1
g07799	0	8	1	10	0	1	1
g06376	0	8	1	10	0	1	1
g05677	0	8	1	10	0	1	1
g05519	0	8	1	10	0	1	1
g06400	0	8	1	10	0	1	1
g05852	0	8	1	10	0	1	1
g05542	0	8	1	10	0	1	1
g06164	0	8	1	10	0	1	1
g06837	0	8	1	10	0	1	1
g08540	0	8	1	10	0	1	1
g07859	0	8	1	10	0	1	1
g08004	0	8	1	10	0	1	1
g05637	0	8	1	10	0	1	1
g08233	0	8	1	10	0	1	1
g05481	0	8	1	10	0	1	1
g05974	0	8	1	10	0	1	1
g07129	0	8	1	10	0	1	1
g05540	0	8	1	10	0	1	1
g07686	0	8	1	10	0	1	1
g07004	0	8	1	10	0	1	1
g08112	0	8	1	10	0	1	1
g06392	0	8	1	10	0	1	1
g08485	0	8	1	10	0	1	1
g09372	0	8	1	10	0	1	1
g04901	0	8	1	10	0	1	1
g08196	0	8	1	10	0	1	1
g09298	0	8	1	10	0	1	1
g08605	0	8	1	10	0	1	1
g08761	0	8	1	10	0	1	1
g08630	0	8	1	10	0	1	1
g04904	0	8	1	10	0	1	1
g06484	0	8	1	10	0	1	1
g05949	0	8	1	10	0	1	1
g08289	0	8	1	10	0	1	1
g06332	0	8	1	10	0	1	1
g04680	0	8	1	10	0	1	1
g08042	0	8	1	10	0	1	1
g05347	0	8	1	10	0	1	1
g05144	0	8	1	10	0	1	1
g07613	0	8	1	10	0	1	1
g09184	0	8	1	10	0	1	1
g07196	0	8	1	10	0	1	1
g09440	0	8	1	10	0	1	1
g06409	0	8	1	10	0	1	1
g05352	0	8	1	10	0	1	1
g05250	0	8	1	10	0	1	1
g08026	0	8	1	10	0	1	1
g09537	0	8	1	10	0	1	1
g08507	0	8	1	10	0	1	1
g06473	0	8	1	10	0	1	1
g08519	0	8	1	10	0	1	1
g09155	0	8	1	10	0	1	1
g05776	0	8	1	10	0	1	1
g07406	0	8	1	10	0	1	1
g06186	0	8	1	10	0	1	1
g07241	0	8	1	10	0	1	1
g06860	0	8	1	10	0	1	1
g09485	0	8	1	10	0	1	1
g08563	0	8	1	10	0	1	1
g05005	0	8	1	10	0	1	1
g08512	0	8	1	10	0	1	1
g05329	0	8	1	10	0	1	1
g05327	0	8	1	10	0	1	1
g07325	0	8	1	10	0	1	1
g04615	0	8	1	10	0	1	1
g09476	0	8	1	10	0	1	1
g09350	0	8	1	10	0	1	1
g05775	0	8	1	10	0	1	1
g05114	0	8	1	10	0	1	1
g05148	1	7	0	11	Inf	0.421052631578947	1
g06129	1	7	0	11	Inf	0.421052631578947	1
g05842	1	7	0	11	Inf	0.421052631578947	1
g06580	1	7	0	11	Inf	0.421052631578947	1
g06038	1	7	0	11	Inf	0.421052631578947	1
g05962	1	7	0	11	Inf	0.421052631578947	1
g08936	1	7	0	11	Inf	0.421052631578947	1
g04671	1	7	0	11	Inf	0.421052631578947	1
g05186	1	7	0	11	Inf	0.421052631578947	1
g05570	1	7	0	11	Inf	0.421052631578947	1
g07050	1	7	0	11	Inf	0.421052631578947	1
g06613	1	7	0	11	Inf	0.421052631578947	1
g08049	1	7	0	11	Inf	0.421052631578947	1
g05881	1	7	0	11	Inf	0.421052631578947	1
g08321	1	7	0	11	Inf	0.421052631578947	1
g05283	1	7	0	11	Inf	0.421052631578947	1
g04963	1	7	0	11	Inf	0.421052631578947	1
g06032	1	7	0	11	Inf	0.421052631578947	1
g07479	1	7	0	11	Inf	0.421052631578947	1
g07011	0	8	1	10	0	1	1
g08914	0	8	1	10	0	1	1
g04921	0	8	1	10	0	1	1
g07243	0	8	1	10	0	1	1
g08377	0	8	1	10	0	1	1
g08389	0	8	1	10	0	1	1
g08423	0	8	1	10	0	1	1
g07794	0	8	1	10	0	1	1
g07324	0	8	1	10	0	1	1
g06504	0	8	1	10	0	1	1
g07895	0	8	1	10	0	1	1
g04882	0	8	1	10	0	1	1
g05303	0	8	1	10	0	1	1
g08076	0	8	1	10	0	1	1
g08790	0	8	1	10	0	1	1
g08428	0	8	1	10	0	1	1
g07283	0	8	1	10	0	1	1
g05041	0	8	1	10	0	1	1
g07215	0	8	1	10	0	1	1
g05886	0	8	1	10	0	1	1
g05436	0	8	1	10	0	1	1
g07009	0	8	1	10	0	1	1
g07457	0	8	1	10	0	1	1
g05286	0	8	1	10	0	1	1
g06904	0	8	1	10	0	1	1
g06709	0	8	1	10	0	1	1
g09227	0	8	1	10	0	1	1
g05642	0	8	1	10	0	1	1
g05176	0	8	1	10	0	1	1
g04793	0	8	1	10	0	1	1
g05811	0	8	1	10	0	1	1
g08070	0	8	1	10	0	1	1
g08369	0	8	1	10	0	1	1
g06269	0	8	1	10	0	1	1
g05367	0	8	1	10	0	1	1
g08992	0	8	1	10	0	1	1
g09137	0	8	1	10	0	1	1
g07766	0	8	1	10	0	1	1
g06336	0	8	1	10	0	1	1
g08516	0	8	1	10	0	1	1
g07879	0	8	1	10	0	1	1
g08962	0	8	1	10	0	1	1
g06177	0	8	1	10	0	1	1
g06286	0	8	1	10	0	1	1
g05684	0	8	1	10	0	1	1
g06017	0	8	1	10	0	1	1
g07809	0	8	1	10	0	1	1
g09007	0	8	1	10	0	1	1
g05651	0	8	1	10	0	1	1
g09241	0	8	1	10	0	1	1
g05548	0	8	1	10	0	1	1
g07267	0	8	1	10	0	1	1
g07709	0	8	1	10	0	1	1
g04695	0	8	1	10	0	1	1
g07436	0	8	1	10	0	1	1
g04721	0	8	1	10	0	1	1
g04722	0	8	1	10	0	1	1
g08689	0	8	1	10	0	1	1
g09284	0	8	1	10	0	1	1
g08364	0	8	1	10	0	1	1
g05810	0	8	1	10	0	1	1
g08672	0	8	1	10	0	1	1
g06877	0	8	1	10	0	1	1
g08491	0	8	1	10	0	1	1
g07903	0	8	1	10	0	1	1
g05109	0	8	1	10	0	1	1
g09264	0	8	1	10	0	1	1
g07043	0	8	1	10	0	1	1
g07492	0	8	1	10	0	1	1
g07554	0	8	1	10	0	1	1
g06100	0	8	1	10	0	1	1
g07783	0	8	1	10	0	1	1
g04631	0	8	1	10	0	1	1
g06871	0	8	1	10	0	1	1
g07028	0	8	1	10	0	1	1
g07118	0	8	1	10	0	1	1
g06698	0	8	1	10	0	1	1
g08200	0	8	1	10	0	1	1
g05552	0	8	1	10	0	1	1
g04663	0	8	1	10	0	1	1
g05883	0	8	1	10	0	1	1
g06169	0	8	1	10	0	1	1
g06830	0	8	1	10	0	1	1
g07870	0	8	1	10	0	1	1
g07893	0	8	1	10	0	1	1
g08055	0	8	1	10	0	1	1
g07949	0	8	1	10	0	1	1
g04786	0	8	1	10	0	1	1
g09420	0	8	1	10	0	1	1
g08314	1	7	0	11	Inf	0.421052631578947	1
g05698	1	7	0	11	Inf	0.421052631578947	1
g06634	1	7	0	11	Inf	0.421052631578947	1
g05557	1	7	0	11	Inf	0.421052631578947	1
g09199	1	7	0	11	Inf	0.421052631578947	1
g06694	1	7	0	11	Inf	0.421052631578947	1
g07390	1	7	0	11	Inf	0.421052631578947	1
g06941	1	7	0	11	Inf	0.421052631578947	1
g08535	1	7	0	11	Inf	0.421052631578947	1
g05777	1	7	0	11	Inf	0.421052631578947	1
g09458	1	7	0	11	Inf	0.421052631578947	1
g05423	1	7	0	11	Inf	0.421052631578947	1
g04692	1	7	0	11	Inf	0.421052631578947	1
g07571	1	7	0	11	Inf	0.421052631578947	1
g05934	1	7	0	11	Inf	0.421052631578947	1
g04601	1	7	0	11	Inf	0.421052631578947	1
g04716	0	8	1	10	0	1	1
g05340	0	8	1	10	0	1	1
g05171	0	8	1	10	0	1	1
g08623	0	8	1	10	0	1	1
g06784	0	8	1	10	0	1	1
g06352	0	8	1	10	0	1	1
g04696	0	8	1	10	0	1	1
g05473	0	8	1	10	0	1	1
g08744	0	8	1	10	0	1	1
g07955	0	8	1	10	0	1	1
g06372	0	8	1	10	0	1	1
g08504	0	8	1	10	0	1	1
g06897	0	8	1	10	0	1	1
g05662	0	8	1	10	0	1	1
g09285	0	8	1	10	0	1	1
g05471	0	8	1	10	0	1	1
g05262	0	8	1	10	0	1	1
g08812	0	8	1	10	0	1	1
g07189	0	8	1	10	0	1	1
g06707	0	8	1	10	0	1	1
g07911	0	8	1	10	0	1	1
g07474	0	8	1	10	0	1	1
g04622	0	8	1	10	0	1	1
g07310	0	8	1	10	0	1	1
g08616	0	8	1	10	0	1	1
g05394	0	8	1	10	0	1	1
g07500	0	8	1	10	0	1	1
g06319	0	8	1	10	0	1	1
g09011	0	8	1	10	0	1	1
g09265	0	8	1	10	0	1	1
g07885	0	8	1	10	0	1	1
g09455	0	8	1	10	0	1	1
g06357	1	7	0	11	Inf	0.421052631578947	1
g05403	1	7	0	11	Inf	0.421052631578947	1
g09231	1	7	0	11	Inf	0.421052631578947	1
g08536	1	7	0	11	Inf	0.421052631578947	1
g08194	1	7	0	11	Inf	0.421052631578947	1
g05299	1	7	0	11	Inf	0.421052631578947	1
g08651	1	7	0	11	Inf	0.421052631578947	1
g05047	1	7	0	11	Inf	0.421052631578947	1
g08472	1	7	0	11	Inf	0.421052631578947	1
g07014	1	7	0	11	Inf	0.421052631578947	1
g04966	1	7	0	11	Inf	0.421052631578947	1
g09026	1	7	0	11	Inf	0.421052631578947	1
g08908	1	7	0	11	Inf	0.421052631578947	1
g09321	1	7	0	11	Inf	0.421052631578947	1
g05187	1	7	0	11	Inf	0.421052631578947	1
g04848	0	8	1	10	0	1	1
g05907	0	8	1	10	0	1	1
g08481	0	8	1	10	0	1	1
g08625	0	8	1	10	0	1	1
g07852	0	8	1	10	0	1	1
g09066	0	8	1	10	0	1	1
g04853	0	8	1	10	0	1	1
g05921	0	8	1	10	0	1	1
g07124	0	8	1	10	0	1	1
g07977	0	8	1	10	0	1	1
g07274	0	8	1	10	0	1	1
g04961	0	8	1	10	0	1	1
g04847	0	8	1	10	0	1	1
g06983	0	8	1	10	0	1	1
g07752	0	8	1	10	0	1	1
g05055	0	8	1	10	0	1	1
g04776	0	8	1	10	0	1	1
g06875	0	8	1	10	0	1	1
g06890	0	8	1	10	0	1	1
g07996	0	8	1	10	0	1	1
g04824	0	8	1	10	0	1	1
g09120	0	8	1	10	0	1	1
g06053	0	8	1	10	0	1	1
g04741	0	8	1	10	0	1	1
g06119	0	8	1	10	0	1	1
g05479	0	8	1	10	0	1	1
g05056	0	8	1	10	0	1	1
g05801	0	8	1	10	0	1	1
g05913	0	8	1	10	0	1	1
g05899	0	8	1	10	0	1	1
g05898	0	8	1	10	0	1	1
g08862	0	8	1	10	0	1	1
g09060	0	8	1	10	0	1	1
g04841	0	8	1	10	0	1	1
g08909	0	8	1	10	0	1	1
g08384	0	8	1	10	0	1	1
g08166	0	8	1	10	0	1	1
g07886	0	8	1	10	0	1	1
g06532	0	8	1	10	0	1	1
g05602	0	8	1	10	0	1	1
g06911	0	8	1	10	0	1	1
g08402	0	8	1	10	0	1	1
g09276	0	8	1	10	0	1	1
g07357	0	8	1	10	0	1	1
g09499	0	8	1	10	0	1	1
g09493	0	8	1	10	0	1	1
g07071	0	8	1	10	0	1	1
g07677	0	8	1	10	0	1	1
g04777	0	8	1	10	0	1	1
g05399	0	8	1	10	0	1	1
g08497	0	8	1	10	0	1	1
g04784	0	8	1	10	0	1	1
g05555	0	8	1	10	0	1	1
g04731	0	8	1	10	0	1	1
g05875	0	8	1	10	0	1	1
g08229	0	8	1	10	0	1	1
g08118	0	8	1	10	0	1	1
g05939	0	8	1	10	0	1	1
g06224	0	8	1	10	0	1	1
g07327	0	8	1	10	0	1	1
g05998	0	8	1	10	0	1	1
g08370	0	8	1	10	0	1	1
g06221	0	8	1	10	0	1	1
g06364	0	8	1	10	0	1	1
g06564	0	8	1	10	0	1	1
g06632	0	8	1	10	0	1	1
g09218	0	8	1	10	0	1	1
g05395	0	8	1	10	0	1	1
g09473	0	8	1	10	0	1	1
g07605	0	8	1	10	0	1	1
g05901	0	8	1	10	0	1	1
g06577	0	8	1	10	0	1	1
g09312	0	8	1	10	0	1	1
g05079	0	8	1	10	0	1	1
g08719	0	8	1	10	0	1	1
g06991	0	8	1	10	0	1	1
g05634	0	8	1	10	0	1	1
g05960	0	8	1	10	0	1	1
g04941	0	8	1	10	0	1	1
g04910	0	8	1	10	0	1	1
g05837	0	8	1	10	0	1	1
g04962	0	8	1	10	0	1	1
g08580	0	8	1	10	0	1	1
g08551	0	8	1	10	0	1	1
g06640	0	8	1	10	0	1	1
g08985	0	8	1	10	0	1	1
g06637	0	8	1	10	0	1	1
g08913	1	7	0	11	Inf	0.421052631578947	1
g07876	1	7	0	11	Inf	0.421052631578947	1
g08445	1	7	0	11	Inf	0.421052631578947	1
g05566	1	7	0	11	Inf	0.421052631578947	1
g06398	1	7	0	11	Inf	0.421052631578947	1
g05388	1	7	0	11	Inf	0.421052631578947	1
g08932	1	7	0	11	Inf	0.421052631578947	1
g06868	1	7	0	11	Inf	0.421052631578947	1
g05372	1	7	0	11	Inf	0.421052631578947	1
g08786	1	7	0	11	Inf	0.421052631578947	1
g06538	1	7	0	11	Inf	0.421052631578947	1
g07470	1	7	0	11	Inf	0.421052631578947	1
g06920	1	7	0	11	Inf	0.421052631578947	1
g05908	0	8	1	10	0	1	1
g08543	0	8	1	10	0	1	1
g06762	0	8	1	10	0	1	1
g07347	0	8	1	10	0	1	1
g07182	0	8	1	10	0	1	1
g07378	0	8	1	10	0	1	1
g07374	0	8	1	10	0	1	1
g09514	0	8	1	10	0	1	1
g05785	0	8	1	10	0	1	1
g07724	0	8	1	10	0	1	1
g08818	0	8	1	10	0	1	1
g08090	0	8	1	10	0	1	1
g09286	0	8	1	10	0	1	1
g08645	1	7	0	11	Inf	0.421052631578947	1
g09452	1	7	0	11	Inf	0.421052631578947	1
g08817	1	7	0	11	Inf	0.421052631578947	1
g08187	1	7	0	11	Inf	0.421052631578947	1
g09480	1	7	0	11	Inf	0.421052631578947	1
g08256	1	7	0	11	Inf	0.421052631578947	1
g07170	1	7	0	11	Inf	0.421052631578947	1
g07318	1	7	0	11	Inf	0.421052631578947	1
g08800	1	7	0	11	Inf	0.421052631578947	1
g07721	1	7	0	11	Inf	0.421052631578947	1
g09433	1	7	0	11	Inf	0.421052631578947	1
g09250	1	7	0	11	Inf	0.421052631578947	1
g08255	1	7	0	11	Inf	0.421052631578947	1
g08880	0	8	1	10	0	1	1
g07226	0	8	1	10	0	1	1
g06641	0	8	1	10	0	1	1
g05697	0	8	1	10	0	1	1
g05264	0	8	1	10	0	1	1
g06599	0	8	1	10	0	1	1
g08566	0	8	1	10	0	1	1
g07416	0	8	1	10	0	1	1
g07415	0	8	1	10	0	1	1
g05813	0	8	1	10	0	1	1
g07432	0	8	1	10	0	1	1
g08390	0	8	1	10	0	1	1
g09116	0	8	1	10	0	1	1
g08897	1	7	0	11	Inf	0.421052631578947	1
g06339	1	7	0	11	Inf	0.421052631578947	1
g08963	1	7	0	11	Inf	0.421052631578947	1
g06721	1	7	0	11	Inf	0.421052631578947	1
g05365	1	7	0	11	Inf	0.421052631578947	1
g09119	1	7	0	11	Inf	0.421052631578947	1
g08655	1	7	0	11	Inf	0.421052631578947	1
g09533	1	7	0	11	Inf	0.421052631578947	1
g08204	1	7	0	11	Inf	0.421052631578947	1
g04774	1	7	0	11	Inf	0.421052631578947	1
g07680	1	7	0	11	Inf	0.421052631578947	1
g08099	1	7	0	11	Inf	0.421052631578947	1
g05243	1	7	0	11	Inf	0.421052631578947	1
g07981	0	8	1	10	0	1	1
g08831	0	8	1	10	0	1	1
g07077	0	8	1	10	0	1	1
g05124	0	8	1	10	0	1	1
g09091	0	8	1	10	0	1	1
g07234	0	8	1	10	0	1	1
g08371	0	8	1	10	0	1	1
g06591	0	8	1	10	0	1	1
g05840	0	8	1	10	0	1	1
g07663	0	8	1	10	0	1	1
g08957	0	8	1	10	0	1	1
g08537	0	8	1	10	0	1	1
g08237	1	7	0	11	Inf	0.421052631578947	1
g07270	1	7	0	11	Inf	0.421052631578947	1
g05978	1	7	0	11	Inf	0.421052631578947	1
g08123	1	7	0	11	Inf	0.421052631578947	1
g06705	1	7	0	11	Inf	0.421052631578947	1
g06384	1	7	0	11	Inf	0.421052631578947	1
g07037	1	7	0	11	Inf	0.421052631578947	1
g08039	1	7	0	11	Inf	0.421052631578947	1
g09192	1	7	0	11	Inf	0.421052631578947	1
g05609	1	7	0	11	Inf	0.421052631578947	1
g06416	1	7	0	11	Inf	0.421052631578947	1
g08533	1	7	0	11	Inf	0.421052631578947	1
g07264	0	8	1	10	0	1	1
g05220	0	8	1	10	0	1	1
g09427	0	8	1	10	0	1	1
g07572	0	8	1	10	0	1	1
g06390	0	8	1	10	0	1	1
g06422	0	8	1	10	0	1	1
g06988	0	8	1	10	0	1	1
g05895	0	8	1	10	0	1	1
g05750	0	8	1	10	0	1	1
g06155	0	8	1	10	0	1	1
g08110	0	8	1	10	0	1	1
g07413	0	8	1	10	0	1	1
g04839	0	8	1	10	0	1	1
g06509	0	8	1	10	0	1	1
g06375	0	8	1	10	0	1	1
g09200	0	8	1	10	0	1	1
g07150	0	8	1	10	0	1	1
g08351	0	8	1	10	0	1	1
g07137	0	8	1	10	0	1	1
g06546	0	8	1	10	0	1	1
g08290	0	8	1	10	0	1	1
g09371	0	8	1	10	0	1	1
g05420	0	8	1	10	0	1	1
g08949	0	8	1	10	0	1	1
g08332	1	7	0	11	Inf	0.421052631578947	1
g07932	1	7	0	11	Inf	0.421052631578947	1
g08858	1	7	0	11	Inf	0.421052631578947	1
g08589	1	7	0	11	Inf	0.421052631578947	1
g07501	1	7	0	11	Inf	0.421052631578947	1
g07272	1	7	0	11	Inf	0.421052631578947	1
g05494	1	7	0	11	Inf	0.421052631578947	1
g08086	1	7	0	11	Inf	0.421052631578947	1
g07298	1	7	0	11	Inf	0.421052631578947	1
g05771	1	7	0	11	Inf	0.421052631578947	1
g09102	1	7	0	11	Inf	0.421052631578947	1
g06407	0	8	1	10	0	1	1
g07015	0	8	1	10	0	1	1
g05203	0	8	1	10	0	1	1
g07510	0	8	1	10	0	1	1
g07159	0	8	1	10	0	1	1
g08617	0	8	1	10	0	1	1
g09073	0	8	1	10	0	1	1
g06748	0	8	1	10	0	1	1
g04677	0	8	1	10	0	1	1
g06159	0	8	1	10	0	1	1
g08635	0	8	1	10	0	1	1
g07509	0	8	1	10	0	1	1
g06111	0	8	1	10	0	1	1
g08938	0	8	1	10	0	1	1
g09058	0	8	1	10	0	1	1
g07019	0	8	1	10	0	1	1
g07621	0	8	1	10	0	1	1
g09039	0	8	1	10	0	1	1
g09208	0	8	1	10	0	1	1
g08454	0	8	1	10	0	1	1
g06998	0	8	1	10	0	1	1
g05166	0	8	1	10	0	1	1
g06058	0	8	1	10	0	1	1
g07387	0	8	1	10	0	1	1
g05632	0	8	1	10	0	1	1
g09144	0	8	1	10	0	1	1
g08210	0	8	1	10	0	1	1
g07884	0	8	1	10	0	1	1
g06455	0	8	1	10	0	1	1
g09334	0	8	1	10	0	1	1
g06033	0	8	1	10	0	1	1
g04974	0	8	1	10	0	1	1
g09152	0	8	1	10	0	1	1
g04626	0	8	1	10	0	1	1
g08106	0	8	1	10	0	1	1
g07451	0	8	1	10	0	1	1
g06358	0	8	1	10	0	1	1
g06379	0	8	1	10	0	1	1
g08443	0	8	1	10	0	1	1
g05692	0	8	1	10	0	1	1
g09288	0	8	1	10	0	1	1
g05535	0	8	1	10	0	1	1
g07555	0	8	1	10	0	1	1
g09313	0	8	1	10	0	1	1
g07132	0	8	1	10	0	1	1
g08766	0	8	1	10	0	1	1
g05319	0	8	1	10	0	1	1
g06905	0	8	1	10	0	1	1
g05862	0	8	1	10	0	1	1
g08878	0	8	1	10	0	1	1
g07262	0	8	1	10	0	1	1
g05184	0	8	1	10	0	1	1
g07934	0	8	1	10	0	1	1
g04978	0	8	1	10	0	1	1
g09274	0	8	1	10	0	1	1
g08436	0	8	1	10	0	1	1
g05072	0	8	1	10	0	1	1
g05341	0	8	1	10	0	1	1
g07950	0	8	1	10	0	1	1
g07557	0	8	1	10	0	1	1
g08420	0	8	1	10	0	1	1
g06432	0	8	1	10	0	1	1
g07633	0	8	1	10	0	1	1
g07602	0	8	1	10	0	1	1
g04709	0	8	1	10	0	1	1
g08575	1	7	0	11	Inf	0.421052631578947	1
g09378	1	7	0	11	Inf	0.421052631578947	1
g08929	1	7	0	11	Inf	0.421052631578947	1
g05023	1	7	0	11	Inf	0.421052631578947	1
g09086	1	7	0	11	Inf	0.421052631578947	1
g06735	1	7	0	11	Inf	0.421052631578947	1
g08803	1	7	0	11	Inf	0.421052631578947	1
g09163	1	7	0	11	Inf	0.421052631578947	1
g05547	1	7	0	11	Inf	0.421052631578947	1
g07440	1	7	0	11	Inf	0.421052631578947	1
g07586	0	8	1	10	0	1	1
g06444	0	8	1	10	0	1	1
g07544	0	8	1	10	0	1	1
g06970	0	8	1	10	0	1	1
g06482	0	8	1	10	0	1	1
g06840	0	8	1	10	0	1	1
g08940	0	8	1	10	0	1	1
g09130	0	8	1	10	0	1	1
g07165	0	8	1	10	0	1	1
g08852	0	8	1	10	0	1	1
g07311	1	7	0	11	Inf	0.421052631578947	1
g05454	1	7	0	11	Inf	0.421052631578947	1
g06677	1	7	0	11	Inf	0.421052631578947	1
g07164	1	7	0	11	Inf	0.421052631578947	1
g08434	1	7	0	11	Inf	0.421052631578947	1
g05896	1	7	0	11	Inf	0.421052631578947	1
g08946	1	7	0	11	Inf	0.421052631578947	1
g07288	1	7	0	11	Inf	0.421052631578947	1
g08782	1	7	0	11	Inf	0.421052631578947	1
g08092	1	7	0	11	Inf	0.421052631578947	1
g09468	1	7	0	11	Inf	0.421052631578947	1
g08564	1	7	0	11	Inf	0.421052631578947	1
g05296	1	7	0	11	Inf	0.421052631578947	1
g07588	1	7	0	11	Inf	0.421052631578947	1
g06774	1	7	0	11	Inf	0.421052631578947	1
g09296	1	7	0	11	Inf	0.421052631578947	1
g08391	1	7	0	11	Inf	0.421052631578947	1
g06092	1	7	0	11	Inf	0.421052631578947	1
g08068	1	7	0	11	Inf	0.421052631578947	1
g07205	1	7	0	11	Inf	0.421052631578947	1
g08044	0	8	1	10	0	1	1
g05398	0	8	1	10	0	1	1
g09332	0	8	1	10	0	1	1
g05179	0	8	1	10	0	1	1
g06975	0	8	1	10	0	1	1
g07187	0	8	1	10	0	1	1
g06763	0	8	1	10	0	1	1
g06833	0	8	1	10	0	1	1
g07609	0	8	1	10	0	1	1
g07223	0	8	1	10	0	1	1
g07248	1	7	0	11	Inf	0.421052631578947	1
g06293	1	7	0	11	Inf	0.421052631578947	1
g08734	1	7	0	11	Inf	0.421052631578947	1
g06396	1	7	0	11	Inf	0.421052631578947	1
g05271	1	7	0	11	Inf	0.421052631578947	1
g07057	1	7	0	11	Inf	0.421052631578947	1
g09466	1	7	0	11	Inf	0.421052631578947	1
g06968	1	7	0	11	Inf	0.421052631578947	1
g08671	1	7	0	11	Inf	0.421052631578947	1
g08626	1	7	0	11	Inf	0.421052631578947	1
g09331	1	7	0	11	Inf	0.421052631578947	1
g07100	1	7	0	11	Inf	0.421052631578947	1
g08839	1	7	0	11	Inf	0.421052631578947	1
g06619	1	7	0	11	Inf	0.421052631578947	1
g05173	1	7	0	11	Inf	0.421052631578947	1
g06266	1	7	0	11	Inf	0.421052631578947	1
g06530	1	7	0	11	Inf	0.421052631578947	1
g06219	1	7	0	11	Inf	0.421052631578947	1
g06461	1	7	0	11	Inf	0.421052631578947	1
g08921	1	7	0	11	Inf	0.421052631578947	1
g04648	0	8	1	10	0	1	1
g08107	0	8	1	10	0	1	1
g07944	0	8	1	10	0	1	1
g06590	0	8	1	10	0	1	1
g05616	0	8	1	10	0	1	1
g04843	0	8	1	10	0	1	1
g06768	0	8	1	10	0	1	1
g07001	0	8	1	10	0	1	1
g04971	0	8	1	10	0	1	1
g06226	0	8	1	10	0	1	1
g05579	0	8	1	10	0	1	1
g08124	0	8	1	10	0	1	1
g07345	0	8	1	10	0	1	1
g07524	0	8	1	10	0	1	1
g08997	0	8	1	10	0	1	1
g08750	0	8	1	10	0	1	1
g05210	0	8	1	10	0	1	1
g08901	0	8	1	10	0	1	1
g05957	0	8	1	10	0	1	1
g07819	0	8	1	10	0	1	1
g07212	0	8	1	10	0	1	1
g05154	0	8	1	10	0	1	1
g08263	0	8	1	10	0	1	1
g09376	0	8	1	10	0	1	1
g09400	0	8	1	10	0	1	1
g08979	0	8	1	10	0	1	1
g05371	0	8	1	10	0	1	1
g07840	0	8	1	10	0	1	1
g07778	0	8	1	10	0	1	1
g04748	0	8	1	10	0	1	1
g06511	0	8	1	10	0	1	1
g07527	0	8	1	10	0	1	1
g05918	0	8	1	10	0	1	1
g05469	0	8	1	10	0	1	1
g06430	0	8	1	10	0	1	1
g09453	0	8	1	10	0	1	1
g08778	0	8	1	10	0	1	1
g07536	0	8	1	10	0	1	1
g08999	0	8	1	10	0	1	1
g05294	0	8	1	10	0	1	1
g08323	0	8	1	10	0	1	1
g07110	0	8	1	10	0	1	1
g07091	0	8	1	10	0	1	1
g09348	0	8	1	10	0	1	1
g06165	0	8	1	10	0	1	1
g04820	0	8	1	10	0	1	1
g05703	0	8	1	10	0	1	1
g05458	0	8	1	10	0	1	1
g06278	0	8	1	10	0	1	1
g07873	0	8	1	10	0	1	1
g06714	0	8	1	10	0	1	1
g06301	0	8	1	10	0	1	1
g04902	0	8	1	10	0	1	1
g05569	0	8	1	10	0	1	1
g07195	0	8	1	10	0	1	1
g07725	0	8	1	10	0	1	1
g05688	0	8	1	10	0	1	1
g07738	0	8	1	10	0	1	1
g08813	0	8	1	10	0	1	1
g08730	0	8	1	10	0	1	1
g05877	0	8	1	10	0	1	1
g05211	0	8	1	10	0	1	1
g07454	0	8	1	10	0	1	1
g07682	0	8	1	10	0	1	1
g07373	0	8	1	10	0	1	1
g05751	0	8	1	10	0	1	1
g07618	0	8	1	10	0	1	1
g05867	1	7	0	11	Inf	0.421052631578947	1
g05589	1	7	0	11	Inf	0.421052631578947	1
g05439	1	7	0	11	Inf	0.421052631578947	1
g07992	1	7	0	11	Inf	0.421052631578947	1
g07036	1	7	0	11	Inf	0.421052631578947	1
g08598	1	7	0	11	Inf	0.421052631578947	1
g05374	1	7	0	11	Inf	0.421052631578947	1
g07172	1	7	0	11	Inf	0.421052631578947	1
g05015	1	7	0	11	Inf	0.421052631578947	1
g07845	1	7	0	11	Inf	0.421052631578947	1
g08224	1	7	0	11	Inf	0.421052631578947	1
g05302	1	7	0	11	Inf	0.421052631578947	1
g08319	1	7	0	11	Inf	0.421052631578947	1
g05205	1	7	0	11	Inf	0.421052631578947	1
g06802	1	7	0	11	Inf	0.421052631578947	1
g06321	1	7	0	11	Inf	0.421052631578947	1
g09122	1	7	0	11	Inf	0.421052631578947	1
g09255	1	7	0	11	Inf	0.421052631578947	1
g07640	1	7	0	11	Inf	0.421052631578947	1
g07846	1	7	0	11	Inf	0.421052631578947	1
g07022	1	7	0	11	Inf	0.421052631578947	1
g05756	1	7	0	11	Inf	0.421052631578947	1
g08560	1	7	0	11	Inf	0.421052631578947	1
g05741	1	7	0	11	Inf	0.421052631578947	1
g07173	1	7	0	11	Inf	0.421052631578947	1
g08397	1	7	0	11	Inf	0.421052631578947	1
g09447	1	7	0	11	Inf	0.421052631578947	1
g08927	0	8	1	10	0	1	1
g06263	0	8	1	10	0	1	1
g08476	0	8	1	10	0	1	1
g09536	0	8	1	10	0	1	1
g05882	0	8	1	10	0	1	1
g06228	0	8	1	10	0	1	1
g08646	0	8	1	10	0	1	1
g07713	0	8	1	10	0	1	1
g05480	0	8	1	10	0	1	1
g08192	0	8	1	10	0	1	1
g04645	0	8	1	10	0	1	1
g04925	0	8	1	10	0	1	1
g05077	0	8	1	10	0	1	1
g06527	0	8	1	10	0	1	1
g07535	0	8	1	10	0	1	1
g05191	0	8	1	10	0	1	1
g05950	0	8	1	10	0	1	1
g06994	0	8	1	10	0	1	1
g06576	0	8	1	10	0	1	1
g05977	0	8	1	10	0	1	1
g06179	0	8	1	10	0	1	1
g04898	0	8	1	10	0	1	1
g08770	0	8	1	10	0	1	1
g05348	0	8	1	10	0	1	1
g08976	0	8	1	10	0	1	1
g06565	0	8	1	10	0	1	1
g09201	0	8	1	10	0	1	1
g08350	1	7	0	11	Inf	0.421052631578947	1
g06057	1	7	0	11	Inf	0.421052631578947	1
g07312	1	7	0	11	Inf	0.421052631578947	1
g08431	1	7	0	11	Inf	0.421052631578947	1
g09187	1	7	0	11	Inf	0.421052631578947	1
g07321	1	7	0	11	Inf	0.421052631578947	1
g07364	1	7	0	11	Inf	0.421052631578947	1
g06693	1	7	0	11	Inf	0.421052631578947	1
g07349	1	7	0	11	Inf	0.421052631578947	1
g08942	1	7	0	11	Inf	0.421052631578947	1
g08212	1	7	0	11	Inf	0.421052631578947	1
g05538	1	7	0	11	Inf	0.421052631578947	1
g08695	1	7	0	11	Inf	0.421052631578947	1
g06566	1	7	0	11	Inf	0.421052631578947	1
g07058	1	7	0	11	Inf	0.421052631578947	1
g09406	1	7	0	11	Inf	0.421052631578947	1
g06814	1	7	0	11	Inf	0.421052631578947	1
g06170	1	7	0	11	Inf	0.421052631578947	1
g08035	1	7	0	11	Inf	0.421052631578947	1
g08268	1	7	0	11	Inf	0.421052631578947	1
g05400	1	7	0	11	Inf	0.421052631578947	1
g06552	1	7	0	11	Inf	0.421052631578947	1
g07831	1	7	0	11	Inf	0.421052631578947	1
g07901	1	7	0	11	Inf	0.421052631578947	1
g05937	0	8	1	10	0	1	1
g05252	0	8	1	10	0	1	1
g06144	0	8	1	10	0	1	1
g07249	0	8	1	10	0	1	1
g09503	0	8	1	10	0	1	1
g08493	0	8	1	10	0	1	1
g05161	0	8	1	10	0	1	1
g08023	0	8	1	10	0	1	1
g04802	1	7	0	11	Inf	0.421052631578947	1
g08830	1	7	0	11	Inf	0.421052631578947	1
g05781	1	7	0	11	Inf	0.421052631578947	1
g07202	1	7	0	11	Inf	0.421052631578947	1
g05727	1	7	0	11	Inf	0.421052631578947	1
g08442	1	7	0	11	Inf	0.421052631578947	1
g09236	1	7	0	11	Inf	0.421052631578947	1
g06313	1	7	0	11	Inf	0.421052631578947	1
g08785	0	8	1	10	0	1	1
g09027	0	8	1	10	0	1	1
g08444	0	8	1	10	0	1	1
g08823	0	8	1	10	0	1	1
g06915	0	8	1	10	0	1	1
g04608	0	8	1	10	0	1	1
g07745	0	8	1	10	0	1	1
g09541	0	8	1	10	0	1	1
g08003	1	7	0	11	Inf	0.421052631578947	1
g06181	1	7	0	11	Inf	0.421052631578947	1
g04594	1	7	0	11	Inf	0.421052631578947	1
g07305	1	7	0	11	Inf	0.421052631578947	1
g05142	1	7	0	11	Inf	0.421052631578947	1
g05580	1	7	0	11	Inf	0.421052631578947	1
g06786	1	7	0	11	Inf	0.421052631578947	1
g08717	1	7	0	11	Inf	0.421052631578947	1
g06601	0	8	1	10	0	1	1
g08882	0	8	1	10	0	1	1
g06932	0	8	1	10	0	1	1
g06944	0	8	1	10	0	1	1
g05076	0	8	1	10	0	1	1
g07040	0	8	1	10	0	1	1
g06279	0	8	1	10	0	1	1
g06340	0	8	1	10	0	1	1
g05098	0	8	1	10	0	1	1
g06760	0	8	1	10	0	1	1
g06470	0	8	1	10	0	1	1
g05125	0	8	1	10	0	1	1
g04946	0	8	1	10	0	1	1
g06489	0	8	1	10	0	1	1
g05132	0	8	1	10	0	1	1
g06114	0	8	1	10	0	1	1
g08837	0	8	1	10	0	1	1
g04939	0	8	1	10	0	1	1
g05829	0	8	1	10	0	1	1
g07841	0	8	1	10	0	1	1
g09496	0	8	1	10	0	1	1
g09100	0	8	1	10	0	1	1
g05475	0	8	1	10	0	1	1
g08340	0	8	1	10	0	1	1
g05963	0	8	1	10	0	1	1
g07294	0	8	1	10	0	1	1
g05546	0	8	1	10	0	1	1
g06754	0	8	1	10	0	1	1
g08506	0	8	1	10	0	1	1
g05661	0	8	1	10	0	1	1
g06320	0	8	1	10	0	1	1
g06094	0	8	1	10	0	1	1
g09211	1	7	0	11	Inf	0.421052631578947	1
g06381	1	7	0	11	Inf	0.421052631578947	1
g07313	1	7	0	11	Inf	0.421052631578947	1
g06028	1	7	0	11	Inf	0.421052631578947	1
g08495	1	7	0	11	Inf	0.421052631578947	1
g08137	1	7	0	11	Inf	0.421052631578947	1
g08222	1	7	0	11	Inf	0.421052631578947	1
g05214	1	7	0	11	Inf	0.421052631578947	1
g08149	0	8	1	10	0	1	1
g08499	0	8	1	10	0	1	1
g04666	0	8	1	10	0	1	1
g04804	0	8	1	10	0	1	1
g07533	0	8	1	10	0	1	1
g07051	0	8	1	10	0	1	1
g07341	0	8	1	10	0	1	1
g06751	0	8	1	10	0	1	1
g08725	0	8	1	10	0	1	1
g04825	0	8	1	10	0	1	1
g08889	0	8	1	10	0	1	1
g08164	0	8	1	10	0	1	1
g05324	0	8	1	10	0	1	1
g09181	0	8	1	10	0	1	1
g09540	0	8	1	10	0	1	1
g06478	0	8	1	10	0	1	1
g09351	0	8	1	10	0	1	1
g09068	0	8	1	10	0	1	1
g06586	0	8	1	10	0	1	1
g05248	0	8	1	10	0	1	1
g05159	0	8	1	10	0	1	1
g09115	0	8	1	10	0	1	1
g09135	0	8	1	10	0	1	1
g08835	0	8	1	10	0	1	1
g07517	0	8	1	10	0	1	1
g07994	0	8	1	10	0	1	1
g08463	0	8	1	10	0	1	1
g08326	0	8	1	10	0	1	1
g08293	0	8	1	10	0	1	1
g09113	1	7	0	11	Inf	0.421052631578947	1
g07160	1	7	0	11	Inf	0.421052631578947	1
g05729	1	7	0	11	Inf	0.421052631578947	1
g07710	1	7	0	11	Inf	0.421052631578947	1
g07650	1	7	0	11	Inf	0.421052631578947	1
g09445	1	7	0	11	Inf	0.421052631578947	1
g06727	1	7	0	11	Inf	0.421052631578947	1
g07169	0	8	1	10	0	1	1
g07326	0	8	1	10	0	1	1
g09384	0	8	1	10	0	1	1
g08678	0	8	1	10	0	1	1
g09019	0	8	1	10	0	1	1
g04712	0	8	1	10	0	1	1
g06607	0	8	1	10	0	1	1
g07641	1	7	0	11	Inf	0.421052631578947	1
g06161	1	7	0	11	Inf	0.421052631578947	1
g05678	1	7	0	11	Inf	0.421052631578947	1
g06614	1	7	0	11	Inf	0.421052631578947	1
g06192	1	7	0	11	Inf	0.421052631578947	1
g05235	1	7	0	11	Inf	0.421052631578947	1
g05117	1	7	0	11	Inf	0.421052631578947	1
g09425	1	7	0	11	Inf	0.421052631578947	1
g07409	1	7	0	11	Inf	0.421052631578947	1
g05071	1	7	0	11	Inf	0.421052631578947	1
g06799	1	7	0	11	Inf	0.421052631578947	1
g08738	1	7	0	11	Inf	0.421052631578947	1
g08465	1	7	0	11	Inf	0.421052631578947	1
g06781	1	7	0	11	Inf	0.421052631578947	1
g06446	1	7	0	11	Inf	0.421052631578947	1
g09363	1	7	0	11	Inf	0.421052631578947	1
g06992	1	7	0	11	Inf	0.421052631578947	1
g07271	1	7	0	11	Inf	0.421052631578947	1
g06703	1	7	0	11	Inf	0.421052631578947	1
g06229	1	7	0	11	Inf	0.421052631578947	1
g06411	1	7	0	11	Inf	0.421052631578947	1
g08968	0	8	1	10	0	1	1
g06113	0	8	1	10	0	1	1
g08008	0	8	1	10	0	1	1
g07088	0	8	1	10	0	1	1
g09168	0	8	1	10	0	1	1
g04837	0	8	1	10	0	1	1
g09268	0	8	1	10	0	1	1
g06458	0	8	1	10	0	1	1
g08629	0	8	1	10	0	1	1
g08407	0	8	1	10	0	1	1
g05275	0	8	1	10	0	1	1
g06531	0	8	1	10	0	1	1
g05630	0	8	1	10	0	1	1
g08160	0	8	1	10	0	1	1
g07064	0	8	1	10	0	1	1
g08544	0	8	1	10	0	1	1
g06676	0	8	1	10	0	1	1
g06615	0	8	1	10	0	1	1
g05012	0	8	1	10	0	1	1
g05075	0	8	1	10	0	1	1
g07652	0	8	1	10	0	1	1
g05133	0	8	1	10	0	1	1
g08235	0	8	1	10	0	1	1
g07798	0	8	1	10	0	1	1
g08306	0	8	1	10	0	1	1
g06182	0	8	1	10	0	1	1
g05387	0	8	1	10	0	1	1
g06493	0	8	1	10	0	1	1
g09083	1	7	0	11	Inf	0.421052631578947	1
g05468	1	7	0	11	Inf	0.421052631578947	1
g09346	1	7	0	11	Inf	0.421052631578947	1
g04703	1	7	0	11	Inf	0.421052631578947	1
g04997	1	7	0	11	Inf	0.421052631578947	1
g09490	1	7	0	11	Inf	0.421052631578947	1
g07155	1	7	0	11	Inf	0.421052631578947	1
g09186	1	7	0	11	Inf	0.421052631578947	1
g09301	1	7	0	11	Inf	0.421052631578947	1
g05270	1	7	0	11	Inf	0.421052631578947	1
g04676	1	7	0	11	Inf	0.421052631578947	1
g06075	1	7	0	11	Inf	0.421052631578947	1
g07453	1	7	0	11	Inf	0.421052631578947	1
g05997	1	7	0	11	Inf	0.421052631578947	1
g09418	1	7	0	11	Inf	0.421052631578947	1
g09421	1	7	0	11	Inf	0.421052631578947	1
g06870	1	7	0	11	Inf	0.421052631578947	1
g09031	1	7	0	11	Inf	0.421052631578947	1
g07010	1	7	0	11	Inf	0.421052631578947	1
g04713	0	8	1	10	0	1	1
g07624	0	8	1	10	0	1	1
g06467	0	8	1	10	0	1	1
g06925	0	8	1	10	0	1	1
g05353	0	8	1	10	0	1	1
g08254	0	8	1	10	0	1	1
g04821	0	8	1	10	0	1	1
g07937	0	8	1	10	0	1	1
g08634	0	8	1	10	0	1	1
g05671	0	8	1	10	0	1	1
g07748	0	8	1	10	0	1	1
g08213	0	8	1	10	0	1	1
g06876	0	8	1	10	0	1	1
g09001	0	8	1	10	0	1	1
g09225	0	8	1	10	0	1	1
g05689	0	8	1	10	0	1	1
g04758	0	8	1	10	0	1	1
g05568	0	8	1	10	0	1	1
g08912	0	8	1	10	0	1	1
g06067	0	8	1	10	0	1	1
g05110	0	8	1	10	0	1	1
g08036	0	8	1	10	0	1	1
g05182	0	8	1	10	0	1	1
g06691	0	8	1	10	0	1	1
g05085	0	8	1	10	0	1	1
g09044	0	8	1	10	0	1	1
g08022	0	8	1	10	0	1	1
g09230	0	8	1	10	0	1	1
g08114	0	8	1	10	0	1	1
g07946	0	8	1	10	0	1	1
g05315	1	7	0	11	Inf	0.421052631578947	1
g07891	1	7	0	11	Inf	0.421052631578947	1
g06723	1	7	0	11	Inf	0.421052631578947	1
g05583	1	7	0	11	Inf	0.421052631578947	1
g07135	1	7	0	11	Inf	0.421052631578947	1
g04813	1	7	0	11	Inf	0.421052631578947	1
g06178	0	8	1	10	0	1	1
g06195	0	8	1	10	0	1	1
g04915	0	8	1	10	0	1	1
g05401	0	8	1	10	0	1	1
g05266	0	8	1	10	0	1	1
g07204	0	8	1	10	0	1	1
g08602	1	7	0	11	Inf	0.421052631578947	1
g09381	1	7	0	11	Inf	0.421052631578947	1
g04714	1	7	0	11	Inf	0.421052631578947	1
g07360	1	7	0	11	Inf	0.421052631578947	1
g08600	1	7	0	11	Inf	0.421052631578947	1
g05406	1	7	0	11	Inf	0.421052631578947	1
g06917	0	8	1	10	0	1	1
g09214	0	8	1	10	0	1	1
g06956	0	8	1	10	0	1	1
g04670	0	8	1	10	0	1	1
g08856	0	8	1	10	0	1	1
g08867	0	8	1	10	0	1	1
g07760	0	8	1	10	0	1	1
g07060	0	8	1	10	0	1	1
g06072	0	8	1	10	0	1	1
g07335	0	8	1	10	0	1	1
g08156	0	8	1	10	0	1	1
g06953	0	8	1	10	0	1	1
g05588	0	8	1	10	0	1	1
g07889	0	8	1	10	0	1	1
g09430	0	8	1	10	0	1	1
g09297	0	8	1	10	0	1	1
g05227	0	8	1	10	0	1	1
g07296	0	8	1	10	0	1	1
g09232	0	8	1	10	0	1	1
g06475	0	8	1	10	0	1	1
g05438	0	8	1	10	0	1	1
g08488	0	8	1	10	0	1	1
g07441	1	7	0	11	Inf	0.421052631578947	1
g08714	1	7	0	11	Inf	0.421052631578947	1
g07917	1	7	0	11	Inf	0.421052631578947	1
g05202	1	7	0	11	Inf	0.421052631578947	1
g05457	1	7	0	11	Inf	0.421052631578947	1
g08612	0	8	1	10	0	1	1
g09193	0	8	1	10	0	1	1
g07042	0	8	1	10	0	1	1
g06414	0	8	1	10	0	1	1
g08249	0	8	1	10	0	1	1
g08400	1	7	0	11	Inf	0.421052631578947	1
g06122	1	7	0	11	Inf	0.421052631578947	1
g08925	1	7	0	11	Inf	0.421052631578947	1
g06933	1	7	0	11	Inf	0.421052631578947	1
g05816	1	7	0	11	Inf	0.421052631578947	1
g08470	0	8	1	10	0	1	1
g08178	0	8	1	10	0	1	1
g04707	0	8	1	10	0	1	1
g08361	0	8	1	10	0	1	1
g05224	0	8	1	10	0	1	1
g07252	1	7	0	11	Inf	0.421052631578947	1
g06408	1	7	0	11	Inf	0.421052631578947	1
g05928	1	7	0	11	Inf	0.421052631578947	1
g05786	1	7	0	11	Inf	0.421052631578947	1
g06399	1	7	0	11	Inf	0.421052631578947	1
g05759	1	7	0	11	Inf	0.421052631578947	1
g06867	1	7	0	11	Inf	0.421052631578947	1
g04654	1	7	0	11	Inf	0.421052631578947	1
g08777	1	7	0	11	Inf	0.421052631578947	1
g05261	1	7	0	11	Inf	0.421052631578947	1
g06288	0	8	1	10	0	1	1
g09446	0	8	1	10	0	1	1
g08251	0	8	1	10	0	1	1
g09534	0	8	1	10	0	1	1
g07740	0	8	1	10	0	1	1
g06628	0	8	1	10	0	1	1
g09292	0	8	1	10	0	1	1
g07550	0	8	1	10	0	1	1
g09266	0	8	1	10	0	1	1
g08113	0	8	1	10	0	1	1
g05484	0	8	1	10	0	1	1
g04899	0	8	1	10	0	1	1
g06043	0	8	1	10	0	1	1
g08247	0	8	1	10	0	1	1
g05668	0	8	1	10	0	1	1
g05392	0	8	1	10	0	1	1
g04658	0	8	1	10	0	1	1
g09426	0	8	1	10	0	1	1
g09188	0	8	1	10	0	1	1
g06524	0	8	1	10	0	1	1
g06142	1	7	0	11	Inf	0.421052631578947	1
g06431	1	7	0	11	Inf	0.421052631578947	1
g04873	1	7	0	11	Inf	0.421052631578947	1
g04710	1	7	0	11	Inf	0.421052631578947	1
g06359	1	7	0	11	Inf	0.421052631578947	1
g06602	1	7	0	11	Inf	0.421052631578947	1
g05706	1	7	0	11	Inf	0.421052631578947	1
g04759	1	7	0	11	Inf	0.421052631578947	1
g07299	1	7	0	11	Inf	0.421052631578947	1
g08654	1	7	0	11	Inf	0.421052631578947	1
g07185	0	8	1	10	0	1	1
g06769	0	8	1	10	0	1	1
g07676	0	8	1	10	0	1	1
g08175	0	8	1	10	0	1	1
g05622	0	8	1	10	0	1	1
g06756	0	8	1	10	0	1	1
g06731	0	8	1	10	0	1	1
g09429	0	8	1	10	0	1	1
g07611	0	8	1	10	0	1	1
g08967	0	8	1	10	0	1	1
g06636	0	8	1	10	0	1	1
g07289	0	8	1	10	0	1	1
g04809	0	8	1	10	0	1	1
g07210	0	8	1	10	0	1	1
g05647	0	8	1	10	0	1	1
g06014	0	8	1	10	0	1	1
g05087	0	8	1	10	0	1	1
g07570	0	8	1	10	0	1	1
g04662	0	8	1	10	0	1	1
g05196	0	8	1	10	0	1	1
g06331	0	8	1	10	0	1	1
g07697	0	8	1	10	0	1	1
g08009	0	8	1	10	0	1	1
g07126	0	8	1	10	0	1	1
g06878	0	8	1	10	0	1	1
g09038	0	8	1	10	0	1	1
g07807	0	8	1	10	0	1	1
g04819	0	8	1	10	0	1	1
g05068	0	8	1	10	0	1	1
g04992	0	8	1	10	0	1	1
g05416	0	8	1	10	0	1	1
g04787	0	8	1	10	0	1	1
g04822	0	8	1	10	0	1	1
g07866	1	7	0	11	Inf	0.421052631578947	1
g09197	1	7	0	11	Inf	0.421052631578947	1
g05620	1	7	0	11	Inf	0.421052631578947	1
g09402	1	7	0	11	Inf	0.421052631578947	1
g08122	1	7	0	11	Inf	0.421052631578947	1
g05369	1	7	0	11	Inf	0.421052631578947	1
g07493	1	7	0	11	Inf	0.421052631578947	1
g05199	1	7	0	11	Inf	0.421052631578947	1
g06029	1	7	0	11	Inf	0.421052631578947	1
g06329	1	7	0	11	Inf	0.421052631578947	1
g09051	1	7	0	11	Inf	0.421052631578947	1
g08820	1	7	0	11	Inf	0.421052631578947	1
g08148	0	8	1	10	0	1	1
g05229	0	8	1	10	0	1	1
g05993	0	8	1	10	0	1	1
g06091	0	8	1	10	0	1	1
g05301	0	8	1	10	0	1	1
g08438	0	8	1	10	0	1	1
g07239	0	8	1	10	0	1	1
g07543	0	8	1	10	0	1	1
g08276	0	8	1	10	0	1	1
g09370	0	8	1	10	0	1	1
g07519	0	8	1	10	0	1	1
g05791	0	8	1	10	0	1	1
g08954	0	8	1	10	0	1	1
g09138	0	8	1	10	0	1	1
g07247	0	8	1	10	0	1	1
g05603	0	8	1	10	0	1	1
g07567	1	7	0	11	Inf	0.421052631578947	1
g08417	1	7	0	11	Inf	0.421052631578947	1
g05415	1	7	0	11	Inf	0.421052631578947	1
g05095	1	7	0	11	Inf	0.421052631578947	1
g05722	1	7	0	11	Inf	0.421052631578947	1
g08376	1	7	0	11	Inf	0.421052631578947	1
g08013	1	7	0	11	Inf	0.421052631578947	1
g05629	1	7	0	11	Inf	0.421052631578947	1
g05408	1	7	0	11	Inf	0.421052631578947	1
g07303	1	7	0	11	Inf	0.421052631578947	1
g05497	1	7	0	11	Inf	0.421052631578947	1
g05007	1	7	0	11	Inf	0.421052631578947	1
g09030	0	8	1	10	0	1	1
g05373	0	8	1	10	0	1	1
g09442	0	8	1	10	0	1	1
g04845	0	8	1	10	0	1	1
g08267	0	8	1	10	0	1	1
g09253	0	8	1	10	0	1	1
g06673	0	8	1	10	0	1	1
g06039	0	8	1	10	0	1	1
g09246	0	8	1	10	0	1	1
g08409	0	8	1	10	0	1	1
g07919	0	8	1	10	0	1	1
g08748	0	8	1	10	0	1	1
g06929	0	8	1	10	0	1	1
g06247	0	8	1	10	0	1	1
g06300	0	8	1	10	0	1	1
g09465	0	8	1	10	0	1	1
g07069	0	8	1	10	0	1	1
g04620	0	8	1	10	0	1	1
g05716	0	8	1	10	0	1	1
g05090	0	8	1	10	0	1	1
g04693	1	7	0	11	Inf	0.421052631578947	1
g06485	1	7	0	11	Inf	0.421052631578947	1
g04863	1	7	0	11	Inf	0.421052631578947	1
g06280	1	7	0	11	Inf	0.421052631578947	1
g05174	1	7	0	11	Inf	0.421052631578947	1
g08301	1	7	0	11	Inf	0.421052631578947	1
g07861	1	7	0	11	Inf	0.421052631578947	1
g09270	1	7	0	11	Inf	0.421052631578947	1
g05733	1	7	0	11	Inf	0.421052631578947	1
g06044	1	7	0	11	Inf	0.421052631578947	1
g09498	1	7	0	11	Inf	0.421052631578947	1
g09341	1	7	0	11	Inf	0.421052631578947	1
g06789	0	8	1	10	0	1	1
g08809	0	8	1	10	0	1	1
g08841	0	8	1	10	0	1	1
g08549	0	8	1	10	0	1	1
g09046	0	8	1	10	0	1	1
g06479	0	8	1	10	0	1	1
g08824	0	8	1	10	0	1	1
g07171	0	8	1	10	0	1	1
g08421	1	7	0	11	Inf	0.421052631578947	1
g05247	1	7	0	11	Inf	0.421052631578947	1
g04665	1	7	0	11	Inf	0.421052631578947	1
g07634	1	7	0	11	Inf	0.421052631578947	1
g08618	0	8	1	10	0	1	1
g05641	0	8	1	10	0	1	1
g08347	0	8	1	10	0	1	1
g05128	0	8	1	10	0	1	1
g07442	0	8	1	10	0	1	1
g06285	0	8	1	10	0	1	1
g05787	0	8	1	10	0	1	1
g07530	0	8	1	10	0	1	1
g04597	0	8	1	10	0	1	1
g05941	0	8	1	10	0	1	1
g07141	0	8	1	10	0	1	1
g07854	0	8	1	10	0	1	1
g08236	0	8	1	10	0	1	1
g09015	0	8	1	10	0	1	1
g09535	0	8	1	10	0	1	1
g08850	0	8	1	10	0	1	1
g09097	1	7	0	11	Inf	0.421052631578947	1
g07728	1	7	0	11	Inf	0.421052631578947	1
g06116	1	7	0	11	Inf	0.421052631578947	1
g05426	1	7	0	11	Inf	0.421052631578947	1
g08585	0	8	1	10	0	1	1
g04968	0	8	1	10	0	1	1
g06766	0	8	1	10	0	1	1
g05516	0	8	1	10	0	1	1
g08594	1	7	0	11	Inf	0.421052631578947	1
g04617	1	7	0	11	Inf	0.421052631578947	1
g05790	1	7	0	11	Inf	0.421052631578947	1
g06449	1	7	0	11	Inf	0.421052631578947	1
g04909	1	7	0	11	Inf	0.421052631578947	1
g05987	1	7	0	11	Inf	0.421052631578947	1
g07331	1	7	0	11	Inf	0.421052631578947	1
g06888	1	7	0	11	Inf	0.421052631578947	1
g07857	0	8	1	10	0	1	1
g08414	0	8	1	10	0	1	1
g08857	0	8	1	10	0	1	1
g07999	0	8	1	10	0	1	1
g06810	1	7	0	11	Inf	0.421052631578947	1
g07785	1	7	0	11	Inf	0.421052631578947	1
g07768	1	7	0	11	Inf	0.421052631578947	1
g05940	1	7	0	11	Inf	0.421052631578947	1
g09344	1	7	0	11	Inf	0.421052631578947	1
g05505	1	7	0	11	Inf	0.421052631578947	1
g04595	1	7	0	11	Inf	0.421052631578947	1
g08032	1	7	0	11	Inf	0.421052631578947	1
g08715	0	8	1	10	0	1	1
g05170	0	8	1	10	0	1	1
g08461	0	8	1	10	0	1	1
g05063	0	8	1	10	0	1	1
g07072	0	8	1	10	0	1	1
g05086	0	8	1	10	0	1	1
g04849	0	8	1	10	0	1	1
g08331	0	8	1	10	0	1	1
g07673	0	8	1	10	0	1	1
g08299	0	8	1	10	0	1	1
g06558	0	8	1	10	0	1	1
g06150	0	8	1	10	0	1	1
g07410	1	7	0	11	Inf	0.421052631578947	1
g07375	1	7	0	11	Inf	0.421052631578947	1
g07883	1	7	0	11	Inf	0.421052631578947	1
g04724	0	8	1	10	0	1	1
g05137	0	8	1	10	0	1	1
g06777	0	8	1	10	0	1	1
g06609	1	7	0	11	Inf	0.421052631578947	1
g09183	1	7	0	11	Inf	0.421052631578947	1
g05536	1	7	0	11	Inf	0.421052631578947	1
g07012	1	7	0	11	Inf	0.421052631578947	1
g04624	1	7	0	11	Inf	0.421052631578947	1
g08046	1	7	0	11	Inf	0.421052631578947	1
g06042	1	7	0	11	Inf	0.421052631578947	1
g09526	1	7	0	11	Inf	0.421052631578947	1
g08650	1	7	0	11	Inf	0.421052631578947	1
g04782	1	7	0	11	Inf	0.421052631578947	1
g07969	1	7	0	11	Inf	0.421052631578947	1
g06261	1	7	0	11	Inf	0.421052631578947	1
g06597	1	7	0	11	Inf	0.421052631578947	1
g07259	1	7	0	11	Inf	0.421052631578947	1
g07702	1	7	0	11	Inf	0.421052631578947	1
g09094	0	8	1	10	0	1	1
g07539	0	8	1	10	0	1	1
g08181	0	8	1	10	0	1	1
g07356	0	8	1	10	0	1	1
g06468	0	8	1	10	0	1	1
g08348	0	8	1	10	0	1	1
g07947	1	7	0	11	Inf	0.421052631578947	1
g07756	1	7	0	11	Inf	0.421052631578947	1
g05532	1	7	0	11	Inf	0.421052631578947	1
g05122	1	7	0	11	Inf	0.421052631578947	1
g05582	1	7	0	11	Inf	0.421052631578947	1
g07743	1	7	0	11	Inf	0.421052631578947	1
g05440	0	8	1	10	0	1	1
g08081	0	8	1	10	0	1	1
g05565	0	8	1	10	0	1	1
g07329	0	8	1	10	0	1	1
g06885	0	8	1	10	0	1	1
g05425	0	8	1	10	0	1	1
g08157	1	7	0	11	Inf	0.421052631578947	1
g05521	1	7	0	11	Inf	0.421052631578947	1
g05884	1	7	0	11	Inf	0.421052631578947	1
g07472	0	8	1	10	0	1	1
g08795	0	8	1	10	0	1	1
g05830	0	8	1	10	0	1	1
g09529	1	7	0	11	Inf	0.421052631578947	1
g07826	1	7	0	11	Inf	0.421052631578947	1
g04917	1	7	0	11	Inf	0.421052631578947	1
g05965	0	8	1	10	0	1	1
g05180	0	8	1	10	0	1	1
g06296	0	8	1	10	0	1	1
g07843	0	8	1	10	0	1	1
g07391	0	8	1	10	0	1	1
g08935	0	8	1	10	0	1	1
g09436	1	7	0	11	Inf	0.421052631578947	1
g04942	1	7	0	11	Inf	0.421052631578947	1
g08604	1	7	0	11	Inf	0.421052631578947	1
g05396	0	8	1	10	0	1	1
g08221	0	8	1	10	0	1	1
g09105	0	8	1	10	0	1	1
g07995	0	8	1	10	0	1	1
g05237	0	8	1	10	0	1	1
g07183	0	8	1	10	0	1	1
g06233	0	8	1	10	0	1	1
g07176	0	8	1	10	0	1	1
g08779	0	8	1	10	0	1	1
g06954	1	7	0	11	Inf	0.421052631578947	1
g06000	1	7	0	11	Inf	0.421052631578947	1
g09295	1	7	0	11	Inf	0.421052631578947	1
g04911	1	7	0	11	Inf	0.421052631578947	1
g06120	1	7	0	11	Inf	0.421052631578947	1
g08515	1	7	0	11	Inf	0.421052631578947	1
g06663	1	7	0	11	Inf	0.421052631578947	1
g06022	1	7	0	11	Inf	0.421052631578947	1
g05034	1	7	0	11	Inf	0.421052631578947	1
g09289	0	8	1	10	0	1	1
g07706	0	8	1	10	0	1	1
g05377	0	8	1	10	0	1	1
g08601	0	8	1	10	0	1	1
g08704	0	8	1	10	0	1	1
g05147	0	8	1	10	0	1	1
g05585	1	7	0	11	Inf	0.421052631578947	1
g06134	1	7	0	11	Inf	0.421052631578947	1
g08217	1	7	0	11	Inf	0.421052631578947	1
g06346	0	8	1	10	0	1	1
g08410	0	8	1	10	0	1	1
g07808	0	8	1	10	0	1	1
g08737	1	7	0	11	Inf	0.421052631578947	1
g05359	1	7	0	11	Inf	0.421052631578947	1
g08360	1	7	0	11	Inf	0.421052631578947	1
g08341	0	8	1	10	0	1	1
g06882	0	8	1	10	0	1	1
g06879	0	8	1	10	0	1	1
g05639	1	7	0	11	Inf	0.421052631578947	1
g05242	1	7	0	11	Inf	0.421052631578947	1
g07646	1	7	0	11	Inf	0.421052631578947	1
g07191	1	7	0	11	Inf	0.421052631578947	1
g09226	1	7	0	11	Inf	0.421052631578947	1
g07134	1	7	0	11	Inf	0.421052631578947	1
g08745	0	8	1	10	0	1	1
g08653	0	8	1	10	0	1	1
g08413	0	8	1	10	0	1	1
g06589	1	7	0	11	Inf	0.421052631578947	1
g06724	1	7	0	11	Inf	0.421052631578947	1
g05721	1	7	0	11	Inf	0.421052631578947	1
g06825	0	8	1	10	0	1	1
g07383	0	8	1	10	0	1	1
g05064	0	8	1	10	0	1	1
g06711	0	8	1	10	0	1	1
g05938	0	8	1	10	0	1	1
g07644	0	8	1	10	0	1	1
g05069	0	8	1	10	0	1	1
g08468	0	8	1	10	0	1	1
g07523	0	8	1	10	0	1	1
g06909	1	7	0	11	Inf	0.421052631578947	1
g05606	1	7	0	11	Inf	0.421052631578947	1
g05859	1	7	0	11	Inf	0.421052631578947	1
g06697	0	8	1	10	0	1	1
g07986	0	8	1	10	0	1	1
g07260	0	8	1	10	0	1	1
g08405	1	7	0	11	Inf	0.421052631578947	1
g07377	1	7	0	11	Inf	0.421052631578947	1
g06272	1	7	0	11	Inf	0.421052631578947	1
g08490	1	7	0	11	Inf	0.421052631578947	1
g07754	1	7	0	11	Inf	0.421052631578947	1
g05904	1	7	0	11	Inf	0.421052631578947	1
g09322	0	8	1	10	0	1	1
g05841	0	8	1	10	0	1	1
g08676	0	8	1	10	0	1	1
g07332	1	7	0	11	Inf	0.421052631578947	1
g08108	1	7	0	11	Inf	0.421052631578947	1
g05610	1	7	0	11	Inf	0.421052631578947	1
g08010	0	8	1	10	0	1	1
g07579	0	8	1	10	0	1	1
g06187	0	8	1	10	0	1	1
g05193	1	7	0	11	Inf	0.421052631578947	1
g06403	1	7	0	11	Inf	0.421052631578947	1
g07353	1	7	0	11	Inf	0.421052631578947	1
g05986	0	8	1	10	0	1	1
g09308	0	8	1	10	0	1	1
g08884	0	8	1	10	0	1	1
g04936	0	8	1	10	0	1	1
g04934	1	7	0	11	Inf	0.421052631578947	1
g04616	1	7	0	11	Inf	0.421052631578947	1
g09002	0	8	1	10	0	1	1
g07590	0	8	1	10	0	1	1
g09164	1	7	0	11	Inf	0.421052631578947	1
g05215	1	7	0	11	Inf	0.421052631578947	1
g06549	0	8	1	10	0	1	1
g07712	0	8	1	10	0	1	1
g06583	0	8	1	10	0	1	1
g06214	0	8	1	10	0	1	1
g09178	1	7	0	11	Inf	0.421052631578947	1
g07593	1	7	0	11	Inf	0.421052631578947	1
g04958	1	7	0	11	Inf	0.421052631578947	1
g04874	1	7	0	11	Inf	0.421052631578947	1
g08298	1	7	0	11	Inf	0.421052631578947	1
g06437	1	7	0	11	Inf	0.421052631578947	1
g05984	1	7	0	11	Inf	0.421052631578947	1
g06477	1	7	0	11	Inf	0.421052631578947	1
g06585	0	8	1	10	0	1	1
g05724	0	8	1	10	0	1	1
g07945	0	8	1	10	0	1	1
g07601	0	8	1	10	0	1	1
g05485	1	7	0	11	Inf	0.421052631578947	1
g06264	1	7	0	11	Inf	0.421052631578947	1
g04943	1	7	0	11	Inf	0.421052631578947	1
g05719	1	7	0	11	Inf	0.421052631578947	1
g06316	0	8	1	10	0	1	1
g06710	0	8	1	10	0	1	1
g04859	1	7	0	11	Inf	0.421052631578947	1
g06536	1	7	0	11	Inf	0.421052631578947	1
g08480	1	7	0	11	Inf	0.421052631578947	1
g06928	1	7	0	11	Inf	0.421052631578947	1
g08034	0	8	1	10	0	1	1
g06246	0	8	1	10	0	1	1
g07201	1	7	0	11	Inf	0.421052631578947	1
g05013	1	7	0	11	Inf	0.421052631578947	1
g09396	1	7	0	11	Inf	0.421052631578947	1
g05774	1	7	0	11	Inf	0.421052631578947	1
g08720	0	8	1	10	0	1	1
g07814	0	8	1	10	0	1	1
g05990	0	8	1	10	0	1	1
g04818	0	8	1	10	0	1	1
g07121	1	7	0	11	Inf	0.421052631578947	1
g04989	1	7	0	11	Inf	0.421052631578947	1
g04771	1	7	0	11	Inf	0.421052631578947	1
g09556	1	7	0	11	Inf	0.421052631578947	1
g08058	1	7	0	11	Inf	0.421052631578947	1
g07116	1	7	0	11	Inf	0.421052631578947	1
g08762	1	7	0	11	Inf	0.421052631578947	1
g08636	1	7	0	11	Inf	0.421052631578947	1
g05539	1	7	0	11	Inf	0.421052631578947	1
g06739	1	7	0	11	Inf	0.421052631578947	1
g08799	0	8	1	10	0	1	1
g04799	0	8	1	10	0	1	1
g04646	0	8	1	10	0	1	1
g04781	0	8	1	10	0	1	1
g06684	0	8	1	10	0	1	1
g08330	0	8	1	10	0	1	1
g08797	0	8	1	10	0	1	1
g08691	0	8	1	10	0	1	1
g07456	0	8	1	10	0	1	1
g06572	0	8	1	10	0	1	1
g07218	1	7	0	11	Inf	0.421052631578947	1
g05502	1	7	0	11	Inf	0.421052631578947	1
g05335	0	8	1	10	0	1	1
g05824	0	8	1	10	0	1	1
g06418	1	7	0	11	Inf	0.421052631578947	1
g05874	1	7	0	11	Inf	0.421052631578947	1
g08920	0	8	1	10	0	1	1
g07655	0	8	1	10	0	1	1
g06718	1	7	0	11	Inf	0.421052631578947	1
g06620	1	7	0	11	Inf	0.421052631578947	1
g06309	1	7	0	11	Inf	0.421052631578947	1
g07122	1	7	0	11	Inf	0.421052631578947	1
g06490	0	8	1	10	0	1	1
g09305	0	8	1	10	0	1	1
g08496	1	7	0	11	Inf	0.421052631578947	1
g06176	1	7	0	11	Inf	0.421052631578947	1
g08073	0	8	1	10	0	1	1
g08232	0	8	1	10	0	1	1
g06993	0	8	1	10	0	1	1
g05422	0	8	1	10	0	1	1
g05956	0	8	1	10	0	1	1
g04674	0	8	1	10	0	1	1
g06874	0	8	1	10	0	1	1
g08127	0	8	1	10	0	1	1
g07576	1	7	0	11	Inf	0.421052631578947	1
g09053	1	7	0	11	Inf	0.421052631578947	1
g05053	0	8	1	10	0	1	1
g06308	0	8	1	10	0	1	1
g06153	1	7	0	11	Inf	0.421052631578947	1
g07623	1	7	0	11	Inf	0.421052631578947	1
g05163	0	8	1	10	0	1	1
g04735	0	8	1	10	0	1	1
g06630	0	8	1	10	0	1	1
g09267	0	8	1	10	0	1	1
g08310	0	8	1	10	0	1	1
g07358	0	8	1	10	0	1	1
g07890	0	8	1	10	0	1	1
g05551	0	8	1	10	0	1	1
g08586	0	8	1	10	0	1	1
g09521	0	8	1	10	0	1	1
g05379	1	7	0	11	Inf	0.421052631578947	1
g07958	1	7	0	11	Inf	0.421052631578947	1
g04698	1	7	0	11	Inf	0.421052631578947	1
g05669	1	7	0	11	Inf	0.421052631578947	1
g09488	1	7	0	11	Inf	0.421052631578947	1
g05028	1	7	0	11	Inf	0.421052631578947	1
g09354	1	7	0	11	Inf	0.421052631578947	1
g09386	1	7	0	11	Inf	0.421052631578947	1
g05310	1	7	0	11	Inf	0.421052631578947	1
g09223	1	7	0	11	Inf	0.421052631578947	1
g07430	0	8	1	10	0	1	1
g05195	0	8	1	10	0	1	1
g08278	1	7	0	11	Inf	0.421052631578947	1
g08723	1	7	0	11	Inf	0.421052631578947	1
g09399	1	7	0	11	Inf	0.421052631578947	1
g06563	1	7	0	11	Inf	0.421052631578947	1
g06803	0	8	1	10	0	1	1
g05355	0	8	1	10	0	1	1
g07812	0	8	1	10	0	1	1
g08087	0	8	1	10	0	1	1
g08489	0	8	1	10	0	1	1
g06283	0	8	1	10	0	1	1
g07468	0	8	1	10	0	1	1
g05871	0	8	1	10	0	1	1
g04932	0	8	1	10	0	1	1
g09224	0	8	1	10	0	1	1
g09410	1	7	0	11	Inf	0.421052631578947	1
g04918	1	7	0	11	Inf	0.421052631578947	1
g08230	0	8	1	10	0	1	1
g05872	0	8	1	10	0	1	1
g08284	1	7	0	11	Inf	0.421052631578947	1
g05783	1	7	0	11	Inf	0.421052631578947	1
g07914	0	8	1	10	0	1	1
g05345	0	8	1	10	0	1	1
g04935	1	7	0	11	Inf	0.421052631578947	1
g07386	1	7	0	11	Inf	0.421052631578947	1
g08647	0	8	1	10	0	1	1
g08675	0	8	1	10	0	1	1
g09324	0	8	1	10	0	1	1
g06522	0	8	1	10	0	1	1
g08120	1	7	0	11	Inf	0.421052631578947	1
g05541	0	8	1	10	0	1	1
g06337	1	7	0	11	Inf	0.421052631578947	1
g04673	1	7	0	11	Inf	0.421052631578947	1
g06996	0	8	1	10	0	1	1
g08133	0	8	1	10	0	1	1
g06050	0	8	1	10	0	1	1
g06798	1	7	0	11	Inf	0.421052631578947	1
g08324	0	8	1	10	0	1	1
g06362	0	8	1	10	0	1	1
g03870	1	7	0	11	Inf	0.421052631578947	1
g05323	1	7	0	11	Inf	0.421052631578947	1
g07616	1	7	0	11	Inf	0.421052631578947	1
g08956	1	7	0	11	Inf	0.421052631578947	1
g05894	0	8	1	10	0	1	1
g06674	0	8	1	10	0	1	1
g06284	1	7	0	11	Inf	0.421052631578947	1
g06135	1	7	0	11	Inf	0.421052631578947	1
g08814	0	8	1	10	0	1	1
g05419	0	8	1	10	0	1	1
g07985	0	8	1	10	0	1	1
g05952	0	8	1	10	0	1	1
g06369	1	7	0	11	Inf	0.421052631578947	1
g04691	0	8	1	10	0	1	1
g06353	1	7	0	11	Inf	0.421052631578947	1
g06236	0	8	1	10	0	1	1
g07982	0	8	1	10	0	1	1
g06325	0	8	1	10	0	1	1
g06857	0	8	1	10	0	1	1
g08248	0	8	1	10	0	1	1
g08040	1	7	0	11	Inf	0.421052631578947	1
g08353	0	8	1	10	0	1	1
g08559	0	8	1	10	0	1	1
g06108	1	7	0	11	Inf	0.421052631578947	1
g04785	0	8	1	10	0	1	1
g05309	1	7	0	11	Inf	0.421052631578947	1
g09244	1	7	0	11	Inf	0.421052631578947	1
g04951	0	8	1	10	0	1	1
g09317	0	8	1	10	0	1	1
g05793	0	8	1	10	0	1	1
g03859	0	8	1	10	0	1	1
g07929	0	8	1	10	0	1	1
g09103	0	8	1	10	0	1	1
g03805	0	8	1	10	0	1	1
g06571	0	8	1	10	0	1	1
g08012	0	8	1	10	0	1	1
g04649	1	7	0	11	Inf	0.421052631578947	1
g08693	0	8	1	10	0	1	1
g06106	0	8	1	10	0	1	1
g07499	1	7	0	11	Inf	0.421052631578947	1
g07439	0	8	1	10	0	1	1
g03824	1	7	0	11	Inf	0.421052631578947	1
g07952	0	8	1	10	0	1	1
g05870	0	8	1	10	0	1	1
g07503	1	7	0	11	Inf	0.421052631578947	1
g07231	1	7	0	11	Inf	0.421052631578947	1
g08568	0	8	1	10	0	1	1
g04000	0	8	1	10	0	1	1
g06846	1	7	0	11	Inf	0.421052631578947	1
g08970	1	7	0	11	Inf	0.421052631578947	1
g04893	0	8	1	10	0	1	1
g07306	1	7	0	11	Inf	0.421052631578947	1
g09275	1	7	0	11	Inf	0.421052631578947	1
g04990	1	7	0	11	Inf	0.421052631578947	1
g06935	0	8	1	10	0	1	1
g08980	0	8	1	10	0	1	1
g08000	0	8	1	10	0	1	1
g08740	0	8	1	10	0	1	1
g07092	0	8	1	10	0	1	1
g09287	0	8	1	10	0	1	1
g05326	0	8	1	10	0	1	1
g07574	1	7	0	11	Inf	0.421052631578947	1
g09412	1	7	0	11	Inf	0.421052631578947	1
g09486	0	8	1	10	0	1	1
g04105	0	8	1	10	0	1	1
g08057	0	8	1	10	0	1	1
g07989	0	8	1	10	0	1	1
g08180	1	7	0	11	Inf	0.421052631578947	1
g07751	1	7	0	11	Inf	0.421052631578947	1
g07598	1	7	0	11	Inf	0.421052631578947	1
g06373	0	8	1	10	0	1	1
g04945	1	7	0	11	Inf	0.421052631578947	1
g08798	0	8	1	10	0	1	1
g07827	0	8	1	10	0	1	1
g06148	0	8	1	10	0	1	1
g05413	0	8	1	10	0	1	1
g09047	0	8	1	10	0	1	1
g08579	1	7	0	11	Inf	0.421052631578947	1
g04733	1	7	0	11	Inf	0.421052631578947	1
g06669	0	8	1	10	0	1	1
g06841	1	7	0	11	Inf	0.421052631578947	1
g08394	0	8	1	10	0	1	1
g03734	0	8	1	10	0	1	1
g09029	1	7	0	11	Inf	0.421052631578947	1
g07213	1	7	0	11	Inf	0.421052631578947	1
g07489	0	8	1	10	0	1	1
g09262	1	7	0	11	Inf	0.421052631578947	1
g04930	1	7	0	11	Inf	0.421052631578947	1
g04124	0	8	1	10	0	1	1
g08984	0	8	1	10	0	1	1
g05605	0	8	1	10	0	1	1
g04151	1	7	0	11	Inf	0.421052631578947	1
g07030	0	8	1	10	0	1	1
g08888	0	8	1	10	0	1	1
g06960	1	7	0	11	Inf	0.421052631578947	1
g07428	0	8	1	10	0	1	1
g05743	1	7	0	11	Inf	0.421052631578947	1
g09318	0	8	1	10	0	1	1
g08352	0	8	1	10	0	1	1
g08667	0	8	1	10	0	1	1
g07166	1	7	0	11	Inf	0.421052631578947	1
g06132	0	8	1	10	0	1	1
g07612	0	8	1	10	0	1	1
g05001	1	7	0	11	Inf	0.421052631578947	1
g05656	0	8	1	10	0	1	1
g05282	0	8	1	10	0	1	1
g07328	0	8	1	10	0	1	1
g07044	1	7	0	11	Inf	0.421052631578947	1
g06297	0	8	1	10	0	1	1
g09330	1	7	0	11	Inf	0.421052631578947	1
g09461	0	8	1	10	0	1	1
g07354	0	8	1	10	0	1	1
g07388	0	8	1	10	0	1	1
g08161	0	8	1	10	0	1	1
g03941	0	8	1	10	0	1	1
g06472	1	7	0	11	Inf	0.421052631578947	1
g06203	0	8	1	10	0	1	1
g08011	1	7	0	11	Inf	0.421052631578947	1
g08392	0	8	1	10	0	1	1
g06528	0	8	1	10	0	1	1
g08873	0	8	1	10	0	1	1
g08614	1	7	0	11	Inf	0.421052631578947	1
g05645	0	8	1	10	0	1	1
g03850	0	8	1	10	0	1	1
g09081	1	7	0	11	Inf	0.421052631578947	1
g05434	0	8	1	10	0	1	1
g04034	1	7	0	11	Inf	0.421052631578947	1
g07562	0	8	1	10	0	1	1
g06462	0	8	1	10	0	1	1
g09320	0	8	1	10	0	1	1
g05337	0	8	1	10	0	1	1
g09229	0	8	1	10	0	1	1
g06750	1	7	0	11	Inf	0.421052631578947	1
g06772	0	8	1	10	0	1	1
g04795	1	7	0	11	Inf	0.421052631578947	1
g08994	1	7	0	11	Inf	0.421052631578947	1
g05713	1	7	0	11	Inf	0.421052631578947	1
g06951	0	8	1	10	0	1	1
g04780	0	8	1	10	0	1	1
g04035	0	8	1	10	0	1	1
g08743	1	7	0	11	Inf	0.421052631578947	1
g09482	0	8	1	10	0	1	1
g08338	0	8	1	10	0	1	1
g06393	1	7	0	11	Inf	0.421052631578947	1
g08757	0	8	1	10	0	1	1
g08375	0	8	1	10	0	1	1
g08446	0	8	1	10	0	1	1
g05033	1	7	0	11	Inf	0.421052631578947	1
g06227	1	7	0	11	Inf	0.421052631578947	1
g05995	1	7	0	11	Inf	0.421052631578947	1
g06623	0	8	1	10	0	1	1
g06948	0	8	1	10	0	1	1
g05489	0	8	1	10	0	1	1
g07926	0	8	1	10	0	1	1
g07707	0	8	1	10	0	1	1
g07460	0	8	1	10	0	1	1
g04132	0	8	1	10	0	1	1
g06914	0	8	1	10	0	1	1
g05500	0	8	1	10	0	1	1
g05784	1	7	0	11	Inf	0.421052631578947	1
g08922	0	8	1	10	0	1	1
g09293	0	8	1	10	0	1	1
g08548	0	8	1	10	0	1	1
g06757	1	7	0	11	Inf	0.421052631578947	1
g08258	0	8	1	10	0	1	1
g08029	0	8	1	10	0	1	1
g04621	0	8	1	10	0	1	1
g08094	1	7	0	11	Inf	0.421052631578947	1
g06927	1	7	0	11	Inf	0.421052631578947	1
g05290	0	8	1	10	0	1	1
g09104	0	8	1	10	0	1	1
g09339	1	7	0	11	Inf	0.421052631578947	1
g05520	1	7	0	11	Inf	0.421052631578947	1
g03978	0	8	1	10	0	1	1
g05149	1	7	0	11	Inf	0.421052631578947	1
g07838	0	8	1	10	0	1	1
g05103	0	8	1	10	0	1	1
g08102	0	8	1	10	0	1	1
g07789	1	7	0	11	Inf	0.421052631578947	1
g08524	0	8	1	10	0	1	1
g09111	0	8	1	10	0	1	1
g06704	0	8	1	10	0	1	1
g04916	0	8	1	10	0	1	1
g08385	0	8	1	10	0	1	1
g06071	0	8	1	10	0	1	1
g06865	0	8	1	10	0	1	1
g06115	0	8	1	10	0	1	1
g08383	0	8	1	10	0	1	1
g07988	1	7	0	11	Inf	0.421052631578947	1
g08829	0	8	1	10	0	1	1
g07194	0	8	1	10	0	1	1
g05891	0	8	1	10	0	1	1
g07993	1	7	0	11	Inf	0.421052631578947	1
g05746	0	8	1	10	0	1	1
g05100	0	8	1	10	0	1	1
g07976	0	8	1	10	0	1	1
g04955	0	8	1	10	0	1	1
g04860	0	8	1	10	0	1	1
g04996	0	8	1	10	0	1	1
g06562	0	8	1	10	0	1	1
g07048	0	8	1	10	0	1	1
g08219	0	8	1	10	0	1	1
g08727	0	8	1	10	0	1	1
g09542	0	8	1	10	0	1	1
g05067	1	7	0	11	Inf	0.421052631578947	1
g04647	0	8	1	10	0	1	1
g04628	0	8	1	10	0	1	1
g04638	0	8	1	10	0	1	1
g07016	1	7	0	11	Inf	0.421052631578947	1
g07467	0	8	1	10	0	1	1
g08977	1	7	0	11	Inf	0.421052631578947	1
g04612	1	7	0	11	Inf	0.421052631578947	1
g09133	1	7	0	11	Inf	0.421052631578947	1
g07400	0	8	1	10	0	1	1
g06454	0	8	1	10	0	1	1
g08467	1	7	0	11	Inf	0.421052631578947	1
g05849	1	7	0	11	Inf	0.421052631578947	1
g04681	0	8	1	10	0	1	1
g07868	0	8	1	10	0	1	1
g04611	0	8	1	10	0	1	1
g09082	1	7	0	11	Inf	0.421052631578947	1
g07749	0	8	1	10	0	1	1
g07224	0	8	1	10	0	1	1
g07627	1	7	0	11	Inf	0.421052631578947	1
g05618	1	7	0	11	Inf	0.421052631578947	1
g06912	0	8	1	10	0	1	1
g05134	1	7	0	11	Inf	0.421052631578947	1
g09338	0	8	1	10	0	1	1
g05178	0	8	1	10	0	1	1
g07484	1	7	0	11	Inf	0.421052631578947	1
g06807	1	7	0	11	Inf	0.421052631578947	1
g06238	0	8	1	10	0	1	1
g07435	0	8	1	10	0	1	1
g04803	0	8	1	10	0	1	1
g07138	0	8	1	10	0	1	1
g08952	0	8	1	10	0	1	1
g05817	0	8	1	10	0	1	1
g04609	0	8	1	10	0	1	1
g05376	1	7	0	11	Inf	0.421052631578947	1
g04988	1	7	0	11	Inf	0.421052631578947	1
g05451	1	7	0	11	Inf	0.421052631578947	1
g06680	0	8	1	10	0	1	1
g07147	1	7	0	11	Inf	0.421052631578947	1
g08808	0	8	1	10	0	1	1
g07285	1	7	0	11	Inf	0.421052631578947	1
g05847	0	8	1	10	0	1	1
g05754	0	8	1	10	0	1	1
g07791	0	8	1	10	0	1	1
g05815	0	8	1	10	0	1	1
g05674	0	8	1	10	0	1	1
g06716	0	8	1	10	0	1	1
g05914	0	8	1	10	0	1	1
g06394	0	8	1	10	0	1	1
g04660	1	7	0	11	Inf	0.421052631578947	1
g07236	1	7	0	11	Inf	0.421052631578947	1
g05254	1	7	0	11	Inf	0.421052631578947	1
g06020	1	7	0	11	Inf	0.421052631578947	1
g08627	0	8	1	10	0	1	1
g06248	0	8	1	10	0	1	1
g05183	0	8	1	10	0	1	1
g09049	1	7	0	11	Inf	0.421052631578947	1
g08172	0	8	1	10	0	1	1
g05879	0	8	1	10	0	1	1
g07566	1	7	0	11	Inf	0.421052631578947	1
g06679	1	7	0	11	Inf	0.421052631578947	1
g08202	1	7	0	11	Inf	0.421052631578947	1
g04953	0	8	1	10	0	1	1
g05734	1	7	0	11	Inf	0.421052631578947	1
