gene	present_in_AHPND+	absent_in_AHPND+	present_in_AHPND-	absent_in_AHPND-	odds_ratio	p_value	p_bonferroni	q_value_FDR
g07720	8	0	0	11	inf	1.323066338546211e-05	0.1264322193114759	0.03160805482786898
g06662	8	0	0	11	inf	1.323066338546211e-05	0.1264322193114759	0.03160805482786898
g07221	8	0	0	11	inf	1.323066338546211e-05	0.1264322193114759	0.03160805482786898
g07679	8	0	0	11	inf	1.323066338546211e-05	0.1264322193114759	0.03160805482786898
g05919	8	0	1	10	inf	0.00011907597046915906	1.0	0.0758593315868856
g05909	8	0	1	10	inf	0.00011907597046915906	1.0	0.0758593315868856
g09134	8	0	1	10	inf	0.00011907597046915906	1.0	0.0758593315868856
g08047	8	0	1	10	inf	0.00011907597046915906	1.0	0.0758593315868856
g09492	8	0	1	10	inf	0.00011907597046915906	1.0	0.0758593315868856
g08513	8	0	1	10	inf	0.00011907597046915906	1.0	0.0758593315868856
g07762	8	0	1	10	inf	0.00011907597046915906	1.0	0.0758593315868856
g07515	8	0	1	10	inf	0.00011907597046915906	1.0	0.0758593315868856
g06476	8	0	1	10	inf	0.00011907597046915906	1.0	0.0758593315868856
g09055	8	0	1	10	inf	0.00011907597046915906	1.0	0.0758593315868856
g06523	8	0	1	10	inf	0.00011907597046915906	1.0	0.0758593315868856
g03833	8	0	2	9	inf	0.000714455822814954	1.0	0.4267087401762313
g04125	6	2	0	11	inf	0.0010319917440660472	1.0	0.5801007709585381
g03282	7	1	1	10	70.0	0.0011775290413061302	1.0	0.62513708437341
g07983	8	0	3	8	inf	0.0033605884999073797	1.0	0.8679401001382411
g06252	8	0	3	8	inf	0.0033605884999073797	1.0	0.8679401001382411
g04952	8	0	3	8	inf	0.0033605884999073797	1.0	0.8679401001382411
g05019	8	0	3	8	inf	0.0033605884999073797	1.0	0.8679401001382411
g04987	8	0	3	8	inf	0.0033605884999073797	1.0	0.8679401001382411
g05574	8	0	3	8	inf	0.0033605884999073797	1.0	0.8679401001382411
g07473	8	0	3	8	inf	0.0033605884999073797	1.0	0.8679401001382411
g08207	8	0	3	8	inf	0.0033605884999073797	1.0	0.8679401001382411
g06136	8	0	3	8	inf	0.0033605884999073797	1.0	0.8679401001382411
g06934	8	0	3	8	inf	0.0033605884999073797	1.0	0.8679401001382411
g05812	8	0	3	8	inf	0.0033605884999073797	1.0	0.8679401001382411
g06647	8	0	3	8	inf	0.0033605884999073797	1.0	0.8679401001382411
g09247	8	0	3	8	inf	0.0033605884999073797	1.0	0.8679401001382411
g07365	8	0	3	8	inf	0.0033605884999073797	1.0	0.8679401001382411
g08100	8	0	3	8	inf	0.0033605884999073797	1.0	0.8679401001382411
g08663	8	0	3	8	inf	0.0033605884999073797	1.0	0.8679401001382411
g05912	8	0	3	8	inf	0.0033605884999073797	1.0	0.8679401001382411
g06967	8	0	3	8	inf	0.0033605884999073797	1.0	0.8679401001382411
g03544	0	8	8	3	0.0	0.0033605884999073797	1.0	0.8679401001382411
g03851	5	3	0	11	inf	0.004815961472308216	1.0	1.0
g04207	5	3	0	11	inf	0.004815961472308216	1.0	1.0
g03207	7	1	2	9	31.5	0.005477494641581322	1.0	1.0
g03453	7	1	2	9	31.5	0.005477494641581322	1.0	1.0
g03958	7	1	2	9	31.5	0.005477494641581322	1.0	1.0
g03315	7	1	2	9	31.5	0.005477494641581322	1.0	1.0
g03172	7	1	2	9	31.5	0.005477494641581322	1.0	1.0
g06061	8	0	4	7	inf	0.012820512820512794	1.0	1.0
g09037	8	0	4	7	inf	0.012820512820512794	1.0	1.0
g05333	8	0	4	7	inf	0.012820512820512794	1.0	1.0
g04110	8	0	4	7	inf	0.012820512820512794	1.0	1.0
g04066	8	0	4	7	inf	0.012820512820512794	1.0	1.0
g04023	8	0	4	7	inf	0.012820512820512794	1.0	1.0
g03694	8	0	4	7	inf	0.012820512820512794	1.0	1.0
g03975	8	0	4	7	inf	0.012820512820512794	1.0	1.0
g03318	8	0	4	7	inf	0.012820512820512794	1.0	1.0
g03946	8	0	4	7	inf	0.012820512820512794	1.0	1.0
g04075	8	0	4	7	inf	0.012820512820512794	1.0	1.0
g08404	8	0	4	7	inf	0.012820512820512794	1.0	1.0
g04919	8	0	4	7	inf	0.012820512820512794	1.0	1.0
g05757	8	0	4	7	inf	0.012820512820512794	1.0	1.0
g06675	0	8	7	4	0.0	0.012820512820512794	1.0	1.0
g05728	0	8	7	4	0.0	0.012820512820512794	1.0	1.0
g04835	0	8	7	4	0.0	0.012820512820512794	1.0	1.0
g09028	0	8	7	4	0.0	0.012820512820512794	1.0	1.0
g05755	4	4	0	11	inf	0.018059855521155816	1.0	1.0
g08069	4	4	0	11	inf	0.018059855521155816	1.0	1.0
g09554	4	4	0	11	inf	0.018059855521155816	1.0	1.0
g06225	4	4	0	11	inf	0.018059855521155816	1.0	1.0
g07933	4	4	0	11	inf	0.018059855521155816	1.0	1.0
g06648	4	4	0	11	inf	0.018059855521155816	1.0	1.0
g05672	4	4	0	11	inf	0.018059855521155816	1.0	1.0
g04842	4	4	0	11	inf	0.018059855521155816	1.0	1.0
g05026	4	4	0	11	inf	0.018059855521155816	1.0	1.0
g03766	4	4	0	11	inf	0.018059855521155816	1.0	1.0
g04288	4	4	0	11	inf	0.018059855521155816	1.0	1.0
g04369	4	4	0	11	inf	0.018059855521155816	1.0	1.0
g04766	4	4	0	11	inf	0.018059855521155816	1.0	1.0
g07619	4	4	0	11	inf	0.018059855521155816	1.0	1.0
g03889	4	4	0	11	inf	0.018059855521155816	1.0	1.0
g07898	4	4	0	11	inf	0.018059855521155816	1.0	1.0
g04012	4	4	0	11	inf	0.018059855521155816	1.0	1.0
g04111	4	4	0	11	inf	0.018059855521155816	1.0	1.0
g03630	8	0	5	6	inf	0.01805985552115582	1.0	1.0
g03660	8	0	5	6	inf	0.01805985552115582	1.0	1.0
g03493	8	0	5	6	inf	0.01805985552115582	1.0	1.0
g03891	8	0	5	6	inf	0.01805985552115582	1.0	1.0
g03252	8	0	5	6	inf	0.01805985552115582	1.0	1.0
g03365	8	0	5	6	inf	0.01805985552115582	1.0	1.0
g03344	8	0	5	6	inf	0.01805985552115582	1.0	1.0
g03982	8	0	5	6	inf	0.01805985552115582	1.0	1.0
g03229	8	0	5	6	inf	0.01805985552115582	1.0	1.0
g03128	8	0	5	6	inf	0.01805985552115582	1.0	1.0
g03288	8	0	5	6	inf	0.01805985552115582	1.0	1.0
g04474	8	0	5	6	inf	0.01805985552115582	1.0	1.0
g03552	8	0	5	6	inf	0.01805985552115582	1.0	1.0
g03442	8	0	5	6	inf	0.01805985552115582	1.0	1.0
g03217	8	0	5	6	inf	0.01805985552115582	1.0	1.0
g03636	8	0	5	6	inf	0.01805985552115582	1.0	1.0
g03707	8	0	5	6	inf	0.01805985552115582	1.0	1.0
g03093	8	0	5	6	inf	0.01805985552115582	1.0	1.0
g03651	8	0	5	6	inf	0.01805985552115582	1.0	1.0
g04115	8	0	5	6	inf	0.01805985552115582	1.0	1.0
g05222	8	0	5	6	inf	0.01805985552115582	1.0	1.0
g04182	8	0	5	6	inf	0.01805985552115582	1.0	1.0
g04259	8	0	5	6	inf	0.01805985552115582	1.0	1.0
g03376	8	0	5	6	inf	0.01805985552115582	1.0	1.0
g03752	8	0	5	6	inf	0.01805985552115582	1.0	1.0
g03758	8	0	5	6	inf	0.01805985552115582	1.0	1.0
g09309	0	8	6	5	0.0	0.01805985552115582	1.0	1.0
g06535	1	7	8	3	0.05357142857142857	0.019766611097880443	1.0	1.0
g04167	1	7	8	3	0.05357142857142857	0.019766611097880443	1.0	1.0
g08542	1	7	8	3	0.05357142857142857	0.019766611097880443	1.0	1.0
g06736	1	7	8	3	0.05357142857142857	0.019766611097880443	1.0	1.0
g05368	6	2	2	9	13.5	0.023735810113519083	1.0	1.0
g03594	6	2	2	9	13.5	0.023735810113519083	1.0	1.0
g04511	6	2	2	9	13.5	0.023735810113519083	1.0	1.0
g03659	6	2	2	9	13.5	0.023735810113519083	1.0	1.0
g04745	6	2	2	9	13.5	0.023735810113519083	1.0	1.0
g03691	6	2	2	9	13.5	0.023735810113519083	1.0	1.0
g03108	6	2	2	9	13.5	0.023735810113519083	1.0	1.0
g08973	6	2	2	9	13.5	0.023735810113519083	1.0	1.0
g06271	6	2	2	9	13.5	0.023735810113519083	1.0	1.0
g03796	6	2	2	9	13.5	0.023735810113519083	1.0	1.0
g03385	6	2	2	9	13.5	0.023735810113519083	1.0	1.0
g06887	6	2	2	9	13.5	0.023735810113519083	1.0	1.0
g03417	5	3	1	10	16.666666666666668	0.04076367389060884	1.0	1.0
g03273	8	0	6	5	inf	0.04454764361885106	1.0	1.0
g03420	8	0	6	5	inf	0.04454764361885106	1.0	1.0
g03724	8	0	6	5	inf	0.04454764361885106	1.0	1.0
g03007	8	0	6	5	inf	0.04454764361885106	1.0	1.0
g07575	8	0	6	5	inf	0.04454764361885106	1.0	1.0
g07143	0	8	5	6	0.0	0.04454764361885106	1.0	1.0
g07066	0	8	5	6	0.0	0.04454764361885106	1.0	1.0
g03256	0	8	5	6	0.0	0.04454764361885106	1.0	1.0
g07438	0	8	5	6	0.0	0.04454764361885106	1.0	1.0
g07990	0	8	5	6	0.0	0.04454764361885106	1.0	1.0
g04428	0	8	5	6	0.0	0.04454764361885106	1.0	1.0
g03311	0	8	5	6	0.0	0.04454764361885106	1.0	1.0
g04212	5	3	11	0	0.0	0.0577915376676987	1.0	1.0
g08292	5	3	11	0	0.0	0.0577915376676987	1.0	1.0
g07685	5	3	11	0	0.0	0.0577915376676987	1.0	1.0
g03543	5	3	11	0	0.0	0.0577915376676987	1.0	1.0
g03280	5	3	11	0	0.0	0.0577915376676987	1.0	1.0
g07507	3	5	0	11	inf	0.0577915376676987	1.0	1.0
g06498	3	5	0	11	inf	0.0577915376676987	1.0	1.0
g06644	3	5	0	11	inf	0.0577915376676987	1.0	1.0
g07670	3	5	0	11	inf	0.0577915376676987	1.0	1.0
g06002	3	5	0	11	inf	0.0577915376676987	1.0	1.0
g06842	3	5	0	11	inf	0.0577915376676987	1.0	1.0
g05522	3	5	0	11	inf	0.0577915376676987	1.0	1.0
g09216	3	5	0	11	inf	0.0577915376676987	1.0	1.0
g07190	3	5	0	11	inf	0.0577915376676987	1.0	1.0
g06343	3	5	0	11	inf	0.0577915376676987	1.0	1.0
g09042	3	5	0	11	inf	0.0577915376676987	1.0	1.0
g08184	3	5	0	11	inf	0.0577915376676987	1.0	1.0
g08773	3	5	0	11	inf	0.0577915376676987	1.0	1.0
g08849	3	5	0	11	inf	0.0577915376676987	1.0	1.0
g09006	3	5	0	11	inf	0.0577915376676987	1.0	1.0
g05383	3	5	0	11	inf	0.0577915376676987	1.0	1.0
g05404	3	5	0	11	inf	0.0577915376676987	1.0	1.0
g04981	3	5	0	11	inf	0.0577915376676987	1.0	1.0
g06773	3	5	0	11	inf	0.0577915376676987	1.0	1.0
g07691	3	5	0	11	inf	0.0577915376676987	1.0	1.0
g06782	3	5	0	11	inf	0.0577915376676987	1.0	1.0
g04868	3	5	0	11	inf	0.0577915376676987	1.0	1.0
g08309	3	5	0	11	inf	0.0577915376676987	1.0	1.0
g04593	3	5	0	11	inf	0.0577915376676987	1.0	1.0
g06720	3	5	0	11	inf	0.0577915376676987	1.0	1.0
g06260	3	5	0	11	inf	0.0577915376676987	1.0	1.0
g08582	3	5	0	11	inf	0.0577915376676987	1.0	1.0
g08768	3	5	0	11	inf	0.0577915376676987	1.0	1.0
g08189	3	5	0	11	inf	0.0577915376676987	1.0	1.0
g05209	3	5	0	11	inf	0.0577915376676987	1.0	1.0
g06162	3	5	0	11	inf	0.0577915376676987	1.0	1.0
g07369	3	5	0	11	inf	0.0577915376676987	1.0	1.0
g09072	3	5	0	11	inf	0.0577915376676987	1.0	1.0
g09136	3	5	0	11	inf	0.0577915376676987	1.0	1.0
g08939	3	5	0	11	inf	0.0577915376676987	1.0	1.0
g08525	3	5	0	11	inf	0.0577915376676987	1.0	1.0
g06819	3	5	0	11	inf	0.0577915376676987	1.0	1.0
g07931	3	5	0	11	inf	0.0577915376676987	1.0	1.0
g06395	3	5	0	11	inf	0.0577915376676987	1.0	1.0
g08159	3	5	0	11	inf	0.0577915376676987	1.0	1.0
g08398	3	5	0	11	inf	0.0577915376676987	1.0	1.0
g06497	3	5	0	11	inf	0.0577915376676987	1.0	1.0
g04754	3	5	0	11	inf	0.0577915376676987	1.0	1.0
g06578	3	5	0	11	inf	0.0577915376676987	1.0	1.0
g09254	3	5	0	11	inf	0.0577915376676987	1.0	1.0
g04711	3	5	0	11	inf	0.0577915376676987	1.0	1.0
g06081	3	5	0	11	inf	0.0577915376676987	1.0	1.0
g07837	3	5	0	11	inf	0.0577915376676987	1.0	1.0
g05285	3	5	0	11	inf	0.0577915376676987	1.0	1.0
g06959	3	5	0	11	inf	0.0577915376676987	1.0	1.0
g06126	3	5	0	11	inf	0.0577915376676987	1.0	1.0
g09439	3	5	0	11	inf	0.0577915376676987	1.0	1.0
g06588	3	5	0	11	inf	0.0577915376676987	1.0	1.0
g07180	3	5	0	11	inf	0.0577915376676987	1.0	1.0
g06974	3	5	0	11	inf	0.0577915376676987	1.0	1.0
g06520	3	5	0	11	inf	0.0577915376676987	1.0	1.0
g08356	3	5	0	11	inf	0.0577915376676987	1.0	1.0
g05556	3	5	0	11	inf	0.0577915376676987	1.0	1.0
g08416	3	5	0	11	inf	0.0577915376676987	1.0	1.0
g06733	3	5	0	11	inf	0.0577915376676987	1.0	1.0
g08163	3	5	0	11	inf	0.0577915376676987	1.0	1.0
g08562	3	5	0	11	inf	0.0577915376676987	1.0	1.0
g08325	3	5	0	11	inf	0.0577915376676987	1.0	1.0
g07522	3	5	0	11	inf	0.0577915376676987	1.0	1.0
g07366	3	5	0	11	inf	0.0577915376676987	1.0	1.0
g05052	3	5	0	11	inf	0.0577915376676987	1.0	1.0
g06234	3	5	0	11	inf	0.0577915376676987	1.0	1.0
g07256	3	5	0	11	inf	0.0577915376676987	1.0	1.0
g07111	3	5	0	11	inf	0.0577915376676987	1.0	1.0
g09219	3	5	0	11	inf	0.0577915376676987	1.0	1.0
g07403	3	5	0	11	inf	0.0577915376676987	1.0	1.0
g07282	3	5	0	11	inf	0.0577915376676987	1.0	1.0
g07380	3	5	0	11	inf	0.0577915376676987	1.0	1.0
g07104	3	5	0	11	inf	0.0577915376676987	1.0	1.0
g05297	3	5	0	11	inf	0.0577915376676987	1.0	1.0
g04913	3	5	0	11	inf	0.0577915376676987	1.0	1.0
g05586	3	5	0	11	inf	0.0577915376676987	1.0	1.0
g04923	3	5	0	11	inf	0.0577915376676987	1.0	1.0
g06306	3	5	0	11	inf	0.0577915376676987	1.0	1.0
g05279	3	5	0	11	inf	0.0577915376676987	1.0	1.0
g08079	3	5	0	11	inf	0.0577915376676987	1.0	1.0
g05798	3	5	0	11	inf	0.0577915376676987	1.0	1.0
g06204	3	5	0	11	inf	0.0577915376676987	1.0	1.0
g06958	3	5	0	11	inf	0.0577915376676987	1.0	1.0
g08844	3	5	0	11	inf	0.0577915376676987	1.0	1.0
g07437	3	5	0	11	inf	0.0577915376676987	1.0	1.0
g05441	3	5	0	11	inf	0.0577915376676987	1.0	1.0
g07113	3	5	0	11	inf	0.0577915376676987	1.0	1.0
g06730	3	5	0	11	inf	0.0577915376676987	1.0	1.0
g05707	3	5	0	11	inf	0.0577915376676987	1.0	1.0
g07913	3	5	0	11	inf	0.0577915376676987	1.0	1.0
g07787	3	5	0	11	inf	0.0577915376676987	1.0	1.0
g08716	3	5	0	11	inf	0.0577915376676987	1.0	1.0
g06046	3	5	0	11	inf	0.0577915376676987	1.0	1.0
g07833	3	5	0	11	inf	0.0577915376676987	1.0	1.0
g08571	3	5	0	11	inf	0.0577915376676987	1.0	1.0
g06725	3	5	0	11	inf	0.0577915376676987	1.0	1.0
g05477	3	5	0	11	inf	0.0577915376676987	1.0	1.0
g07792	3	5	0	11	inf	0.0577915376676987	1.0	1.0
g05045	3	5	0	11	inf	0.0577915376676987	1.0	1.0
g09280	3	5	0	11	inf	0.0577915376676987	1.0	1.0
g05314	3	5	0	11	inf	0.0577915376676987	1.0	1.0
g06880	3	5	0	11	inf	0.0577915376676987	1.0	1.0
g09272	3	5	0	11	inf	0.0577915376676987	1.0	1.0
g07379	3	5	0	11	inf	0.0577915376676987	1.0	1.0
g07971	3	5	0	11	inf	0.0577915376676987	1.0	1.0
g07287	3	5	0	11	inf	0.0577915376676987	1.0	1.0
g05010	3	5	0	11	inf	0.0577915376676987	1.0	1.0
g04967	3	5	0	11	inf	0.0577915376676987	1.0	1.0
g05272	3	5	0	11	inf	0.0577915376676987	1.0	1.0
g09084	3	5	0	11	inf	0.0577915376676987	1.0	1.0
g06149	3	5	0	11	inf	0.0577915376676987	1.0	1.0
g07237	3	5	0	11	inf	0.0577915376676987	1.0	1.0
g04832	3	5	0	11	inf	0.0577915376676987	1.0	1.0
g05529	3	5	0	11	inf	0.0577915376676987	1.0	1.0
g06056	3	5	0	11	inf	0.0577915376676987	1.0	1.0
g04767	3	5	0	11	inf	0.0577915376676987	1.0	1.0
g08872	3	5	0	11	inf	0.0577915376676987	1.0	1.0
g08135	3	5	0	11	inf	0.0577915376676987	1.0	1.0
g03721	3	5	0	11	inf	0.0577915376676987	1.0	1.0
g08752	3	5	0	11	inf	0.0577915376676987	1.0	1.0
g06200	3	5	0	11	inf	0.0577915376676987	1.0	1.0
g08523	3	5	0	11	inf	0.0577915376676987	1.0	1.0
g07314	3	5	0	11	inf	0.0577915376676987	1.0	1.0
g06073	3	5	0	11	inf	0.0577915376676987	1.0	1.0
g08615	3	5	0	11	inf	0.0577915376676987	1.0	1.0
g07764	3	5	0	11	inf	0.0577915376676987	1.0	1.0
g08002	3	5	0	11	inf	0.0577915376676987	1.0	1.0
g09359	3	5	0	11	inf	0.0577915376676987	1.0	1.0
g09281	3	5	0	11	inf	0.0577915376676987	1.0	1.0
g07968	3	5	0	11	inf	0.0577915376676987	1.0	1.0
g07425	3	5	0	11	inf	0.0577915376676987	1.0	1.0
g09364	3	5	0	11	inf	0.0577915376676987	1.0	1.0
g08041	3	5	0	11	inf	0.0577915376676987	1.0	1.0
g07512	3	5	0	11	inf	0.0577915376676987	1.0	1.0
g05021	3	5	0	11	inf	0.0577915376676987	1.0	1.0
g07273	3	5	0	11	inf	0.0577915376676987	1.0	1.0
g07782	3	5	0	11	inf	0.0577915376676987	1.0	1.0
g06545	3	5	0	11	inf	0.0577915376676987	1.0	1.0
g09157	3	5	0	11	inf	0.0577915376676987	1.0	1.0
g09504	3	5	0	11	inf	0.0577915376676987	1.0	1.0
g06579	3	5	0	11	inf	0.0577915376676987	1.0	1.0
g09151	3	5	0	11	inf	0.0577915376676987	1.0	1.0
g09150	3	5	0	11	inf	0.0577915376676987	1.0	1.0
g06747	3	5	0	11	inf	0.0577915376676987	1.0	1.0
g07082	3	5	0	11	inf	0.0577915376676987	1.0	1.0
g07229	3	5	0	11	inf	0.0577915376676987	1.0	1.0
g06217	3	5	0	11	inf	0.0577915376676987	1.0	1.0
g05944	3	5	0	11	inf	0.0577915376676987	1.0	1.0
g06931	3	5	0	11	inf	0.0577915376676987	1.0	1.0
g06963	3	5	0	11	inf	0.0577915376676987	1.0	1.0
g06989	3	5	0	11	inf	0.0577915376676987	1.0	1.0
g06307	3	5	0	11	inf	0.0577915376676987	1.0	1.0
g09176	3	5	0	11	inf	0.0577915376676987	1.0	1.0
g08171	3	5	0	11	inf	0.0577915376676987	1.0	1.0
g05704	3	5	0	11	inf	0.0577915376676987	1.0	1.0
g06445	3	5	0	11	inf	0.0577915376676987	1.0	1.0
g07162	3	5	0	11	inf	0.0577915376676987	1.0	1.0
g06971	3	5	0	11	inf	0.0577915376676987	1.0	1.0
g05488	3	5	0	11	inf	0.0577915376676987	1.0	1.0
g06771	3	5	0	11	inf	0.0577915376676987	1.0	1.0
g07729	3	5	0	11	inf	0.0577915376676987	1.0	1.0
g06656	3	5	0	11	inf	0.0577915376676987	1.0	1.0
g08382	3	5	0	11	inf	0.0577915376676987	1.0	1.0
g07235	3	5	0	11	inf	0.0577915376676987	1.0	1.0
g05687	3	5	0	11	inf	0.0577915376676987	1.0	1.0
g05968	3	5	0	11	inf	0.0577915376676987	1.0	1.0
g07105	3	5	0	11	inf	0.0577915376676987	1.0	1.0
g08140	3	5	0	11	inf	0.0577915376676987	1.0	1.0
g07471	3	5	0	11	inf	0.0577915376676987	1.0	1.0
g06567	3	5	0	11	inf	0.0577915376676987	1.0	1.0
g08335	3	5	0	11	inf	0.0577915376676987	1.0	1.0
g07061	3	5	0	11	inf	0.0577915376676987	1.0	1.0
g09538	3	5	0	11	inf	0.0577915376676987	1.0	1.0
g08709	3	5	0	11	inf	0.0577915376676987	1.0	1.0
g06377	3	5	0	11	inf	0.0577915376676987	1.0	1.0
g07528	3	5	0	11	inf	0.0577915376676987	1.0	1.0
g05194	3	5	0	11	inf	0.0577915376676987	1.0	1.0
g09205	3	5	0	11	inf	0.0577915376676987	1.0	1.0
g08815	3	5	0	11	inf	0.0577915376676987	1.0	1.0
g08425	3	5	0	11	inf	0.0577915376676987	1.0	1.0
g07151	3	5	0	11	inf	0.0577915376676987	1.0	1.0
g07821	3	5	0	11	inf	0.0577915376676987	1.0	1.0
g06728	3	5	0	11	inf	0.0577915376676987	1.0	1.0
g05035	3	5	0	11	inf	0.0577915376676987	1.0	1.0
g08853	3	5	0	11	inf	0.0577915376676987	1.0	1.0
g05177	3	5	0	11	inf	0.0577915376676987	1.0	1.0
g05887	3	5	0	11	inf	0.0577915376676987	1.0	1.0
g04656	3	5	0	11	inf	0.0577915376676987	1.0	1.0
g03793	3	5	0	11	inf	0.0577915376676987	1.0	1.0
g06969	3	5	0	11	inf	0.0577915376676987	1.0	1.0
g05844	3	5	0	11	inf	0.0577915376676987	1.0	1.0
g09404	3	5	0	11	inf	0.0577915376676987	1.0	1.0
g05120	3	5	0	11	inf	0.0577915376676987	1.0	1.0
g07681	3	5	0	11	inf	0.0577915376676987	1.0	1.0
g04001	3	5	0	11	inf	0.0577915376676987	1.0	1.0
g09547	3	5	0	11	inf	0.0577915376676987	1.0	1.0
g07714	3	5	0	11	inf	0.0577915376676987	1.0	1.0
g08526	3	5	0	11	inf	0.0577915376676987	1.0	1.0
g06024	3	5	0	11	inf	0.0577915376676987	1.0	1.0
g07927	3	5	0	11	inf	0.0577915376676987	1.0	1.0
g08791	3	5	0	11	inf	0.0577915376676987	1.0	1.0
g04571	3	5	0	11	inf	0.0577915376676987	1.0	1.0
g07904	3	5	0	11	inf	0.0577915376676987	1.0	1.0
g04421	3	5	0	11	inf	0.0577915376676987	1.0	1.0
g03519	3	5	0	11	inf	0.0577915376676987	1.0	1.0
g09415	3	5	0	11	inf	0.0577915376676987	1.0	1.0
g07395	3	5	0	11	inf	0.0577915376676987	1.0	1.0
g05658	3	5	0	11	inf	0.0577915376676987	1.0	1.0
g06646	3	5	0	11	inf	0.0577915376676987	1.0	1.0
g06930	3	5	0	11	inf	0.0577915376676987	1.0	1.0
g07938	3	5	0	11	inf	0.0577915376676987	1.0	1.0
g07516	3	5	0	11	inf	0.0577915376676987	1.0	1.0
g05737	3	5	0	11	inf	0.0577915376676987	1.0	1.0
g03962	3	5	0	11	inf	0.0577915376676987	1.0	1.0
g07404	3	5	0	11	inf	0.0577915376676987	1.0	1.0
g07508	3	5	0	11	inf	0.0577915376676987	1.0	1.0
g04397	3	5	0	11	inf	0.0577915376676987	1.0	1.0
g08621	3	5	0	11	inf	0.0577915376676987	1.0	1.0
g06824	3	5	0	11	inf	0.0577915376676987	1.0	1.0
g07302	3	5	0	11	inf	0.0577915376676987	1.0	1.0
g03976	3	5	0	11	inf	0.0577915376676987	1.0	1.0
g04644	3	5	0	11	inf	0.0577915376676987	1.0	1.0
g05648	3	5	0	11	inf	0.0577915376676987	1.0	1.0
g06692	3	5	0	11	inf	0.0577915376676987	1.0	1.0
g04033	3	5	0	11	inf	0.0577915376676987	1.0	1.0
g06913	3	5	0	11	inf	0.0577915376676987	1.0	1.0
g08974	3	5	0	11	inf	0.0577915376676987	1.0	1.0
g06672	3	5	0	11	inf	0.0577915376676987	1.0	1.0
g04173	3	5	0	11	inf	0.0577915376676987	1.0	1.0
g05709	3	5	0	11	inf	0.0577915376676987	1.0	1.0
g03999	3	5	0	11	inf	0.0577915376676987	1.0	1.0
g04020	3	5	0	11	inf	0.0577915376676987	1.0	1.0
g08682	3	5	0	11	inf	0.0577915376676987	1.0	1.0
g08603	3	5	0	11	inf	0.0577915376676987	1.0	1.0
g09023	3	5	0	11	inf	0.0577915376676987	1.0	1.0
g04619	3	5	0	11	inf	0.0577915376676987	1.0	1.0
g04448	3	5	0	11	inf	0.0577915376676987	1.0	1.0
g04141	1	7	7	4	0.08163265306122448	0.058664761451139164	1.0	1.0
g04098	1	7	7	4	0.08163265306122448	0.058664761451139164	1.0	1.0
g04445	1	7	7	4	0.08163265306122448	0.058664761451139164	1.0	1.0
g03178	1	7	7	4	0.08163265306122448	0.058664761451139164	1.0	1.0
g07153	2	6	8	3	0.125	0.06977851869492739	1.0	1.0
g06268	6	2	3	8	8.0	0.0697785186949274	1.0	1.0
g08587	3	5	9	2	0.13333333333333333	0.07394617766134776	1.0	1.0
g03424	5	3	2	9	7.5	0.07394617766134776	1.0	1.0
g09408	5	3	2	9	7.5	0.07394617766134776	1.0	1.0
g07208	5	3	2	9	7.5	0.07394617766134776	1.0	1.0
g03272	5	3	2	9	7.5	0.07394617766134776	1.0	1.0
g06682	5	3	2	9	7.5	0.07394617766134776	1.0	1.0
g03113	8	0	7	4	inf	0.1031991744066048	1.0	1.0
g08547	8	0	7	4	inf	0.1031991744066048	1.0	1.0
g09336	0	8	4	7	0.0	0.1031991744066048	1.0	1.0
g05320	0	8	4	7	0.0	0.1031991744066048	1.0	1.0
g06474	0	8	4	7	0.0	0.1031991744066048	1.0	1.0
g08459	0	8	4	7	0.0	0.1031991744066048	1.0	1.0
g06387	0	8	4	7	0.0	0.1031991744066048	1.0	1.0
g08555	0	8	4	7	0.0	0.1031991744066048	1.0	1.0
g09239	0	8	4	7	0.0	0.1031991744066048	1.0	1.0
g05564	0	8	4	7	0.0	0.1031991744066048	1.0	1.0
g05386	0	8	4	7	0.0	0.1031991744066048	1.0	1.0
g06049	0	8	4	7	0.0	0.1031991744066048	1.0	1.0
g08165	0	8	4	7	0.0	0.1031991744066048	1.0	1.0
g08642	0	8	4	7	0.0	0.1031991744066048	1.0	1.0
g04977	0	8	4	7	0.0	0.1031991744066048	1.0	1.0
g08843	0	8	4	7	0.0	0.1031991744066048	1.0	1.0
g06612	0	8	4	7	0.0	0.1031991744066048	1.0	1.0
g08179	0	8	4	7	0.0	0.1031991744066048	1.0	1.0
g08840	0	8	4	7	0.0	0.1031991744066048	1.0	1.0
g05257	0	8	4	7	0.0	0.1031991744066048	1.0	1.0
g06516	0	8	4	7	0.0	0.1031991744066048	1.0	1.0
g05446	0	8	4	7	0.0	0.1031991744066048	1.0	1.0
g05129	0	8	4	7	0.0	0.1031991744066048	1.0	1.0
g04705	0	8	4	7	0.0	0.1031991744066048	1.0	1.0
g08266	0	8	4	7	0.0	0.1031991744066048	1.0	1.0
g06480	0	8	4	7	0.0	0.1031991744066048	1.0	1.0
g07518	0	8	4	7	0.0	0.1031991744066048	1.0	1.0
g06831	0	8	4	7	0.0	0.1031991744066048	1.0	1.0
g05796	0	8	4	7	0.0	0.1031991744066048	1.0	1.0
g09357	0	8	4	7	0.0	0.1031991744066048	1.0	1.0
g09016	0	8	4	7	0.0	0.1031991744066048	1.0	1.0
g04877	0	8	4	7	0.0	0.1031991744066048	1.0	1.0
g08280	0	8	4	7	0.0	0.1031991744066048	1.0	1.0
g05277	0	8	4	7	0.0	0.1031991744066048	1.0	1.0
g07497	0	8	4	7	0.0	0.1031991744066048	1.0	1.0
g05839	0	8	4	7	0.0	0.1031991744066048	1.0	1.0
g06077	0	8	4	7	0.0	0.1031991744066048	1.0	1.0
g07090	0	8	4	7	0.0	0.1031991744066048	1.0	1.0
g05635	0	8	4	7	0.0	0.1031991744066048	1.0	1.0
g04950	0	8	4	7	0.0	0.1031991744066048	1.0	1.0
g05389	0	8	4	7	0.0	0.1031991744066048	1.0	1.0
g06639	0	8	4	7	0.0	0.1031991744066048	1.0	1.0
g05062	0	8	4	7	0.0	0.1031991744066048	1.0	1.0
g07899	0	8	4	7	0.0	0.1031991744066048	1.0	1.0
g05676	0	8	4	7	0.0	0.1031991744066048	1.0	1.0
g06659	0	8	4	7	0.0	0.1031991744066048	1.0	1.0
g06627	0	8	4	7	0.0	0.1031991744066048	1.0	1.0
g04689	0	8	4	7	0.0	0.1031991744066048	1.0	1.0
g05915	0	8	4	7	0.0	0.1031991744066048	1.0	1.0
g06386	0	8	4	7	0.0	0.1031991744066048	1.0	1.0
g06894	0	8	4	7	0.0	0.1031991744066048	1.0	1.0
g07711	0	8	4	7	0.0	0.1031991744066048	1.0	1.0
g08426	0	8	4	7	0.0	0.1031991744066048	1.0	1.0
g08333	0	8	4	7	0.0	0.1031991744066048	1.0	1.0
g05181	0	8	4	7	0.0	0.1031991744066048	1.0	1.0
g08433	0	8	4	7	0.0	0.1031991744066048	1.0	1.0
g04635	0	8	4	7	0.0	0.1031991744066048	1.0	1.0
g04204	0	8	4	7	0.0	0.1031991744066048	1.0	1.0
g03927	0	8	4	7	0.0	0.1031991744066048	1.0	1.0
g05139	0	8	4	7	0.0	0.1031991744066048	1.0	1.0
g05715	0	8	4	7	0.0	0.1031991744066048	1.0	1.0
g04194	0	8	4	7	0.0	0.1031991744066048	1.0	1.0
g09487	0	8	4	7	0.0	0.1031991744066048	1.0	1.0
g04211	0	8	4	7	0.0	0.1031991744066048	1.0	1.0
g04164	0	8	4	7	0.0	0.1031991744066048	1.0	1.0
g08006	0	8	4	7	0.0	0.1031991744066048	1.0	1.0
g08801	0	8	4	7	0.0	0.1031991744066048	1.0	1.0
g03590	0	8	4	7	0.0	0.1031991744066048	1.0	1.0
g03482	0	8	4	7	0.0	0.1031991744066048	1.0	1.0
g03890	0	8	4	7	0.0	0.1031991744066048	1.0	1.0
g03625	4	4	1	10	10.0	0.11076711386308913	1.0	1.0
g03617	4	4	1	10	10.0	0.11076711386308913	1.0	1.0
g03611	4	4	1	10	10.0	0.11076711386308913	1.0	1.0
g08365	4	4	1	10	10.0	0.11076711386308913	1.0	1.0
g07855	7	1	5	6	8.4	0.1472969754703498	1.0	1.0
g06625	7	1	5	6	8.4	0.1472969754703498	1.0	1.0
g05206	7	1	5	6	8.4	0.1472969754703498	1.0	1.0
g03121	7	1	5	6	8.4	0.1472969754703498	1.0	1.0
g03069	7	1	5	6	8.4	0.1472969754703498	1.0	1.0
g03888	7	1	5	6	8.4	0.1472969754703498	1.0	1.0
g05288	1	7	6	5	0.11904761904761904	0.1472969754703498	1.0	1.0
g05221	1	7	6	5	0.11904761904761904	0.1472969754703498	1.0	1.0
g04768	1	7	6	5	0.11904761904761904	0.1472969754703498	1.0	1.0
g08528	1	7	6	5	0.11904761904761904	0.1472969754703498	1.0	1.0
g05330	1	7	6	5	0.11904761904761904	0.1472969754703498	1.0	1.0
g08836	1	7	6	5	0.11904761904761904	0.1472969754703498	1.0	1.0
g03631	1	7	6	5	0.11904761904761904	0.1472969754703498	1.0	1.0
g04244	1	7	6	5	0.11904761904761904	0.1472969754703498	1.0	1.0
g05694	1	7	6	5	0.11904761904761904	0.1472969754703498	1.0	1.0
g04210	1	7	6	5	0.11904761904761904	0.1472969754703498	1.0	1.0
g03179	1	7	6	5	0.11904761904761904	0.1472969754703498	1.0	1.0
g03242	1	7	6	5	0.11904761904761904	0.1472969754703498	1.0	1.0
g05652	1	7	6	5	0.11904761904761904	0.1472969754703498	1.0	1.0
g03193	1	7	6	5	0.11904761904761904	0.1472969754703498	1.0	1.0
g03192	1	7	6	5	0.11904761904761904	0.1472969754703498	1.0	1.0
g05758	1	7	6	5	0.11904761904761904	0.1472969754703498	1.0	1.0
g09451	6	2	11	0	0.0	0.16374269005847958	1.0	1.0
g07481	6	2	11	0	0.0	0.16374269005847958	1.0	1.0
g09546	6	2	11	0	0.0	0.16374269005847958	1.0	1.0
g03892	6	2	11	0	0.0	0.16374269005847958	1.0	1.0
g04134	6	2	11	0	0.0	0.16374269005847958	1.0	1.0
g03712	6	2	11	0	0.0	0.16374269005847958	1.0	1.0
g03241	6	2	11	0	0.0	0.16374269005847958	1.0	1.0
g03015	6	2	11	0	0.0	0.16374269005847958	1.0	1.0
g03772	6	2	11	0	0.0	0.16374269005847958	1.0	1.0
g03061	6	2	11	0	0.0	0.16374269005847958	1.0	1.0
g08373	6	2	11	0	0.0	0.16374269005847958	1.0	1.0
g04213	6	2	11	0	0.0	0.16374269005847958	1.0	1.0
g04356	6	2	11	0	0.0	0.16374269005847958	1.0	1.0
g03992	6	2	11	0	0.0	0.16374269005847958	1.0	1.0
g06262	2	6	0	11	inf	0.16374269005847958	1.0	1.0
g07610	2	6	0	11	inf	0.16374269005847958	1.0	1.0
g06330	2	6	0	11	inf	0.16374269005847958	1.0	1.0
g05218	2	6	0	11	inf	0.16374269005847958	1.0	1.0
g05366	2	6	0	11	inf	0.16374269005847958	1.0	1.0
g04686	2	6	0	11	inf	0.16374269005847958	1.0	1.0
g06621	2	6	0	11	inf	0.16374269005847958	1.0	1.0
g04750	2	6	0	11	inf	0.16374269005847958	1.0	1.0
g04700	2	6	0	11	inf	0.16374269005847958	1.0	1.0
g07073	2	6	0	11	inf	0.16374269005847958	1.0	1.0
g09509	2	6	0	11	inf	0.16374269005847958	1.0	1.0
g06099	2	6	0	11	inf	0.16374269005847958	1.0	1.0
g07478	2	6	0	11	inf	0.16374269005847958	1.0	1.0
g06338	2	6	0	11	inf	0.16374269005847958	1.0	1.0
g06965	2	6	0	11	inf	0.16374269005847958	1.0	1.0
g09407	2	6	0	11	inf	0.16374269005847958	1.0	1.0
g08367	2	6	0	11	inf	0.16374269005847958	1.0	1.0
g04756	2	6	0	11	inf	0.16374269005847958	1.0	1.0
g08281	2	6	0	11	inf	0.16374269005847958	1.0	1.0
g08246	2	6	0	11	inf	0.16374269005847958	1.0	1.0
g08450	2	6	0	11	inf	0.16374269005847958	1.0	1.0
g08359	2	6	0	11	inf	0.16374269005847958	1.0	1.0
g06573	2	6	0	11	inf	0.16374269005847958	1.0	1.0
g06758	2	6	0	11	inf	0.16374269005847958	1.0	1.0
g06598	2	6	0	11	inf	0.16374269005847958	1.0	1.0
g06820	2	6	0	11	inf	0.16374269005847958	1.0	1.0
g08593	2	6	0	11	inf	0.16374269005847958	1.0	1.0
g05831	2	6	0	11	inf	0.16374269005847958	1.0	1.0
g09342	2	6	0	11	inf	0.16374269005847958	1.0	1.0
g04655	2	6	0	11	inf	0.16374269005847958	1.0	1.0
g05885	2	6	0	11	inf	0.16374269005847958	1.0	1.0
g08832	2	6	0	11	inf	0.16374269005847958	1.0	1.0
g09000	2	6	0	11	inf	0.16374269005847958	1.0	1.0
g06800	2	6	0	11	inf	0.16374269005847958	1.0	1.0
g06700	2	6	0	11	inf	0.16374269005847958	1.0	1.0
g06378	2	6	0	11	inf	0.16374269005847958	1.0	1.0
g06836	2	6	0	11	inf	0.16374269005847958	1.0	1.0
g08553	2	6	0	11	inf	0.16374269005847958	1.0	1.0
g05531	2	6	0	11	inf	0.16374269005847958	1.0	1.0
g04838	2	6	0	11	inf	0.16374269005847958	1.0	1.0
g09207	2	6	0	11	inf	0.16374269005847958	1.0	1.0
g07864	2	6	0	11	inf	0.16374269005847958	1.0	1.0
g07026	2	6	0	11	inf	0.16374269005847958	1.0	1.0
g09369	2	6	0	11	inf	0.16374269005847958	1.0	1.0
g04846	2	6	0	11	inf	0.16374269005847958	1.0	1.0
g06898	2	6	0	11	inf	0.16374269005847958	1.0	1.0
g08486	2	6	0	11	inf	0.16374269005847958	1.0	1.0
g04737	2	6	0	11	inf	0.16374269005847958	1.0	1.0
g08494	2	6	0	11	inf	0.16374269005847958	1.0	1.0
g08735	2	6	0	11	inf	0.16374269005847958	1.0	1.0
g09390	2	6	0	11	inf	0.16374269005847958	1.0	1.0
g05680	2	6	0	11	inf	0.16374269005847958	1.0	1.0
g07689	2	6	0	11	inf	0.16374269005847958	1.0	1.0
g05143	2	6	0	11	inf	0.16374269005847958	1.0	1.0
g08295	2	6	0	11	inf	0.16374269005847958	1.0	1.0
g06383	2	6	0	11	inf	0.16374269005847958	1.0	1.0
g09220	2	6	0	11	inf	0.16374269005847958	1.0	1.0
g07301	2	6	0	11	inf	0.16374269005847958	1.0	1.0
g08804	2	6	0	11	inf	0.16374269005847958	1.0	1.0
g08418	2	6	0	11	inf	0.16374269005847958	1.0	1.0
g06322	2	6	0	11	inf	0.16374269005847958	1.0	1.0
g05140	2	6	0	11	inf	0.16374269005847958	1.0	1.0
g07186	2	6	0	11	inf	0.16374269005847958	1.0	1.0
g06289	2	6	0	11	inf	0.16374269005847958	1.0	1.0
g06240	2	6	0	11	inf	0.16374269005847958	1.0	1.0
g09107	2	6	0	11	inf	0.16374269005847958	1.0	1.0
g08789	2	6	0	11	inf	0.16374269005847958	1.0	1.0
g04678	2	6	0	11	inf	0.16374269005847958	1.0	1.0
g09311	2	6	0	11	inf	0.16374269005847958	1.0	1.0
g05375	2	6	0	11	inf	0.16374269005847958	1.0	1.0
g04591	2	6	0	11	inf	0.16374269005847958	1.0	1.0
g08116	2	6	0	11	inf	0.16374269005847958	1.0	1.0
g06873	2	6	0	11	inf	0.16374269005847958	1.0	1.0
g08130	2	6	0	11	inf	0.16374269005847958	1.0	1.0
g05255	2	6	0	11	inf	0.16374269005847958	1.0	1.0
g04867	2	6	0	11	inf	0.16374269005847958	1.0	1.0
g08784	2	6	0	11	inf	0.16374269005847958	1.0	1.0
g05363	2	6	0	11	inf	0.16374269005847958	1.0	1.0
g08628	2	6	0	11	inf	0.16374269005847958	1.0	1.0
g09059	2	6	0	11	inf	0.16374269005847958	1.0	1.0
g09112	2	6	0	11	inf	0.16374269005847958	1.0	1.0
g08300	2	6	0	11	inf	0.16374269005847958	1.0	1.0
g07867	2	6	0	11	inf	0.16374269005847958	1.0	1.0
g04800	2	6	0	11	inf	0.16374269005847958	1.0	1.0
g09106	2	6	0	11	inf	0.16374269005847958	1.0	1.0
g05563	2	6	0	11	inf	0.16374269005847958	1.0	1.0
g08066	2	6	0	11	inf	0.16374269005847958	1.0	1.0
g07825	2	6	0	11	inf	0.16374269005847958	1.0	1.0
g06450	2	6	0	11	inf	0.16374269005847958	1.0	1.0
g06156	2	6	0	11	inf	0.16374269005847958	1.0	1.0
g09212	2	6	0	11	inf	0.16374269005847958	1.0	1.0
g06089	2	6	0	11	inf	0.16374269005847958	1.0	1.0
g07448	2	6	0	11	inf	0.16374269005847958	1.0	1.0
g08532	2	6	0	11	inf	0.16374269005847958	1.0	1.0
g08316	2	6	0	11	inf	0.16374269005847958	1.0	1.0
g04683	2	6	0	11	inf	0.16374269005847958	1.0	1.0
g06918	2	6	0	11	inf	0.16374269005847958	1.0	1.0
g07537	2	6	0	11	inf	0.16374269005847958	1.0	1.0
g09180	2	6	0	11	inf	0.16374269005847958	1.0	1.0
g04603	2	6	0	11	inf	0.16374269005847958	1.0	1.0
g04947	2	6	0	11	inf	0.16374269005847958	1.0	1.0
g07924	2	6	0	11	inf	0.16374269005847958	1.0	1.0
g06404	2	6	0	11	inf	0.16374269005847958	1.0	1.0
g05644	2	6	0	11	inf	0.16374269005847958	1.0	1.0
g06305	2	6	0	11	inf	0.16374269005847958	1.0	1.0
g09156	2	6	0	11	inf	0.16374269005847958	1.0	1.0
g07581	2	6	0	11	inf	0.16374269005847958	1.0	1.0
g08763	2	6	0	11	inf	0.16374269005847958	1.0	1.0
g04672	2	6	0	11	inf	0.16374269005847958	1.0	1.0
g04740	2	6	0	11	inf	0.16374269005847958	1.0	1.0
g09069	2	6	0	11	inf	0.16374269005847958	1.0	1.0
g08746	2	6	0	11	inf	0.16374269005847958	1.0	1.0
g05459	2	6	0	11	inf	0.16374269005847958	1.0	1.0
g07942	2	6	0	11	inf	0.16374269005847958	1.0	1.0
g04831	2	6	0	11	inf	0.16374269005847958	1.0	1.0
g09457	2	6	0	11	inf	0.16374269005847958	1.0	1.0
g07480	2	6	0	11	inf	0.16374269005847958	1.0	1.0
g06776	2	6	0	11	inf	0.16374269005847958	1.0	1.0
g06851	2	6	0	11	inf	0.16374269005847958	1.0	1.0
g08245	2	6	0	11	inf	0.16374269005847958	1.0	1.0
g08944	2	6	0	11	inf	0.16374269005847958	1.0	1.0
g06118	2	6	0	11	inf	0.16374269005847958	1.0	1.0
g05280	2	6	0	11	inf	0.16374269005847958	1.0	1.0
g09096	2	6	0	11	inf	0.16374269005847958	1.0	1.0
g06130	2	6	0	11	inf	0.16374269005847958	1.0	1.0
g09259	2	6	0	11	inf	0.16374269005847958	1.0	1.0
g09494	2	6	0	11	inf	0.16374269005847958	1.0	1.0
g06079	2	6	0	11	inf	0.16374269005847958	1.0	1.0
g08060	2	6	0	11	inf	0.16374269005847958	1.0	1.0
g05820	2	6	0	11	inf	0.16374269005847958	1.0	1.0
g07485	2	6	0	11	inf	0.16374269005847958	1.0	1.0
g07505	2	6	0	11	inf	0.16374269005847958	1.0	1.0
g05258	2	6	0	11	inf	0.16374269005847958	1.0	1.0
g04494	2	6	0	11	inf	0.16374269005847958	1.0	1.0
g06947	2	6	0	11	inf	0.16374269005847958	1.0	1.0
g03957	2	6	0	11	inf	0.16374269005847958	1.0	1.0
g03914	2	6	0	11	inf	0.16374269005847958	1.0	1.0
g03974	2	6	0	11	inf	0.16374269005847958	1.0	1.0
g03969	2	6	0	11	inf	0.16374269005847958	1.0	1.0
g03854	2	6	0	11	inf	0.16374269005847958	1.0	1.0
g03899	2	6	0	11	inf	0.16374269005847958	1.0	1.0
g06068	2	6	0	11	inf	0.16374269005847958	1.0	1.0
g09463	2	6	0	11	inf	0.16374269005847958	1.0	1.0
g04894	2	6	0	11	inf	0.16374269005847958	1.0	1.0
g08514	2	6	0	11	inf	0.16374269005847958	1.0	1.0
g08683	2	6	0	11	inf	0.16374269005847958	1.0	1.0
g06054	2	6	0	11	inf	0.16374269005847958	1.0	1.0
g08876	2	6	0	11	inf	0.16374269005847958	1.0	1.0
g07584	2	6	0	11	inf	0.16374269005847958	1.0	1.0
g08147	2	6	0	11	inf	0.16374269005847958	1.0	1.0
g08648	2	6	0	11	inf	0.16374269005847958	1.0	1.0
g06244	2	6	0	11	inf	0.16374269005847958	1.0	1.0
g05876	2	6	0	11	inf	0.16374269005847958	1.0	1.0
g08792	2	6	0	11	inf	0.16374269005847958	1.0	1.0
g06109	2	6	0	11	inf	0.16374269005847958	1.0	1.0
g08253	2	6	0	11	inf	0.16374269005847958	1.0	1.0
g05102	2	6	0	11	inf	0.16374269005847958	1.0	1.0
g05858	2	6	0	11	inf	0.16374269005847958	1.0	1.0
g09071	2	6	0	11	inf	0.16374269005847958	1.0	1.0
g07475	2	6	0	11	inf	0.16374269005847958	1.0	1.0
g06540	2	6	0	11	inf	0.16374269005847958	1.0	1.0
g07230	2	6	0	11	inf	0.16374269005847958	1.0	1.0
g07763	2	6	0	11	inf	0.16374269005847958	1.0	1.0
g06041	2	6	0	11	inf	0.16374269005847958	1.0	1.0
g06406	2	6	0	11	inf	0.16374269005847958	1.0	1.0
g08080	2	6	0	11	inf	0.16374269005847958	1.0	1.0
g04903	2	6	0	11	inf	0.16374269005847958	1.0	1.0
g08511	2	6	0	11	inf	0.16374269005847958	1.0	1.0
g06348	2	6	0	11	inf	0.16374269005847958	1.0	1.0
g06371	2	6	0	11	inf	0.16374269005847958	1.0	1.0
g08288	2	6	0	11	inf	0.16374269005847958	1.0	1.0
g08456	2	6	0	11	inf	0.16374269005847958	1.0	1.0
g08482	2	6	0	11	inf	0.16374269005847958	1.0	1.0
g07297	2	6	0	11	inf	0.16374269005847958	1.0	1.0
g05233	2	6	0	11	inf	0.16374269005847958	1.0	1.0
g04726	2	6	0	11	inf	0.16374269005847958	1.0	1.0
g08088	2	6	0	11	inf	0.16374269005847958	1.0	1.0
g06715	2	6	0	11	inf	0.16374269005847958	1.0	1.0
g06790	2	6	0	11	inf	0.16374269005847958	1.0	1.0
g07865	2	6	0	11	inf	0.16374269005847958	1.0	1.0
g07587	2	6	0	11	inf	0.16374269005847958	1.0	1.0
g08077	2	6	0	11	inf	0.16374269005847958	1.0	1.0
g06231	2	6	0	11	inf	0.16374269005847958	1.0	1.0
g08899	2	6	0	11	inf	0.16374269005847958	1.0	1.0
g07476	2	6	0	11	inf	0.16374269005847958	1.0	1.0
g06085	2	6	0	11	inf	0.16374269005847958	1.0	1.0
g08019	2	6	0	11	inf	0.16374269005847958	1.0	1.0
g07568	2	6	0	11	inf	0.16374269005847958	1.0	1.0
g05975	2	6	0	11	inf	0.16374269005847958	1.0	1.0
g05168	2	6	0	11	inf	0.16374269005847958	1.0	1.0
g04706	2	6	0	11	inf	0.16374269005847958	1.0	1.0
g07856	2	6	0	11	inf	0.16374269005847958	1.0	1.0
g08239	2	6	0	11	inf	0.16374269005847958	1.0	1.0
g08706	2	6	0	11	inf	0.16374269005847958	1.0	1.0
g08201	2	6	0	11	inf	0.16374269005847958	1.0	1.0
g05135	2	6	0	11	inf	0.16374269005847958	1.0	1.0
g07615	2	6	0	11	inf	0.16374269005847958	1.0	1.0
g06618	2	6	0	11	inf	0.16374269005847958	1.0	1.0
g04614	2	6	0	11	inf	0.16374269005847958	1.0	1.0
g05905	2	6	0	11	inf	0.16374269005847958	1.0	1.0
g08328	2	6	0	11	inf	0.16374269005847958	1.0	1.0
g09539	2	6	0	11	inf	0.16374269005847958	1.0	1.0
g07023	2	6	0	11	inf	0.16374269005847958	1.0	1.0
g07140	2	6	0	11	inf	0.16374269005847958	1.0	1.0
g08492	2	6	0	11	inf	0.16374269005847958	1.0	1.0
g07967	2	6	0	11	inf	0.16374269005847958	1.0	1.0
g08238	2	6	0	11	inf	0.16374269005847958	1.0	1.0
g07232	2	6	0	11	inf	0.16374269005847958	1.0	1.0
g08577	2	6	0	11	inf	0.16374269005847958	1.0	1.0
g08078	2	6	0	11	inf	0.16374269005847958	1.0	1.0
g06848	2	6	0	11	inf	0.16374269005847958	1.0	1.0
g03762	2	6	0	11	inf	0.16374269005847958	1.0	1.0
g07309	2	6	0	11	inf	0.16374269005847958	1.0	1.0
g05234	2	6	0	11	inf	0.16374269005847958	1.0	1.0
g08452	2	6	0	11	inf	0.16374269005847958	1.0	1.0
g05761	2	6	0	11	inf	0.16374269005847958	1.0	1.0
g07636	2	6	0	11	inf	0.16374269005847958	1.0	1.0
g09238	2	6	0	11	inf	0.16374269005847958	1.0	1.0
g06561	2	6	0	11	inf	0.16374269005847958	1.0	1.0
g05157	2	6	0	11	inf	0.16374269005847958	1.0	1.0
g07074	2	6	0	11	inf	0.16374269005847958	1.0	1.0
g04174	2	6	0	11	inf	0.16374269005847958	1.0	1.0
g06210	2	6	0	11	inf	0.16374269005847958	1.0	1.0
g09109	2	6	0	11	inf	0.16374269005847958	1.0	1.0
g07251	2	6	0	11	inf	0.16374269005847958	1.0	1.0
g04895	2	6	0	11	inf	0.16374269005847958	1.0	1.0
g08665	2	6	0	11	inf	0.16374269005847958	1.0	1.0
g06864	2	6	0	11	inf	0.16374269005847958	1.0	1.0
g09365	2	6	0	11	inf	0.16374269005847958	1.0	1.0
g06303	2	6	0	11	inf	0.16374269005847958	1.0	1.0
g06123	2	6	0	11	inf	0.16374269005847958	1.0	1.0
g04489	2	6	0	11	inf	0.16374269005847958	1.0	1.0
g07021	2	6	0	11	inf	0.16374269005847958	1.0	1.0
g06514	2	6	0	11	inf	0.16374269005847958	1.0	1.0
g05679	2	6	0	11	inf	0.16374269005847958	1.0	1.0
g04763	2	6	0	11	inf	0.16374269005847958	1.0	1.0
g09551	2	6	0	11	inf	0.16374269005847958	1.0	1.0
g09237	2	6	0	11	inf	0.16374269005847958	1.0	1.0
g06666	2	6	0	11	inf	0.16374269005847958	1.0	1.0
g09383	2	6	0	11	inf	0.16374269005847958	1.0	1.0
g05498	2	6	0	11	inf	0.16374269005847958	1.0	1.0
g06069	2	6	0	11	inf	0.16374269005847958	1.0	1.0
g09092	2	6	0	11	inf	0.16374269005847958	1.0	1.0
g04572	2	6	0	11	inf	0.16374269005847958	1.0	1.0
g04574	2	6	0	11	inf	0.16374269005847958	1.0	1.0
g09065	2	6	0	11	inf	0.16374269005847958	1.0	1.0
g09405	2	6	0	11	inf	0.16374269005847958	1.0	1.0
g06517	2	6	0	11	inf	0.16374269005847958	1.0	1.0
g08440	2	6	0	11	inf	0.16374269005847958	1.0	1.0
g06137	2	6	0	11	inf	0.16374269005847958	1.0	1.0
g04496	2	6	0	11	inf	0.16374269005847958	1.0	1.0
g07350	2	6	0	11	inf	0.16374269005847958	1.0	1.0
g04885	2	6	0	11	inf	0.16374269005847958	1.0	1.0
g05146	2	6	0	11	inf	0.16374269005847958	1.0	1.0
g04920	2	6	0	11	inf	0.16374269005847958	1.0	1.0
g06026	2	6	0	11	inf	0.16374269005847958	1.0	1.0
g05806	2	6	0	11	inf	0.16374269005847958	1.0	1.0
g06543	2	6	0	11	inf	0.16374269005847958	1.0	1.0
g04801	2	6	0	11	inf	0.16374269005847958	1.0	1.0
g04011	2	6	0	11	inf	0.16374269005847958	1.0	1.0
g08995	2	6	0	11	inf	0.16374269005847958	1.0	1.0
g09206	2	6	0	11	inf	0.16374269005847958	1.0	1.0
g08449	2	6	0	11	inf	0.16374269005847958	1.0	1.0
g09263	2	6	0	11	inf	0.16374269005847958	1.0	1.0
g08806	2	6	0	11	inf	0.16374269005847958	1.0	1.0
g07892	2	6	0	11	inf	0.16374269005847958	1.0	1.0
g07758	2	6	0	11	inf	0.16374269005847958	1.0	1.0
g09165	2	6	0	11	inf	0.16374269005847958	1.0	1.0
g04262	2	6	0	11	inf	0.16374269005847958	1.0	1.0
g06442	2	6	0	11	inf	0.16374269005847958	1.0	1.0
g08937	2	6	0	11	inf	0.16374269005847958	1.0	1.0
g04043	2	6	0	11	inf	0.16374269005847958	1.0	1.0
g07477	2	6	0	11	inf	0.16374269005847958	1.0	1.0
g04411	2	6	0	11	inf	0.16374269005847958	1.0	1.0
g08291	2	6	0	11	inf	0.16374269005847958	1.0	1.0
g06426	2	6	0	11	inf	0.16374269005847958	1.0	1.0
g09368	2	6	0	11	inf	0.16374269005847958	1.0	1.0
g03893	2	6	0	11	inf	0.16374269005847958	1.0	1.0
g07830	2	6	0	11	inf	0.16374269005847958	1.0	1.0
g03827	2	6	0	11	inf	0.16374269005847958	1.0	1.0
g08578	2	6	0	11	inf	0.16374269005847958	1.0	1.0
g07747	2	6	0	11	inf	0.16374269005847958	1.0	1.0
g04181	2	6	0	11	inf	0.16374269005847958	1.0	1.0
g08139	2	6	0	11	inf	0.16374269005847958	1.0	1.0
g03775	2	6	0	11	inf	0.16374269005847958	1.0	1.0
g08119	2	6	0	11	inf	0.16374269005847958	1.0	1.0
g05268	2	6	0	11	inf	0.16374269005847958	1.0	1.0
g06574	2	6	0	11	inf	0.16374269005847958	1.0	1.0
g08732	2	6	0	11	inf	0.16374269005847958	1.0	1.0
g08569	2	6	0	11	inf	0.16374269005847958	1.0	1.0
g06185	2	6	0	11	inf	0.16374269005847958	1.0	1.0
g05765	2	6	0	11	inf	0.16374269005847958	1.0	1.0
g05951	2	6	0	11	inf	0.16374269005847958	1.0	1.0
g07422	2	6	0	11	inf	0.16374269005847958	1.0	1.0
g07880	2	6	0	11	inf	0.16374269005847958	1.0	1.0
g07753	2	6	0	11	inf	0.16374269005847958	1.0	1.0
g04905	2	6	0	11	inf	0.16374269005847958	1.0	1.0
g06859	2	6	0	11	inf	0.16374269005847958	1.0	1.0
g09374	2	6	0	11	inf	0.16374269005847958	1.0	1.0
g07910	2	6	0	11	inf	0.16374269005847958	1.0	1.0
g07860	2	6	0	11	inf	0.16374269005847958	1.0	1.0
g05655	2	6	0	11	inf	0.16374269005847958	1.0	1.0
g09294	2	6	0	11	inf	0.16374269005847958	1.0	1.0
g04326	2	6	0	11	inf	0.16374269005847958	1.0	1.0
g06274	2	6	0	11	inf	0.16374269005847958	1.0	1.0
g09140	2	6	0	11	inf	0.16374269005847958	1.0	1.0
g05216	2	6	0	11	inf	0.16374269005847958	1.0	1.0
g04126	2	6	0	11	inf	0.16374269005847958	1.0	1.0
g09048	2	6	0	11	inf	0.16374269005847958	1.0	1.0
g04226	6	2	4	7	5.25	0.16980233388902133	1.0	1.0
g03204	6	2	4	7	5.25	0.16980233388902133	1.0	1.0
g05189	6	2	4	7	5.25	0.16980233388902133	1.0	1.0
g03675	7	1	6	5	5.833333333333333	0.1769865841073271	1.0	1.0
g03666	7	1	6	5	5.833333333333333	0.1769865841073271	1.0	1.0
g03032	7	1	6	5	5.833333333333333	0.1769865841073271	1.0	1.0
g03080	7	1	6	5	5.833333333333333	0.1769865841073271	1.0	1.0
g03954	7	1	6	5	5.833333333333333	0.1769865841073271	1.0	1.0
g05763	1	7	5	6	0.17142857142857143	0.1769865841073271	1.0	1.0
g05762	1	7	5	6	0.17142857142857143	0.1769865841073271	1.0	1.0
g04190	1	7	5	6	0.17142857142857143	0.1769865841073271	1.0	1.0
g04790	1	7	5	6	0.17142857142857143	0.1769865841073271	1.0	1.0
g06402	1	7	5	6	0.17142857142857143	0.1769865841073271	1.0	1.0
g05910	1	7	5	6	0.17142857142857143	0.1769865841073271	1.0	1.0
g04308	1	7	5	6	0.17142857142857143	0.1769865841073271	1.0	1.0
g04796	1	7	5	6	0.17142857142857143	0.1769865841073271	1.0	1.0
g06241	1	7	5	6	0.17142857142857143	0.1769865841073271	1.0	1.0
g07222	1	7	5	6	0.17142857142857143	0.1769865841073271	1.0	1.0
g05594	1	7	5	6	0.17142857142857143	0.1769865841073271	1.0	1.0
g09474	1	7	5	6	0.17142857142857143	0.1769865841073271	1.0	1.0
g03665	1	7	5	6	0.17142857142857143	0.1769865841073271	1.0	1.0
g03589	1	7	5	6	0.17142857142857143	0.1769865841073271	1.0	1.0
g03550	1	7	5	6	0.17142857142857143	0.1769865841073271	1.0	1.0
g03186	1	7	5	6	0.17142857142857143	0.1769865841073271	1.0	1.0
g03299	1	7	5	6	0.17142857142857143	0.1769865841073271	1.0	1.0
g06401	1	7	5	6	0.17142857142857143	0.1769865841073271	1.0	1.0
g06961	1	7	5	6	0.17142857142857143	0.1769865841073271	1.0	1.0
g09524	1	7	5	6	0.17142857142857143	0.1769865841073271	1.0	1.0
g03313	1	7	5	6	0.17142857142857143	0.1769865841073271	1.0	1.0
g04430	1	7	5	6	0.17142857142857143	0.1769865841073271	1.0	1.0
g03642	1	7	5	6	0.17142857142857143	0.1769865841073271	1.0	1.0
g03426	1	7	5	6	0.17142857142857143	0.1769865841073271	1.0	1.0
g03212	1	7	5	6	0.17142857142857143	0.1769865841073271	1.0	1.0
g04022	1	7	5	6	0.17142857142857143	0.1769865841073271	1.0	1.0
g03719	1	7	5	6	0.17142857142857143	0.1769865841073271	1.0	1.0
g04851	5	3	3	8	4.444444444444445	0.18091609113280926	1.0	1.0
g05328	5	3	3	8	4.444444444444445	0.18091609113280926	1.0	1.0
g06722	5	3	3	8	4.444444444444445	0.18091609113280926	1.0	1.0
g03370	5	3	3	8	4.444444444444445	0.18091609113280926	1.0	1.0
g05470	8	0	8	3	inf	0.22807017543859667	1.0	1.0
g06281	8	0	8	3	inf	0.22807017543859667	1.0	1.0
g08072	8	0	8	3	inf	0.22807017543859667	1.0	1.0
g04751	8	0	8	3	inf	0.22807017543859667	1.0	1.0
g06040	8	0	8	3	inf	0.22807017543859667	1.0	1.0
g04251	8	0	8	3	inf	0.22807017543859667	1.0	1.0
g04808	8	0	8	3	inf	0.22807017543859667	1.0	1.0
g07734	8	0	8	3	inf	0.22807017543859667	1.0	1.0
g09315	8	0	8	3	inf	0.22807017543859667	1.0	1.0
g07188	8	0	8	3	inf	0.22807017543859667	1.0	1.0
g08018	8	0	8	3	inf	0.22807017543859667	1.0	1.0
g05636	8	0	8	3	inf	0.22807017543859667	1.0	1.0
g08733	8	0	8	3	inf	0.22807017543859667	1.0	1.0
g04562	8	0	8	3	inf	0.22807017543859667	1.0	1.0
g08501	8	0	8	3	inf	0.22807017543859667	1.0	1.0
g04384	8	0	8	3	inf	0.22807017543859667	1.0	1.0
g08597	8	0	8	3	inf	0.22807017543859667	1.0	1.0
g04247	8	0	8	3	inf	0.22807017543859667	1.0	1.0
g05920	8	0	8	3	inf	0.22807017543859667	1.0	1.0
g05417	8	0	8	3	inf	0.22807017543859667	1.0	1.0
g06019	8	0	8	3	inf	0.22807017543859667	1.0	1.0
g04797	8	0	8	3	inf	0.22807017543859667	1.0	1.0
g04558	8	0	8	3	inf	0.22807017543859667	1.0	1.0
g04368	8	0	8	3	inf	0.22807017543859667	1.0	1.0
g03012	8	0	8	3	inf	0.22807017543859667	1.0	1.0
g04357	8	0	8	3	inf	0.22807017543859667	1.0	1.0
g03764	8	0	8	3	inf	0.22807017543859667	1.0	1.0
g09080	8	0	8	3	inf	0.22807017543859667	1.0	1.0
g02994	8	0	8	3	inf	0.22807017543859667	1.0	1.0
g03257	8	0	8	3	inf	0.22807017543859667	1.0	1.0
g03306	8	0	8	3	inf	0.22807017543859667	1.0	1.0
g08474	0	8	3	8	0.0	0.22807017543859667	1.0	1.0
g09360	0	8	3	8	0.0	0.22807017543859667	1.0	1.0
g06405	0	8	3	8	0.0	0.22807017543859667	1.0	1.0
g09022	0	8	3	8	0.0	0.22807017543859667	1.0	1.0
g04606	0	8	3	8	0.0	0.22807017543859667	1.0	1.0
g05351	0	8	3	8	0.0	0.22807017543859667	1.0	1.0
g05959	0	8	3	8	0.0	0.22807017543859667	1.0	1.0
g05260	0	8	3	8	0.0	0.22807017543859667	1.0	1.0
g07784	0	8	3	8	0.0	0.22807017543859667	1.0	1.0
g05239	0	8	3	8	0.0	0.22807017543859667	1.0	1.0
g06440	0	8	3	8	0.0	0.22807017543859667	1.0	1.0
g06354	0	8	3	8	0.0	0.22807017543859667	1.0	1.0
g07465	0	8	3	8	0.0	0.22807017543859667	1.0	1.0
g05964	0	8	3	8	0.0	0.22807017543859667	1.0	1.0
g07392	0	8	3	8	0.0	0.22807017543859667	1.0	1.0
g09423	0	8	3	8	0.0	0.22807017543859667	1.0	1.0
g08673	0	8	3	8	0.0	0.22807017543859667	1.0	1.0
g09132	0	8	3	8	0.0	0.22807017543859667	1.0	1.0
g04752	0	8	3	8	0.0	0.22807017543859667	1.0	1.0
g07450	0	8	3	8	0.0	0.22807017543859667	1.0	1.0
g05291	0	8	3	8	0.0	0.22807017543859667	1.0	1.0
g05364	0	8	3	8	0.0	0.22807017543859667	1.0	1.0
g06457	0	8	3	8	0.0	0.22807017543859667	1.0	1.0
g08085	0	8	3	8	0.0	0.22807017543859667	1.0	1.0
g08710	0	8	3	8	0.0	0.22807017543859667	1.0	1.0
g05650	0	8	3	8	0.0	0.22807017543859667	1.0	1.0
g09257	0	8	3	8	0.0	0.22807017543859667	1.0	1.0
g03983	0	8	3	8	0.0	0.22807017543859667	1.0	1.0
g08307	0	8	3	8	0.0	0.22807017543859667	1.0	1.0
g04310	0	8	3	8	0.0	0.22807017543859667	1.0	1.0
g07197	0	8	3	8	0.0	0.22807017543859667	1.0	1.0
g07930	0	8	3	8	0.0	0.22807017543859667	1.0	1.0
g05935	0	8	3	8	0.0	0.22807017543859667	1.0	1.0
g04261	0	8	3	8	0.0	0.22807017543859667	1.0	1.0
g04522	0	8	3	8	0.0	0.22807017543859667	1.0	1.0
g06642	0	8	3	8	0.0	0.22807017543859667	1.0	1.0
g09531	0	8	3	8	0.0	0.22807017543859667	1.0	1.0
g07780	0	8	3	8	0.0	0.22807017543859667	1.0	1.0
g09203	0	8	3	8	0.0	0.22807017543859667	1.0	1.0
g08783	0	8	3	8	0.0	0.22807017543859667	1.0	1.0
g05169	0	8	3	8	0.0	0.22807017543859667	1.0	1.0
g04224	0	8	3	8	0.0	0.22807017543859667	1.0	1.0
g07046	0	8	3	8	0.0	0.22807017543859667	1.0	1.0
g08664	0	8	3	8	0.0	0.22807017543859667	1.0	1.0
g05456	0	8	3	8	0.0	0.22807017543859667	1.0	1.0
g05197	0	8	3	8	0.0	0.22807017543859667	1.0	1.0
g07017	0	8	3	8	0.0	0.22807017543859667	1.0	1.0
g08063	0	8	3	8	0.0	0.22807017543859667	1.0	1.0
g08473	0	8	3	8	0.0	0.22807017543859667	1.0	1.0
g05725	0	8	3	8	0.0	0.22807017543859667	1.0	1.0
g09481	0	8	3	8	0.0	0.22807017543859667	1.0	1.0
g04488	0	8	3	8	0.0	0.22807017543859667	1.0	1.0
g06622	0	8	3	8	0.0	0.22807017543859667	1.0	1.0
g04121	0	8	3	8	0.0	0.22807017543859667	1.0	1.0
g03392	0	8	3	8	0.0	0.22807017543859667	1.0	1.0
g04508	0	8	3	8	0.0	0.22807017543859667	1.0	1.0
g09326	0	8	3	8	0.0	0.22807017543859667	1.0	1.0
g07956	0	8	3	8	0.0	0.22807017543859667	1.0	1.0
g07418	0	8	3	8	0.0	0.22807017543859667	1.0	1.0
g05971	0	8	3	8	0.0	0.22807017543859667	1.0	1.0
g08846	0	8	3	8	0.0	0.22807017543859667	1.0	1.0
g04642	0	8	3	8	0.0	0.22807017543859667	1.0	1.0
g08538	0	8	3	8	0.0	0.22807017543859667	1.0	1.0
g07625	0	8	3	8	0.0	0.22807017543859667	1.0	1.0
g08355	0	8	3	8	0.0	0.22807017543859667	1.0	1.0
g06655	0	8	3	8	0.0	0.22807017543859667	1.0	1.0
g05200	0	8	3	8	0.0	0.22807017543859667	1.0	1.0
g03921	0	8	3	8	0.0	0.22807017543859667	1.0	1.0
g04113	0	8	3	8	0.0	0.22807017543859667	1.0	1.0
g06324	0	8	3	8	0.0	0.22807017543859667	1.0	1.0
g07603	0	8	3	8	0.0	0.22807017543859667	1.0	1.0
g04869	0	8	3	8	0.0	0.22807017543859667	1.0	1.0
g04350	0	8	3	8	0.0	0.22807017543859667	1.0	1.0
g03672	0	8	3	8	0.0	0.22807017543859667	1.0	1.0
g07922	0	8	3	8	0.0	0.22807017543859667	1.0	1.0
g05985	0	8	3	8	0.0	0.22807017543859667	1.0	1.0
g04201	0	8	3	8	0.0	0.22807017543859667	1.0	1.0
g06175	0	8	3	8	0.0	0.22807017543859667	1.0	1.0
g05930	0	8	3	8	0.0	0.22807017543859667	1.0	1.0
g04299	0	8	3	8	0.0	0.22807017543859667	1.0	1.0
g08052	0	8	3	8	0.0	0.22807017543859667	1.0	1.0
g03741	0	8	3	8	0.0	0.22807017543859667	1.0	1.0
g04185	0	8	3	8	0.0	0.22807017543859667	1.0	1.0
g03429	0	8	3	8	0.0	0.22807017543859667	1.0	1.0
g07788	0	8	3	8	0.0	0.22807017543859667	1.0	1.0
g08877	0	8	3	8	0.0	0.22807017543859667	1.0	1.0
g04389	0	8	3	8	0.0	0.22807017543859667	1.0	1.0
g04557	0	8	3	8	0.0	0.22807017543859667	1.0	1.0
g06843	0	8	3	8	0.0	0.22807017543859667	1.0	1.0
g05958	0	8	3	8	0.0	0.22807017543859667	1.0	1.0
g04928	0	8	3	8	0.0	0.22807017543859667	1.0	1.0
g08904	0	8	3	8	0.0	0.22807017543859667	1.0	1.0
g03825	0	8	3	8	0.0	0.22807017543859667	1.0	1.0
g06978	0	8	3	8	0.0	0.22807017543859667	1.0	1.0
g03683	0	8	3	8	0.0	0.22807017543859667	1.0	1.0
g07941	0	8	3	8	0.0	0.22807017543859667	1.0	1.0
g03451	0	8	3	8	0.0	0.22807017543859667	1.0	1.0
g04234	0	8	3	8	0.0	0.22807017543859667	1.0	1.0
g04233	0	8	3	8	0.0	0.22807017543859667	1.0	1.0
g03518	0	8	3	8	0.0	0.22807017543859667	1.0	1.0
g05700	0	8	3	8	0.0	0.22807017543859667	1.0	1.0
g07098	0	8	3	8	0.0	0.22807017543859667	1.0	1.0
g03873	0	8	3	8	0.0	0.22807017543859667	1.0	1.0
g06424	0	8	3	8	0.0	0.22807017543859667	1.0	1.0
g04064	0	8	3	8	0.0	0.22807017543859667	1.0	1.0
g04567	0	8	3	8	0.0	0.22807017543859667	1.0	1.0
g04296	0	8	3	8	0.0	0.22807017543859667	1.0	1.0
g03936	0	8	3	8	0.0	0.22807017543859667	1.0	1.0
g04467	0	8	3	8	0.0	0.22807017543859667	1.0	1.0
g07665	0	8	3	8	0.0	0.22807017543859667	1.0	1.0
g03937	0	8	3	8	0.0	0.22807017543859667	1.0	1.0
g04268	0	8	3	8	0.0	0.22807017543859667	1.0	1.0
g04227	0	8	3	8	0.0	0.22807017543859667	1.0	1.0
g04518	0	8	3	8	0.0	0.22807017543859667	1.0	1.0
g03841	0	8	3	8	0.0	0.22807017543859667	1.0	1.0
g03816	0	8	3	8	0.0	0.22807017543859667	1.0	1.0
g04592	0	8	3	8	0.0	0.22807017543859667	1.0	1.0
g08886	0	8	3	8	0.0	0.22807017543859667	1.0	1.0
g03840	0	8	3	8	0.0	0.22807017543859667	1.0	1.0
g03909	0	8	3	8	0.0	0.22807017543859667	1.0	1.0
g03849	0	8	3	8	0.0	0.22807017543859667	1.0	1.0
g03634	0	8	3	8	0.0	0.22807017543859667	1.0	1.0
g03674	0	8	3	8	0.0	0.22807017543859667	1.0	1.0
g04492	0	8	3	8	0.0	0.22807017543859667	1.0	1.0
g05888	0	8	3	8	0.0	0.22807017543859667	1.0	1.0
g09483	0	8	3	8	0.0	0.22807017543859667	1.0	1.0
g04008	0	8	3	8	0.0	0.22807017543859667	1.0	1.0
g09095	0	8	3	8	0.0	0.22807017543859667	1.0	1.0
g03858	0	8	3	8	0.0	0.22807017543859667	1.0	1.0
g06196	0	8	3	8	0.0	0.22807017543859667	1.0	1.0
g04192	0	8	3	8	0.0	0.22807017543859667	1.0	1.0
g07727	0	8	3	8	0.0	0.22807017543859667	1.0	1.0
g04569	0	8	3	8	0.0	0.22807017543859667	1.0	1.0
g04481	0	8	3	8	0.0	0.22807017543859667	1.0	1.0
g04495	0	8	3	8	0.0	0.22807017543859667	1.0	1.0
g07853	0	8	3	8	0.0	0.22807017543859667	1.0	1.0
g07346	0	8	3	8	0.0	0.22807017543859667	1.0	1.0
g05988	0	8	3	8	0.0	0.22807017543859667	1.0	1.0
g05714	0	8	3	8	0.0	0.22807017543859667	1.0	1.0
g08412	5	3	10	1	0.16666666666666666	0.2621259029927762	1.0	1.0
g02998	5	3	10	1	0.16666666666666666	0.2621259029927762	1.0	1.0
g07003	5	3	10	1	0.16666666666666666	0.2621259029927762	1.0	1.0
g08958	5	3	10	1	0.16666666666666666	0.2621259029927762	1.0	1.0
g08287	3	5	1	10	6.0	0.2621259029927762	1.0	1.0
g04975	3	5	1	10	6.0	0.2621259029927762	1.0	1.0
g09379	3	5	1	10	6.0	0.2621259029927762	1.0	1.0
g09520	3	5	1	10	6.0	0.2621259029927762	1.0	1.0
g05111	3	5	1	10	6.0	0.2621259029927762	1.0	1.0
g09145	3	5	1	10	6.0	0.2621259029927762	1.0	1.0
g08145	3	5	1	10	6.0	0.2621259029927762	1.0	1.0
g08128	3	5	1	10	6.0	0.2621259029927762	1.0	1.0
g06242	3	5	1	10	6.0	0.2621259029927762	1.0	1.0
g07796	3	5	1	10	6.0	0.2621259029927762	1.0	1.0
g07000	3	5	1	10	6.0	0.2621259029927762	1.0	1.0
g07964	3	5	1	10	6.0	0.2621259029927762	1.0	1.0
g05779	3	5	1	10	6.0	0.2621259029927762	1.0	1.0
g07096	3	5	1	10	6.0	0.2621259029927762	1.0	1.0
g04505	3	5	1	10	6.0	0.2621259029927762	1.0	1.0
g08816	3	5	1	10	6.0	0.2621259029927762	1.0	1.0
g05828	3	5	1	10	6.0	0.2621259029927762	1.0	1.0
g03763	3	5	1	10	6.0	0.2621259029927762	1.0	1.0
g04516	3	5	1	10	6.0	0.2621259029927762	1.0	1.0
g04306	3	5	1	10	6.0	0.2621259029927762	1.0	1.0
g05447	3	5	1	10	6.0	0.2621259029927762	1.0	1.0
g03934	3	5	1	10	6.0	0.2621259029927762	1.0	1.0
g04580	3	5	1	10	6.0	0.2621259029927762	1.0	1.0
g07002	3	5	1	10	6.0	0.2621259029927762	1.0	1.0
g05490	3	5	1	10	6.0	0.2621259029927762	1.0	1.0
g05226	3	5	1	10	6.0	0.2621259029927762	1.0	1.0
g09471	3	5	1	10	6.0	0.2621259029927762	1.0	1.0
g04739	3	5	1	10	6.0	0.2621259029927762	1.0	1.0
g06412	3	5	1	10	6.0	0.2621259029927762	1.0	1.0
g06513	3	5	1	10	6.0	0.2621259029927762	1.0	1.0
g07277	3	5	1	10	6.0	0.2621259029927762	1.0	1.0
g05628	3	5	1	10	6.0	0.2621259029927762	1.0	1.0
g08460	3	5	1	10	6.0	0.2621259029927762	1.0	1.0
g09173	3	5	1	10	6.0	0.2621259029927762	1.0	1.0
g09517	3	5	1	10	6.0	0.2621259029927762	1.0	1.0
g08659	3	5	1	10	6.0	0.2621259029927762	1.0	1.0
g06808	3	5	1	10	6.0	0.2621259029927762	1.0	1.0
g06955	3	5	1	10	6.0	0.2621259029927762	1.0	1.0
g07699	3	5	1	10	6.0	0.2621259029927762	1.0	1.0
g05626	3	5	1	10	6.0	0.2621259029927762	1.0	1.0
g07847	3	5	1	10	6.0	0.2621259029927762	1.0	1.0
g04538	3	5	1	10	6.0	0.2621259029927762	1.0	1.0
g03410	3	5	1	10	6.0	0.2621259029927762	1.0	1.0
g03693	3	5	1	10	6.0	0.2621259029927762	1.0	1.0
g06794	3	5	1	10	6.0	0.2621259029927762	1.0	1.0
g09388	3	5	1	10	6.0	0.2621259029927762	1.0	1.0
g03473	3	5	1	10	6.0	0.2621259029927762	1.0	1.0
g05836	3	5	1	10	6.0	0.2621259029927762	1.0	1.0
g03445	3	5	1	10	6.0	0.2621259029927762	1.0	1.0
g03375	3	5	1	10	6.0	0.2621259029927762	1.0	1.0
g07070	3	5	1	10	6.0	0.2621259029927762	1.0	1.0
g03450	3	5	1	10	6.0	0.2621259029927762	1.0	1.0
g06852	3	5	1	10	6.0	0.2621259029927762	1.0	1.0
g03887	3	5	1	10	6.0	0.2621259029927762	1.0	1.0
g09114	3	5	1	10	6.0	0.2621259029927762	1.0	1.0
g03950	3	5	1	10	6.0	0.2621259029927762	1.0	1.0
g08851	3	5	1	10	6.0	0.2621259029927762	1.0	1.0
g04661	3	5	1	10	6.0	0.2621259029927762	1.0	1.0
g03705	3	5	1	10	6.0	0.2621259029927762	1.0	1.0
g04688	3	5	1	10	6.0	0.2621259029927762	1.0	1.0
g05443	3	5	1	10	6.0	0.2621259029927762	1.0	1.0
g07434	3	5	1	10	6.0	0.2621259029927762	1.0	1.0
g05749	3	5	1	10	6.0	0.2621259029927762	1.0	1.0
g09495	3	5	1	10	6.0	0.2621259029927762	1.0	1.0
g03689	3	5	1	10	6.0	0.2621259029927762	1.0	1.0
g05334	4	4	2	9	4.5	0.3188854489164086	1.0	1.0
g07585	4	4	2	9	4.5	0.3188854489164086	1.0	1.0
g07211	4	4	2	9	4.5	0.3188854489164086	1.0	1.0
g04109	4	4	2	9	4.5	0.3188854489164086	1.0	1.0
g05657	4	4	2	9	4.5	0.3188854489164086	1.0	1.0
g04613	4	4	2	9	4.5	0.3188854489164086	1.0	1.0
g03903	4	4	2	9	4.5	0.3188854489164086	1.0	1.0
g07908	4	4	2	9	4.5	0.3188854489164086	1.0	1.0
g05770	4	4	2	9	4.5	0.3188854489164086	1.0	1.0
g08337	4	4	2	9	4.5	0.3188854489164086	1.0	1.0
g06368	4	4	2	9	4.5	0.3188854489164086	1.0	1.0
g07723	4	4	2	9	4.5	0.3188854489164086	1.0	1.0
g07719	4	4	2	9	4.5	0.3188854489164086	1.0	1.0
g06515	4	4	2	9	4.5	0.3188854489164086	1.0	1.0
g06869	4	4	2	9	4.5	0.3188854489164086	1.0	1.0
g08505	4	4	2	9	4.5	0.3188854489164086	1.0	1.0
g04743	4	4	2	9	4.5	0.3188854489164086	1.0	1.0
g03883	4	4	2	9	4.5	0.3188854489164086	1.0	1.0
g04172	4	4	2	9	4.5	0.3188854489164086	1.0	1.0
g04089	4	4	2	9	4.5	0.3188854489164086	1.0	1.0
g03567	7	1	7	4	4.0	0.3378052975576199	1.0	1.0
g03065	7	1	7	4	4.0	0.3378052975576199	1.0	1.0
g03070	7	1	7	4	4.0	0.3378052975576199	1.0	1.0
g03305	7	1	7	4	4.0	0.3378052975576199	1.0	1.0
g04148	1	7	4	7	0.25	0.3378052975576199	1.0	1.0
g04114	1	7	4	7	0.25	0.3378052975576199	1.0	1.0
g05601	1	7	4	7	0.25	0.3378052975576199	1.0	1.0
g04076	1	7	4	7	0.25	0.3378052975576199	1.0	1.0
g04993	1	7	4	7	0.25	0.3378052975576199	1.0	1.0
g05821	1	7	4	7	0.25	0.3378052975576199	1.0	1.0
g03886	1	7	4	7	0.25	0.3378052975576199	1.0	1.0
g03540	1	7	4	7	0.25	0.3378052975576199	1.0	1.0
g03541	1	7	4	7	0.25	0.3378052975576199	1.0	1.0
g03404	1	7	4	7	0.25	0.3378052975576199	1.0	1.0
g03669	1	7	4	7	0.25	0.3378052975576199	1.0	1.0
g04215	1	7	4	7	0.25	0.3378052975576199	1.0	1.0
g03926	1	7	4	7	0.25	0.3378052975576199	1.0	1.0
g07005	1	7	4	7	0.25	0.3378052975576199	1.0	1.0
g04053	1	7	4	7	0.25	0.3378052975576199	1.0	1.0
g04447	1	7	4	7	0.25	0.3378052975576199	1.0	1.0
g04178	1	7	4	7	0.25	0.3378052975576199	1.0	1.0
g03882	1	7	4	7	0.25	0.3378052975576199	1.0	1.0
g05982	1	7	4	7	0.25	0.3378052975576199	1.0	1.0
g08522	1	7	4	7	0.25	0.3378052975576199	1.0	1.0
g07538	1	7	4	7	0.25	0.3378052975576199	1.0	1.0
g03041	6	2	5	6	3.6	0.3520679526871475	1.0	1.0
g03579	6	2	5	6	3.6	0.3520679526871475	1.0	1.0
g03438	2	6	6	5	0.2777777777777778	0.3520679526871475	1.0	1.0
g09428	2	6	6	5	0.2777777777777778	0.3520679526871475	1.0	1.0
g03096	2	6	6	5	0.2777777777777778	0.3520679526871475	1.0	1.0
g03361	2	6	6	5	0.2777777777777778	0.3520679526871475	1.0	1.0
g03126	2	6	6	5	0.2777777777777778	0.3520679526871475	1.0	1.0
g03386	2	6	6	5	0.2777777777777778	0.3520679526871475	1.0	1.0
g03298	2	6	6	5	0.2777777777777778	0.3520679526871475	1.0	1.0
g03265	2	6	6	5	0.2777777777777778	0.3520679526871475	1.0	1.0
g03017	2	6	6	5	0.2777777777777778	0.3520679526871475	1.0	1.0
g07589	2	6	6	5	0.2777777777777778	0.3520679526871475	1.0	1.0
g03614	2	6	6	5	0.2777777777777778	0.3520679526871475	1.0	1.0
g05923	3	5	7	4	0.34285714285714286	0.36984996427720884	1.0	1.0
g07053	3	5	7	4	0.34285714285714286	0.36984996427720884	1.0	1.0
g04765	3	5	7	4	0.34285714285714286	0.36984996427720884	1.0	1.0
g08197	3	5	7	4	0.34285714285714286	0.36984996427720884	1.0	1.0
g07344	3	5	7	4	0.34285714285714286	0.36984996427720884	1.0	1.0
g04600	3	5	7	4	0.34285714285714286	0.36984996427720884	1.0	1.0
g08638	3	5	7	4	0.34285714285714286	0.36984996427720884	1.0	1.0
g06519	3	5	7	4	0.34285714285714286	0.36984996427720884	1.0	1.0
g04870	3	5	7	4	0.34285714285714286	0.36984996427720884	1.0	1.0
g04254	3	5	7	4	0.34285714285714286	0.36984996427720884	1.0	1.0
g08001	3	5	7	4	0.34285714285714286	0.36984996427720884	1.0	1.0
g03372	3	5	7	4	0.34285714285714286	0.36984996427720884	1.0	1.0
g07423	3	5	7	4	0.34285714285714286	0.36984996427720884	1.0	1.0
g06171	3	5	7	4	0.34285714285714286	0.36984996427720884	1.0	1.0
g09507	3	5	7	4	0.34285714285714286	0.36984996427720884	1.0	1.0
g09443	3	5	7	4	0.34285714285714286	0.36984996427720884	1.0	1.0
g05487	5	3	4	7	2.9166666666666665	0.36984996427720884	1.0	1.0
g04231	5	3	4	7	2.9166666666666665	0.36984996427720884	1.0	1.0
g05730	5	3	4	7	2.9166666666666665	0.36984996427720884	1.0	1.0
g04048	5	3	4	7	2.9166666666666665	0.36984996427720884	1.0	1.0
g03496	5	3	4	7	2.9166666666666665	0.36984996427720884	1.0	1.0
g04133	5	3	4	7	2.9166666666666665	0.36984996427720884	1.0	1.0
g04016	5	3	4	7	2.9166666666666665	0.36984996427720884	1.0	1.0
g03761	5	3	4	7	2.9166666666666665	0.36984996427720884	1.0	1.0
g03183	5	3	4	7	2.9166666666666665	0.36984996427720884	1.0	1.0
g03090	4	4	8	3	0.375	0.3765182186234812	1.0	1.0
g03488	4	4	8	3	0.375	0.3765182186234812	1.0	1.0
g03428	4	4	8	3	0.375	0.3765182186234812	1.0	1.0
g04183	4	4	8	3	0.375	0.3765182186234812	1.0	1.0
g08466	4	4	3	8	2.6666666666666665	0.3765182186234812	1.0	1.0
g06643	4	4	3	8	2.6666666666666665	0.3765182186234812	1.0	1.0
g06616	4	4	3	8	2.6666666666666665	0.3765182186234812	1.0	1.0
g03283	4	4	3	8	2.6666666666666665	0.3765182186234812	1.0	1.0
g03402	4	4	3	8	2.6666666666666665	0.3765182186234812	1.0	1.0
g03894	4	4	3	8	2.6666666666666665	0.3765182186234812	1.0	1.0
g03457	4	4	3	8	2.6666666666666665	0.3765182186234812	1.0	1.0
g03164	4	4	3	8	2.6666666666666665	0.3765182186234812	1.0	1.0
g03979	4	4	3	8	2.6666666666666665	0.3765182186234812	1.0	1.0
g09043	7	1	11	0	0.0	0.4210526315789468	1.0	1.0
g08401	7	1	11	0	0.0	0.4210526315789468	1.0	1.0
g08415	7	1	11	0	0.0	0.4210526315789468	1.0	1.0
g03194	7	1	11	0	0.0	0.4210526315789468	1.0	1.0
g03196	7	1	11	0	0.0	0.4210526315789468	1.0	1.0
g04761	7	1	11	0	0.0	0.4210526315789468	1.0	1.0
g05108	7	1	11	0	0.0	0.4210526315789468	1.0	1.0
g08403	7	1	11	0	0.0	0.4210526315789468	1.0	1.0
g03737	7	1	11	0	0.0	0.4210526315789468	1.0	1.0
g04188	7	1	11	0	0.0	0.4210526315789468	1.0	1.0
g08354	7	1	11	0	0.0	0.4210526315789468	1.0	1.0
g08988	7	1	11	0	0.0	0.4210526315789468	1.0	1.0
g05769	7	1	11	0	0.0	0.4210526315789468	1.0	1.0
g03920	7	1	11	0	0.0	0.4210526315789468	1.0	1.0
g09337	7	1	11	0	0.0	0.4210526315789468	1.0	1.0
g05016	7	1	11	0	0.0	0.4210526315789468	1.0	1.0
g08195	7	1	11	0	0.0	0.4210526315789468	1.0	1.0
g07429	7	1	11	0	0.0	0.4210526315789468	1.0	1.0
g09467	7	1	11	0	0.0	0.4210526315789468	1.0	1.0
g05554	7	1	11	0	0.0	0.4210526315789468	1.0	1.0
g08930	7	1	11	0	0.0	0.4210526315789468	1.0	1.0
g07431	7	1	11	0	0.0	0.4210526315789468	1.0	1.0
g08327	7	1	11	0	0.0	0.4210526315789468	1.0	1.0
g08860	7	1	11	0	0.0	0.4210526315789468	1.0	1.0
g03771	7	1	11	0	0.0	0.4210526315789468	1.0	1.0
g04605	7	1	11	0	0.0	0.4210526315789468	1.0	1.0
g07158	7	1	11	0	0.0	0.4210526315789468	1.0	1.0
g07079	7	1	11	0	0.0	0.4210526315789468	1.0	1.0
g09489	7	1	11	0	0.0	0.4210526315789468	1.0	1.0
g06744	7	1	11	0	0.0	0.4210526315789468	1.0	1.0
g05096	7	1	11	0	0.0	0.4210526315789468	1.0	1.0
g07055	7	1	11	0	0.0	0.4210526315789468	1.0	1.0
g07031	7	1	11	0	0.0	0.4210526315789468	1.0	1.0
g09456	7	1	11	0	0.0	0.4210526315789468	1.0	1.0
g04944	7	1	11	0	0.0	0.4210526315789468	1.0	1.0
g08096	7	1	11	0	0.0	0.4210526315789468	1.0	1.0
g05675	7	1	11	0	0.0	0.4210526315789468	1.0	1.0
g07446	7	1	11	0	0.0	0.4210526315789468	1.0	1.0
g04478	7	1	11	0	0.0	0.4210526315789468	1.0	1.0
g09375	7	1	11	0	0.0	0.4210526315789468	1.0	1.0
g07136	7	1	11	0	0.0	0.4210526315789468	1.0	1.0
g03103	7	1	11	0	0.0	0.4210526315789468	1.0	1.0
g03205	7	1	11	0	0.0	0.4210526315789468	1.0	1.0
g06055	7	1	11	0	0.0	0.4210526315789468	1.0	1.0
g09387	7	1	11	0	0.0	0.4210526315789468	1.0	1.0
g08458	7	1	11	0	0.0	0.4210526315789468	1.0	1.0
g03039	7	1	11	0	0.0	0.4210526315789468	1.0	1.0
g03539	7	1	11	0	0.0	0.4210526315789468	1.0	1.0
g04749	7	1	11	0	0.0	0.4210526315789468	1.0	1.0
g09222	7	1	11	0	0.0	0.4210526315789468	1.0	1.0
g05581	7	1	11	0	0.0	0.4210526315789468	1.0	1.0
g09501	1	7	0	11	inf	0.4210526315789468	1.0	1.0
g05346	1	7	0	11	inf	0.4210526315789468	1.0	1.0
g06801	1	7	0	11	inf	0.4210526315789468	1.0	1.0
g05289	1	7	0	11	inf	0.4210526315789468	1.0	1.0
g05946	1	7	0	11	inf	0.4210526315789468	1.0	1.0
g07084	1	7	0	11	inf	0.4210526315789468	1.0	1.0
g07662	1	7	0	11	inf	0.4210526315789468	1.0	1.0
g08530	1	7	0	11	inf	0.4210526315789468	1.0	1.0
g06051	1	7	0	11	inf	0.4210526315789468	1.0	1.0
g07447	1	7	0	11	inf	0.4210526315789468	1.0	1.0
g05863	1	7	0	11	inf	0.4210526315789468	1.0	1.0
g08483	1	7	0	11	inf	0.4210526315789468	1.0	1.0
g06902	1	7	0	11	inf	0.4210526315789468	1.0	1.0
g07835	1	7	0	11	inf	0.4210526315789468	1.0	1.0
g09549	1	7	0	11	inf	0.4210526315789468	1.0	1.0
g05619	1	7	0	11	inf	0.4210526315789468	1.0	1.0
g05004	1	7	0	11	inf	0.4210526315789468	1.0	1.0
g05530	1	7	0	11	inf	0.4210526315789468	1.0	1.0
g08686	1	7	0	11	inf	0.4210526315789468	1.0	1.0
g07284	1	7	0	11	inf	0.4210526315789468	1.0	1.0
g05976	1	7	0	11	inf	0.4210526315789468	1.0	1.0
g05967	1	7	0	11	inf	0.4210526315789468	1.0	1.0
g06764	1	7	0	11	inf	0.4210526315789468	1.0	1.0
g06012	1	7	0	11	inf	0.4210526315789468	1.0	1.0
g06560	1	7	0	11	inf	0.4210526315789468	1.0	1.0
g05643	1	7	0	11	inf	0.4210526315789468	1.0	1.0
g07254	1	7	0	11	inf	0.4210526315789468	1.0	1.0
g08503	1	7	0	11	inf	0.4210526315789468	1.0	1.0
g08234	1	7	0	11	inf	0.4210526315789468	1.0	1.0
g05515	1	7	0	11	inf	0.4210526315789468	1.0	1.0
g09143	1	7	0	11	inf	0.4210526315789468	1.0	1.0
g08024	1	7	0	11	inf	0.4210526315789468	1.0	1.0
g05955	1	7	0	11	inf	0.4210526315789468	1.0	1.0
g05094	1	7	0	11	inf	0.4210526315789468	1.0	1.0
g06429	1	7	0	11	inf	0.4210526315789468	1.0	1.0
g06645	1	7	0	11	inf	0.4210526315789468	1.0	1.0
g07984	1	7	0	11	inf	0.4210526315789468	1.0	1.0
g05512	1	7	0	11	inf	0.4210526315789468	1.0	1.0
g05078	1	7	0	11	inf	0.4210526315789468	1.0	1.0
g09124	1	7	0	11	inf	0.4210526315789468	1.0	1.0
g05800	1	7	0	11	inf	0.4210526315789468	1.0	1.0
g06926	1	7	0	11	inf	0.4210526315789468	1.0	1.0
g08193	1	7	0	11	inf	0.4210526315789468	1.0	1.0
g06575	1	7	0	11	inf	0.4210526315789468	1.0	1.0
g07340	1	7	0	11	inf	0.4210526315789468	1.0	1.0
g04757	1	7	0	11	inf	0.4210526315789468	1.0	1.0
g08343	1	7	0	11	inf	0.4210526315789468	1.0	1.0
g05151	1	7	0	11	inf	0.4210526315789468	1.0	1.0
g08510	1	7	0	11	inf	0.4210526315789468	1.0	1.0
g08498	1	7	0	11	inf	0.4210526315789468	1.0	1.0
g09361	1	7	0	11	inf	0.4210526315789468	1.0	1.0
g06753	1	7	0	11	inf	0.4210526315789468	1.0	1.0
g09167	1	7	0	11	inf	0.4210526315789468	1.0	1.0
g08158	1	7	0	11	inf	0.4210526315789468	1.0	1.0
g06027	1	7	0	11	inf	0.4210526315789468	1.0	1.0
g06603	1	7	0	11	inf	0.4210526315789468	1.0	1.0
g08271	1	7	0	11	inf	0.4210526315789468	1.0	1.0
g07776	1	7	0	11	inf	0.4210526315789468	1.0	1.0
g05311	1	7	0	11	inf	0.4210526315789468	1.0	1.0
g05848	1	7	0	11	inf	0.4210526315789468	1.0	1.0
g07034	1	7	0	11	inf	0.4210526315789468	1.0	1.0
g08633	1	7	0	11	inf	0.4210526315789468	1.0	1.0
g06512	1	7	0	11	inf	0.4210526315789468	1.0	1.0
g07149	1	7	0	11	inf	0.4210526315789468	1.0	1.0
g06304	1	7	0	11	inf	0.4210526315789468	1.0	1.0
g08688	1	7	0	11	inf	0.4210526315789468	1.0	1.0
g05407	1	7	0	11	inf	0.4210526315789468	1.0	1.0
g06235	1	7	0	11	inf	0.4210526315789468	1.0	1.0
g05050	1	7	0	11	inf	0.4210526315789468	1.0	1.0
g06660	1	7	0	11	inf	0.4210526315789468	1.0	1.0
g05031	1	7	0	11	inf	0.4210526315789468	1.0	1.0
g06713	1	7	0	11	inf	0.4210526315789468	1.0	1.0
g05625	1	7	0	11	inf	0.4210526315789468	1.0	1.0
g07548	1	7	0	11	inf	0.4210526315789468	1.0	1.0
g05760	1	7	0	11	inf	0.4210526315789468	1.0	1.0
g06344	1	7	0	11	inf	0.4210526315789468	1.0	1.0
g06581	1	7	0	11	inf	0.4210526315789468	1.0	1.0
g05043	1	7	0	11	inf	0.4210526315789468	1.0	1.0
g08827	1	7	0	11	inf	0.4210526315789468	1.0	1.0
g04794	1	7	0	11	inf	0.4210526315789468	1.0	1.0
g05465	1	7	0	11	inf	0.4210526315789468	1.0	1.0
g05854	1	7	0	11	inf	0.4210526315789468	1.0	1.0
g05623	1	7	0	11	inf	0.4210526315789468	1.0	1.0
g05113	1	7	0	11	inf	0.4210526315789468	1.0	1.0
g08793	1	7	0	11	inf	0.4210526315789468	1.0	1.0
g08607	1	7	0	11	inf	0.4210526315789468	1.0	1.0
g07631	1	7	0	11	inf	0.4210526315789468	1.0	1.0
g05308	1	7	0	11	inf	0.4210526315789468	1.0	1.0
g05683	1	7	0	11	inf	0.4210526315789468	1.0	1.0
g09146	1	7	0	11	inf	0.4210526315789468	1.0	1.0
g08014	1	7	0	11	inf	0.4210526315789468	1.0	1.0
g05429	1	7	0	11	inf	0.4210526315789468	1.0	1.0
g05607	1	7	0	11	inf	0.4210526315789468	1.0	1.0
g06208	1	7	0	11	inf	0.4210526315789468	1.0	1.0
g05926	1	7	0	11	inf	0.4210526315789468	1.0	1.0
g05917	1	7	0	11	inf	0.4210526315789468	1.0	1.0
g05121	1	7	0	11	inf	0.4210526315789468	1.0	1.0
g07811	1	7	0	11	inf	0.4210526315789468	1.0	1.0
g06021	1	7	0	11	inf	0.4210526315789468	1.0	1.0
g06423	1	7	0	11	inf	0.4210526315789468	1.0	1.0
g08021	1	7	0	11	inf	0.4210526315789468	1.0	1.0
g09067	1	7	0	11	inf	0.4210526315789468	1.0	1.0
g08250	1	7	0	11	inf	0.4210526315789468	1.0	1.0
g08794	1	7	0	11	inf	0.4210526315789468	1.0	1.0
g08660	1	7	0	11	inf	0.4210526315789468	1.0	1.0
g05864	1	7	0	11	inf	0.4210526315789468	1.0	1.0
g06415	1	7	0	11	inf	0.4210526315789468	1.0	1.0
g09530	1	7	0	11	inf	0.4210526315789468	1.0	1.0
g08075	1	7	0	11	inf	0.4210526315789468	1.0	1.0
g07013	1	7	0	11	inf	0.4210526315789468	1.0	1.0
g07502	1	7	0	11	inf	0.4210526315789468	1.0	1.0
g07445	1	7	0	11	inf	0.4210526315789468	1.0	1.0
g05230	1	7	0	11	inf	0.4210526315789468	1.0	1.0
g07834	1	7	0	11	inf	0.4210526315789468	1.0	1.0
g08111	1	7	0	11	inf	0.4210526315789468	1.0	1.0
g07281	1	7	0	11	inf	0.4210526315789468	1.0	1.0
g05686	1	7	0	11	inf	0.4210526315789468	1.0	1.0
g05992	1	7	0	11	inf	0.4210526315789468	1.0	1.0
g06529	1	7	0	11	inf	0.4210526315789468	1.0	1.0
g05980	1	7	0	11	inf	0.4210526315789468	1.0	1.0
g04933	1	7	0	11	inf	0.4210526315789468	1.0	1.0
g07464	1	7	0	11	inf	0.4210526315789468	1.0	1.0
g06845	1	7	0	11	inf	0.4210526315789468	1.0	1.0
g05696	1	7	0	11	inf	0.4210526315789468	1.0	1.0
g05562	1	7	0	11	inf	0.4210526315789468	1.0	1.0
g08435	1	7	0	11	inf	0.4210526315789468	1.0	1.0
g07177	1	7	0	11	inf	0.4210526315789468	1.0	1.0
g08866	1	7	0	11	inf	0.4210526315789468	1.0	1.0
g05747	1	7	0	11	inf	0.4210526315789468	1.0	1.0
g04627	1	7	0	11	inf	0.4210526315789468	1.0	1.0
g09277	1	7	0	11	inf	0.4210526315789468	1.0	1.0
g08534	1	7	0	11	inf	0.4210526315789468	1.0	1.0
g09522	1	7	0	11	inf	0.4210526315789468	1.0	1.0
g06593	1	7	0	11	inf	0.4210526315789468	1.0	1.0
g08905	1	7	0	11	inf	0.4210526315789468	1.0	1.0
g05720	1	7	0	11	inf	0.4210526315789468	1.0	1.0
g06206	1	7	0	11	inf	0.4210526315789468	1.0	1.0
g07008	1	7	0	11	inf	0.4210526315789468	1.0	1.0
g07617	1	7	0	11	inf	0.4210526315789468	1.0	1.0
g07726	1	7	0	11	inf	0.4210526315789468	1.0	1.0
g08588	1	7	0	11	inf	0.4210526315789468	1.0	1.0
g05020	1	7	0	11	inf	0.4210526315789468	1.0	1.0
g06594	1	7	0	11	inf	0.4210526315789468	1.0	1.0
g09093	1	7	0	11	inf	0.4210526315789468	1.0	1.0
g07583	1	7	0	11	inf	0.4210526315789468	1.0	1.0
g04623	1	7	0	11	inf	0.4210526315789468	1.0	1.0
g06388	1	7	0	11	inf	0.4210526315789468	1.0	1.0
g08696	1	7	0	11	inf	0.4210526315789468	1.0	1.0
g06427	1	7	0	11	inf	0.4210526315789468	1.0	1.0
g05136	1	7	0	11	inf	0.4210526315789468	1.0	1.0
g05544	1	7	0	11	inf	0.4210526315789468	1.0	1.0
g08282	1	7	0	11	inf	0.4210526315789468	1.0	1.0
g04630	1	7	0	11	inf	0.4210526315789468	1.0	1.0
g09045	1	7	0	11	inf	0.4210526315789468	1.0	1.0
g07075	1	7	0	11	inf	0.4210526315789468	1.0	1.0
g08279	1	7	0	11	inf	0.4210526315789468	1.0	1.0
g04979	1	7	0	11	inf	0.4210526315789468	1.0	1.0
g05225	1	7	0	11	inf	0.4210526315789468	1.0	1.0
g08971	1	7	0	11	inf	0.4210526315789468	1.0	1.0
g09159	1	7	0	11	inf	0.4210526315789468	1.0	1.0
g05624	1	7	0	11	inf	0.4210526315789468	1.0	1.0
g08965	1	7	0	11	inf	0.4210526315789468	1.0	1.0
g05022	1	7	0	11	inf	0.4210526315789468	1.0	1.0
g06835	1	7	0	11	inf	0.4210526315789468	1.0	1.0
g08989	1	7	0	11	inf	0.4210526315789468	1.0	1.0
g08262	1	7	0	11	inf	0.4210526315789468	1.0	1.0
g08907	1	7	0	11	inf	0.4210526315789468	1.0	1.0
g04806	1	7	0	11	inf	0.4210526315789468	1.0	1.0
g05845	1	7	0	11	inf	0.4210526315789468	1.0	1.0
g07692	1	7	0	11	inf	0.4210526315789468	1.0	1.0
g09454	1	7	0	11	inf	0.4210526315789468	1.0	1.0
g05513	1	7	0	11	inf	0.4210526315789468	1.0	1.0
g07200	1	7	0	11	inf	0.4210526315789468	1.0	1.0
g04850	1	7	0	11	inf	0.4210526315789468	1.0	1.0
g08182	1	7	0	11	inf	0.4210526315789468	1.0	1.0
g07902	1	7	0	11	inf	0.4210526315789468	1.0	1.0
g06817	1	7	0	11	inf	0.4210526315789468	1.0	1.0
g06256	1	7	0	11	inf	0.4210526315789468	1.0	1.0
g07382	1	7	0	11	inf	0.4210526315789468	1.0	1.0
g05966	1	7	0	11	inf	0.4210526315789468	1.0	1.0
g09310	1	7	0	11	inf	0.4210526315789468	1.0	1.0
g06243	1	7	0	11	inf	0.4210526315789468	1.0	1.0
g06154	1	7	0	11	inf	0.4210526315789468	1.0	1.0
g05855	1	7	0	11	inf	0.4210526315789468	1.0	1.0
g04864	1	7	0	11	inf	0.4210526315789468	1.0	1.0
g04817	1	7	0	11	inf	0.4210526315789468	1.0	1.0
g06166	1	7	0	11	inf	0.4210526315789468	1.0	1.0
g08424	1	7	0	11	inf	0.4210526315789468	1.0	1.0
g08917	1	7	0	11	inf	0.4210526315789468	1.0	1.0
g05731	1	7	0	11	inf	0.4210526315789468	1.0	1.0
g05504	1	7	0	11	inf	0.4210526315789468	1.0	1.0
g07534	1	7	0	11	inf	0.4210526315789468	1.0	1.0
g08845	1	7	0	11	inf	0.4210526315789468	1.0	1.0
g04829	1	7	0	11	inf	0.4210526315789468	1.0	1.0
g05014	1	7	0	11	inf	0.4210526315789468	1.0	1.0
g07737	1	7	0	11	inf	0.4210526315789468	1.0	1.0
g08358	1	7	0	11	inf	0.4210526315789468	1.0	1.0
g06626	1	7	0	11	inf	0.4210526315789468	1.0	1.0
g06505	1	7	0	11	inf	0.4210526315789468	1.0	1.0
g05201	1	7	0	11	inf	0.4210526315789468	1.0	1.0
g05653	1	7	0	11	inf	0.4210526315789468	1.0	1.0
g09128	1	7	0	11	inf	0.4210526315789468	1.0	1.0
g05384	1	7	0	11	inf	0.4210526315789468	1.0	1.0
g07047	1	7	0	11	inf	0.4210526315789468	1.0	1.0
g05278	1	7	0	11	inf	0.4210526315789468	1.0	1.0
g09052	1	7	0	11	inf	0.4210526315789468	1.0	1.0
g09078	1	7	0	11	inf	0.4210526315789468	1.0	1.0
g04792	1	7	0	11	inf	0.4210526315789468	1.0	1.0
g07672	1	7	0	11	inf	0.4210526315789468	1.0	1.0
g05116	1	7	0	11	inf	0.4210526315789468	1.0	1.0
g09392	1	7	0	11	inf	0.4210526315789468	1.0	1.0
g05131	1	7	0	11	inf	0.4210526315789468	1.0	1.0
g07469	1	7	0	11	inf	0.4210526315789468	1.0	1.0
g08007	1	7	0	11	inf	0.4210526315789468	1.0	1.0
g08071	1	7	0	11	inf	0.4210526315789468	1.0	1.0
g08203	1	7	0	11	inf	0.4210526315789468	1.0	1.0
g08961	1	7	0	11	inf	0.4210526315789468	1.0	1.0
g08754	1	7	0	11	inf	0.4210526315789468	1.0	1.0
g09063	1	7	0	11	inf	0.4210526315789468	1.0	1.0
g08632	1	7	0	11	inf	0.4210526315789468	1.0	1.0
g05138	1	7	0	11	inf	0.4210526315789468	1.0	1.0
g09056	1	7	0	11	inf	0.4210526315789468	1.0	1.0
g07844	1	7	0	11	inf	0.4210526315789468	1.0	1.0
g06555	1	7	0	11	inf	0.4210526315789468	1.0	1.0
g06726	1	7	0	11	inf	0.4210526315789468	1.0	1.0
g08329	1	7	0	11	inf	0.4210526315789468	1.0	1.0
g04704	1	7	0	11	inf	0.4210526315789468	1.0	1.0
g08701	1	7	0	11	inf	0.4210526315789468	1.0	1.0
g07278	1	7	0	11	inf	0.4210526315789468	1.0	1.0
g05506	1	7	0	11	inf	0.4210526315789468	1.0	1.0
g08964	1	7	0	11	inf	0.4210526315789468	1.0	1.0
g08910	1	7	0	11	inf	0.4210526315789468	1.0	1.0
g05073	1	7	0	11	inf	0.4210526315789468	1.0	1.0
g08150	1	7	0	11	inf	0.4210526315789468	1.0	1.0
g06788	1	7	0	11	inf	0.4210526315789468	1.0	1.0
g08828	1	7	0	11	inf	0.4210526315789468	1.0	1.0
g04926	1	7	0	11	inf	0.4210526315789468	1.0	1.0
g07687	1	7	0	11	inf	0.4210526315789468	1.0	1.0
g07144	1	7	0	11	inf	0.4210526315789468	1.0	1.0
g07928	1	7	0	11	inf	0.4210526315789468	1.0	1.0
g05627	1	7	0	11	inf	0.4210526315789468	1.0	1.0
g08471	1	7	0	11	inf	0.4210526315789468	1.0	1.0
g05107	1	7	0	11	inf	0.4210526315789468	1.0	1.0
g09252	1	7	0	11	inf	0.4210526315789468	1.0	1.0
g09064	1	7	0	11	inf	0.4210526315789468	1.0	1.0
g07112	1	7	0	11	inf	0.4210526315789468	1.0	1.0
g05795	1	7	0	11	inf	0.4210526315789468	1.0	1.0
g06923	1	7	0	11	inf	0.4210526315789468	1.0	1.0
g05834	1	7	0	11	inf	0.4210526315789468	1.0	1.0
g06592	1	7	0	11	inf	0.4210526315789468	1.0	1.0
g06635	1	7	0	11	inf	0.4210526315789468	1.0	1.0
g09177	1	7	0	11	inf	0.4210526315789468	1.0	1.0
g06596	1	7	0	11	inf	0.4210526315789468	1.0	1.0
g08457	1	7	0	11	inf	0.4210526315789468	1.0	1.0
g05274	1	7	0	11	inf	0.4210526315789468	1.0	1.0
g07962	1	7	0	11	inf	0.4210526315789468	1.0	1.0
g07693	1	7	0	11	inf	0.4210526315789468	1.0	1.0
g07266	1	7	0	11	inf	0.4210526315789468	1.0	1.0
g08774	1	7	0	11	inf	0.4210526315789468	1.0	1.0
g06629	1	7	0	11	inf	0.4210526315789468	1.0	1.0
g09314	1	7	0	11	inf	0.4210526315789468	1.0	1.0
g04972	1	7	0	11	inf	0.4210526315789468	1.0	1.0
g05818	1	7	0	11	inf	0.4210526315789468	1.0	1.0
g08406	1	7	0	11	inf	0.4210526315789468	1.0	1.0
g08592	1	7	0	11	inf	0.4210526315789468	1.0	1.0
g09432	1	7	0	11	inf	0.4210526315789468	1.0	1.0
g05856	1	7	0	11	inf	0.4210526315789468	1.0	1.0
g06534	1	7	0	11	inf	0.4210526315789468	1.0	1.0
g08259	1	7	0	11	inf	0.4210526315789468	1.0	1.0
g07742	1	7	0	11	inf	0.4210526315789468	1.0	1.0
g09323	1	7	0	11	inf	0.4210526315789468	1.0	1.0
g07813	1	7	0	11	inf	0.4210526315789468	1.0	1.0
g06127	1	7	0	11	inf	0.4210526315789468	1.0	1.0
g07417	1	7	0	11	inf	0.4210526315789468	1.0	1.0
g07250	1	7	0	11	inf	0.4210526315789468	1.0	1.0
g08508	1	7	0	11	inf	0.4210526315789468	1.0	1.0
g06464	1	7	0	11	inf	0.4210526315789468	1.0	1.0
g07551	1	7	0	11	inf	0.4210526315789468	1.0	1.0
g04983	1	7	0	11	inf	0.4210526315789468	1.0	1.0
g08756	1	7	0	11	inf	0.4210526315789468	1.0	1.0
g06964	1	7	0	11	inf	0.4210526315789468	1.0	1.0
g08252	1	7	0	11	inf	0.4210526315789468	1.0	1.0
g06327	1	7	0	11	inf	0.4210526315789468	1.0	1.0
g07909	1	7	0	11	inf	0.4210526315789468	1.0	1.0
g04858	1	7	0	11	inf	0.4210526315789468	1.0	1.0
g07007	1	7	0	11	inf	0.4210526315789468	1.0	1.0
g04687	1	7	0	11	inf	0.4210526315789468	1.0	1.0
g08788	1	7	0	11	inf	0.4210526315789468	1.0	1.0
g09034	1	7	0	11	inf	0.4210526315789468	1.0	1.0
g05768	1	7	0	11	inf	0.4210526315789468	1.0	1.0
g09519	1	7	0	11	inf	0.4210526315789468	1.0	1.0
g09204	1	7	0	11	inf	0.4210526315789468	1.0	1.0
g09010	1	7	0	11	inf	0.4210526315789468	1.0	1.0
g07925	1	7	0	11	inf	0.4210526315789468	1.0	1.0
g08805	1	7	0	11	inf	0.4210526315789468	1.0	1.0
g05251	1	7	0	11	inf	0.4210526315789468	1.0	1.0
g04890	1	7	0	11	inf	0.4210526315789468	1.0	1.0
g07757	1	7	0	11	inf	0.4210526315789468	1.0	1.0
g08277	1	7	0	11	inf	0.4210526315789468	1.0	1.0
g07951	1	7	0	11	inf	0.4210526315789468	1.0	1.0
g07805	1	7	0	11	inf	0.4210526315789468	1.0	1.0
g08595	1	7	0	11	inf	0.4210526315789468	1.0	1.0
g07487	1	7	0	11	inf	0.4210526315789468	1.0	1.0
g07658	1	7	0	11	inf	0.4210526315789468	1.0	1.0
g06239	1	7	0	11	inf	0.4210526315789468	1.0	1.0
g08712	1	7	0	11	inf	0.4210526315789468	1.0	1.0
g09398	1	7	0	11	inf	0.4210526315789468	1.0	1.0
g05410	1	7	0	11	inf	0.4210526315789468	1.0	1.0
g06125	1	7	0	11	inf	0.4210526315789468	1.0	1.0
g08153	1	7	0	11	inf	0.4210526315789468	1.0	1.0
g06347	1	7	0	11	inf	0.4210526315789468	1.0	1.0
g06052	1	7	0	11	inf	0.4210526315789468	1.0	1.0
g09161	1	7	0	11	inf	0.4210526315789468	1.0	1.0
g09478	1	7	0	11	inf	0.4210526315789468	1.0	1.0
g05598	1	7	0	11	inf	0.4210526315789468	1.0	1.0
g07708	1	7	0	11	inf	0.4210526315789468	1.0	1.0
g08780	1	7	0	11	inf	0.4210526315789468	1.0	1.0
g08378	1	7	0	11	inf	0.4210526315789468	1.0	1.0
g06382	1	7	0	11	inf	0.4210526315789468	1.0	1.0
g06732	1	7	0	11	inf	0.4210526315789468	1.0	1.0
g05024	1	7	0	11	inf	0.4210526315789468	1.0	1.0
g09278	1	7	0	11	inf	0.4210526315789468	1.0	1.0
g06809	1	7	0	11	inf	0.4210526315789468	1.0	1.0
g06143	1	7	0	11	inf	0.4210526315789468	1.0	1.0
g06910	1	7	0	11	inf	0.4210526315789468	1.0	1.0
g05305	1	7	0	11	inf	0.4210526315789468	1.0	1.0
g05524	1	7	0	11	inf	0.4210526315789468	1.0	1.0
g08990	1	7	0	11	inf	0.4210526315789468	1.0	1.0
g05119	1	7	0	11	inf	0.4210526315789468	1.0	1.0
g05511	1	7	0	11	inf	0.4210526315789468	1.0	1.0
g05267	1	7	0	11	inf	0.4210526315789468	1.0	1.0
g06453	1	7	0	11	inf	0.4210526315789468	1.0	1.0
g06291	1	7	0	11	inf	0.4210526315789468	1.0	1.0
g05931	1	7	0	11	inf	0.4210526315789468	1.0	1.0
g08972	1	7	0	11	inf	0.4210526315789468	1.0	1.0
g07352	1	7	0	11	inf	0.4210526315789468	1.0	1.0
g09347	1	7	0	11	inf	0.4210526315789468	1.0	1.0
g08031	1	7	0	11	inf	0.4210526315789468	1.0	1.0
g08890	1	7	0	11	inf	0.4210526315789468	1.0	1.0
g04878	1	7	0	11	inf	0.4210526315789468	1.0	1.0
g07635	1	7	0	11	inf	0.4210526315789468	1.0	1.0
g09307	1	7	0	11	inf	0.4210526315789468	1.0	1.0
g05604	1	7	0	11	inf	0.4210526315789468	1.0	1.0
g09021	1	7	0	11	inf	0.4210526315789468	1.0	1.0
g05807	1	7	0	11	inf	0.4210526315789468	1.0	1.0
g07368	1	7	0	11	inf	0.4210526315789468	1.0	1.0
g07139	1	7	0	11	inf	0.4210526315789468	1.0	1.0
g07953	1	7	0	11	inf	0.4210526315789468	1.0	1.0
g08707	1	7	0	11	inf	0.4210526315789468	1.0	1.0
g08342	1	7	0	11	inf	0.4210526315789468	1.0	1.0
g08842	1	7	0	11	inf	0.4210526315789468	1.0	1.0
g05495	1	7	0	11	inf	0.4210526315789468	1.0	1.0
g08286	1	7	0	11	inf	0.4210526315789468	1.0	1.0
g06205	1	7	0	11	inf	0.4210526315789468	1.0	1.0
g05357	1	7	0	11	inf	0.4210526315789468	1.0	1.0
g05961	1	7	0	11	inf	0.4210526315789468	1.0	1.0
g06015	1	7	0	11	inf	0.4210526315789468	1.0	1.0
g09470	1	7	0	11	inf	0.4210526315789468	1.0	1.0
g09413	1	7	0	11	inf	0.4210526315789468	1.0	1.0
g08919	1	7	0	11	inf	0.4210526315789468	1.0	1.0
g06487	1	7	0	11	inf	0.4210526315789468	1.0	1.0
g06193	1	7	0	11	inf	0.4210526315789468	1.0	1.0
g06466	1	7	0	11	inf	0.4210526315789468	1.0	1.0
g06107	1	7	0	11	inf	0.4210526315789468	1.0	1.0
g05900	1	7	0	11	inf	0.4210526315789468	1.0	1.0
g05424	1	7	0	11	inf	0.4210526315789468	1.0	1.0
g07775	1	7	0	11	inf	0.4210526315789468	1.0	1.0
g07219	1	7	0	11	inf	0.4210526315789468	1.0	1.0
g07178	1	7	0	11	inf	0.4210526315789468	1.0	1.0
g09306	1	7	0	11	inf	0.4210526315789468	1.0	1.0
g05148	1	7	0	11	inf	0.4210526315789468	1.0	1.0
g06129	1	7	0	11	inf	0.4210526315789468	1.0	1.0
g05842	1	7	0	11	inf	0.4210526315789468	1.0	1.0
g06580	1	7	0	11	inf	0.4210526315789468	1.0	1.0
g06038	1	7	0	11	inf	0.4210526315789468	1.0	1.0
g05962	1	7	0	11	inf	0.4210526315789468	1.0	1.0
g08936	1	7	0	11	inf	0.4210526315789468	1.0	1.0
g04671	1	7	0	11	inf	0.4210526315789468	1.0	1.0
g05186	1	7	0	11	inf	0.4210526315789468	1.0	1.0
g05570	1	7	0	11	inf	0.4210526315789468	1.0	1.0
g07050	1	7	0	11	inf	0.4210526315789468	1.0	1.0
g06613	1	7	0	11	inf	0.4210526315789468	1.0	1.0
g08049	1	7	0	11	inf	0.4210526315789468	1.0	1.0
g05881	1	7	0	11	inf	0.4210526315789468	1.0	1.0
g08321	1	7	0	11	inf	0.4210526315789468	1.0	1.0
g05283	1	7	0	11	inf	0.4210526315789468	1.0	1.0
g04963	1	7	0	11	inf	0.4210526315789468	1.0	1.0
g06032	1	7	0	11	inf	0.4210526315789468	1.0	1.0
g07479	1	7	0	11	inf	0.4210526315789468	1.0	1.0
g08314	1	7	0	11	inf	0.4210526315789468	1.0	1.0
g05698	1	7	0	11	inf	0.4210526315789468	1.0	1.0
g06634	1	7	0	11	inf	0.4210526315789468	1.0	1.0
g05557	1	7	0	11	inf	0.4210526315789468	1.0	1.0
g09199	1	7	0	11	inf	0.4210526315789468	1.0	1.0
g06694	1	7	0	11	inf	0.4210526315789468	1.0	1.0
g07390	1	7	0	11	inf	0.4210526315789468	1.0	1.0
g06941	1	7	0	11	inf	0.4210526315789468	1.0	1.0
g08535	1	7	0	11	inf	0.4210526315789468	1.0	1.0
g05777	1	7	0	11	inf	0.4210526315789468	1.0	1.0
g09458	1	7	0	11	inf	0.4210526315789468	1.0	1.0
g05423	1	7	0	11	inf	0.4210526315789468	1.0	1.0
g04692	1	7	0	11	inf	0.4210526315789468	1.0	1.0
g07571	1	7	0	11	inf	0.4210526315789468	1.0	1.0
g05934	1	7	0	11	inf	0.4210526315789468	1.0	1.0
g04601	1	7	0	11	inf	0.4210526315789468	1.0	1.0
g06357	1	7	0	11	inf	0.4210526315789468	1.0	1.0
g05403	1	7	0	11	inf	0.4210526315789468	1.0	1.0
g09231	1	7	0	11	inf	0.4210526315789468	1.0	1.0
g08536	1	7	0	11	inf	0.4210526315789468	1.0	1.0
g08194	1	7	0	11	inf	0.4210526315789468	1.0	1.0
g05299	1	7	0	11	inf	0.4210526315789468	1.0	1.0
g08651	1	7	0	11	inf	0.4210526315789468	1.0	1.0
g05047	1	7	0	11	inf	0.4210526315789468	1.0	1.0
g08472	1	7	0	11	inf	0.4210526315789468	1.0	1.0
g07014	1	7	0	11	inf	0.4210526315789468	1.0	1.0
g04966	1	7	0	11	inf	0.4210526315789468	1.0	1.0
g09026	1	7	0	11	inf	0.4210526315789468	1.0	1.0
g08908	1	7	0	11	inf	0.4210526315789468	1.0	1.0
g09321	1	7	0	11	inf	0.4210526315789468	1.0	1.0
g05187	1	7	0	11	inf	0.4210526315789468	1.0	1.0
g08913	1	7	0	11	inf	0.4210526315789468	1.0	1.0
g07876	1	7	0	11	inf	0.4210526315789468	1.0	1.0
g08445	1	7	0	11	inf	0.4210526315789468	1.0	1.0
g05566	1	7	0	11	inf	0.4210526315789468	1.0	1.0
g06398	1	7	0	11	inf	0.4210526315789468	1.0	1.0
g05388	1	7	0	11	inf	0.4210526315789468	1.0	1.0
g08932	1	7	0	11	inf	0.4210526315789468	1.0	1.0
g06868	1	7	0	11	inf	0.4210526315789468	1.0	1.0
g05372	1	7	0	11	inf	0.4210526315789468	1.0	1.0
g08786	1	7	0	11	inf	0.4210526315789468	1.0	1.0
g06538	1	7	0	11	inf	0.4210526315789468	1.0	1.0
g07470	1	7	0	11	inf	0.4210526315789468	1.0	1.0
g06920	1	7	0	11	inf	0.4210526315789468	1.0	1.0
g08645	1	7	0	11	inf	0.4210526315789468	1.0	1.0
g09452	1	7	0	11	inf	0.4210526315789468	1.0	1.0
g08817	1	7	0	11	inf	0.4210526315789468	1.0	1.0
g08187	1	7	0	11	inf	0.4210526315789468	1.0	1.0
g09480	1	7	0	11	inf	0.4210526315789468	1.0	1.0
g08256	1	7	0	11	inf	0.4210526315789468	1.0	1.0
g07170	1	7	0	11	inf	0.4210526315789468	1.0	1.0
g07318	1	7	0	11	inf	0.4210526315789468	1.0	1.0
g08800	1	7	0	11	inf	0.4210526315789468	1.0	1.0
g07721	1	7	0	11	inf	0.4210526315789468	1.0	1.0
g09433	1	7	0	11	inf	0.4210526315789468	1.0	1.0
g09250	1	7	0	11	inf	0.4210526315789468	1.0	1.0
g08255	1	7	0	11	inf	0.4210526315789468	1.0	1.0
g08897	1	7	0	11	inf	0.4210526315789468	1.0	1.0
g06339	1	7	0	11	inf	0.4210526315789468	1.0	1.0
g08963	1	7	0	11	inf	0.4210526315789468	1.0	1.0
g06721	1	7	0	11	inf	0.4210526315789468	1.0	1.0
g05365	1	7	0	11	inf	0.4210526315789468	1.0	1.0
g09119	1	7	0	11	inf	0.4210526315789468	1.0	1.0
g08655	1	7	0	11	inf	0.4210526315789468	1.0	1.0
g09533	1	7	0	11	inf	0.4210526315789468	1.0	1.0
g08204	1	7	0	11	inf	0.4210526315789468	1.0	1.0
g04774	1	7	0	11	inf	0.4210526315789468	1.0	1.0
g07680	1	7	0	11	inf	0.4210526315789468	1.0	1.0
g08099	1	7	0	11	inf	0.4210526315789468	1.0	1.0
g05243	1	7	0	11	inf	0.4210526315789468	1.0	1.0
g08237	1	7	0	11	inf	0.4210526315789468	1.0	1.0
g07270	1	7	0	11	inf	0.4210526315789468	1.0	1.0
g05978	1	7	0	11	inf	0.4210526315789468	1.0	1.0
g08123	1	7	0	11	inf	0.4210526315789468	1.0	1.0
g06705	1	7	0	11	inf	0.4210526315789468	1.0	1.0
g06384	1	7	0	11	inf	0.4210526315789468	1.0	1.0
g07037	1	7	0	11	inf	0.4210526315789468	1.0	1.0
g08039	1	7	0	11	inf	0.4210526315789468	1.0	1.0
g09192	1	7	0	11	inf	0.4210526315789468	1.0	1.0
g05609	1	7	0	11	inf	0.4210526315789468	1.0	1.0
g06416	1	7	0	11	inf	0.4210526315789468	1.0	1.0
g08533	1	7	0	11	inf	0.4210526315789468	1.0	1.0
g08332	1	7	0	11	inf	0.4210526315789468	1.0	1.0
g07932	1	7	0	11	inf	0.4210526315789468	1.0	1.0
g08858	1	7	0	11	inf	0.4210526315789468	1.0	1.0
g08589	1	7	0	11	inf	0.4210526315789468	1.0	1.0
g07501	1	7	0	11	inf	0.4210526315789468	1.0	1.0
g07272	1	7	0	11	inf	0.4210526315789468	1.0	1.0
g05494	1	7	0	11	inf	0.4210526315789468	1.0	1.0
g08086	1	7	0	11	inf	0.4210526315789468	1.0	1.0
g07298	1	7	0	11	inf	0.4210526315789468	1.0	1.0
g05771	1	7	0	11	inf	0.4210526315789468	1.0	1.0
g09102	1	7	0	11	inf	0.4210526315789468	1.0	1.0
g08575	1	7	0	11	inf	0.4210526315789468	1.0	1.0
g09378	1	7	0	11	inf	0.4210526315789468	1.0	1.0
g08929	1	7	0	11	inf	0.4210526315789468	1.0	1.0
g05023	1	7	0	11	inf	0.4210526315789468	1.0	1.0
g09086	1	7	0	11	inf	0.4210526315789468	1.0	1.0
g06735	1	7	0	11	inf	0.4210526315789468	1.0	1.0
g08803	1	7	0	11	inf	0.4210526315789468	1.0	1.0
g09163	1	7	0	11	inf	0.4210526315789468	1.0	1.0
g05547	1	7	0	11	inf	0.4210526315789468	1.0	1.0
g07440	1	7	0	11	inf	0.4210526315789468	1.0	1.0
g07311	1	7	0	11	inf	0.4210526315789468	1.0	1.0
g05454	1	7	0	11	inf	0.4210526315789468	1.0	1.0
g06677	1	7	0	11	inf	0.4210526315789468	1.0	1.0
g07164	1	7	0	11	inf	0.4210526315789468	1.0	1.0
g08434	1	7	0	11	inf	0.4210526315789468	1.0	1.0
g05896	1	7	0	11	inf	0.4210526315789468	1.0	1.0
g08946	1	7	0	11	inf	0.4210526315789468	1.0	1.0
g07288	1	7	0	11	inf	0.4210526315789468	1.0	1.0
g08782	1	7	0	11	inf	0.4210526315789468	1.0	1.0
g08092	1	7	0	11	inf	0.4210526315789468	1.0	1.0
g09468	1	7	0	11	inf	0.4210526315789468	1.0	1.0
g08564	1	7	0	11	inf	0.4210526315789468	1.0	1.0
g05296	1	7	0	11	inf	0.4210526315789468	1.0	1.0
g07588	1	7	0	11	inf	0.4210526315789468	1.0	1.0
g06774	1	7	0	11	inf	0.4210526315789468	1.0	1.0
g09296	1	7	0	11	inf	0.4210526315789468	1.0	1.0
g08391	1	7	0	11	inf	0.4210526315789468	1.0	1.0
g06092	1	7	0	11	inf	0.4210526315789468	1.0	1.0
g08068	1	7	0	11	inf	0.4210526315789468	1.0	1.0
g07205	1	7	0	11	inf	0.4210526315789468	1.0	1.0
g07248	1	7	0	11	inf	0.4210526315789468	1.0	1.0
g06293	1	7	0	11	inf	0.4210526315789468	1.0	1.0
g08734	1	7	0	11	inf	0.4210526315789468	1.0	1.0
g06396	1	7	0	11	inf	0.4210526315789468	1.0	1.0
g05271	1	7	0	11	inf	0.4210526315789468	1.0	1.0
g07057	1	7	0	11	inf	0.4210526315789468	1.0	1.0
g09466	1	7	0	11	inf	0.4210526315789468	1.0	1.0
g06968	1	7	0	11	inf	0.4210526315789468	1.0	1.0
g08671	1	7	0	11	inf	0.4210526315789468	1.0	1.0
g08626	1	7	0	11	inf	0.4210526315789468	1.0	1.0
g09331	1	7	0	11	inf	0.4210526315789468	1.0	1.0
g07100	1	7	0	11	inf	0.4210526315789468	1.0	1.0
g08839	1	7	0	11	inf	0.4210526315789468	1.0	1.0
g06619	1	7	0	11	inf	0.4210526315789468	1.0	1.0
g05173	1	7	0	11	inf	0.4210526315789468	1.0	1.0
g06266	1	7	0	11	inf	0.4210526315789468	1.0	1.0
g06530	1	7	0	11	inf	0.4210526315789468	1.0	1.0
g06219	1	7	0	11	inf	0.4210526315789468	1.0	1.0
g06461	1	7	0	11	inf	0.4210526315789468	1.0	1.0
g08921	1	7	0	11	inf	0.4210526315789468	1.0	1.0
g05867	1	7	0	11	inf	0.4210526315789468	1.0	1.0
g05589	1	7	0	11	inf	0.4210526315789468	1.0	1.0
g05439	1	7	0	11	inf	0.4210526315789468	1.0	1.0
g07992	1	7	0	11	inf	0.4210526315789468	1.0	1.0
g07036	1	7	0	11	inf	0.4210526315789468	1.0	1.0
g08598	1	7	0	11	inf	0.4210526315789468	1.0	1.0
g05374	1	7	0	11	inf	0.4210526315789468	1.0	1.0
g07172	1	7	0	11	inf	0.4210526315789468	1.0	1.0
g05015	1	7	0	11	inf	0.4210526315789468	1.0	1.0
g07845	1	7	0	11	inf	0.4210526315789468	1.0	1.0
g08224	1	7	0	11	inf	0.4210526315789468	1.0	1.0
g05302	1	7	0	11	inf	0.4210526315789468	1.0	1.0
g08319	1	7	0	11	inf	0.4210526315789468	1.0	1.0
g05205	1	7	0	11	inf	0.4210526315789468	1.0	1.0
g06802	1	7	0	11	inf	0.4210526315789468	1.0	1.0
g06321	1	7	0	11	inf	0.4210526315789468	1.0	1.0
g09122	1	7	0	11	inf	0.4210526315789468	1.0	1.0
g09255	1	7	0	11	inf	0.4210526315789468	1.0	1.0
g07640	1	7	0	11	inf	0.4210526315789468	1.0	1.0
g07846	1	7	0	11	inf	0.4210526315789468	1.0	1.0
g07022	1	7	0	11	inf	0.4210526315789468	1.0	1.0
g05756	1	7	0	11	inf	0.4210526315789468	1.0	1.0
g08560	1	7	0	11	inf	0.4210526315789468	1.0	1.0
g05741	1	7	0	11	inf	0.4210526315789468	1.0	1.0
g07173	1	7	0	11	inf	0.4210526315789468	1.0	1.0
g08397	1	7	0	11	inf	0.4210526315789468	1.0	1.0
g09447	1	7	0	11	inf	0.4210526315789468	1.0	1.0
g08350	1	7	0	11	inf	0.4210526315789468	1.0	1.0
g06057	1	7	0	11	inf	0.4210526315789468	1.0	1.0
g07312	1	7	0	11	inf	0.4210526315789468	1.0	1.0
g08431	1	7	0	11	inf	0.4210526315789468	1.0	1.0
g09187	1	7	0	11	inf	0.4210526315789468	1.0	1.0
g07321	1	7	0	11	inf	0.4210526315789468	1.0	1.0
g07364	1	7	0	11	inf	0.4210526315789468	1.0	1.0
g06693	1	7	0	11	inf	0.4210526315789468	1.0	1.0
g07349	1	7	0	11	inf	0.4210526315789468	1.0	1.0
g08942	1	7	0	11	inf	0.4210526315789468	1.0	1.0
g08212	1	7	0	11	inf	0.4210526315789468	1.0	1.0
g05538	1	7	0	11	inf	0.4210526315789468	1.0	1.0
g08695	1	7	0	11	inf	0.4210526315789468	1.0	1.0
g06566	1	7	0	11	inf	0.4210526315789468	1.0	1.0
g07058	1	7	0	11	inf	0.4210526315789468	1.0	1.0
g09406	1	7	0	11	inf	0.4210526315789468	1.0	1.0
g06814	1	7	0	11	inf	0.4210526315789468	1.0	1.0
g06170	1	7	0	11	inf	0.4210526315789468	1.0	1.0
g08035	1	7	0	11	inf	0.4210526315789468	1.0	1.0
g08268	1	7	0	11	inf	0.4210526315789468	1.0	1.0
g05400	1	7	0	11	inf	0.4210526315789468	1.0	1.0
g06552	1	7	0	11	inf	0.4210526315789468	1.0	1.0
g07831	1	7	0	11	inf	0.4210526315789468	1.0	1.0
g07901	1	7	0	11	inf	0.4210526315789468	1.0	1.0
g04802	1	7	0	11	inf	0.4210526315789468	1.0	1.0
g08830	1	7	0	11	inf	0.4210526315789468	1.0	1.0
g05781	1	7	0	11	inf	0.4210526315789468	1.0	1.0
g07202	1	7	0	11	inf	0.4210526315789468	1.0	1.0
g05727	1	7	0	11	inf	0.4210526315789468	1.0	1.0
g08442	1	7	0	11	inf	0.4210526315789468	1.0	1.0
g09236	1	7	0	11	inf	0.4210526315789468	1.0	1.0
g06313	1	7	0	11	inf	0.4210526315789468	1.0	1.0
g08003	1	7	0	11	inf	0.4210526315789468	1.0	1.0
g06181	1	7	0	11	inf	0.4210526315789468	1.0	1.0
g04594	1	7	0	11	inf	0.4210526315789468	1.0	1.0
g07305	1	7	0	11	inf	0.4210526315789468	1.0	1.0
g05142	1	7	0	11	inf	0.4210526315789468	1.0	1.0
g05580	1	7	0	11	inf	0.4210526315789468	1.0	1.0
g06786	1	7	0	11	inf	0.4210526315789468	1.0	1.0
g08717	1	7	0	11	inf	0.4210526315789468	1.0	1.0
g09211	1	7	0	11	inf	0.4210526315789468	1.0	1.0
g06381	1	7	0	11	inf	0.4210526315789468	1.0	1.0
g07313	1	7	0	11	inf	0.4210526315789468	1.0	1.0
g06028	1	7	0	11	inf	0.4210526315789468	1.0	1.0
g08495	1	7	0	11	inf	0.4210526315789468	1.0	1.0
g08137	1	7	0	11	inf	0.4210526315789468	1.0	1.0
g08222	1	7	0	11	inf	0.4210526315789468	1.0	1.0
g05214	1	7	0	11	inf	0.4210526315789468	1.0	1.0
g09113	1	7	0	11	inf	0.4210526315789468	1.0	1.0
g07160	1	7	0	11	inf	0.4210526315789468	1.0	1.0
g05729	1	7	0	11	inf	0.4210526315789468	1.0	1.0
g07710	1	7	0	11	inf	0.4210526315789468	1.0	1.0
g07650	1	7	0	11	inf	0.4210526315789468	1.0	1.0
g09445	1	7	0	11	inf	0.4210526315789468	1.0	1.0
g06727	1	7	0	11	inf	0.4210526315789468	1.0	1.0
g07641	1	7	0	11	inf	0.4210526315789468	1.0	1.0
g06161	1	7	0	11	inf	0.4210526315789468	1.0	1.0
g05678	1	7	0	11	inf	0.4210526315789468	1.0	1.0
g06614	1	7	0	11	inf	0.4210526315789468	1.0	1.0
g06192	1	7	0	11	inf	0.4210526315789468	1.0	1.0
g05235	1	7	0	11	inf	0.4210526315789468	1.0	1.0
g05117	1	7	0	11	inf	0.4210526315789468	1.0	1.0
g09425	1	7	0	11	inf	0.4210526315789468	1.0	1.0
g07409	1	7	0	11	inf	0.4210526315789468	1.0	1.0
g05071	1	7	0	11	inf	0.4210526315789468	1.0	1.0
g06799	1	7	0	11	inf	0.4210526315789468	1.0	1.0
g08738	1	7	0	11	inf	0.4210526315789468	1.0	1.0
g08465	1	7	0	11	inf	0.4210526315789468	1.0	1.0
g06781	1	7	0	11	inf	0.4210526315789468	1.0	1.0
g06446	1	7	0	11	inf	0.4210526315789468	1.0	1.0
g09363	1	7	0	11	inf	0.4210526315789468	1.0	1.0
g06992	1	7	0	11	inf	0.4210526315789468	1.0	1.0
g07271	1	7	0	11	inf	0.4210526315789468	1.0	1.0
g06703	1	7	0	11	inf	0.4210526315789468	1.0	1.0
g06229	1	7	0	11	inf	0.4210526315789468	1.0	1.0
g06411	1	7	0	11	inf	0.4210526315789468	1.0	1.0
g09083	1	7	0	11	inf	0.4210526315789468	1.0	1.0
g05468	1	7	0	11	inf	0.4210526315789468	1.0	1.0
g09346	1	7	0	11	inf	0.4210526315789468	1.0	1.0
g04703	1	7	0	11	inf	0.4210526315789468	1.0	1.0
g04997	1	7	0	11	inf	0.4210526315789468	1.0	1.0
g09490	1	7	0	11	inf	0.4210526315789468	1.0	1.0
g07155	1	7	0	11	inf	0.4210526315789468	1.0	1.0
g09186	1	7	0	11	inf	0.4210526315789468	1.0	1.0
g09301	1	7	0	11	inf	0.4210526315789468	1.0	1.0
g05270	1	7	0	11	inf	0.4210526315789468	1.0	1.0
g04676	1	7	0	11	inf	0.4210526315789468	1.0	1.0
g06075	1	7	0	11	inf	0.4210526315789468	1.0	1.0
g07453	1	7	0	11	inf	0.4210526315789468	1.0	1.0
g05997	1	7	0	11	inf	0.4210526315789468	1.0	1.0
g09418	1	7	0	11	inf	0.4210526315789468	1.0	1.0
g09421	1	7	0	11	inf	0.4210526315789468	1.0	1.0
g06870	1	7	0	11	inf	0.4210526315789468	1.0	1.0
g09031	1	7	0	11	inf	0.4210526315789468	1.0	1.0
g07010	1	7	0	11	inf	0.4210526315789468	1.0	1.0
g05315	1	7	0	11	inf	0.4210526315789468	1.0	1.0
g07891	1	7	0	11	inf	0.4210526315789468	1.0	1.0
g06723	1	7	0	11	inf	0.4210526315789468	1.0	1.0
g05583	1	7	0	11	inf	0.4210526315789468	1.0	1.0
g07135	1	7	0	11	inf	0.4210526315789468	1.0	1.0
g04813	1	7	0	11	inf	0.4210526315789468	1.0	1.0
g08602	1	7	0	11	inf	0.4210526315789468	1.0	1.0
g09381	1	7	0	11	inf	0.4210526315789468	1.0	1.0
g04714	1	7	0	11	inf	0.4210526315789468	1.0	1.0
g07360	1	7	0	11	inf	0.4210526315789468	1.0	1.0
g08600	1	7	0	11	inf	0.4210526315789468	1.0	1.0
g05406	1	7	0	11	inf	0.4210526315789468	1.0	1.0
g07441	1	7	0	11	inf	0.4210526315789468	1.0	1.0
g08714	1	7	0	11	inf	0.4210526315789468	1.0	1.0
g07917	1	7	0	11	inf	0.4210526315789468	1.0	1.0
g05202	1	7	0	11	inf	0.4210526315789468	1.0	1.0
g05457	1	7	0	11	inf	0.4210526315789468	1.0	1.0
g08400	1	7	0	11	inf	0.4210526315789468	1.0	1.0
g06122	1	7	0	11	inf	0.4210526315789468	1.0	1.0
g08925	1	7	0	11	inf	0.4210526315789468	1.0	1.0
g06933	1	7	0	11	inf	0.4210526315789468	1.0	1.0
g05816	1	7	0	11	inf	0.4210526315789468	1.0	1.0
g07252	1	7	0	11	inf	0.4210526315789468	1.0	1.0
g06408	1	7	0	11	inf	0.4210526315789468	1.0	1.0
g05928	1	7	0	11	inf	0.4210526315789468	1.0	1.0
g05786	1	7	0	11	inf	0.4210526315789468	1.0	1.0
g06399	1	7	0	11	inf	0.4210526315789468	1.0	1.0
g05759	1	7	0	11	inf	0.4210526315789468	1.0	1.0
g06867	1	7	0	11	inf	0.4210526315789468	1.0	1.0
g04654	1	7	0	11	inf	0.4210526315789468	1.0	1.0
g08777	1	7	0	11	inf	0.4210526315789468	1.0	1.0
g05261	1	7	0	11	inf	0.4210526315789468	1.0	1.0
g06142	1	7	0	11	inf	0.4210526315789468	1.0	1.0
g06431	1	7	0	11	inf	0.4210526315789468	1.0	1.0
g04873	1	7	0	11	inf	0.4210526315789468	1.0	1.0
g04710	1	7	0	11	inf	0.4210526315789468	1.0	1.0
g06359	1	7	0	11	inf	0.4210526315789468	1.0	1.0
g06602	1	7	0	11	inf	0.4210526315789468	1.0	1.0
g05706	1	7	0	11	inf	0.4210526315789468	1.0	1.0
g04759	1	7	0	11	inf	0.4210526315789468	1.0	1.0
g07299	1	7	0	11	inf	0.4210526315789468	1.0	1.0
g08654	1	7	0	11	inf	0.4210526315789468	1.0	1.0
g07866	1	7	0	11	inf	0.4210526315789468	1.0	1.0
g09197	1	7	0	11	inf	0.4210526315789468	1.0	1.0
g05620	1	7	0	11	inf	0.4210526315789468	1.0	1.0
g09402	1	7	0	11	inf	0.4210526315789468	1.0	1.0
g08122	1	7	0	11	inf	0.4210526315789468	1.0	1.0
g05369	1	7	0	11	inf	0.4210526315789468	1.0	1.0
g07493	1	7	0	11	inf	0.4210526315789468	1.0	1.0
g05199	1	7	0	11	inf	0.4210526315789468	1.0	1.0
g06029	1	7	0	11	inf	0.4210526315789468	1.0	1.0
g06329	1	7	0	11	inf	0.4210526315789468	1.0	1.0
g09051	1	7	0	11	inf	0.4210526315789468	1.0	1.0
g08820	1	7	0	11	inf	0.4210526315789468	1.0	1.0
g07567	1	7	0	11	inf	0.4210526315789468	1.0	1.0
g08417	1	7	0	11	inf	0.4210526315789468	1.0	1.0
g05415	1	7	0	11	inf	0.4210526315789468	1.0	1.0
g05095	1	7	0	11	inf	0.4210526315789468	1.0	1.0
g05722	1	7	0	11	inf	0.4210526315789468	1.0	1.0
g08376	1	7	0	11	inf	0.4210526315789468	1.0	1.0
g08013	1	7	0	11	inf	0.4210526315789468	1.0	1.0
g05629	1	7	0	11	inf	0.4210526315789468	1.0	1.0
g05408	1	7	0	11	inf	0.4210526315789468	1.0	1.0
g07303	1	7	0	11	inf	0.4210526315789468	1.0	1.0
g05497	1	7	0	11	inf	0.4210526315789468	1.0	1.0
g05007	1	7	0	11	inf	0.4210526315789468	1.0	1.0
g04693	1	7	0	11	inf	0.4210526315789468	1.0	1.0
g06485	1	7	0	11	inf	0.4210526315789468	1.0	1.0
g04863	1	7	0	11	inf	0.4210526315789468	1.0	1.0
g06280	1	7	0	11	inf	0.4210526315789468	1.0	1.0
g05174	1	7	0	11	inf	0.4210526315789468	1.0	1.0
g08301	1	7	0	11	inf	0.4210526315789468	1.0	1.0
g07861	1	7	0	11	inf	0.4210526315789468	1.0	1.0
g09270	1	7	0	11	inf	0.4210526315789468	1.0	1.0
g05733	1	7	0	11	inf	0.4210526315789468	1.0	1.0
g06044	1	7	0	11	inf	0.4210526315789468	1.0	1.0
g09498	1	7	0	11	inf	0.4210526315789468	1.0	1.0
g09341	1	7	0	11	inf	0.4210526315789468	1.0	1.0
g08421	1	7	0	11	inf	0.4210526315789468	1.0	1.0
g05247	1	7	0	11	inf	0.4210526315789468	1.0	1.0
g04665	1	7	0	11	inf	0.4210526315789468	1.0	1.0
g07634	1	7	0	11	inf	0.4210526315789468	1.0	1.0
g09097	1	7	0	11	inf	0.4210526315789468	1.0	1.0
g07728	1	7	0	11	inf	0.4210526315789468	1.0	1.0
g06116	1	7	0	11	inf	0.4210526315789468	1.0	1.0
g05426	1	7	0	11	inf	0.4210526315789468	1.0	1.0
g08594	1	7	0	11	inf	0.4210526315789468	1.0	1.0
g04617	1	7	0	11	inf	0.4210526315789468	1.0	1.0
g05790	1	7	0	11	inf	0.4210526315789468	1.0	1.0
g06449	1	7	0	11	inf	0.4210526315789468	1.0	1.0
g04909	1	7	0	11	inf	0.4210526315789468	1.0	1.0
g05987	1	7	0	11	inf	0.4210526315789468	1.0	1.0
g07331	1	7	0	11	inf	0.4210526315789468	1.0	1.0
g06888	1	7	0	11	inf	0.4210526315789468	1.0	1.0
g06810	1	7	0	11	inf	0.4210526315789468	1.0	1.0
g07785	1	7	0	11	inf	0.4210526315789468	1.0	1.0
g07768	1	7	0	11	inf	0.4210526315789468	1.0	1.0
g05940	1	7	0	11	inf	0.4210526315789468	1.0	1.0
g09344	1	7	0	11	inf	0.4210526315789468	1.0	1.0
g05505	1	7	0	11	inf	0.4210526315789468	1.0	1.0
g04595	1	7	0	11	inf	0.4210526315789468	1.0	1.0
g08032	1	7	0	11	inf	0.4210526315789468	1.0	1.0
g07410	1	7	0	11	inf	0.4210526315789468	1.0	1.0
g07375	1	7	0	11	inf	0.4210526315789468	1.0	1.0
g07883	1	7	0	11	inf	0.4210526315789468	1.0	1.0
g06609	1	7	0	11	inf	0.4210526315789468	1.0	1.0
g09183	1	7	0	11	inf	0.4210526315789468	1.0	1.0
g05536	1	7	0	11	inf	0.4210526315789468	1.0	1.0
g07012	1	7	0	11	inf	0.4210526315789468	1.0	1.0
g04624	1	7	0	11	inf	0.4210526315789468	1.0	1.0
g08046	1	7	0	11	inf	0.4210526315789468	1.0	1.0
g06042	1	7	0	11	inf	0.4210526315789468	1.0	1.0
g09526	1	7	0	11	inf	0.4210526315789468	1.0	1.0
g08650	1	7	0	11	inf	0.4210526315789468	1.0	1.0
g04782	1	7	0	11	inf	0.4210526315789468	1.0	1.0
g07969	1	7	0	11	inf	0.4210526315789468	1.0	1.0
g06261	1	7	0	11	inf	0.4210526315789468	1.0	1.0
g06597	1	7	0	11	inf	0.4210526315789468	1.0	1.0
g07259	1	7	0	11	inf	0.4210526315789468	1.0	1.0
g07702	1	7	0	11	inf	0.4210526315789468	1.0	1.0
g07947	1	7	0	11	inf	0.4210526315789468	1.0	1.0
g07756	1	7	0	11	inf	0.4210526315789468	1.0	1.0
g05532	1	7	0	11	inf	0.4210526315789468	1.0	1.0
g05122	1	7	0	11	inf	0.4210526315789468	1.0	1.0
g05582	1	7	0	11	inf	0.4210526315789468	1.0	1.0
g07743	1	7	0	11	inf	0.4210526315789468	1.0	1.0
g08157	1	7	0	11	inf	0.4210526315789468	1.0	1.0
g05521	1	7	0	11	inf	0.4210526315789468	1.0	1.0
g05884	1	7	0	11	inf	0.4210526315789468	1.0	1.0
g09529	1	7	0	11	inf	0.4210526315789468	1.0	1.0
g07826	1	7	0	11	inf	0.4210526315789468	1.0	1.0
g04917	1	7	0	11	inf	0.4210526315789468	1.0	1.0
g09436	1	7	0	11	inf	0.4210526315789468	1.0	1.0
g04942	1	7	0	11	inf	0.4210526315789468	1.0	1.0
g08604	1	7	0	11	inf	0.4210526315789468	1.0	1.0
g06954	1	7	0	11	inf	0.4210526315789468	1.0	1.0
g06000	1	7	0	11	inf	0.4210526315789468	1.0	1.0
g09295	1	7	0	11	inf	0.4210526315789468	1.0	1.0
g04911	1	7	0	11	inf	0.4210526315789468	1.0	1.0
g06120	1	7	0	11	inf	0.4210526315789468	1.0	1.0
g08515	1	7	0	11	inf	0.4210526315789468	1.0	1.0
g06663	1	7	0	11	inf	0.4210526315789468	1.0	1.0
g06022	1	7	0	11	inf	0.4210526315789468	1.0	1.0
g05034	1	7	0	11	inf	0.4210526315789468	1.0	1.0
g05585	1	7	0	11	inf	0.4210526315789468	1.0	1.0
g06134	1	7	0	11	inf	0.4210526315789468	1.0	1.0
g08217	1	7	0	11	inf	0.4210526315789468	1.0	1.0
g08737	1	7	0	11	inf	0.4210526315789468	1.0	1.0
g05359	1	7	0	11	inf	0.4210526315789468	1.0	1.0
g08360	1	7	0	11	inf	0.4210526315789468	1.0	1.0
g05639	1	7	0	11	inf	0.4210526315789468	1.0	1.0
g05242	1	7	0	11	inf	0.4210526315789468	1.0	1.0
g07646	1	7	0	11	inf	0.4210526315789468	1.0	1.0
g07191	1	7	0	11	inf	0.4210526315789468	1.0	1.0
g09226	1	7	0	11	inf	0.4210526315789468	1.0	1.0
g07134	1	7	0	11	inf	0.4210526315789468	1.0	1.0
g06589	1	7	0	11	inf	0.4210526315789468	1.0	1.0
g06724	1	7	0	11	inf	0.4210526315789468	1.0	1.0
g05721	1	7	0	11	inf	0.4210526315789468	1.0	1.0
g06909	1	7	0	11	inf	0.4210526315789468	1.0	1.0
g05606	1	7	0	11	inf	0.4210526315789468	1.0	1.0
g05859	1	7	0	11	inf	0.4210526315789468	1.0	1.0
g08405	1	7	0	11	inf	0.4210526315789468	1.0	1.0
g07377	1	7	0	11	inf	0.4210526315789468	1.0	1.0
g06272	1	7	0	11	inf	0.4210526315789468	1.0	1.0
g08490	1	7	0	11	inf	0.4210526315789468	1.0	1.0
g07754	1	7	0	11	inf	0.4210526315789468	1.0	1.0
g05904	1	7	0	11	inf	0.4210526315789468	1.0	1.0
g07332	1	7	0	11	inf	0.4210526315789468	1.0	1.0
g08108	1	7	0	11	inf	0.4210526315789468	1.0	1.0
g05610	1	7	0	11	inf	0.4210526315789468	1.0	1.0
g05193	1	7	0	11	inf	0.4210526315789468	1.0	1.0
g06403	1	7	0	11	inf	0.4210526315789468	1.0	1.0
g07353	1	7	0	11	inf	0.4210526315789468	1.0	1.0
g04934	1	7	0	11	inf	0.4210526315789468	1.0	1.0
g04616	1	7	0	11	inf	0.4210526315789468	1.0	1.0
g09164	1	7	0	11	inf	0.4210526315789468	1.0	1.0
g05215	1	7	0	11	inf	0.4210526315789468	1.0	1.0
g09178	1	7	0	11	inf	0.4210526315789468	1.0	1.0
g07593	1	7	0	11	inf	0.4210526315789468	1.0	1.0
g04958	1	7	0	11	inf	0.4210526315789468	1.0	1.0
g04874	1	7	0	11	inf	0.4210526315789468	1.0	1.0
g08298	1	7	0	11	inf	0.4210526315789468	1.0	1.0
g06437	1	7	0	11	inf	0.4210526315789468	1.0	1.0
g05984	1	7	0	11	inf	0.4210526315789468	1.0	1.0
g06477	1	7	0	11	inf	0.4210526315789468	1.0	1.0
g05485	1	7	0	11	inf	0.4210526315789468	1.0	1.0
g06264	1	7	0	11	inf	0.4210526315789468	1.0	1.0
g04943	1	7	0	11	inf	0.4210526315789468	1.0	1.0
g05719	1	7	0	11	inf	0.4210526315789468	1.0	1.0
g04859	1	7	0	11	inf	0.4210526315789468	1.0	1.0
g06536	1	7	0	11	inf	0.4210526315789468	1.0	1.0
g08480	1	7	0	11	inf	0.4210526315789468	1.0	1.0
g06928	1	7	0	11	inf	0.4210526315789468	1.0	1.0
g07201	1	7	0	11	inf	0.4210526315789468	1.0	1.0
g05013	1	7	0	11	inf	0.4210526315789468	1.0	1.0
g09396	1	7	0	11	inf	0.4210526315789468	1.0	1.0
g05774	1	7	0	11	inf	0.4210526315789468	1.0	1.0
g07121	1	7	0	11	inf	0.4210526315789468	1.0	1.0
g04989	1	7	0	11	inf	0.4210526315789468	1.0	1.0
g04771	1	7	0	11	inf	0.4210526315789468	1.0	1.0
g09556	1	7	0	11	inf	0.4210526315789468	1.0	1.0
g08058	1	7	0	11	inf	0.4210526315789468	1.0	1.0
g07116	1	7	0	11	inf	0.4210526315789468	1.0	1.0
g08762	1	7	0	11	inf	0.4210526315789468	1.0	1.0
g08636	1	7	0	11	inf	0.4210526315789468	1.0	1.0
g05539	1	7	0	11	inf	0.4210526315789468	1.0	1.0
g06739	1	7	0	11	inf	0.4210526315789468	1.0	1.0
g07218	1	7	0	11	inf	0.4210526315789468	1.0	1.0
g05502	1	7	0	11	inf	0.4210526315789468	1.0	1.0
g06418	1	7	0	11	inf	0.4210526315789468	1.0	1.0
g05874	1	7	0	11	inf	0.4210526315789468	1.0	1.0
g06718	1	7	0	11	inf	0.4210526315789468	1.0	1.0
g06620	1	7	0	11	inf	0.4210526315789468	1.0	1.0
g06309	1	7	0	11	inf	0.4210526315789468	1.0	1.0
g07122	1	7	0	11	inf	0.4210526315789468	1.0	1.0
g08496	1	7	0	11	inf	0.4210526315789468	1.0	1.0
g06176	1	7	0	11	inf	0.4210526315789468	1.0	1.0
g07576	1	7	0	11	inf	0.4210526315789468	1.0	1.0
g09053	1	7	0	11	inf	0.4210526315789468	1.0	1.0
g06153	1	7	0	11	inf	0.4210526315789468	1.0	1.0
g07623	1	7	0	11	inf	0.4210526315789468	1.0	1.0
g05379	1	7	0	11	inf	0.4210526315789468	1.0	1.0
g07958	1	7	0	11	inf	0.4210526315789468	1.0	1.0
g04698	1	7	0	11	inf	0.4210526315789468	1.0	1.0
g05669	1	7	0	11	inf	0.4210526315789468	1.0	1.0
g09488	1	7	0	11	inf	0.4210526315789468	1.0	1.0
g05028	1	7	0	11	inf	0.4210526315789468	1.0	1.0
g09354	1	7	0	11	inf	0.4210526315789468	1.0	1.0
g09386	1	7	0	11	inf	0.4210526315789468	1.0	1.0
g05310	1	7	0	11	inf	0.4210526315789468	1.0	1.0
g09223	1	7	0	11	inf	0.4210526315789468	1.0	1.0
g08278	1	7	0	11	inf	0.4210526315789468	1.0	1.0
g08723	1	7	0	11	inf	0.4210526315789468	1.0	1.0
g09399	1	7	0	11	inf	0.4210526315789468	1.0	1.0
g06563	1	7	0	11	inf	0.4210526315789468	1.0	1.0
g09410	1	7	0	11	inf	0.4210526315789468	1.0	1.0
g04918	1	7	0	11	inf	0.4210526315789468	1.0	1.0
g08284	1	7	0	11	inf	0.4210526315789468	1.0	1.0
g05783	1	7	0	11	inf	0.4210526315789468	1.0	1.0
g04935	1	7	0	11	inf	0.4210526315789468	1.0	1.0
g07386	1	7	0	11	inf	0.4210526315789468	1.0	1.0
g08120	1	7	0	11	inf	0.4210526315789468	1.0	1.0
g06337	1	7	0	11	inf	0.4210526315789468	1.0	1.0
g04673	1	7	0	11	inf	0.4210526315789468	1.0	1.0
g06798	1	7	0	11	inf	0.4210526315789468	1.0	1.0
g03870	1	7	0	11	inf	0.4210526315789468	1.0	1.0
g05323	1	7	0	11	inf	0.4210526315789468	1.0	1.0
g07616	1	7	0	11	inf	0.4210526315789468	1.0	1.0
g08956	1	7	0	11	inf	0.4210526315789468	1.0	1.0
g06284	1	7	0	11	inf	0.4210526315789468	1.0	1.0
g06135	1	7	0	11	inf	0.4210526315789468	1.0	1.0
g06369	1	7	0	11	inf	0.4210526315789468	1.0	1.0
g06353	1	7	0	11	inf	0.4210526315789468	1.0	1.0
g08040	1	7	0	11	inf	0.4210526315789468	1.0	1.0
g06108	1	7	0	11	inf	0.4210526315789468	1.0	1.0
g05309	1	7	0	11	inf	0.4210526315789468	1.0	1.0
g09244	1	7	0	11	inf	0.4210526315789468	1.0	1.0
g04649	1	7	0	11	inf	0.4210526315789468	1.0	1.0
g07499	1	7	0	11	inf	0.4210526315789468	1.0	1.0
g03824	1	7	0	11	inf	0.4210526315789468	1.0	1.0
g07503	1	7	0	11	inf	0.4210526315789468	1.0	1.0
g07231	1	7	0	11	inf	0.4210526315789468	1.0	1.0
g06846	1	7	0	11	inf	0.4210526315789468	1.0	1.0
g08970	1	7	0	11	inf	0.4210526315789468	1.0	1.0
g07306	1	7	0	11	inf	0.4210526315789468	1.0	1.0
g09275	1	7	0	11	inf	0.4210526315789468	1.0	1.0
g04990	1	7	0	11	inf	0.4210526315789468	1.0	1.0
g07574	1	7	0	11	inf	0.4210526315789468	1.0	1.0
g09412	1	7	0	11	inf	0.4210526315789468	1.0	1.0
g08180	1	7	0	11	inf	0.4210526315789468	1.0	1.0
g07751	1	7	0	11	inf	0.4210526315789468	1.0	1.0
g07598	1	7	0	11	inf	0.4210526315789468	1.0	1.0
g04945	1	7	0	11	inf	0.4210526315789468	1.0	1.0
g08579	1	7	0	11	inf	0.4210526315789468	1.0	1.0
g04733	1	7	0	11	inf	0.4210526315789468	1.0	1.0
g06841	1	7	0	11	inf	0.4210526315789468	1.0	1.0
g09029	1	7	0	11	inf	0.4210526315789468	1.0	1.0
g07213	1	7	0	11	inf	0.4210526315789468	1.0	1.0
g09262	1	7	0	11	inf	0.4210526315789468	1.0	1.0
g04930	1	7	0	11	inf	0.4210526315789468	1.0	1.0
g04151	1	7	0	11	inf	0.4210526315789468	1.0	1.0
g06960	1	7	0	11	inf	0.4210526315789468	1.0	1.0
g05743	1	7	0	11	inf	0.4210526315789468	1.0	1.0
g07166	1	7	0	11	inf	0.4210526315789468	1.0	1.0
g05001	1	7	0	11	inf	0.4210526315789468	1.0	1.0
g07044	1	7	0	11	inf	0.4210526315789468	1.0	1.0
g09330	1	7	0	11	inf	0.4210526315789468	1.0	1.0
g06472	1	7	0	11	inf	0.4210526315789468	1.0	1.0
g08011	1	7	0	11	inf	0.4210526315789468	1.0	1.0
g08614	1	7	0	11	inf	0.4210526315789468	1.0	1.0
g09081	1	7	0	11	inf	0.4210526315789468	1.0	1.0
g04034	1	7	0	11	inf	0.4210526315789468	1.0	1.0
g06750	1	7	0	11	inf	0.4210526315789468	1.0	1.0
g04795	1	7	0	11	inf	0.4210526315789468	1.0	1.0
g08994	1	7	0	11	inf	0.4210526315789468	1.0	1.0
g05713	1	7	0	11	inf	0.4210526315789468	1.0	1.0
g08743	1	7	0	11	inf	0.4210526315789468	1.0	1.0
g06393	1	7	0	11	inf	0.4210526315789468	1.0	1.0
g05033	1	7	0	11	inf	0.4210526315789468	1.0	1.0
g06227	1	7	0	11	inf	0.4210526315789468	1.0	1.0
g05995	1	7	0	11	inf	0.4210526315789468	1.0	1.0
g05784	1	7	0	11	inf	0.4210526315789468	1.0	1.0
g06757	1	7	0	11	inf	0.4210526315789468	1.0	1.0
g08094	1	7	0	11	inf	0.4210526315789468	1.0	1.0
g06927	1	7	0	11	inf	0.4210526315789468	1.0	1.0
g09339	1	7	0	11	inf	0.4210526315789468	1.0	1.0
g05520	1	7	0	11	inf	0.4210526315789468	1.0	1.0
g05149	1	7	0	11	inf	0.4210526315789468	1.0	1.0
g07789	1	7	0	11	inf	0.4210526315789468	1.0	1.0
g07988	1	7	0	11	inf	0.4210526315789468	1.0	1.0
g07993	1	7	0	11	inf	0.4210526315789468	1.0	1.0
g05067	1	7	0	11	inf	0.4210526315789468	1.0	1.0
g07016	1	7	0	11	inf	0.4210526315789468	1.0	1.0
g08977	1	7	0	11	inf	0.4210526315789468	1.0	1.0
g04612	1	7	0	11	inf	0.4210526315789468	1.0	1.0
g09133	1	7	0	11	inf	0.4210526315789468	1.0	1.0
g08467	1	7	0	11	inf	0.4210526315789468	1.0	1.0
g05849	1	7	0	11	inf	0.4210526315789468	1.0	1.0
g09082	1	7	0	11	inf	0.4210526315789468	1.0	1.0
g07627	1	7	0	11	inf	0.4210526315789468	1.0	1.0
g05618	1	7	0	11	inf	0.4210526315789468	1.0	1.0
g05134	1	7	0	11	inf	0.4210526315789468	1.0	1.0
g07484	1	7	0	11	inf	0.4210526315789468	1.0	1.0
g06807	1	7	0	11	inf	0.4210526315789468	1.0	1.0
g05376	1	7	0	11	inf	0.4210526315789468	1.0	1.0
g04988	1	7	0	11	inf	0.4210526315789468	1.0	1.0
g05451	1	7	0	11	inf	0.4210526315789468	1.0	1.0
g07147	1	7	0	11	inf	0.4210526315789468	1.0	1.0
g07285	1	7	0	11	inf	0.4210526315789468	1.0	1.0
g04660	1	7	0	11	inf	0.4210526315789468	1.0	1.0
g07236	1	7	0	11	inf	0.4210526315789468	1.0	1.0
g05254	1	7	0	11	inf	0.4210526315789468	1.0	1.0
g06020	1	7	0	11	inf	0.4210526315789468	1.0	1.0
g09049	1	7	0	11	inf	0.4210526315789468	1.0	1.0
g07566	1	7	0	11	inf	0.4210526315789468	1.0	1.0
g06679	1	7	0	11	inf	0.4210526315789468	1.0	1.0
g08202	1	7	0	11	inf	0.4210526315789468	1.0	1.0
g05734	1	7	0	11	inf	0.4210526315789468	1.0	1.0
g03463	8	0	9	2	inf	0.48538011695906447	1.0	1.0
g03316	8	0	9	2	inf	0.48538011695906447	1.0	1.0
g06922	8	0	9	2	inf	0.48538011695906447	1.0	1.0
g05431	8	0	9	2	inf	0.48538011695906447	1.0	1.0
g09508	8	0	9	2	inf	0.48538011695906447	1.0	1.0
g05970	8	0	9	2	inf	0.48538011695906447	1.0	1.0
g07006	8	0	9	2	inf	0.48538011695906447	1.0	1.0
g07394	8	0	9	2	inf	0.48538011695906447	1.0	1.0
g06267	8	0	9	2	inf	0.48538011695906447	1.0	1.0
g07054	8	0	9	2	inf	0.48538011695906447	1.0	1.0
g03599	8	0	9	2	inf	0.48538011695906447	1.0	1.0
g07935	8	0	9	2	inf	0.48538011695906447	1.0	1.0
g06295	8	0	9	2	inf	0.48538011695906447	1.0	1.0
g04948	8	0	9	2	inf	0.48538011695906447	1.0	1.0
g07052	8	0	9	2	inf	0.48538011695906447	1.0	1.0
g03073	8	0	9	2	inf	0.48538011695906447	1.0	1.0
g07336	8	0	9	2	inf	0.48538011695906447	1.0	1.0
g07832	8	0	9	2	inf	0.48538011695906447	1.0	1.0
g08038	8	0	9	2	inf	0.48538011695906447	1.0	1.0
g05633	8	0	9	2	inf	0.48538011695906447	1.0	1.0
g07291	8	0	9	2	inf	0.48538011695906447	1.0	1.0
g07881	8	0	9	2	inf	0.48538011695906447	1.0	1.0
g04232	8	0	9	2	inf	0.48538011695906447	1.0	1.0
g03198	8	0	9	2	inf	0.48538011695906447	1.0	1.0
g03033	8	0	9	2	inf	0.48538011695906447	1.0	1.0
g07319	8	0	9	2	inf	0.48538011695906447	1.0	1.0
g04679	0	8	2	9	0.0	0.48538011695906447	1.0	1.0
g04772	0	8	2	9	0.0	0.48538011695906447	1.0	1.0
g09217	0	8	2	9	0.0	0.48538011695906447	1.0	1.0
g06838	0	8	2	9	0.0	0.48538011695906447	1.0	1.0
g08987	0	8	2	9	0.0	0.48538011695906447	1.0	1.0
g09127	0	8	2	9	0.0	0.48538011695906447	1.0	1.0
g08739	0	8	2	9	0.0	0.48538011695906447	1.0	1.0
g08918	0	8	2	9	0.0	0.48538011695906447	1.0	1.0
g08802	0	8	2	9	0.0	0.48538011695906447	1.0	1.0
g06937	0	8	2	9	0.0	0.48538011695906447	1.0	1.0
g06363	0	8	2	9	0.0	0.48538011695906447	1.0	1.0
g07684	0	8	2	9	0.0	0.48538011695906447	1.0	1.0
g06496	0	8	2	9	0.0	0.48538011695906447	1.0	1.0
g05452	0	8	2	9	0.0	0.48538011695906447	1.0	1.0
g07622	0	8	2	9	0.0	0.48538011695906447	1.0	1.0
g08223	0	8	2	9	0.0	0.48538011695906447	1.0	1.0
g07106	0	8	2	9	0.0	0.48538011695906447	1.0	1.0
g06471	0	8	2	9	0.0	0.48538011695906447	1.0	1.0
g08303	0	8	2	9	0.0	0.48538011695906447	1.0	1.0
g07664	0	8	2	9	0.0	0.48538011695906447	1.0	1.0
g06907	0	8	2	9	0.0	0.48538011695906447	1.0	1.0
g06942	0	8	2	9	0.0	0.48538011695906447	1.0	1.0
g06999	0	8	2	9	0.0	0.48538011695906447	1.0	1.0
g06257	0	8	2	9	0.0	0.48538011695906447	1.0	1.0
g09518	0	8	2	9	0.0	0.48538011695906447	1.0	1.0
g05611	0	8	2	9	0.0	0.48538011695906447	1.0	1.0
g07148	0	8	2	9	0.0	0.48538011695906447	1.0	1.0
g07025	0	8	2	9	0.0	0.48538011695906447	1.0	1.0
g05081	0	8	2	9	0.0	0.48538011695906447	1.0	1.0
g06595	0	8	2	9	0.0	0.48538011695906447	1.0	1.0
g08312	0	8	2	9	0.0	0.48538011695906447	1.0	1.0
g05412	0	8	2	9	0.0	0.48538011695906447	1.0	1.0
g06650	0	8	2	9	0.0	0.48538011695906447	1.0	1.0
g05969	0	8	2	9	0.0	0.48538011695906447	1.0	1.0
g04694	0	8	2	9	0.0	0.48538011695906447	1.0	1.0
g06510	0	8	2	9	0.0	0.48538011695906447	1.0	1.0
g05826	0	8	2	9	0.0	0.48538011695906447	1.0	1.0
g04718	0	8	2	9	0.0	0.48538011695906447	1.0	1.0
g08923	0	8	2	9	0.0	0.48538011695906447	1.0	1.0
g04881	0	8	2	9	0.0	0.48538011695906447	1.0	1.0
g04747	0	8	2	9	0.0	0.48538011695906447	1.0	1.0
g07606	0	8	2	9	0.0	0.48538011695906447	1.0	1.0
g05336	0	8	2	9	0.0	0.48538011695906447	1.0	1.0
g05866	0	8	2	9	0.0	0.48538011695906447	1.0	1.0
g09234	0	8	2	9	0.0	0.48538011695906447	1.0	1.0
g04856	0	8	2	9	0.0	0.48538011695906447	1.0	1.0
g06174	0	8	2	9	0.0	0.48538011695906447	1.0	1.0
g06045	0	8	2	9	0.0	0.48538011695906447	1.0	1.0
g05057	0	8	2	9	0.0	0.48538011695906447	1.0	1.0
g05449	0	8	2	9	0.0	0.48538011695906447	1.0	1.0
g09516	0	8	2	9	0.0	0.48538011695906447	1.0	1.0
g07496	0	8	2	9	0.0	0.48538011695906447	1.0	1.0
g05927	0	8	2	9	0.0	0.48538011695906447	1.0	1.0
g07280	0	8	2	9	0.0	0.48538011695906447	1.0	1.0
g09033	0	8	2	9	0.0	0.48538011695906447	1.0	1.0
g07592	0	8	2	9	0.0	0.48538011695906447	1.0	1.0
g09087	0	8	2	9	0.0	0.48538011695906447	1.0	1.0
g05897	0	8	2	9	0.0	0.48538011695906447	1.0	1.0
g05232	0	8	2	9	0.0	0.48538011695906447	1.0	1.0
g05491	0	8	2	9	0.0	0.48538011695906447	1.0	1.0
g09020	0	8	2	9	0.0	0.48538011695906447	1.0	1.0
g09162	0	8	2	9	0.0	0.48538011695906447	1.0	1.0
g08320	0	8	2	9	0.0	0.48538011695906447	1.0	1.0
g05018	0	8	2	9	0.0	0.48538011695906447	1.0	1.0
g06465	0	8	2	9	0.0	0.48538011695906447	1.0	1.0
g07506	0	8	2	9	0.0	0.48538011695906447	1.0	1.0
g06060	0	8	2	9	0.0	0.48538011695906447	1.0	1.0
g05735	0	8	2	9	0.0	0.48538011695906447	1.0	1.0
g05560	0	8	2	9	0.0	0.48538011695906447	1.0	1.0
g07127	0	8	2	9	0.0	0.48538011695906447	1.0	1.0
g07730	0	8	2	9	0.0	0.48538011695906447	1.0	1.0
g05080	0	8	2	9	0.0	0.48538011695906447	1.0	1.0
g06090	0	8	2	9	0.0	0.48538011695906447	1.0	1.0
g07563	0	8	2	9	0.0	0.48538011695906447	1.0	1.0
g08388	0	8	2	9	0.0	0.48538011695906447	1.0	1.0
g06420	0	8	2	9	0.0	0.48538011695906447	1.0	1.0
g07056	0	8	2	9	0.0	0.48538011695906447	1.0	1.0
g05059	0	8	2	9	0.0	0.48538011695906447	1.0	1.0
g04723	0	8	2	9	0.0	0.48538011695906447	1.0	1.0
g07167	0	8	2	9	0.0	0.48538011695906447	1.0	1.0
g07175	0	8	2	9	0.0	0.48538011695906447	1.0	1.0
g05559	0	8	2	9	0.0	0.48538011695906447	1.0	1.0
g07816	0	8	2	9	0.0	0.48538011695906447	1.0	1.0
g06287	0	8	2	9	0.0	0.48538011695906447	1.0	1.0
g06003	0	8	2	9	0.0	0.48538011695906447	1.0	1.0
g07452	0	8	2	9	0.0	0.48538011695906447	1.0	1.0
g07800	0	8	2	9	0.0	0.48538011695906447	1.0	1.0
g05344	0	8	2	9	0.0	0.48538011695906447	1.0	1.0
g09362	0	8	2	9	0.0	0.48538011695906447	1.0	1.0
g07323	0	8	2	9	0.0	0.48538011695906447	1.0	1.0
g05578	0	8	2	9	0.0	0.48538011695906447	1.0	1.0
g05127	0	8	2	9	0.0	0.48538011695906447	1.0	1.0
g06163	0	8	2	9	0.0	0.48538011695906447	1.0	1.0
g05587	0	8	2	9	0.0	0.48538011695906447	1.0	1.0
g06896	0	8	2	9	0.0	0.48538011695906447	1.0	1.0
g04969	0	8	2	9	0.0	0.48538011695906447	1.0	1.0
g06451	0	8	2	9	0.0	0.48538011695906447	1.0	1.0
g08681	0	8	2	9	0.0	0.48538011695906447	1.0	1.0
g07531	0	8	2	9	0.0	0.48538011695906447	1.0	1.0
g05869	0	8	2	9	0.0	0.48538011695906447	1.0	1.0
g08185	0	8	2	9	0.0	0.48538011695906447	1.0	1.0
g06276	0	8	2	9	0.0	0.48538011695906447	1.0	1.0
g06456	0	8	2	9	0.0	0.48538011695906447	1.0	1.0
g09441	0	8	2	9	0.0	0.48538011695906447	1.0	1.0
g07829	0	8	2	9	0.0	0.48538011695906447	1.0	1.0
g06856	0	8	2	9	0.0	0.48538011695906447	1.0	1.0
g07348	0	8	2	9	0.0	0.48538011695906447	1.0	1.0
g09248	0	8	2	9	0.0	0.48538011695906447	1.0	1.0
g04866	0	8	2	9	0.0	0.48538011695906447	1.0	1.0
g06441	0	8	2	9	0.0	0.48538011695906447	1.0	1.0
g05773	0	8	2	9	0.0	0.48538011695906447	1.0	1.0
g05808	0	8	2	9	0.0	0.48538011695906447	1.0	1.0
g06834	0	8	2	9	0.0	0.48538011695906447	1.0	1.0
g05711	0	8	2	9	0.0	0.48538011695906447	1.0	1.0
g05691	0	8	2	9	0.0	0.48538011695906447	1.0	1.0
g04697	0	8	2	9	0.0	0.48538011695906447	1.0	1.0
g05496	0	8	2	9	0.0	0.48538011695906447	1.0	1.0
g06755	0	8	2	9	0.0	0.48538011695906447	1.0	1.0
g07704	0	8	2	9	0.0	0.48538011695906447	1.0	1.0
g07020	0	8	2	9	0.0	0.48538011695906447	1.0	1.0
g09553	0	8	2	9	0.0	0.48538011695906447	1.0	1.0
g06738	0	8	2	9	0.0	0.48538011695906447	1.0	1.0
g05378	0	8	2	9	0.0	0.48538011695906447	1.0	1.0
g06818	0	8	2	9	0.0	0.48538011695906447	1.0	1.0
g06908	0	8	2	9	0.0	0.48538011695906447	1.0	1.0
g07024	0	8	2	9	0.0	0.48538011695906447	1.0	1.0
g05945	0	8	2	9	0.0	0.48538011695906447	1.0	1.0
g07199	0	8	2	9	0.0	0.48538011695906447	1.0	1.0
g07773	0	8	2	9	0.0	0.48538011695906447	1.0	1.0
g06775	0	8	2	9	0.0	0.48538011695906447	1.0	1.0
g06780	0	8	2	9	0.0	0.48538011695906447	1.0	1.0
g06687	0	8	2	9	0.0	0.48538011695906447	1.0	1.0
g09358	0	8	2	9	0.0	0.48538011695906447	1.0	1.0
g05318	0	8	2	9	0.0	0.48538011695906447	1.0	1.0
g05212	0	8	2	9	0.0	0.48538011695906447	1.0	1.0
g08838	0	8	2	9	0.0	0.48538011695906447	1.0	1.0
g07851	0	8	2	9	0.0	0.48538011695906447	1.0	1.0
g09088	0	8	2	9	0.0	0.48538011695906447	1.0	1.0
g06962	0	8	2	9	0.0	0.48538011695906447	1.0	1.0
g05999	0	8	2	9	0.0	0.48538011695906447	1.0	1.0
g07371	0	8	2	9	0.0	0.48538011695906447	1.0	1.0
g06172	0	8	2	9	0.0	0.48538011695906447	1.0	1.0
g09464	0	8	2	9	0.0	0.48538011695906447	1.0	1.0
g06064	0	8	2	9	0.0	0.48538011695906447	1.0	1.0
g06785	0	8	2	9	0.0	0.48538011695906447	1.0	1.0
g05478	0	8	2	9	0.0	0.48538011695906447	1.0	1.0
g06886	0	8	2	9	0.0	0.48538011695906447	1.0	1.0
g08349	0	8	2	9	0.0	0.48538011695906447	1.0	1.0
g07504	0	8	2	9	0.0	0.48538011695906447	1.0	1.0
g07338	0	8	2	9	0.0	0.48538011695906447	1.0	1.0
g05792	0	8	2	9	0.0	0.48538011695906447	1.0	1.0
g08692	0	8	2	9	0.0	0.48538011695906447	1.0	1.0
g05432	0	8	2	9	0.0	0.48538011695906447	1.0	1.0
g04897	0	8	2	9	0.0	0.48538011695906447	1.0	1.0
g08529	0	8	2	9	0.0	0.48538011695906447	1.0	1.0
g04914	0	8	2	9	0.0	0.48538011695906447	1.0	1.0
g04764	0	8	2	9	0.0	0.48538011695906447	1.0	1.0
g06048	0	8	2	9	0.0	0.48538011695906447	1.0	1.0
g07549	0	8	2	9	0.0	0.48538011695906447	1.0	1.0
g06223	0	8	2	9	0.0	0.48538011695906447	1.0	1.0
g07086	0	8	2	9	0.0	0.48538011695906447	1.0	1.0
g05145	0	8	2	9	0.0	0.48538011695906447	1.0	1.0
g07119	0	8	2	9	0.0	0.48538011695906447	1.0	1.0
g09460	0	8	2	9	0.0	0.48538011695906447	1.0	1.0
g07045	0	8	2	9	0.0	0.48538011695906447	1.0	1.0
g07875	0	8	2	9	0.0	0.48538011695906447	1.0	1.0
g06696	0	8	2	9	0.0	0.48538011695906447	1.0	1.0
g07739	0	8	2	9	0.0	0.48538011695906447	1.0	1.0
g06921	0	8	2	9	0.0	0.48538011695906447	1.0	1.0
g05843	0	8	2	9	0.0	0.48538011695906447	1.0	1.0
g04965	0	8	2	9	0.0	0.48538011695906447	1.0	1.0
g09389	0	8	2	9	0.0	0.48538011695906447	1.0	1.0
g07979	0	8	2	9	0.0	0.48538011695906447	1.0	1.0
g06729	0	8	2	9	0.0	0.48538011695906447	1.0	1.0
g07850	0	8	2	9	0.0	0.48538011695906447	1.0	1.0
g08082	0	8	2	9	0.0	0.48538011695906447	1.0	1.0
g08583	0	8	2	9	0.0	0.48538011695906447	1.0	1.0
g09013	0	8	2	9	0.0	0.48538011695906447	1.0	1.0
g05160	0	8	2	9	0.0	0.48538011695906447	1.0	1.0
g06183	0	8	2	9	0.0	0.48538011695906447	1.0	1.0
g07142	0	8	2	9	0.0	0.48538011695906447	1.0	1.0
g09110	0	8	2	9	0.0	0.48538011695906447	1.0	1.0
g04865	0	8	2	9	0.0	0.48538011695906447	1.0	1.0
g08611	0	8	2	9	0.0	0.48538011695906447	1.0	1.0
g05851	0	8	2	9	0.0	0.48538011695906447	1.0	1.0
g08105	0	8	2	9	0.0	0.48538011695906447	1.0	1.0
g05246	0	8	2	9	0.0	0.48538011695906447	1.0	1.0
g08270	0	8	2	9	0.0	0.48538011695906447	1.0	1.0
g07217	0	8	2	9	0.0	0.48538011695906447	1.0	1.0
g07102	0	8	2	9	0.0	0.48538011695906447	1.0	1.0
g06759	0	8	2	9	0.0	0.48538011695906447	1.0	1.0
g07101	0	8	2	9	0.0	0.48538011695906447	1.0	1.0
g05263	0	8	2	9	0.0	0.48538011695906447	1.0	1.0
g05236	0	8	2	9	0.0	0.48538011695906447	1.0	1.0
g08847	0	8	2	9	0.0	0.48538011695906447	1.0	1.0
g07959	0	8	2	9	0.0	0.48538011695906447	1.0	1.0
g07513	0	8	2	9	0.0	0.48538011695906447	1.0	1.0
g05354	0	8	2	9	0.0	0.48538011695906447	1.0	1.0
g09101	0	8	2	9	0.0	0.48538011695906447	1.0	1.0
g06605	0	8	2	9	0.0	0.48538011695906447	1.0	1.0
g06995	0	8	2	9	0.0	0.48538011695906447	1.0	1.0
g07397	0	8	2	9	0.0	0.48538011695906447	1.0	1.0
g06350	0	8	2	9	0.0	0.48538011695906447	1.0	1.0
g04634	0	8	2	9	0.0	0.48538011695906447	1.0	1.0
g08089	0	8	2	9	0.0	0.48538011695906447	1.0	1.0
g05518	0	8	2	9	0.0	0.48538011695906447	1.0	1.0
g07372	0	8	2	9	0.0	0.48538011695906447	1.0	1.0
g06059	0	8	2	9	0.0	0.48538011695906447	1.0	1.0
g07154	0	8	2	9	0.0	0.48538011695906447	1.0	1.0
g09345	0	8	2	9	0.0	0.48538011695906447	1.0	1.0
g07630	0	8	2	9	0.0	0.48538011695906447	1.0	1.0
g05614	0	8	2	9	0.0	0.48538011695906447	1.0	1.0
g08084	0	8	2	9	0.0	0.48538011695906447	1.0	1.0
g08810	0	8	2	9	0.0	0.48538011695906447	1.0	1.0
g05794	0	8	2	9	0.0	0.48538011695906447	1.0	1.0
g06900	0	8	2	9	0.0	0.48538011695906447	1.0	1.0
g05011	0	8	2	9	0.0	0.48538011695906447	1.0	1.0
g05467	0	8	2	9	0.0	0.48538011695906447	1.0	1.0
g07078	0	8	2	9	0.0	0.48538011695906447	1.0	1.0
g09424	0	8	2	9	0.0	0.48538011695906447	1.0	1.0
g08561	0	8	2	9	0.0	0.48538011695906447	1.0	1.0
g08869	0	8	2	9	0.0	0.48538011695906447	1.0	1.0
g07657	0	8	2	9	0.0	0.48538011695906447	1.0	1.0
g06551	0	8	2	9	0.0	0.48538011695906447	1.0	1.0
g05256	0	8	2	9	0.0	0.48538011695906447	1.0	1.0
g07559	0	8	2	9	0.0	0.48538011695906447	1.0	1.0
g08885	0	8	2	9	0.0	0.48538011695906447	1.0	1.0
g05213	0	8	2	9	0.0	0.48538011695906447	1.0	1.0
g06249	0	8	2	9	0.0	0.48538011695906447	1.0	1.0
g05892	0	8	2	9	0.0	0.48538011695906447	1.0	1.0
g07292	0	8	2	9	0.0	0.48538011695906447	1.0	1.0
g07698	0	8	2	9	0.0	0.48538011695906447	1.0	1.0
g06872	0	8	2	9	0.0	0.48538011695906447	1.0	1.0
g08177	0	8	2	9	0.0	0.48538011695906447	1.0	1.0
g06374	0	8	2	9	0.0	0.48538011695906447	1.0	1.0
g07656	0	8	2	9	0.0	0.48538011695906447	1.0	1.0
g07065	0	8	2	9	0.0	0.48538011695906447	1.0	1.0
g08993	0	8	2	9	0.0	0.48538011695906447	1.0	1.0
g07532	0	8	2	9	0.0	0.48538011695906447	1.0	1.0
g09397	0	8	2	9	0.0	0.48538011695906447	1.0	1.0
g07978	0	8	2	9	0.0	0.48538011695906447	1.0	1.0
g07651	0	8	2	9	0.0	0.48538011695906447	1.0	1.0
g06507	0	8	2	9	0.0	0.48538011695906447	1.0	1.0
g08898	0	8	2	9	0.0	0.48538011695906447	1.0	1.0
g04834	0	8	2	9	0.0	0.48538011695906447	1.0	1.0
g06946	0	8	2	9	0.0	0.48538011695906447	1.0	1.0
g07772	0	8	2	9	0.0	0.48538011695906447	1.0	1.0
g07556	0	8	2	9	0.0	0.48538011695906447	1.0	1.0
g09394	0	8	2	9	0.0	0.48538011695906447	1.0	1.0
g04779	0	8	2	9	0.0	0.48538011695906447	1.0	1.0
g07426	0	8	2	9	0.0	0.48538011695906447	1.0	1.0
g07639	0	8	2	9	0.0	0.48538011695906447	1.0	1.0
g05922	0	8	2	9	0.0	0.48538011695906447	1.0	1.0
g08591	0	8	2	9	0.0	0.48538011695906447	1.0	1.0
g08662	0	8	2	9	0.0	0.48538011695906447	1.0	1.0
g05718	0	8	2	9	0.0	0.48538011695906447	1.0	1.0
g05617	0	8	2	9	0.0	0.48538011695906447	1.0	1.0
g05391	0	8	2	9	0.0	0.48538011695906447	1.0	1.0
g04637	0	8	2	9	0.0	0.48538011695906447	1.0	1.0
g08639	0	8	2	9	0.0	0.48538011695906447	1.0	1.0
g09328	0	8	2	9	0.0	0.48538011695906447	1.0	1.0
g05748	0	8	2	9	0.0	0.48538011695906447	1.0	1.0
g07795	0	8	2	9	0.0	0.48538011695906447	1.0	1.0
g08934	0	8	2	9	0.0	0.48538011695906447	1.0	1.0
g07087	0	8	2	9	0.0	0.48538011695906447	1.0	1.0
g07482	0	8	2	9	0.0	0.48538011695906447	1.0	1.0
g09198	0	8	2	9	0.0	0.48538011695906447	1.0	1.0
g09419	0	8	2	9	0.0	0.48538011695906447	1.0	1.0
g06145	0	8	2	9	0.0	0.48538011695906447	1.0	1.0
g04701	0	8	2	9	0.0	0.48538011695906447	1.0	1.0
g05217	0	8	2	9	0.0	0.48538011695906447	1.0	1.0
g07915	0	8	2	9	0.0	0.48538011695906447	1.0	1.0
g07918	0	8	2	9	0.0	0.48538011695906447	1.0	1.0
g05789	0	8	2	9	0.0	0.48538011695906447	1.0	1.0
g09154	0	8	2	9	0.0	0.48538011695906447	1.0	1.0
g06101	0	8	2	9	0.0	0.48538011695906447	1.0	1.0
g08469	0	8	2	9	0.0	0.48538011695906447	1.0	1.0
g07797	0	8	2	9	0.0	0.48538011695906447	1.0	1.0
g06610	0	8	2	9	0.0	0.48538011695906447	1.0	1.0
g05158	0	8	2	9	0.0	0.48538011695906447	1.0	1.0
g05164	0	8	2	9	0.0	0.48538011695906447	1.0	1.0
g07759	0	8	2	9	0.0	0.48538011695906447	1.0	1.0
g06987	0	8	2	9	0.0	0.48538011695906447	1.0	1.0
g08427	0	8	2	9	0.0	0.48538011695906447	1.0	1.0
g04607	0	8	2	9	0.0	0.48538011695906447	1.0	1.0
g08173	0	8	2	9	0.0	0.48538011695906447	1.0	1.0
g08453	0	8	2	9	0.0	0.48538011695906447	1.0	1.0
g09497	0	8	2	9	0.0	0.48538011695906447	1.0	1.0
g05483	0	8	2	9	0.0	0.48538011695906447	1.0	1.0
g08539	0	8	2	9	0.0	0.48538011695906447	1.0	1.0
g07569	0	8	2	9	0.0	0.48538011695906447	1.0	1.0
g05739	0	8	2	9	0.0	0.48538011695906447	1.0	1.0
g08875	0	8	2	9	0.0	0.48538011695906447	1.0	1.0
g08574	0	8	2	9	0.0	0.48538011695906447	1.0	1.0
g07948	0	8	2	9	0.0	0.48538011695906447	1.0	1.0
g06047	0	8	2	9	0.0	0.48538011695906447	1.0	1.0
g05685	0	8	2	9	0.0	0.48538011695906447	1.0	1.0
g09403	0	8	2	9	0.0	0.48538011695906447	1.0	1.0
g06315	0	8	2	9	0.0	0.48538011695906447	1.0	1.0
g09061	0	8	2	9	0.0	0.48538011695906447	1.0	1.0
g08697	0	8	2	9	0.0	0.48538011695906447	1.0	1.0
g05295	0	8	2	9	0.0	0.48538011695906447	1.0	1.0
g06082	0	8	2	9	0.0	0.48538011695906447	1.0	1.0
g07774	0	8	2	9	0.0	0.48538011695906447	1.0	1.0
g06007	0	8	2	9	0.0	0.48538011695906447	1.0	1.0
g04964	0	8	2	9	0.0	0.48538011695906447	1.0	1.0
g06124	0	8	2	9	0.0	0.48538011695906447	1.0	1.0
g07695	0	8	2	9	0.0	0.48538011695906447	1.0	1.0
g08870	0	8	2	9	0.0	0.48538011695906447	1.0	1.0
g08154	0	8	2	9	0.0	0.48538011695906447	1.0	1.0
g07660	0	8	2	9	0.0	0.48538011695906447	1.0	1.0
g08020	0	8	2	9	0.0	0.48538011695906447	1.0	1.0
g06076	0	8	2	9	0.0	0.48538011695906447	1.0	1.0
g09325	0	8	2	9	0.0	0.48538011695906447	1.0	1.0
g09513	0	8	2	9	0.0	0.48538011695906447	1.0	1.0
g09512	0	8	2	9	0.0	0.48538011695906447	1.0	1.0
g04625	0	8	2	9	0.0	0.48538011695906447	1.0	1.0
g05244	0	8	2	9	0.0	0.48538011695906447	1.0	1.0
g09160	0	8	2	9	0.0	0.48538011695906447	1.0	1.0
g08658	0	8	2	9	0.0	0.48538011695906447	1.0	1.0
g07943	0	8	2	9	0.0	0.48538011695906447	1.0	1.0
g04900	0	8	2	9	0.0	0.48538011695906447	1.0	1.0
g06569	0	8	2	9	0.0	0.48538011695906447	1.0	1.0
g09475	0	8	2	9	0.0	0.48538011695906447	1.0	1.0
g06275	0	8	2	9	0.0	0.48538011695906447	1.0	1.0
g04836	0	8	2	9	0.0	0.48538011695906447	1.0	1.0
g08644	0	8	2	9	0.0	0.48538011695906447	1.0	1.0
g08067	0	8	2	9	0.0	0.48538011695906447	1.0	1.0
g05273	0	8	2	9	0.0	0.48538011695906447	1.0	1.0
g08951	0	8	2	9	0.0	0.48538011695906447	1.0	1.0
g05906	0	8	2	9	0.0	0.48538011695906447	1.0	1.0
g05061	0	8	2	9	0.0	0.48538011695906447	1.0	1.0
g09510	0	8	2	9	0.0	0.48538011695906447	1.0	1.0
g04717	0	8	2	9	0.0	0.48538011695906447	1.0	1.0
g07263	0	8	2	9	0.0	0.48538011695906447	1.0	1.0
g09302	0	8	2	9	0.0	0.48538011695906447	1.0	1.0
g05342	0	8	2	9	0.0	0.48538011695906447	1.0	1.0
g07700	0	8	2	9	0.0	0.48538011695906447	1.0	1.0
g04730	0	8	2	9	0.0	0.48538011695906447	1.0	1.0
g04857	0	8	2	9	0.0	0.48538011695906447	1.0	1.0
g08981	0	8	2	9	0.0	0.48538011695906447	1.0	1.0
g07209	0	8	2	9	0.0	0.48538011695906447	1.0	1.0
g08050	0	8	2	9	0.0	0.48538011695906447	1.0	1.0
g07083	0	8	2	9	0.0	0.48538011695906447	1.0	1.0
g09139	0	8	2	9	0.0	0.48538011695906447	1.0	1.0
g07765	0	8	2	9	0.0	0.48538011695906447	1.0	1.0
g09515	0	8	2	9	0.0	0.48538011695906447	1.0	1.0
g08186	0	8	2	9	0.0	0.48538011695906447	1.0	1.0
g05037	0	8	2	9	0.0	0.48538011695906447	1.0	1.0
g07095	0	8	2	9	0.0	0.48538011695906447	1.0	1.0
g08711	0	8	2	9	0.0	0.48538011695906447	1.0	1.0
g08386	0	8	2	9	0.0	0.48538011695906447	1.0	1.0
g05638	0	8	2	9	0.0	0.48538011695906447	1.0	1.0
g09550	0	8	2	9	0.0	0.48538011695906447	1.0	1.0
g08541	0	8	2	9	0.0	0.48538011695906447	1.0	1.0
g08527	0	8	2	9	0.0	0.48538011695906447	1.0	1.0
g09484	0	8	2	9	0.0	0.48538011695906447	1.0	1.0
g09169	0	8	2	9	0.0	0.48538011695906447	1.0	1.0
g05835	0	8	2	9	0.0	0.48538011695906447	1.0	1.0
g09032	0	8	2	9	0.0	0.48538011695906447	1.0	1.0
g05599	0	8	2	9	0.0	0.48538011695906447	1.0	1.0
g08879	0	8	2	9	0.0	0.48538011695906447	1.0	1.0
g08083	0	8	2	9	0.0	0.48538011695906447	1.0	1.0
g08764	0	8	2	9	0.0	0.48538011695906447	1.0	1.0
g08728	0	8	2	9	0.0	0.48538011695906447	1.0	1.0
g05027	0	8	2	9	0.0	0.48538011695906447	1.0	1.0
g06435	0	8	2	9	0.0	0.48538011695906447	1.0	1.0
g04811	0	8	2	9	0.0	0.48538011695906447	1.0	1.0
g05088	0	8	2	9	0.0	0.48538011695906447	1.0	1.0
g06737	0	8	2	9	0.0	0.48538011695906447	1.0	1.0
g05973	0	8	2	9	0.0	0.48538011695906447	1.0	1.0
g08953	0	8	2	9	0.0	0.48538011695906447	1.0	1.0
g08724	0	8	2	9	0.0	0.48538011695906447	1.0	1.0
g09141	0	8	2	9	0.0	0.48538011695906447	1.0	1.0
g05185	0	8	2	9	0.0	0.48538011695906447	1.0	1.0
g08462	0	8	2	9	0.0	0.48538011695906447	1.0	1.0
g07974	0	8	2	9	0.0	0.48538011695906447	1.0	1.0
g08125	0	8	2	9	0.0	0.48538011695906447	1.0	1.0
g05192	0	8	2	9	0.0	0.48538011695906447	1.0	1.0
g08437	0	8	2	9	0.0	0.48538011695906447	1.0	1.0
g07495	0	8	2	9	0.0	0.48538011695906447	1.0	1.0
g09409	0	8	2	9	0.0	0.48538011695906447	1.0	1.0
g09506	0	8	2	9	0.0	0.48538011695906447	1.0	1.0
g09213	0	8	2	9	0.0	0.48538011695906447	1.0	1.0
g05437	0	8	2	9	0.0	0.48538011695906447	1.0	1.0
g09438	0	8	2	9	0.0	0.48538011695906447	1.0	1.0
g05385	0	8	2	9	0.0	0.48538011695906447	1.0	1.0
g06112	0	8	2	9	0.0	0.48538011695906447	1.0	1.0
g09018	0	8	2	9	0.0	0.48538011695906447	1.0	1.0
g08241	0	8	2	9	0.0	0.48538011695906447	1.0	1.0
g07671	0	8	2	9	0.0	0.48538011695906447	1.0	1.0
g05701	0	8	2	9	0.0	0.48538011695906447	1.0	1.0
g07408	0	8	2	9	0.0	0.48538011695906447	1.0	1.0
g05219	0	8	2	9	0.0	0.48538011695906447	1.0	1.0
g06986	0	8	2	9	0.0	0.48538011695906447	1.0	1.0
g09431	0	8	2	9	0.0	0.48538011695906447	1.0	1.0
g05861	0	8	2	9	0.0	0.48538011695906447	1.0	1.0
g06501	0	8	2	9	0.0	0.48538011695906447	1.0	1.0
g07750	0	8	2	9	0.0	0.48538011695906447	1.0	1.0
g09251	0	8	2	9	0.0	0.48538011695906447	1.0	1.0
g08708	0	8	2	9	0.0	0.48538011695906447	1.0	1.0
g06356	0	8	2	9	0.0	0.48538011695906447	1.0	1.0
g07818	0	8	2	9	0.0	0.48538011695906447	1.0	1.0
g05421	0	8	2	9	0.0	0.48538011695906447	1.0	1.0
g07351	0	8	2	9	0.0	0.48538011695906447	1.0	1.0
g08393	0	8	2	9	0.0	0.48538011695906447	1.0	1.0
g09304	0	8	2	9	0.0	0.48538011695906447	1.0	1.0
g05596	0	8	2	9	0.0	0.48538011695906447	1.0	1.0
g08931	0	8	2	9	0.0	0.48538011695906447	1.0	1.0
g07093	0	8	2	9	0.0	0.48538011695906447	1.0	1.0
g08054	0	8	2	9	0.0	0.48538011695906447	1.0	1.0
g04827	0	8	2	9	0.0	0.48538011695906447	1.0	1.0
g09148	0	8	2	9	0.0	0.48538011695906447	1.0	1.0
g06745	0	8	2	9	0.0	0.48538011695906447	1.0	1.0
g08674	0	8	2	9	0.0	0.48538011695906447	1.0	1.0
g06220	0	8	2	9	0.0	0.48538011695906447	1.0	1.0
g08863	0	8	2	9	0.0	0.48538011695906447	1.0	1.0
g06184	0	8	2	9	0.0	0.48538011695906447	1.0	1.0
g05591	0	8	2	9	0.0	0.48538011695906447	1.0	1.0
g07906	0	8	2	9	0.0	0.48538011695906447	1.0	1.0
g04738	0	8	2	9	0.0	0.48538011695906447	1.0	1.0
g08430	0	8	2	9	0.0	0.48538011695906447	1.0	1.0
g05767	0	8	2	9	0.0	0.48538011695906447	1.0	1.0
g08772	0	8	2	9	0.0	0.48538011695906447	1.0	1.0
g04922	0	8	2	9	0.0	0.48538011695906447	1.0	1.0
g06157	0	8	2	9	0.0	0.48538011695906447	1.0	1.0
g06294	0	8	2	9	0.0	0.48538011695906447	1.0	1.0
g07216	0	8	2	9	0.0	0.48538011695906447	1.0	1.0
g07965	0	8	2	9	0.0	0.48538011695906447	1.0	1.0
g06556	0	8	2	9	0.0	0.48538011695906447	1.0	1.0
g04937	0	8	2	9	0.0	0.48538011695906447	1.0	1.0
g06893	0	8	2	9	0.0	0.48538011695906447	1.0	1.0
g04720	0	8	2	9	0.0	0.48538011695906447	1.0	1.0
g07062	0	8	2	9	0.0	0.48538011695906447	1.0	1.0
g06030	0	8	2	9	0.0	0.48538011695906447	1.0	1.0
g04815	0	8	2	9	0.0	0.48538011695906447	1.0	1.0
g06010	0	8	2	9	0.0	0.48538011695906447	1.0	1.0
g06617	0	8	2	9	0.0	0.48538011695906447	1.0	1.0
g08760	0	8	2	9	0.0	0.48538011695906447	1.0	1.0
g07912	0	8	2	9	0.0	0.48538011695906447	1.0	1.0
g07242	0	8	2	9	0.0	0.48538011695906447	1.0	1.0
g06491	0	8	2	9	0.0	0.48538011695906447	1.0	1.0
g08983	0	8	2	9	0.0	0.48538011695906447	1.0	1.0
g09142	0	8	2	9	0.0	0.48538011695906447	1.0	1.0
g05742	0	8	2	9	0.0	0.48538011695906447	1.0	1.0
g07597	0	8	2	9	0.0	0.48538011695906447	1.0	1.0
g07920	0	8	2	9	0.0	0.48538011695906447	1.0	1.0
g05411	0	8	2	9	0.0	0.48538011695906447	1.0	1.0
g04984	0	8	2	9	0.0	0.48538011695906447	1.0	1.0
g08747	0	8	2	9	0.0	0.48538011695906447	1.0	1.0
g05631	0	8	2	9	0.0	0.48538011695906447	1.0	1.0
g09076	0	8	2	9	0.0	0.48538011695906447	1.0	1.0
g05726	0	8	2	9	0.0	0.48538011695906447	1.0	1.0
g07109	0	8	2	9	0.0	0.48538011695906447	1.0	1.0
g09003	0	8	2	9	0.0	0.48538011695906447	1.0	1.0
g09545	0	8	2	9	0.0	0.48538011695906447	1.0	1.0
g05545	0	8	2	9	0.0	0.48538011695906447	1.0	1.0
g07771	0	8	2	9	0.0	0.48538011695906447	1.0	1.0
g06103	0	8	2	9	0.0	0.48538011695906447	1.0	1.0
g09062	0	8	2	9	0.0	0.48538011695906447	1.0	1.0
g06752	0	8	2	9	0.0	0.48538011695906447	1.0	1.0
g08053	0	8	2	9	0.0	0.48538011695906447	1.0	1.0
g08062	0	8	2	9	0.0	0.48538011695906447	1.0	1.0
g07888	0	8	2	9	0.0	0.48538011695906447	1.0	1.0
g07755	0	8	2	9	0.0	0.48538011695906447	1.0	1.0
g05537	0	8	2	9	0.0	0.48538011695906447	1.0	1.0
g04775	0	8	2	9	0.0	0.48538011695906447	1.0	1.0
g08257	0	8	2	9	0.0	0.48538011695906447	1.0	1.0
g05306	0	8	2	9	0.0	0.48538011695906447	1.0	1.0
g08552	0	8	2	9	0.0	0.48538011695906447	1.0	1.0
g04833	0	8	2	9	0.0	0.48538011695906447	1.0	1.0
g07683	0	8	2	9	0.0	0.48538011695906447	1.0	1.0
g06499	0	8	2	9	0.0	0.48538011695906447	1.0	1.0
g07459	0	8	2	9	0.0	0.48538011695906447	1.0	1.0
g06212	0	8	2	9	0.0	0.48538011695906447	1.0	1.0
g05507	0	8	2	9	0.0	0.48538011695906447	1.0	1.0
g07290	0	8	2	9	0.0	0.48538011695906447	1.0	1.0
g07076	0	8	2	9	0.0	0.48538011695906447	1.0	1.0
g05543	0	8	2	9	0.0	0.48538011695906447	1.0	1.0
g08240	0	8	2	9	0.0	0.48538011695906447	1.0	1.0
g05349	0	8	2	9	0.0	0.48538011695906447	1.0	1.0
g08134	0	8	2	9	0.0	0.48538011695906447	1.0	1.0
g05316	0	8	2	9	0.0	0.48538011695906447	1.0	1.0
g05827	0	8	2	9	0.0	0.48538011695906447	1.0	1.0
g08826	0	8	2	9	0.0	0.48538011695906447	1.0	1.0
g06270	0	8	2	9	0.0	0.48538011695906447	1.0	1.0
g07458	0	8	2	9	0.0	0.48538011695906447	1.0	1.0
g08143	0	8	2	9	0.0	0.48538011695906447	1.0	1.0
g08308	0	8	2	9	0.0	0.48538011695906447	1.0	1.0
g05298	0	8	2	9	0.0	0.48538011695906447	1.0	1.0
g09249	0	8	2	9	0.0	0.48538011695906447	1.0	1.0
g06385	0	8	2	9	0.0	0.48538011695906447	1.0	1.0
g04629	0	8	2	9	0.0	0.48538011695906447	1.0	1.0
g06787	0	8	2	9	0.0	0.48538011695906447	1.0	1.0
g06245	0	8	2	9	0.0	0.48538011695906447	1.0	1.0
g05592	0	8	2	9	0.0	0.48538011695906447	1.0	1.0
g05860	0	8	2	9	0.0	0.48538011695906447	1.0	1.0
g06189	0	8	2	9	0.0	0.48538011695906447	1.0	1.0
g05850	0	8	2	9	0.0	0.48538011695906447	1.0	1.0
g07206	0	8	2	9	0.0	0.48538011695906447	1.0	1.0
g05868	0	8	2	9	0.0	0.48538011695906447	1.0	1.0
g06417	0	8	2	9	0.0	0.48538011695906447	1.0	1.0
g06985	0	8	2	9	0.0	0.48538011695906447	1.0	1.0
g05838	0	8	2	9	0.0	0.48538011695906447	1.0	1.0
g09511	0	8	2	9	0.0	0.48538011695906447	1.0	1.0
g04598	0	8	2	9	0.0	0.48538011695906447	1.0	1.0
g06004	0	8	2	9	0.0	0.48538011695906447	1.0	1.0
g06006	0	8	2	9	0.0	0.48538011695906447	1.0	1.0
g06250	0	8	2	9	0.0	0.48538011695906447	1.0	1.0
g04596	0	8	2	9	0.0	0.48538011695906447	1.0	1.0
g08030	0	8	2	9	0.0	0.48538011695906447	1.0	1.0
g06658	0	8	2	9	0.0	0.48538011695906447	1.0	1.0
g04729	0	8	2	9	0.0	0.48538011695906447	1.0	1.0
g08264	0	8	2	9	0.0	0.48538011695906447	1.0	1.0
g09245	0	8	2	9	0.0	0.48538011695906447	1.0	1.0
g07514	0	8	2	9	0.0	0.48538011695906447	1.0	1.0
g06190	0	8	2	9	0.0	0.48538011695906447	1.0	1.0
g06883	0	8	2	9	0.0	0.48538011695906447	1.0	1.0
g08581	0	8	2	9	0.0	0.48538011695906447	1.0	1.0
g04746	0	8	2	9	0.0	0.48538011695906447	1.0	1.0
g06957	0	8	2	9	0.0	0.48538011695906447	1.0	1.0
g08854	0	8	2	9	0.0	0.48538011695906447	1.0	1.0
g08188	0	8	2	9	0.0	0.48538011695906447	1.0	1.0
g08606	0	8	2	9	0.0	0.48538011695906447	1.0	1.0
g05486	0	8	2	9	0.0	0.48538011695906447	1.0	1.0
g06863	0	8	2	9	0.0	0.48538011695906447	1.0	1.0
g09380	0	8	2	9	0.0	0.48538011695906447	1.0	1.0
g07779	0	8	2	9	0.0	0.48538011695906447	1.0	1.0
g04788	0	8	2	9	0.0	0.48538011695906447	1.0	1.0
g06063	0	8	2	9	0.0	0.48538011695906447	1.0	1.0
g04732	0	8	2	9	0.0	0.48538011695906447	1.0	1.0
g07577	0	8	2	9	0.0	0.48538011695906447	1.0	1.0
g08584	0	8	2	9	0.0	0.48538011695906447	1.0	1.0
g06034	0	8	2	9	0.0	0.48538011695906447	1.0	1.0
g08095	0	8	2	9	0.0	0.48538011695906447	1.0	1.0
g05947	0	8	2	9	0.0	0.48538011695906447	1.0	1.0
g05253	0	8	2	9	0.0	0.48538011695906447	1.0	1.0
g06397	0	8	2	9	0.0	0.48538011695906447	1.0	1.0
g07874	0	8	2	9	0.0	0.48538011695906447	1.0	1.0
g06895	0	8	2	9	0.0	0.48538011695906447	1.0	1.0
g07715	0	8	2	9	0.0	0.48538011695906447	1.0	1.0
g05621	0	8	2	9	0.0	0.48538011695906447	1.0	1.0
g05567	0	8	2	9	0.0	0.48538011695906447	1.0	1.0
g04599	0	8	2	9	0.0	0.48538011695906447	1.0	1.0
g08226	0	8	2	9	0.0	0.48538011695906447	1.0	1.0
g05943	0	8	2	9	0.0	0.48538011695906447	1.0	1.0
g07320	0	8	2	9	0.0	0.48538011695906447	1.0	1.0
g07245	0	8	2	9	0.0	0.48538011695906447	1.0	1.0
g05667	0	8	2	9	0.0	0.48538011695906447	1.0	1.0
g06167	0	8	2	9	0.0	0.48538011695906447	1.0	1.0
g07790	0	8	2	9	0.0	0.48538011695906447	1.0	1.0
g07421	0	8	2	9	0.0	0.48538011695906447	1.0	1.0
g05902	0	8	2	9	0.0	0.48538011695906447	1.0	1.0
g09271	0	8	2	9	0.0	0.48538011695906447	1.0	1.0
g06463	0	8	2	9	0.0	0.48538011695906447	1.0	1.0
g07963	0	8	2	9	0.0	0.48538011695906447	1.0	1.0
g08152	0	8	2	9	0.0	0.48538011695906447	1.0	1.0
g06778	0	8	2	9	0.0	0.48538011695906447	1.0	1.0
g07564	0	8	2	9	0.0	0.48538011695906447	1.0	1.0
g08556	0	8	2	9	0.0	0.48538011695906447	1.0	1.0
g06537	0	8	2	9	0.0	0.48538011695906447	1.0	1.0
g08855	0	8	2	9	0.0	0.48538011695906447	1.0	1.0
g08005	0	8	2	9	0.0	0.48538011695906447	1.0	1.0
g07580	0	8	2	9	0.0	0.48538011695906447	1.0	1.0
g08244	0	8	2	9	0.0	0.48538011695906447	1.0	1.0
g06211	0	8	2	9	0.0	0.48538011695906447	1.0	1.0
g06889	0	8	2	9	0.0	0.48538011695906447	1.0	1.0
g04956	0	8	2	9	0.0	0.48538011695906447	1.0	1.0
g09131	0	8	2	9	0.0	0.48538011695906447	1.0	1.0
g07107	0	8	2	9	0.0	0.48538011695906447	1.0	1.0
g04699	0	8	2	9	0.0	0.48538011695906447	1.0	1.0
g06765	0	8	2	9	0.0	0.48538011695906447	1.0	1.0
g09118	0	8	2	9	0.0	0.48538011695906447	1.0	1.0
g08059	0	8	2	9	0.0	0.48538011695906447	1.0	1.0
g06349	0	8	2	9	0.0	0.48538011695906447	1.0	1.0
g07604	0	8	2	9	0.0	0.48538011695906447	1.0	1.0
g06976	0	8	2	9	0.0	0.48538011695906447	1.0	1.0
g09340	0	8	2	9	0.0	0.48538011695906447	1.0	1.0
g05593	0	8	2	9	0.0	0.48538011695906447	1.0	1.0
g07839	0	8	2	9	0.0	0.48538011695906447	1.0	1.0
g07393	0	8	2	9	0.0	0.48538011695906447	1.0	1.0
g06237	0	8	2	9	0.0	0.48538011695906447	1.0	1.0
g09125	0	8	2	9	0.0	0.48538011695906447	1.0	1.0
g06823	0	8	2	9	0.0	0.48538011695906447	1.0	1.0
g07389	0	8	2	9	0.0	0.48538011695906447	1.0	1.0
g04791	0	8	2	9	0.0	0.48538011695906447	1.0	1.0
g04736	0	8	2	9	0.0	0.48538011695906447	1.0	1.0
g07733	0	8	2	9	0.0	0.48538011695906447	1.0	1.0
g09552	0	8	2	9	0.0	0.48538011695906447	1.0	1.0
g09243	0	8	2	9	0.0	0.48538011695906447	1.0	1.0
g06351	0	8	2	9	0.0	0.48538011695906447	1.0	1.0
g04889	0	8	2	9	0.0	0.48538011695906447	1.0	1.0
g07081	0	8	2	9	0.0	0.48538011695906447	1.0	1.0
g05058	0	8	2	9	0.0	0.48538011695906447	1.0	1.0
g07145	0	8	2	9	0.0	0.48538011695906447	1.0	1.0
g07330	0	8	2	9	0.0	0.48538011695906447	1.0	1.0
g08759	0	8	2	9	0.0	0.48538011695906447	1.0	1.0
g09012	0	8	2	9	0.0	0.48538011695906447	1.0	1.0
g06949	0	8	2	9	0.0	0.48538011695906447	1.0	1.0
g06712	0	8	2	9	0.0	0.48538011695906447	1.0	1.0
g06273	0	8	2	9	0.0	0.48538011695906447	1.0	1.0
g09279	0	8	2	9	0.0	0.48538011695906447	1.0	1.0
g07498	0	8	2	9	0.0	0.48538011695906447	1.0	1.0
g04755	0	8	2	9	0.0	0.48538011695906447	1.0	1.0
g05433	0	8	2	9	0.0	0.48538011695906447	1.0	1.0
g09258	0	8	2	9	0.0	0.48538011695906447	1.0	1.0
g05083	0	8	2	9	0.0	0.48538011695906447	1.0	1.0
g04823	0	8	2	9	0.0	0.48538011695906447	1.0	1.0
g06664	0	8	2	9	0.0	0.48538011695906447	1.0	1.0
g08982	0	8	2	9	0.0	0.48538011695906447	1.0	1.0
g09401	0	8	2	9	0.0	0.48538011695906447	1.0	1.0
g06258	0	8	2	9	0.0	0.48538011695906447	1.0	1.0
g07355	0	8	2	9	0.0	0.48538011695906447	1.0	1.0
g06828	0	8	2	9	0.0	0.48538011695906447	1.0	1.0
g05890	0	8	2	9	0.0	0.48538011695906447	1.0	1.0
g06328	0	8	2	9	0.0	0.48538011695906447	1.0	1.0
g05402	0	8	2	9	0.0	0.48538011695906447	1.0	1.0
g05082	0	8	2	9	0.0	0.48538011695906447	1.0	1.0
g09544	0	8	2	9	0.0	0.48538011695906447	1.0	1.0
g05953	0	8	2	9	0.0	0.48538011695906447	1.0	1.0
g06342	0	8	2	9	0.0	0.48538011695906447	1.0	1.0
g08749	0	8	2	9	0.0	0.48538011695906447	1.0	1.0
g06553	0	8	2	9	0.0	0.48538011695906447	1.0	1.0
g06690	0	8	2	9	0.0	0.48538011695906447	1.0	1.0
g07923	0	8	2	9	0.0	0.48538011695906447	1.0	1.0
g07998	0	8	2	9	0.0	0.48538011695906447	1.0	1.0
g05276	0	8	2	9	0.0	0.48538011695906447	1.0	1.0
g05060	0	8	2	9	0.0	0.48538011695906447	1.0	1.0
g04982	0	8	2	9	0.0	0.48538011695906447	1.0	1.0
g05670	0	8	2	9	0.0	0.48538011695906447	1.0	1.0
g04852	0	8	2	9	0.0	0.48538011695906447	1.0	1.0
g05462	0	8	2	9	0.0	0.48538011695906447	1.0	1.0
g07961	0	8	2	9	0.0	0.48538011695906447	1.0	1.0
g07836	0	8	2	9	0.0	0.48538011695906447	1.0	1.0
g08702	0	8	2	9	0.0	0.48538011695906447	1.0	1.0
g07666	0	8	2	9	0.0	0.48538011695906447	1.0	1.0
g08208	0	8	2	9	0.0	0.48538011695906447	1.0	1.0
g09195	0	8	2	9	0.0	0.48538011695906447	1.0	1.0
g05597	0	8	2	9	0.0	0.48538011695906447	1.0	1.0
g06906	0	8	2	9	0.0	0.48538011695906447	1.0	1.0
g08336	0	8	2	9	0.0	0.48538011695906447	1.0	1.0
g05482	0	8	2	9	0.0	0.48538011695906447	1.0	1.0
g08447	0	8	2	9	0.0	0.48538011695906447	1.0	1.0
g06141	0	8	2	9	0.0	0.48538011695906447	1.0	1.0
g07276	0	8	2	9	0.0	0.48538011695906447	1.0	1.0
g06448	0	8	2	9	0.0	0.48538011695906447	1.0	1.0
g06702	0	8	2	9	0.0	0.48538011695906447	1.0	1.0
g06421	0	8	2	9	0.0	0.48538011695906447	1.0	1.0
g06858	0	8	2	9	0.0	0.48538011695906447	1.0	1.0
g07068	0	8	2	9	0.0	0.48538011695906447	1.0	1.0
g09242	0	8	2	9	0.0	0.48538011695906447	1.0	1.0
g04886	0	8	2	9	0.0	0.48538011695906447	1.0	1.0
g08620	0	8	2	9	0.0	0.48538011695906447	1.0	1.0
g08363	0	8	2	9	0.0	0.48538011695906447	1.0	1.0
g09004	0	8	2	9	0.0	0.48538011695906447	1.0	1.0
g06667	0	8	2	9	0.0	0.48538011695906447	1.0	1.0
g05208	0	8	2	9	0.0	0.48538011695906447	1.0	1.0
g08345	0	8	2	9	0.0	0.48538011695906447	1.0	1.0
g07690	0	8	2	9	0.0	0.48538011695906447	1.0	1.0
g06916	0	8	2	9	0.0	0.48538011695906447	1.0	1.0
g07117	0	8	2	9	0.0	0.48538011695906447	1.0	1.0
g06695	0	8	2	9	0.0	0.48538011695906447	1.0	1.0
g08141	0	8	2	9	0.0	0.48538011695906447	1.0	1.0
g08065	0	8	2	9	0.0	0.48538011695906447	1.0	1.0
g06084	0	8	2	9	0.0	0.48538011695906447	1.0	1.0
g07214	0	8	2	9	0.0	0.48538011695906447	1.0	1.0
g04640	0	8	2	9	0.0	0.48538011695906447	1.0	1.0
g07343	0	8	2	9	0.0	0.48538011695906447	1.0	1.0
g05287	0	8	2	9	0.0	0.48538011695906447	1.0	1.0
g05017	0	8	2	9	0.0	0.48538011695906447	1.0	1.0
g09147	0	8	2	9	0.0	0.48538011695906447	1.0	1.0
g05600	0	8	2	9	0.0	0.48538011695906447	1.0	1.0
g08215	0	8	2	9	0.0	0.48538011695906447	1.0	1.0
g08302	0	8	2	9	0.0	0.48538011695906447	1.0	1.0
g07761	0	8	2	9	0.0	0.48538011695906447	1.0	1.0
g05797	0	8	2	9	0.0	0.48538011695906447	1.0	1.0
g08546	0	8	2	9	0.0	0.48538011695906447	1.0	1.0
g09202	0	8	2	9	0.0	0.48538011695906447	1.0	1.0
g08487	0	8	2	9	0.0	0.48538011695906447	1.0	1.0
g08767	0	8	2	9	0.0	0.48538011695906447	1.0	1.0
g09041	0	8	2	9	0.0	0.48538011695906447	1.0	1.0
g09190	0	8	2	9	0.0	0.48538011695906447	1.0	1.0
g06681	0	8	2	9	0.0	0.48538011695906447	1.0	1.0
g04283	0	8	2	9	0.0	0.48538011695906447	1.0	1.0
g04355	0	8	2	9	0.0	0.48538011695906447	1.0	1.0
g06197	0	8	2	9	0.0	0.48538011695906447	1.0	1.0
g08439	0	8	2	9	0.0	0.48538011695906447	1.0	1.0
g04657	0	8	2	9	0.0	0.48538011695906447	1.0	1.0
g08531	0	8	2	9	0.0	0.48538011695906447	1.0	1.0
g07128	0	8	2	9	0.0	0.48538011695906447	1.0	1.0
g08680	0	8	2	9	0.0	0.48538011695906447	1.0	1.0
g09303	0	8	2	9	0.0	0.48538011695906447	1.0	1.0
g08833	0	8	2	9	0.0	0.48538011695906447	1.0	1.0
g08294	0	8	2	9	0.0	0.48538011695906447	1.0	1.0
g06503	0	8	2	9	0.0	0.48538011695906447	1.0	1.0
g07315	0	8	2	9	0.0	0.48538011695906447	1.0	1.0
g07722	0	8	2	9	0.0	0.48538011695906447	1.0	1.0
g07361	0	8	2	9	0.0	0.48538011695906447	1.0	1.0
g04669	0	8	2	9	0.0	0.48538011695906447	1.0	1.0
g08590	0	8	2	9	0.0	0.48538011695906447	1.0	1.0
g08894	0	8	2	9	0.0	0.48538011695906447	1.0	1.0
g08893	0	8	2	9	0.0	0.48538011695906447	1.0	1.0
g05393	0	8	2	9	0.0	0.48538011695906447	1.0	1.0
g06023	0	8	2	9	0.0	0.48538011695906447	1.0	1.0
g04789	0	8	2	9	0.0	0.48538011695906447	1.0	1.0
g05996	0	8	2	9	0.0	0.48538011695906447	1.0	1.0
g08138	0	8	2	9	0.0	0.48538011695906447	1.0	1.0
g05932	0	8	2	9	0.0	0.48538011695906447	1.0	1.0
g07732	0	8	2	9	0.0	0.48538011695906447	1.0	1.0
g08769	0	8	2	9	0.0	0.48538011695906447	1.0	1.0
g06093	0	8	2	9	0.0	0.48538011695906447	1.0	1.0
g06121	0	8	2	9	0.0	0.48538011695906447	1.0	1.0
g06899	0	8	2	9	0.0	0.48538011695906447	1.0	1.0
g06410	0	8	2	9	0.0	0.48538011695906447	1.0	1.0
g04205	0	8	2	9	0.0	0.48538011695906447	1.0	1.0
g03980	0	8	2	9	0.0	0.48538011695906447	1.0	1.0
g07594	0	8	2	9	0.0	0.48538011695906447	1.0	1.0
g08699	0	8	2	9	0.0	0.48538011695906447	1.0	1.0
g03826	0	8	2	9	0.0	0.48538011695906447	1.0	1.0
g03876	0	8	2	9	0.0	0.48538011695906447	1.0	1.0
g06140	0	8	2	9	0.0	0.48538011695906447	1.0	1.0
g09194	0	8	2	9	0.0	0.48538011695906447	1.0	1.0
g06544	0	8	2	9	0.0	0.48538011695906447	1.0	1.0
g04762	0	8	2	9	0.0	0.48538011695906447	1.0	1.0
g05325	0	8	2	9	0.0	0.48538011695906447	1.0	1.0
g06686	0	8	2	9	0.0	0.48538011695906447	1.0	1.0
g05693	0	8	2	9	0.0	0.48538011695906447	1.0	1.0
g09527	0	8	2	9	0.0	0.48538011695906447	1.0	1.0
g08891	0	8	2	9	0.0	0.48538011695906447	1.0	1.0
g05162	0	8	2	9	0.0	0.48538011695906447	1.0	1.0
g07363	0	8	2	9	0.0	0.48538011695906447	1.0	1.0
g08687	0	8	2	9	0.0	0.48538011695906447	1.0	1.0
g04667	0	8	2	9	0.0	0.48538011695906447	1.0	1.0
g08945	0	8	2	9	0.0	0.48538011695906447	1.0	1.0
g04486	0	8	2	9	0.0	0.48538011695906447	1.0	1.0
g06919	0	8	2	9	0.0	0.48538011695906447	1.0	1.0
g05065	0	8	2	9	0.0	0.48538011695906447	1.0	1.0
g07741	0	8	2	9	0.0	0.48538011695906447	1.0	1.0
g07063	0	8	2	9	0.0	0.48538011695906447	1.0	1.0
g03853	0	8	2	9	0.0	0.48538011695906447	1.0	1.0
g04122	0	8	2	9	0.0	0.48538011695906447	1.0	1.0
g04652	0	8	2	9	0.0	0.48538011695906447	1.0	1.0
g08033	0	8	2	9	0.0	0.48538011695906447	1.0	1.0
g05492	0	8	2	9	0.0	0.48538011695906447	1.0	1.0
g07905	0	8	2	9	0.0	0.48538011695906447	1.0	1.0
g08304	0	8	2	9	0.0	0.48538011695906447	1.0	1.0
g05853	0	8	2	9	0.0	0.48538011695906447	1.0	1.0
g08518	0	8	2	9	0.0	0.48538011695906447	1.0	1.0
g09391	0	8	2	9	0.0	0.48538011695906447	1.0	1.0
g08641	0	8	2	9	0.0	0.48538011695906447	1.0	1.0
g06892	0	8	2	9	0.0	0.48538011695906447	1.0	1.0
g09523	0	8	2	9	0.0	0.48538011695906447	1.0	1.0
g07678	0	8	2	9	0.0	0.48538011695906447	1.0	1.0
g08167	0	8	2	9	0.0	0.48538011695906447	1.0	1.0
g05360	0	8	2	9	0.0	0.48538011695906447	1.0	1.0
g08225	0	8	2	9	0.0	0.48538011695906447	1.0	1.0
g06795	0	8	2	9	0.0	0.48538011695906447	1.0	1.0
g06568	0	8	2	9	0.0	0.48538011695906447	1.0	1.0
g08144	0	8	2	9	0.0	0.48538011695906447	1.0	1.0
g09472	0	8	2	9	0.0	0.48538011695906447	1.0	1.0
g05126	0	8	2	9	0.0	0.48538011695906447	1.0	1.0
g09005	0	8	2	9	0.0	0.48538011695906447	1.0	1.0
g08557	0	8	2	9	0.0	0.48538011695906447	1.0	1.0
g08311	0	8	2	9	0.0	0.48538011695906447	1.0	1.0
g04422	0	8	2	9	0.0	0.48538011695906447	1.0	1.0
g04058	0	8	2	9	0.0	0.48538011695906447	1.0	1.0
g04116	0	8	2	9	0.0	0.48538011695906447	1.0	1.0
g07987	0	8	2	9	0.0	0.48538011695906447	1.0	1.0
g06318	0	8	2	9	0.0	0.48538011695906447	1.0	1.0
g09505	0	8	2	9	0.0	0.48538011695906447	1.0	1.0
g07097	0	8	2	9	0.0	0.48538011695906447	1.0	1.0
g09422	0	8	2	9	0.0	0.48538011695906447	1.0	1.0
g06812	0	8	2	9	0.0	0.48538011695906447	1.0	1.0
g05156	0	8	2	9	0.0	0.48538011695906447	1.0	1.0
g04513	0	8	2	9	0.0	0.48538011695906447	1.0	1.0
g04507	0	8	2	9	0.0	0.48538011695906447	1.0	1.0
g04279	0	8	2	9	0.0	0.48538011695906447	1.0	1.0
g07954	0	8	2	9	0.0	0.48538011695906447	1.0	1.0
g06979	0	8	2	9	0.0	0.48538011695906447	1.0	1.0
g04524	0	8	2	9	0.0	0.48538011695906447	1.0	1.0
g06173	0	8	2	9	0.0	0.48538011695906447	1.0	1.0
g04359	0	8	2	9	0.0	0.48538011695906447	1.0	1.0
g04685	0	8	2	9	0.0	0.48538011695906447	1.0	1.0
g04193	0	8	2	9	0.0	0.48538011695906447	1.0	1.0
g07419	0	8	2	9	0.0	0.48538011695906447	1.0	1.0
g07258	0	8	2	9	0.0	0.48538011695906447	1.0	1.0
g05712	0	8	2	9	0.0	0.48538011695906447	1.0	1.0
g04542	0	8	2	9	0.0	0.48538011695906447	1.0	1.0
g05514	0	8	2	9	0.0	0.48538011695906447	1.0	1.0
g08776	0	8	2	9	0.0	0.48538011695906447	1.0	1.0
g09434	0	8	2	9	0.0	0.48538011695906447	1.0	1.0
g04050	0	8	2	9	0.0	0.48538011695906447	1.0	1.0
g04315	0	8	2	9	0.0	0.48538011695906447	1.0	1.0
g03985	0	8	2	9	0.0	0.48538011695906447	1.0	1.0
g03449	0	8	2	9	0.0	0.48538011695906447	1.0	1.0
g05799	0	8	2	9	0.0	0.48538011695906447	1.0	1.0
g09170	0	8	2	9	0.0	0.48538011695906447	1.0	1.0
g08613	0	8	2	9	0.0	0.48538011695906447	1.0	1.0
g04027	0	8	2	9	0.0	0.48538011695906447	1.0	1.0
g05699	0	8	2	9	0.0	0.48538011695906447	1.0	1.0
g04734	0	8	2	9	0.0	0.48538011695906447	1.0	1.0
g04036	0	8	2	9	0.0	0.48538011695906447	1.0	1.0
g08272	0	8	2	9	0.0	0.48538011695906447	1.0	1.0
g06651	0	8	2	9	0.0	0.48538011695906447	1.0	1.0
g06791	0	8	2	9	0.0	0.48538011695906447	1.0	1.0
g03910	0	8	2	9	0.0	0.48538011695906447	1.0	1.0
g08091	0	8	2	9	0.0	0.48538011695906447	1.0	1.0
g04304	0	8	2	9	0.0	0.48538011695906447	1.0	1.0
g06488	0	8	2	9	0.0	0.48538011695906447	1.0	1.0
g08285	0	8	2	9	0.0	0.48538011695906447	1.0	1.0
g04045	0	8	2	9	0.0	0.48538011695906447	1.0	1.0
g05123	0	8	2	9	0.0	0.48538011695906447	1.0	1.0
g05805	0	8	2	9	0.0	0.48538011695906447	1.0	1.0
g06827	0	8	2	9	0.0	0.48538011695906447	1.0	1.0
g05517	0	8	2	9	0.0	0.48538011695906447	1.0	1.0
g09008	0	8	2	9	0.0	0.48538011695906447	1.0	1.0
g04610	0	8	2	9	0.0	0.48538011695906447	1.0	1.0
g06653	0	8	2	9	0.0	0.48538011695906447	1.0	1.0
g03984	0	8	2	9	0.0	0.48538011695906447	1.0	1.0
g08998	0	8	2	9	0.0	0.48538011695906447	1.0	1.0
g03757	0	8	2	9	0.0	0.48538011695906447	1.0	1.0
g08950	0	8	2	9	0.0	0.48538011695906447	1.0	1.0
g04485	0	8	2	9	0.0	0.48538011695906447	1.0	1.0
g09352	0	8	2	9	0.0	0.48538011695906447	1.0	1.0
g03995	0	8	2	9	0.0	0.48538011695906447	1.0	1.0
g08170	0	8	2	9	0.0	0.48538011695906447	1.0	1.0
g04220	0	8	2	9	0.0	0.48538011695906447	1.0	1.0
g06884	0	8	2	9	0.0	0.48538011695906447	1.0	1.0
g05893	0	8	2	9	0.0	0.48538011695906447	1.0	1.0
g06793	0	8	2	9	0.0	0.48538011695906447	1.0	1.0
g09353	0	8	2	9	0.0	0.48538011695906447	1.0	1.0
g04004	0	8	2	9	0.0	0.48538011695906447	1.0	1.0
g06188	0	8	2	9	0.0	0.48538011695906447	1.0	1.0
g07649	0	8	2	9	0.0	0.48538011695906447	1.0	1.0
g07659	0	8	2	9	0.0	0.48538011695906447	1.0	1.0
g05833	0	8	2	9	0.0	0.48538011695906447	1.0	1.0
g04501	0	8	2	9	0.0	0.48538011695906447	1.0	1.0
g04062	0	8	2	9	0.0	0.48538011695906447	1.0	1.0
g07181	0	8	2	9	0.0	0.48538011695906447	1.0	1.0
g09291	0	8	2	9	0.0	0.48538011695906447	1.0	1.0
g07701	0	8	2	9	0.0	0.48538011695906447	1.0	1.0
g09256	0	8	2	9	0.0	0.48538011695906447	1.0	1.0
g04057	0	8	2	9	0.0	0.48538011695906447	1.0	1.0
g04228	0	8	2	9	0.0	0.48538011695906447	1.0	1.0
g05499	0	8	2	9	0.0	0.48538011695906447	1.0	1.0
g09024	0	8	2	9	0.0	0.48538011695906447	1.0	1.0
g07455	0	8	2	9	0.0	0.48538011695906447	1.0	1.0
g06311	0	8	2	9	0.0	0.48538011695906447	1.0	1.0
g07411	0	8	2	9	0.0	0.48538011695906447	1.0	1.0
g08705	0	8	2	9	0.0	0.48538011695906447	1.0	1.0
g04144	0	8	2	9	0.0	0.48538011695906447	1.0	1.0
g04664	0	8	2	9	0.0	0.48538011695906447	1.0	1.0
g04025	0	8	2	9	0.0	0.48538011695906447	1.0	1.0
g06654	0	8	2	9	0.0	0.48538011695906447	1.0	1.0
g07443	0	8	2	9	0.0	0.48538011695906447	1.0	1.0
g07767	6	2	10	1	0.3	0.5459236326109389	1.0	1.0
g03722	6	2	10	1	0.3	0.5459236326109389	1.0	1.0
g08865	6	2	10	1	0.3	0.5459236326109389	1.0	1.0
g09329	2	6	1	10	3.3333333333333335	0.5459236326109389	1.0	1.0
g05472	2	6	1	10	3.3333333333333335	0.5459236326109389	1.0	1.0
g07035	2	6	1	10	3.3333333333333335	0.5459236326109389	1.0	1.0
g07133	2	6	1	10	3.3333333333333335	0.5459236326109389	1.0	1.0
g07174	2	6	1	10	3.3333333333333335	0.5459236326109389	1.0	1.0
g08220	2	6	1	10	3.3333333333333335	0.5459236326109389	1.0	1.0
g06367	2	6	1	10	3.3333333333333335	0.5459236326109389	1.0	1.0
g09215	2	6	1	10	3.3333333333333335	0.5459236326109389	1.0	1.0
g07939	2	6	1	10	3.3333333333333335	0.5459236326109389	1.0	1.0
g06312	2	6	1	10	3.3333333333333335	0.5459236326109389	1.0	1.0
g06542	2	6	1	10	3.3333333333333335	0.5459236326109389	1.0	1.0
g08344	2	6	1	10	3.3333333333333335	0.5459236326109389	1.0	1.0
g06506	2	6	1	10	3.3333333333333335	0.5459236326109389	1.0	1.0
g08690	2	6	1	10	3.3333333333333335	0.5459236326109389	1.0	1.0
g06508	2	6	1	10	3.3333333333333335	0.5459236326109389	1.0	1.0
g08027	2	6	1	10	3.3333333333333335	0.5459236326109389	1.0	1.0
g06345	2	6	1	10	3.3333333333333335	0.5459236326109389	1.0	1.0
g07970	2	6	1	10	3.3333333333333335	0.5459236326109389	1.0	1.0
g07802	2	6	1	10	3.3333333333333335	0.5459236326109389	1.0	1.0
g06881	2	6	1	10	3.3333333333333335	0.5459236326109389	1.0	1.0
g09070	2	6	1	10	3.3333333333333335	0.5459236326109389	1.0	1.0
g07179	2	6	1	10	3.3333333333333335	0.5459236326109389	1.0	1.0
g06361	2	6	1	10	3.3333333333333335	0.5459236326109389	1.0	1.0
g07384	2	6	1	10	3.3333333333333335	0.5459236326109389	1.0	1.0
g06981	2	6	1	10	3.3333333333333335	0.5459236326109389	1.0	1.0
g05814	2	6	1	10	3.3333333333333335	0.5459236326109389	1.0	1.0
g06098	2	6	1	10	3.3333333333333335	0.5459236326109389	1.0	1.0
g06070	2	6	1	10	3.3333333333333335	0.5459236326109389	1.0	1.0
g04884	2	6	1	10	3.3333333333333335	0.5459236326109389	1.0	1.0
g03794	2	6	1	10	3.3333333333333335	0.5459236326109389	1.0	1.0
g04313	2	6	1	10	3.3333333333333335	0.5459236326109389	1.0	1.0
g04209	2	6	1	10	3.3333333333333335	0.5459236326109389	1.0	1.0
g06031	2	6	1	10	3.3333333333333335	0.5459236326109389	1.0	1.0
g04229	2	6	1	10	3.3333333333333335	0.5459236326109389	1.0	1.0
g04084	2	6	1	10	3.3333333333333335	0.5459236326109389	1.0	1.0
g06005	2	6	1	10	3.3333333333333335	0.5459236326109389	1.0	1.0
g03905	2	6	1	10	3.3333333333333335	0.5459236326109389	1.0	1.0
g07238	2	6	1	10	3.3333333333333335	0.5459236326109389	1.0	1.0
g06317	2	6	1	10	3.3333333333333335	0.5459236326109389	1.0	1.0
g03845	2	6	1	10	3.3333333333333335	0.5459236326109389	1.0	1.0
g05356	2	6	1	10	3.3333333333333335	0.5459236326109389	1.0	1.0
g08121	2	6	1	10	3.3333333333333335	0.5459236326109389	1.0	1.0
g07067	2	6	1	10	3.3333333333333335	0.5459236326109389	1.0	1.0
g07398	2	6	1	10	3.3333333333333335	0.5459236326109389	1.0	1.0
g03998	2	6	1	10	3.3333333333333335	0.5459236326109389	1.0	1.0
g04095	2	6	1	10	3.3333333333333335	0.5459236326109389	1.0	1.0
g03971	2	6	1	10	3.3333333333333335	0.5459236326109389	1.0	1.0
g06936	2	6	1	10	3.3333333333333335	0.5459236326109389	1.0	1.0
g04179	2	6	1	10	3.3333333333333335	0.5459236326109389	1.0	1.0
g08599	2	6	1	10	3.3333333333333335	0.5459236326109389	1.0	1.0
g05332	7	1	8	3	2.625	0.6026831785345717	1.0	1.0
g06861	7	1	8	3	2.625	0.6026831785345717	1.0	1.0
g04387	7	1	8	3	2.625	0.6026831785345717	1.0	1.0
g03249	7	1	8	3	2.625	0.6026831785345717	1.0	1.0
g03828	7	1	8	3	2.625	0.6026831785345717	1.0	1.0
g04265	7	1	8	3	2.625	0.6026831785345717	1.0	1.0
g04659	7	1	8	3	2.625	0.6026831785345717	1.0	1.0
g03347	7	1	8	3	2.625	0.6026831785345717	1.0	1.0
g04175	7	1	8	3	2.625	0.6026831785345717	1.0	1.0
g07540	7	1	8	3	2.625	0.6026831785345717	1.0	1.0
g04237	7	1	8	3	2.625	0.6026831785345717	1.0	1.0
g03323	7	1	8	3	2.625	0.6026831785345717	1.0	1.0
g03778	7	1	8	3	2.625	0.6026831785345717	1.0	1.0
g03360	7	1	8	3	2.625	0.6026831785345717	1.0	1.0
g03230	7	1	8	3	2.625	0.6026831785345717	1.0	1.0
g09300	7	1	8	3	2.625	0.6026831785345717	1.0	1.0
g03043	7	1	8	3	2.625	0.6026831785345717	1.0	1.0
g04072	7	1	8	3	2.625	0.6026831785345717	1.0	1.0
g07620	7	1	8	3	2.625	0.6026831785345717	1.0	1.0
g03215	7	1	8	3	2.625	0.6026831785345717	1.0	1.0
g03162	7	1	8	3	2.625	0.6026831785345717	1.0	1.0
g04994	7	1	8	3	2.625	0.6026831785345717	1.0	1.0
g06770	1	7	3	8	0.38095238095238093	0.6026831785345717	1.0	1.0
g07596	1	7	3	8	0.38095238095238093	0.6026831785345717	1.0	1.0
g08822	1	7	3	8	0.38095238095238093	0.6026831785345717	1.0	1.0
g04425	1	7	3	8	0.38095238095238093	0.6026831785345717	1.0	1.0
g04517	1	7	3	8	0.38095238095238093	0.6026831785345717	1.0	1.0
g05764	1	7	3	8	0.38095238095238093	0.6026831785345717	1.0	1.0
g08509	1	7	3	8	0.38095238095238093	0.6026831785345717	1.0	1.0
g05167	1	7	3	8	0.38095238095238093	0.6026831785345717	1.0	1.0
g08056	1	7	3	8	0.38095238095238093	0.6026831785345717	1.0	1.0
g04728	1	7	3	8	0.38095238095238093	0.6026831785345717	1.0	1.0
g08097	1	7	3	8	0.38095238095238093	0.6026831785345717	1.0	1.0
g06689	1	7	3	8	0.38095238095238093	0.6026831785345717	1.0	1.0
g03586	1	7	3	8	0.38095238095238093	0.6026831785345717	1.0	1.0
g03447	1	7	3	8	0.38095238095238093	0.6026831785345717	1.0	1.0
g04912	1	7	3	8	0.38095238095238093	0.6026831785345717	1.0	1.0
g04924	1	7	3	8	0.38095238095238093	0.6026831785345717	1.0	1.0
g08652	1	7	3	8	0.38095238095238093	0.6026831785345717	1.0	1.0
g06495	1	7	3	8	0.38095238095238093	0.6026831785345717	1.0	1.0
g08902	1	7	3	8	0.38095238095238093	0.6026831785345717	1.0	1.0
g04570	1	7	3	8	0.38095238095238093	0.6026831785345717	1.0	1.0
g04343	1	7	3	8	0.38095238095238093	0.6026831785345717	1.0	1.0
g03807	1	7	3	8	0.38095238095238093	0.6026831785345717	1.0	1.0
g04862	1	7	3	8	0.38095238095238093	0.6026831785345717	1.0	1.0
g04828	1	7	3	8	0.38095238095238093	0.6026831785345717	1.0	1.0
g08117	1	7	3	8	0.38095238095238093	0.6026831785345717	1.0	1.0
g06783	1	7	3	8	0.38095238095238093	0.6026831785345717	1.0	1.0
g03797	1	7	3	8	0.38095238095238093	0.6026831785345717	1.0	1.0
g08685	1	7	3	8	0.38095238095238093	0.6026831785345717	1.0	1.0
g06370	1	7	3	8	0.38095238095238093	0.6026831785345717	1.0	1.0
g08146	1	7	3	8	0.38095238095238093	0.6026831785345717	1.0	1.0
g07184	1	7	3	8	0.38095238095238093	0.6026831785345717	1.0	1.0
g07744	1	7	3	8	0.38095238095238093	0.6026831785345717	1.0	1.0
g07804	1	7	3	8	0.38095238095238093	0.6026831785345717	1.0	1.0
g06459	1	7	3	8	0.38095238095238093	0.6026831785345717	1.0	1.0
g05575	1	7	3	8	0.38095238095238093	0.6026831785345717	1.0	1.0
g09117	1	7	3	8	0.38095238095238093	0.6026831785345717	1.0	1.0
g08366	1	7	3	8	0.38095238095238093	0.6026831785345717	1.0	1.0
g07049	1	7	3	8	0.38095238095238093	0.6026831785345717	1.0	1.0
g05572	1	7	3	8	0.38095238095238093	0.6026831785345717	1.0	1.0
g05654	1	7	3	8	0.38095238095238093	0.6026831785345717	1.0	1.0
g03570	1	7	3	8	0.38095238095238093	0.6026831785345717	1.0	1.0
g04553	1	7	3	8	0.38095238095238093	0.6026831785345717	1.0	1.0
g04069	1	7	3	8	0.38095238095238093	0.6026831785345717	1.0	1.0
g03603	1	7	3	8	0.38095238095238093	0.6026831785345717	1.0	1.0
g03507	1	7	3	8	0.38095238095238093	0.6026831785345717	1.0	1.0
g03657	1	7	3	8	0.38095238095238093	0.6026831785345717	1.0	1.0
g03584	1	7	3	8	0.38095238095238093	0.6026831785345717	1.0	1.0
g04026	1	7	3	8	0.38095238095238093	0.6026831785345717	1.0	1.0
g05744	1	7	3	8	0.38095238095238093	0.6026831785345717	1.0	1.0
g06253	1	7	3	8	0.38095238095238093	0.6026831785345717	1.0	1.0
g06230	1	7	3	8	0.38095238095238093	0.6026831785345717	1.0	1.0
g05338	1	7	3	8	0.38095238095238093	0.6026831785345717	1.0	1.0
g05249	1	7	3	8	0.38095238095238093	0.6026831785345717	1.0	1.0
g04117	1	7	3	8	0.38095238095238093	0.6026831785345717	1.0	1.0
g04100	1	7	3	8	0.38095238095238093	0.6026831785345717	1.0	1.0
g03167	1	7	3	8	0.38095238095238093	0.6026831785345717	1.0	1.0
g09377	1	7	3	8	0.38095238095238093	0.6026831785345717	1.0	1.0
g03856	1	7	3	8	0.38095238095238093	0.6026831785345717	1.0	1.0
g04078	1	7	3	8	0.38095238095238093	0.6026831785345717	1.0	1.0
g04186	1	7	3	8	0.38095238095238093	0.6026831785345717	1.0	1.0
g03525	1	7	3	8	0.38095238095238093	0.6026831785345717	1.0	1.0
g06152	1	7	3	8	0.38095238095238093	0.6026831785345717	1.0	1.0
g04018	1	7	3	8	0.38095238095238093	0.6026831785345717	1.0	1.0
g07385	1	7	3	8	0.38095238095238093	0.6026831785345717	1.0	1.0
g03122	1	7	3	8	0.38095238095238093	0.6026831785345717	1.0	1.0
g03515	1	7	3	8	0.38095238095238093	0.6026831785345717	1.0	1.0
g08906	1	7	3	8	0.38095238095238093	0.6026831785345717	1.0	1.0
g08126	1	7	3	8	0.38095238095238093	0.6026831785345717	1.0	1.0
g08679	1	7	3	8	0.38095238095238093	0.6026831785345717	1.0	1.0
g03517	1	7	3	8	0.38095238095238093	0.6026831785345717	1.0	1.0
g06481	1	7	3	8	0.38095238095238093	0.6026831785345717	1.0	1.0
g09182	1	7	3	8	0.38095238095238093	0.6026831785345717	1.0	1.0
g04015	1	7	3	8	0.38095238095238093	0.6026831785345717	1.0	1.0
g03448	1	7	3	8	0.38095238095238093	0.6026831785345717	1.0	1.0
g04077	1	7	3	8	0.38095238095238093	0.6026831785345717	1.0	1.0
g05442	1	7	3	8	0.38095238095238093	0.6026831785345717	1.0	1.0
g03785	1	7	3	8	0.38095238095238093	0.6026831785345717	1.0	1.0
g03644	5	3	9	2	0.37037037037037035	0.602683178534572	1.0	1.0
g03435	5	3	9	2	0.37037037037037035	0.602683178534572	1.0	1.0
g04959	5	3	9	2	0.37037037037037035	0.602683178534572	1.0	1.0
g07295	3	5	2	9	2.7	0.6026831785345721	1.0	1.0
g09349	3	5	2	9	2.7	0.6026831785345721	1.0	1.0
g09057	3	5	2	9	2.7	0.6026831785345721	1.0	1.0
g07520	3	5	2	9	2.7	0.6026831785345721	1.0	1.0
g04970	3	5	2	9	2.7	0.6026831785345721	1.0	1.0
g08228	3	5	2	9	2.7	0.6026831785345721	1.0	1.0
g07490	3	5	2	9	2.7	0.6026831785345721	1.0	1.0
g07488	3	5	2	9	2.7	0.6026831785345721	1.0	1.0
g05112	3	5	2	9	2.7	0.6026831785345721	1.0	1.0
g04826	3	5	2	9	2.7	0.6026831785345721	1.0	1.0
g06434	3	5	2	9	2.7	0.6026831785345721	1.0	1.0
g08183	3	5	2	9	2.7	0.6026831785345721	1.0	1.0
g06391	3	5	2	9	2.7	0.6026831785345721	1.0	1.0
g08572	3	5	2	9	2.7	0.6026831785345721	1.0	1.0
g07275	3	5	2	9	2.7	0.6026831785345721	1.0	1.0
g05066	3	5	2	9	2.7	0.6026831785345721	1.0	1.0
g04770	3	5	2	9	2.7	0.6026831785345721	1.0	1.0
g09077	3	5	2	9	2.7	0.6026831785345721	1.0	1.0
g07094	3	5	2	9	2.7	0.6026831785345721	1.0	1.0
g07114	3	5	2	9	2.7	0.6026831785345721	1.0	1.0
g05382	3	5	2	9	2.7	0.6026831785345721	1.0	1.0
g05198	3	5	2	9	2.7	0.6026831785345721	1.0	1.0
g05640	3	5	2	9	2.7	0.6026831785345721	1.0	1.0
g08996	3	5	2	9	2.7	0.6026831785345721	1.0	1.0
g04442	3	5	2	9	2.7	0.6026831785345721	1.0	1.0
g09435	3	5	2	9	2.7	0.6026831785345721	1.0	1.0
g07244	3	5	2	9	2.7	0.6026831785345721	1.0	1.0
g05293	3	5	2	9	2.7	0.6026831785345721	1.0	1.0
g04407	3	5	2	9	2.7	0.6026831785345721	1.0	1.0
g04339	3	5	2	9	2.7	0.6026831785345721	1.0	1.0
g03783	3	5	2	9	2.7	0.6026831785345721	1.0	1.0
g07716	3	5	2	9	2.7	0.6026831785345721	1.0	1.0
g05150	3	5	2	9	2.7	0.6026831785345721	1.0	1.0
g06380	3	5	2	9	2.7	0.6026831785345721	1.0	1.0
g04383	3	5	2	9	2.7	0.6026831785345721	1.0	1.0
g04294	3	5	2	9	2.7	0.6026831785345721	1.0	1.0
g09175	3	5	2	9	2.7	0.6026831785345721	1.0	1.0
g07628	3	5	2	9	2.7	0.6026831785345721	1.0	1.0
g05732	3	5	2	9	2.7	0.6026831785345721	1.0	1.0
g08656	3	5	2	9	2.7	0.6026831785345721	1.0	1.0
g04549	3	5	2	9	2.7	0.6026831785345721	1.0	1.0
g08609	3	5	2	9	2.7	0.6026831785345721	1.0	1.0
g09479	3	5	2	9	2.7	0.6026831785345721	1.0	1.0
g03846	3	5	2	9	2.7	0.6026831785345721	1.0	1.0
g04143	3	5	2	9	2.7	0.6026831785345721	1.0	1.0
g08479	3	5	2	9	2.7	0.6026831785345721	1.0	1.0
g04590	3	5	2	9	2.7	0.6026831785345721	1.0	1.0
g03842	3	5	2	9	2.7	0.6026831785345721	1.0	1.0
g03917	3	5	2	9	2.7	0.6026831785345721	1.0	1.0
g08242	3	5	2	9	2.7	0.6026831785345721	1.0	1.0
g07731	3	5	2	9	2.7	0.6026831785345721	1.0	1.0
g06554	3	5	2	9	2.7	0.6026831785345721	1.0	1.0
g03809	3	5	2	9	2.7	0.6026831785345721	1.0	1.0
g08694	3	5	2	9	2.7	0.6026831785345721	1.0	1.0
g09126	3	5	2	9	2.7	0.6026831785345721	1.0	1.0
g06222	3	5	2	9	2.7	0.6026831785345721	1.0	1.0
g04938	3	5	2	9	2.7	0.6026831785345721	1.0	1.0
g08477	3	5	2	9	2.7	0.6026831785345721	1.0	1.0
g04985	3	5	2	9	2.7	0.6026831785345721	1.0	1.0
g06829	3	5	2	9	2.7	0.6026831785345721	1.0	1.0
g03792	3	5	2	9	2.7	0.6026831785345721	1.0	1.0
g03425	3	5	2	9	2.7	0.6026831785345721	1.0	1.0
g03654	3	5	2	9	2.7	0.6026831785345721	1.0	1.0
g04009	3	5	2	9	2.7	0.6026831785345721	1.0	1.0
g04024	3	5	2	9	2.7	0.6026831785345721	1.0	1.0
g06097	3	5	2	9	2.7	0.6026831785345721	1.0	1.0
g05809	3	5	2	9	2.7	0.6026831785345721	1.0	1.0
g03687	3	5	2	9	2.7	0.6026831785345721	1.0	1.0
g04531	3	5	2	9	2.7	0.6026831785345721	1.0	1.0
g07342	3	5	2	9	2.7	0.6026831785345721	1.0	1.0
g05040	3	5	2	9	2.7	0.6026831785345721	1.0	1.0
g09129	3	5	2	9	2.7	0.6026831785345721	1.0	1.0
g04385	3	5	2	9	2.7	0.6026831785345721	1.0	1.0
g04003	3	5	2	9	2.7	0.6026831785345721	1.0	1.0
g03735	3	5	2	9	2.7	0.6026831785345721	1.0	1.0
g08955	3	5	2	9	2.7	0.6026831785345721	1.0	1.0
g04426	3	5	2	9	2.7	0.6026831785345721	1.0	1.0
g09283	3	5	2	9	2.7	0.6026831785345721	1.0	1.0
g05903	3	5	2	9	2.7	0.6026831785345721	1.0	1.0
g03931	3	5	2	9	2.7	0.6026831785345721	1.0	1.0
g03798	3	5	2	9	2.7	0.6026831785345721	1.0	1.0
g04159	3	5	2	9	2.7	0.6026831785345721	1.0	1.0
g04223	3	5	2	9	2.7	0.6026831785345721	1.0	1.0
g08296	3	5	2	9	2.7	0.6026831785345721	1.0	1.0
g03928	3	5	2	9	2.7	0.6026831785345721	1.0	1.0
g06213	6	2	6	5	2.5	0.6332460109549884	1.0	1.0
g08387	6	2	6	5	2.5	0.6332460109549884	1.0	1.0
g03166	6	2	6	5	2.5	0.6332460109549884	1.0	1.0
g03505	6	2	6	5	2.5	0.6332460109549884	1.0	1.0
g08451	6	2	6	5	2.5	0.6332460109549884	1.0	1.0
g03714	2	6	5	6	0.4	0.6332460109549884	1.0	1.0
g09050	2	6	5	6	0.4	0.6332460109549884	1.0	1.0
g09356	2	6	5	6	0.4	0.6332460109549884	1.0	1.0
g08411	2	6	5	6	0.4	0.6332460109549884	1.0	1.0
g09367	2	6	5	6	0.4	0.6332460109549884	1.0	1.0
g08037	2	6	5	6	0.4	0.6332460109549884	1.0	1.0
g04108	2	6	5	6	0.4	0.6332460109549884	1.0	1.0
g07558	2	6	5	6	0.4	0.6332460109549884	1.0	1.0
g08334	2	6	5	6	0.4	0.6332460109549884	1.0	1.0
g05615	2	6	5	6	0.4	0.6332460109549884	1.0	1.0
g05313	2	6	5	6	0.4	0.6332460109549884	1.0	1.0
g04760	2	6	5	6	0.4	0.6332460109549884	1.0	1.0
g08098	2	6	5	6	0.4	0.6332460109549884	1.0	1.0
g06131	2	6	5	6	0.4	0.6332460109549884	1.0	1.0
g07255	2	6	5	6	0.4	0.6332460109549884	1.0	1.0
g08064	2	6	5	6	0.4	0.6332460109549884	1.0	1.0
g07444	2	6	5	6	0.4	0.6332460109549884	1.0	1.0
g04650	2	6	5	6	0.4	0.6332460109549884	1.0	1.0
g06180	2	6	5	6	0.4	0.6332460109549884	1.0	1.0
g04940	2	6	5	6	0.4	0.6332460109549884	1.0	1.0
g06806	2	6	5	6	0.4	0.6332460109549884	1.0	1.0
g04575	2	6	5	6	0.4	0.6332460109549884	1.0	1.0
g05240	2	6	5	6	0.4	0.6332460109549884	1.0	1.0
g05362	2	6	5	6	0.4	0.6332460109549884	1.0	1.0
g06862	2	6	5	6	0.4	0.6332460109549884	1.0	1.0
g05450	2	6	5	6	0.4	0.6332460109549884	1.0	1.0
g06541	2	6	5	6	0.4	0.6332460109549884	1.0	1.0
g04203	2	6	5	6	0.4	0.6332460109549884	1.0	1.0
g09085	2	6	5	6	0.4	0.6332460109549884	1.0	1.0
g03993	2	6	5	6	0.4	0.6332460109549884	1.0	1.0
g04054	2	6	5	6	0.4	0.6332460109549884	1.0	1.0
g07018	2	6	5	6	0.4	0.6332460109549884	1.0	1.0
g03742	2	6	5	6	0.4	0.6332460109549884	1.0	1.0
g04708	2	6	5	6	0.4	0.6332460109549884	1.0	1.0
g04439	2	6	5	6	0.4	0.6332460109549884	1.0	1.0
g06425	2	6	5	6	0.4	0.6332460109549884	1.0	1.0
g08859	2	6	5	6	0.4	0.6332460109549884	1.0	1.0
g04929	2	6	5	6	0.4	0.6332460109549884	1.0	1.0
g06492	2	6	5	6	0.4	0.6332460109549884	1.0	1.0
g09054	2	6	5	6	0.4	0.6332460109549884	1.0	1.0
g03572	2	6	5	6	0.4	0.6332460109549884	1.0	1.0
g04653	2	6	5	6	0.4	0.6332460109549884	1.0	1.0
g07039	2	6	5	6	0.4	0.6332460109549884	1.0	1.0
g06539	2	6	5	6	0.4	0.6332460109549884	1.0	1.0
g09075	2	6	5	6	0.4	0.6332460109549884	1.0	1.0
g04872	2	6	5	6	0.4	0.6332460109549884	1.0	1.0
g04651	2	6	5	6	0.4	0.6332460109549884	1.0	1.0
g03863	2	6	5	6	0.4	0.6332460109549884	1.0	1.0
g03491	2	6	5	6	0.4	0.6332460109549884	1.0	1.0
g05972	2	6	5	6	0.4	0.6332460109549884	1.0	1.0
g08131	2	6	5	6	0.4	0.6332460109549884	1.0	1.0
g03227	2	6	5	6	0.4	0.6332460109549884	1.0	1.0
g03433	2	6	5	6	0.4	0.6332460109549884	1.0	1.0
g07980	2	6	5	6	0.4	0.6332460109549884	1.0	1.0
g04278	2	6	5	6	0.4	0.6332460109549884	1.0	1.0
g09417	2	6	5	6	0.4	0.6332460109549884	1.0	1.0
g04176	2	6	5	6	0.4	0.6332460109549884	1.0	1.0
g07108	5	3	5	6	2.0	0.6499166468206711	1.0	1.0
g07746	5	3	5	6	2.0	0.6499166468206711	1.0	1.0
g03395	5	3	5	6	2.0	0.6499166468206711	1.0	1.0
g04433	5	3	5	6	2.0	0.6499166468206711	1.0	1.0
g03813	3	5	6	5	0.5	0.6499166468206711	1.0	1.0
g04565	3	5	6	5	0.5	0.6499166468206711	1.0	1.0
g04349	3	5	6	5	0.5	0.6499166468206711	1.0	1.0
g04274	3	5	6	5	0.5	0.6499166468206711	1.0	1.0
g03317	3	5	6	5	0.5	0.6499166468206711	1.0	1.0
g05418	3	5	6	5	0.5	0.6499166468206711	1.0	1.0
g05664	3	5	6	5	0.5	0.6499166468206711	1.0	1.0
g03504	3	5	6	5	0.5	0.6499166468206711	1.0	1.0
g04093	3	5	6	5	0.5	0.6499166468206711	1.0	1.0
g03034	3	5	6	5	0.5	0.6499166468206711	1.0	1.0
g03168	3	5	6	5	0.5	0.6499166468206711	1.0	1.0
g05231	3	5	6	5	0.5	0.6499166468206711	1.0	1.0
g04184	3	5	6	5	0.5	0.6499166468206711	1.0	1.0
g03300	3	5	6	5	0.5	0.6499166468206711	1.0	1.0
g03629	3	5	6	5	0.5	0.6499166468206711	1.0	1.0
g03123	3	5	6	5	0.5	0.6499166468206711	1.0	1.0
g03580	3	5	6	5	0.5	0.6499166468206711	1.0	1.0
g04222	3	5	6	5	0.5	0.6499166468206711	1.0	1.0
g03534	3	5	6	5	0.5	0.6499166468206711	1.0	1.0
g03485	3	5	6	5	0.5	0.6499166468206711	1.0	1.0
g04165	4	4	7	4	0.5714285714285714	0.657696276891323	1.0	1.0
g04883	4	4	7	4	0.5714285714285714	0.657696276891323	1.0	1.0
g03965	4	4	7	4	0.5714285714285714	0.657696276891323	1.0	1.0
g04456	4	4	7	4	0.5714285714285714	0.657696276891323	1.0	1.0
g03492	4	4	7	4	0.5714285714285714	0.657696276891323	1.0	1.0
g04219	4	4	7	4	0.5714285714285714	0.657696276891323	1.0	1.0
g03190	4	4	7	4	0.5714285714285714	0.657696276891323	1.0	1.0
g03415	4	4	7	4	0.5714285714285714	0.657696276891323	1.0	1.0
g03561	4	4	7	4	0.5714285714285714	0.657696276891323	1.0	1.0
g07900	4	4	4	7	1.75	0.657696276891323	1.0	1.0
g06333	4	4	4	7	1.75	0.657696276891323	1.0	1.0
g05070	4	4	4	7	1.75	0.657696276891323	1.0	1.0
g04810	4	4	4	7	1.75	0.657696276891323	1.0	1.0
g03489	4	4	4	7	1.75	0.657696276891323	1.0	1.0
g03292	4	4	4	7	1.75	0.657696276891323	1.0	1.0
g03176	4	4	4	7	1.75	0.657696276891323	1.0	1.0
g04487	4	4	4	7	1.75	0.657696276891323	1.0	1.0
g08545	4	4	4	7	1.75	0.657696276891323	1.0	1.0
g07461	4	4	4	7	1.75	0.657696276891323	1.0	1.0
g04049	4	4	4	7	1.75	0.657696276891323	1.0	1.0
g06088	4	4	4	7	1.75	0.657696276891323	1.0	1.0
g03238	4	4	4	7	1.75	0.657696276891323	1.0	1.0
g03502	4	4	4	7	1.75	0.657696276891323	1.0	1.0
g07642	4	4	4	7	1.75	0.657696276891323	1.0	1.0
g08991	4	4	4	7	1.75	0.657696276891323	1.0	1.0
g03558	4	4	4	7	1.75	0.657696276891323	1.0	1.0
g05463	4	4	4	7	1.75	0.657696276891323	1.0	1.0
g06335	4	4	4	7	1.75	0.657696276891323	1.0	1.0
g03302	4	4	4	7	1.75	0.657696276891323	1.0	1.0
g08796	4	4	4	7	1.75	0.657696276891323	1.0	1.0
g04032	4	4	4	7	1.75	0.657696276891323	1.0	1.0
g04504	4	4	4	7	1.75	0.657696276891323	1.0	1.0
g07736	4	4	4	7	1.75	0.657696276891323	1.0	1.0
g02012	8	0	11	0	inf	1.0	1.0	1.0
g03437	8	0	11	0	inf	1.0	1.0	1.0
g02648	8	0	11	0	inf	1.0	1.0	1.0
g03497	8	0	11	0	inf	1.0	1.0	1.0
g03353	8	0	11	0	inf	1.0	1.0	1.0
g00646	8	0	11	0	inf	1.0	1.0	1.0
g02726	8	0	11	0	inf	1.0	1.0	1.0
g04466	8	0	11	0	inf	1.0	1.0	1.0
g03219	8	0	11	0	inf	1.0	1.0	1.0
g03371	8	0	11	0	inf	1.0	1.0	1.0
g01389	8	0	11	0	inf	1.0	1.0	1.0
g03336	8	0	11	0	inf	1.0	1.0	1.0
g01056	8	0	11	0	inf	1.0	1.0	1.0
g04556	8	0	11	0	inf	1.0	1.0	1.0
g03262	8	0	11	0	inf	1.0	1.0	1.0
g01193	8	0	11	0	inf	1.0	1.0	1.0
g01551	8	0	11	0	inf	1.0	1.0	1.0
g02891	8	0	11	0	inf	1.0	1.0	1.0
g01718	8	0	11	0	inf	1.0	1.0	1.0
g02374	8	0	11	0	inf	1.0	1.0	1.0
g00809	8	0	11	0	inf	1.0	1.0	1.0
g02915	8	0	11	0	inf	1.0	1.0	1.0
g01512	8	0	11	0	inf	1.0	1.0	1.0
g02286	8	0	11	0	inf	1.0	1.0	1.0
g00204	8	0	11	0	inf	1.0	1.0	1.0
g00964	8	0	11	0	inf	1.0	1.0	1.0
g00935	8	0	11	0	inf	1.0	1.0	1.0
g01720	8	0	11	0	inf	1.0	1.0	1.0
g01448	8	0	11	0	inf	1.0	1.0	1.0
g03744	8	0	11	0	inf	1.0	1.0	1.0
g04586	8	0	11	0	inf	1.0	1.0	1.0
g01556	8	0	11	0	inf	1.0	1.0	1.0
g00578	8	0	11	0	inf	1.0	1.0	1.0
g00557	8	0	11	0	inf	1.0	1.0	1.0
g02063	8	0	11	0	inf	1.0	1.0	1.0
g00979	8	0	11	0	inf	1.0	1.0	1.0
g02305	8	0	11	0	inf	1.0	1.0	1.0
g01806	8	0	11	0	inf	1.0	1.0	1.0
g01760	8	0	11	0	inf	1.0	1.0	1.0
g00072	8	0	11	0	inf	1.0	1.0	1.0
g01169	8	0	11	0	inf	1.0	1.0	1.0
g02988	8	0	11	0	inf	1.0	1.0	1.0
g02863	8	0	11	0	inf	1.0	1.0	1.0
g01644	8	0	11	0	inf	1.0	1.0	1.0
g02202	8	0	11	0	inf	1.0	1.0	1.0
g01026	8	0	11	0	inf	1.0	1.0	1.0
g00222	8	0	11	0	inf	1.0	1.0	1.0
g01129	8	0	11	0	inf	1.0	1.0	1.0
g00568	8	0	11	0	inf	1.0	1.0	1.0
g00077	8	0	11	0	inf	1.0	1.0	1.0
g00289	8	0	11	0	inf	1.0	1.0	1.0
g00020	8	0	11	0	inf	1.0	1.0	1.0
g00251	8	0	11	0	inf	1.0	1.0	1.0
g03412	8	0	11	0	inf	1.0	1.0	1.0
g01335	8	0	11	0	inf	1.0	1.0	1.0
g04497	8	0	11	0	inf	1.0	1.0	1.0
g00636	8	0	11	0	inf	1.0	1.0	1.0
g03464	8	0	11	0	inf	1.0	1.0	1.0
g02041	8	0	11	0	inf	1.0	1.0	1.0
g02237	8	0	11	0	inf	1.0	1.0	1.0
g00125	8	0	11	0	inf	1.0	1.0	1.0
g02335	8	0	11	0	inf	1.0	1.0	1.0
g01401	8	0	11	0	inf	1.0	1.0	1.0
g01862	8	0	11	0	inf	1.0	1.0	1.0
g00385	8	0	11	0	inf	1.0	1.0	1.0
g00465	8	0	11	0	inf	1.0	1.0	1.0
g02148	8	0	11	0	inf	1.0	1.0	1.0
g02375	8	0	11	0	inf	1.0	1.0	1.0
g02583	8	0	11	0	inf	1.0	1.0	1.0
g03702	8	0	11	0	inf	1.0	1.0	1.0
g01666	8	0	11	0	inf	1.0	1.0	1.0
g00260	8	0	11	0	inf	1.0	1.0	1.0
g01641	8	0	11	0	inf	1.0	1.0	1.0
g00131	8	0	11	0	inf	1.0	1.0	1.0
g00581	8	0	11	0	inf	1.0	1.0	1.0
g00923	8	0	11	0	inf	1.0	1.0	1.0
g01609	8	0	11	0	inf	1.0	1.0	1.0
g03287	8	0	11	0	inf	1.0	1.0	1.0
g02337	8	0	11	0	inf	1.0	1.0	1.0
g01018	8	0	11	0	inf	1.0	1.0	1.0
g01360	8	0	11	0	inf	1.0	1.0	1.0
g01253	8	0	11	0	inf	1.0	1.0	1.0
g01744	8	0	11	0	inf	1.0	1.0	1.0
g00806	8	0	11	0	inf	1.0	1.0	1.0
g02589	8	0	11	0	inf	1.0	1.0	1.0
g02299	8	0	11	0	inf	1.0	1.0	1.0
g01768	8	0	11	0	inf	1.0	1.0	1.0
g01736	8	0	11	0	inf	1.0	1.0	1.0
g01929	8	0	11	0	inf	1.0	1.0	1.0
g00962	8	0	11	0	inf	1.0	1.0	1.0
g03303	8	0	11	0	inf	1.0	1.0	1.0
g00016	8	0	11	0	inf	1.0	1.0	1.0
g01152	8	0	11	0	inf	1.0	1.0	1.0
g00333	8	0	11	0	inf	1.0	1.0	1.0
g02457	8	0	11	0	inf	1.0	1.0	1.0
g01912	8	0	11	0	inf	1.0	1.0	1.0
g01140	8	0	11	0	inf	1.0	1.0	1.0
g01555	8	0	11	0	inf	1.0	1.0	1.0
g01488	8	0	11	0	inf	1.0	1.0	1.0
g00256	8	0	11	0	inf	1.0	1.0	1.0
g00093	8	0	11	0	inf	1.0	1.0	1.0
g01021	8	0	11	0	inf	1.0	1.0	1.0
g01425	8	0	11	0	inf	1.0	1.0	1.0
g00361	8	0	11	0	inf	1.0	1.0	1.0
g03786	8	0	11	0	inf	1.0	1.0	1.0
g00128	8	0	11	0	inf	1.0	1.0	1.0
g02366	8	0	11	0	inf	1.0	1.0	1.0
g02443	8	0	11	0	inf	1.0	1.0	1.0
g01627	8	0	11	0	inf	1.0	1.0	1.0
g00624	8	0	11	0	inf	1.0	1.0	1.0
g00952	8	0	11	0	inf	1.0	1.0	1.0
g00982	8	0	11	0	inf	1.0	1.0	1.0
g01937	8	0	11	0	inf	1.0	1.0	1.0
g00975	8	0	11	0	inf	1.0	1.0	1.0
g02432	8	0	11	0	inf	1.0	1.0	1.0
g02983	8	0	11	0	inf	1.0	1.0	1.0
g01924	8	0	11	0	inf	1.0	1.0	1.0
g04162	8	0	11	0	inf	1.0	1.0	1.0
g00589	8	0	11	0	inf	1.0	1.0	1.0
g03989	8	0	11	0	inf	1.0	1.0	1.0
g00937	8	0	11	0	inf	1.0	1.0	1.0
g03885	8	0	11	0	inf	1.0	1.0	1.0
g04238	8	0	11	0	inf	1.0	1.0	1.0
g02178	8	0	11	0	inf	1.0	1.0	1.0
g00141	8	0	11	0	inf	1.0	1.0	1.0
g03767	8	0	11	0	inf	1.0	1.0	1.0
g00828	8	0	11	0	inf	1.0	1.0	1.0
g02713	8	0	11	0	inf	1.0	1.0	1.0
g02250	8	0	11	0	inf	1.0	1.0	1.0
g00379	8	0	11	0	inf	1.0	1.0	1.0
g00194	8	0	11	0	inf	1.0	1.0	1.0
g00695	8	0	11	0	inf	1.0	1.0	1.0
g02740	8	0	11	0	inf	1.0	1.0	1.0
g00343	8	0	11	0	inf	1.0	1.0	1.0
g02042	8	0	11	0	inf	1.0	1.0	1.0
g01759	8	0	11	0	inf	1.0	1.0	1.0
g02677	8	0	11	0	inf	1.0	1.0	1.0
g00434	8	0	11	0	inf	1.0	1.0	1.0
g01493	8	0	11	0	inf	1.0	1.0	1.0
g00217	8	0	11	0	inf	1.0	1.0	1.0
g00302	8	0	11	0	inf	1.0	1.0	1.0
g01721	8	0	11	0	inf	1.0	1.0	1.0
g00148	8	0	11	0	inf	1.0	1.0	1.0
g01469	8	0	11	0	inf	1.0	1.0	1.0
g01466	8	0	11	0	inf	1.0	1.0	1.0
g02120	8	0	11	0	inf	1.0	1.0	1.0
g00069	8	0	11	0	inf	1.0	1.0	1.0
g01210	8	0	11	0	inf	1.0	1.0	1.0
g01586	8	0	11	0	inf	1.0	1.0	1.0
g00171	8	0	11	0	inf	1.0	1.0	1.0
g02557	8	0	11	0	inf	1.0	1.0	1.0
g02842	8	0	11	0	inf	1.0	1.0	1.0
g00542	8	0	11	0	inf	1.0	1.0	1.0
g02634	8	0	11	0	inf	1.0	1.0	1.0
g01476	8	0	11	0	inf	1.0	1.0	1.0
g00892	8	0	11	0	inf	1.0	1.0	1.0
g01836	8	0	11	0	inf	1.0	1.0	1.0
g01669	8	0	11	0	inf	1.0	1.0	1.0
g02028	8	0	11	0	inf	1.0	1.0	1.0
g02687	8	0	11	0	inf	1.0	1.0	1.0
g00573	8	0	11	0	inf	1.0	1.0	1.0
g01031	8	0	11	0	inf	1.0	1.0	1.0
g01571	8	0	11	0	inf	1.0	1.0	1.0
g00529	8	0	11	0	inf	1.0	1.0	1.0
g01470	8	0	11	0	inf	1.0	1.0	1.0
g02213	8	0	11	0	inf	1.0	1.0	1.0
g02440	8	0	11	0	inf	1.0	1.0	1.0
g04551	8	0	11	0	inf	1.0	1.0	1.0
g02143	8	0	11	0	inf	1.0	1.0	1.0
g02447	8	0	11	0	inf	1.0	1.0	1.0
g02451	8	0	11	0	inf	1.0	1.0	1.0
g00867	8	0	11	0	inf	1.0	1.0	1.0
g01004	8	0	11	0	inf	1.0	1.0	1.0
g01273	8	0	11	0	inf	1.0	1.0	1.0
g00268	8	0	11	0	inf	1.0	1.0	1.0
g00803	8	0	11	0	inf	1.0	1.0	1.0
g02518	8	0	11	0	inf	1.0	1.0	1.0
g00752	8	0	11	0	inf	1.0	1.0	1.0
g00508	8	0	11	0	inf	1.0	1.0	1.0
g01580	8	0	11	0	inf	1.0	1.0	1.0
g01815	8	0	11	0	inf	1.0	1.0	1.0
g02383	8	0	11	0	inf	1.0	1.0	1.0
g01532	8	0	11	0	inf	1.0	1.0	1.0
g00944	8	0	11	0	inf	1.0	1.0	1.0
g01375	8	0	11	0	inf	1.0	1.0	1.0
g01528	8	0	11	0	inf	1.0	1.0	1.0
g00089	8	0	11	0	inf	1.0	1.0	1.0
g02048	8	0	11	0	inf	1.0	1.0	1.0
g01612	8	0	11	0	inf	1.0	1.0	1.0
g00733	8	0	11	0	inf	1.0	1.0	1.0
g02599	8	0	11	0	inf	1.0	1.0	1.0
g00449	8	0	11	0	inf	1.0	1.0	1.0
g01386	8	0	11	0	inf	1.0	1.0	1.0
g00159	8	0	11	0	inf	1.0	1.0	1.0
g04413	8	0	11	0	inf	1.0	1.0	1.0
g01608	8	0	11	0	inf	1.0	1.0	1.0
g00974	8	0	11	0	inf	1.0	1.0	1.0
g00043	8	0	11	0	inf	1.0	1.0	1.0
g02499	8	0	11	0	inf	1.0	1.0	1.0
g00281	8	0	11	0	inf	1.0	1.0	1.0
g00562	8	0	11	0	inf	1.0	1.0	1.0
g00861	8	0	11	0	inf	1.0	1.0	1.0
g01309	8	0	11	0	inf	1.0	1.0	1.0
g01390	8	0	11	0	inf	1.0	1.0	1.0
g03606	8	0	11	0	inf	1.0	1.0	1.0
g02014	8	0	11	0	inf	1.0	1.0	1.0
g00398	8	0	11	0	inf	1.0	1.0	1.0
g04414	8	0	11	0	inf	1.0	1.0	1.0
g01741	8	0	11	0	inf	1.0	1.0	1.0
g00725	8	0	11	0	inf	1.0	1.0	1.0
g01114	8	0	11	0	inf	1.0	1.0	1.0
g02744	8	0	11	0	inf	1.0	1.0	1.0
g04301	8	0	11	0	inf	1.0	1.0	1.0
g03408	8	0	11	0	inf	1.0	1.0	1.0
g01915	8	0	11	0	inf	1.0	1.0	1.0
g01892	8	0	11	0	inf	1.0	1.0	1.0
g00050	8	0	11	0	inf	1.0	1.0	1.0
g01171	8	0	11	0	inf	1.0	1.0	1.0
g00079	8	0	11	0	inf	1.0	1.0	1.0
g01494	8	0	11	0	inf	1.0	1.0	1.0
g01565	8	0	11	0	inf	1.0	1.0	1.0
g01716	8	0	11	0	inf	1.0	1.0	1.0
g00926	8	0	11	0	inf	1.0	1.0	1.0
g00206	8	0	11	0	inf	1.0	1.0	1.0
g00643	8	0	11	0	inf	1.0	1.0	1.0
g02795	8	0	11	0	inf	1.0	1.0	1.0
g01096	8	0	11	0	inf	1.0	1.0	1.0
g00474	8	0	11	0	inf	1.0	1.0	1.0
g00745	8	0	11	0	inf	1.0	1.0	1.0
g00421	8	0	11	0	inf	1.0	1.0	1.0
g00389	8	0	11	0	inf	1.0	1.0	1.0
g00883	8	0	11	0	inf	1.0	1.0	1.0
g00747	8	0	11	0	inf	1.0	1.0	1.0
g01442	8	0	11	0	inf	1.0	1.0	1.0
g00650	8	0	11	0	inf	1.0	1.0	1.0
g01194	8	0	11	0	inf	1.0	1.0	1.0
g00396	8	0	11	0	inf	1.0	1.0	1.0
g03559	8	0	11	0	inf	1.0	1.0	1.0
g04564	8	0	11	0	inf	1.0	1.0	1.0
g04290	8	0	11	0	inf	1.0	1.0	1.0
g00329	8	0	11	0	inf	1.0	1.0	1.0
g00425	8	0	11	0	inf	1.0	1.0	1.0
g01550	8	0	11	0	inf	1.0	1.0	1.0
g00700	8	0	11	0	inf	1.0	1.0	1.0
g02768	8	0	11	0	inf	1.0	1.0	1.0
g01868	8	0	11	0	inf	1.0	1.0	1.0
g01574	8	0	11	0	inf	1.0	1.0	1.0
g01630	8	0	11	0	inf	1.0	1.0	1.0
g02565	8	0	11	0	inf	1.0	1.0	1.0
g01749	8	0	11	0	inf	1.0	1.0	1.0
g00889	8	0	11	0	inf	1.0	1.0	1.0
g01525	8	0	11	0	inf	1.0	1.0	1.0
g01224	8	0	11	0	inf	1.0	1.0	1.0
g00041	8	0	11	0	inf	1.0	1.0	1.0
g00377	8	0	11	0	inf	1.0	1.0	1.0
g00129	8	0	11	0	inf	1.0	1.0	1.0
g01524	8	0	11	0	inf	1.0	1.0	1.0
g01548	8	0	11	0	inf	1.0	1.0	1.0
g02668	8	0	11	0	inf	1.0	1.0	1.0
g00931	8	0	11	0	inf	1.0	1.0	1.0
g00193	8	0	11	0	inf	1.0	1.0	1.0
g01497	8	0	11	0	inf	1.0	1.0	1.0
g01774	8	0	11	0	inf	1.0	1.0	1.0
g02901	8	0	11	0	inf	1.0	1.0	1.0
g02181	8	0	11	0	inf	1.0	1.0	1.0
g00567	8	0	11	0	inf	1.0	1.0	1.0
g02862	8	0	11	0	inf	1.0	1.0	1.0
g00056	8	0	11	0	inf	1.0	1.0	1.0
g00224	8	0	11	0	inf	1.0	1.0	1.0
g02571	8	0	11	0	inf	1.0	1.0	1.0
g02249	8	0	11	0	inf	1.0	1.0	1.0
g00165	8	0	11	0	inf	1.0	1.0	1.0
g01212	8	0	11	0	inf	1.0	1.0	1.0
g02935	8	0	11	0	inf	1.0	1.0	1.0
g01922	8	0	11	0	inf	1.0	1.0	1.0
g01596	8	0	11	0	inf	1.0	1.0	1.0
g00245	8	0	11	0	inf	1.0	1.0	1.0
g00686	8	0	11	0	inf	1.0	1.0	1.0
g02951	8	0	11	0	inf	1.0	1.0	1.0
g00272	8	0	11	0	inf	1.0	1.0	1.0
g00269	8	0	11	0	inf	1.0	1.0	1.0
g00941	8	0	11	0	inf	1.0	1.0	1.0
g01715	8	0	11	0	inf	1.0	1.0	1.0
g01160	8	0	11	0	inf	1.0	1.0	1.0
g01017	8	0	11	0	inf	1.0	1.0	1.0
g04376	8	0	11	0	inf	1.0	1.0	1.0
g01691	8	0	11	0	inf	1.0	1.0	1.0
g00790	8	0	11	0	inf	1.0	1.0	1.0
g00822	8	0	11	0	inf	1.0	1.0	1.0
g01645	8	0	11	0	inf	1.0	1.0	1.0
g00233	8	0	11	0	inf	1.0	1.0	1.0
g00584	8	0	11	0	inf	1.0	1.0	1.0
g00917	8	0	11	0	inf	1.0	1.0	1.0
g01012	8	0	11	0	inf	1.0	1.0	1.0
g01180	8	0	11	0	inf	1.0	1.0	1.0
g01398	8	0	11	0	inf	1.0	1.0	1.0
g01113	8	0	11	0	inf	1.0	1.0	1.0
g02941	8	0	11	0	inf	1.0	1.0	1.0
g02115	8	0	11	0	inf	1.0	1.0	1.0
g02242	8	0	11	0	inf	1.0	1.0	1.0
g02379	8	0	11	0	inf	1.0	1.0	1.0
g02316	8	0	11	0	inf	1.0	1.0	1.0
g01677	8	0	11	0	inf	1.0	1.0	1.0
g00102	8	0	11	0	inf	1.0	1.0	1.0
g00858	8	0	11	0	inf	1.0	1.0	1.0
g00444	8	0	11	0	inf	1.0	1.0	1.0
g00360	8	0	11	0	inf	1.0	1.0	1.0
g03573	8	0	11	0	inf	1.0	1.0	1.0
g00999	8	0	11	0	inf	1.0	1.0	1.0
g00775	8	0	11	0	inf	1.0	1.0	1.0
g02353	8	0	11	0	inf	1.0	1.0	1.0
g01854	8	0	11	0	inf	1.0	1.0	1.0
g00534	8	0	11	0	inf	1.0	1.0	1.0
g00666	8	0	11	0	inf	1.0	1.0	1.0
g01456	8	0	11	0	inf	1.0	1.0	1.0
g00771	8	0	11	0	inf	1.0	1.0	1.0
g03511	8	0	11	0	inf	1.0	1.0	1.0
g02165	8	0	11	0	inf	1.0	1.0	1.0
g02341	8	0	11	0	inf	1.0	1.0	1.0
g03583	8	0	11	0	inf	1.0	1.0	1.0
g01001	8	0	11	0	inf	1.0	1.0	1.0
g00750	8	0	11	0	inf	1.0	1.0	1.0
g02141	8	0	11	0	inf	1.0	1.0	1.0
g04457	8	0	11	0	inf	1.0	1.0	1.0
g00008	8	0	11	0	inf	1.0	1.0	1.0
g00730	8	0	11	0	inf	1.0	1.0	1.0
g02031	8	0	11	0	inf	1.0	1.0	1.0
g02511	8	0	11	0	inf	1.0	1.0	1.0
g02270	8	0	11	0	inf	1.0	1.0	1.0
g00802	8	0	11	0	inf	1.0	1.0	1.0
g02345	8	0	11	0	inf	1.0	1.0	1.0
g01558	8	0	11	0	inf	1.0	1.0	1.0
g02905	8	0	11	0	inf	1.0	1.0	1.0
g01745	8	0	11	0	inf	1.0	1.0	1.0
g02670	8	0	11	0	inf	1.0	1.0	1.0
g00384	8	0	11	0	inf	1.0	1.0	1.0
g01801	8	0	11	0	inf	1.0	1.0	1.0
g00130	8	0	11	0	inf	1.0	1.0	1.0
g00300	8	0	11	0	inf	1.0	1.0	1.0
g02676	8	0	11	0	inf	1.0	1.0	1.0
g04060	8	0	11	0	inf	1.0	1.0	1.0
g02427	8	0	11	0	inf	1.0	1.0	1.0
g02616	8	0	11	0	inf	1.0	1.0	1.0
g02054	8	0	11	0	inf	1.0	1.0	1.0
g03592	8	0	11	0	inf	1.0	1.0	1.0
g02558	8	0	11	0	inf	1.0	1.0	1.0
g02560	8	0	11	0	inf	1.0	1.0	1.0
g02892	8	0	11	0	inf	1.0	1.0	1.0
g02281	8	0	11	0	inf	1.0	1.0	1.0
g02139	8	0	11	0	inf	1.0	1.0	1.0
g02289	8	0	11	0	inf	1.0	1.0	1.0
g04372	8	0	11	0	inf	1.0	1.0	1.0
g03130	8	0	11	0	inf	1.0	1.0	1.0
g01177	8	0	11	0	inf	1.0	1.0	1.0
g00115	8	0	11	0	inf	1.0	1.0	1.0
g02526	8	0	11	0	inf	1.0	1.0	1.0
g01100	8	0	11	0	inf	1.0	1.0	1.0
g00438	8	0	11	0	inf	1.0	1.0	1.0
g02381	8	0	11	0	inf	1.0	1.0	1.0
g00405	8	0	11	0	inf	1.0	1.0	1.0
g00722	8	0	11	0	inf	1.0	1.0	1.0
g01158	8	0	11	0	inf	1.0	1.0	1.0
g02784	8	0	11	0	inf	1.0	1.0	1.0
g04107	8	0	11	0	inf	1.0	1.0	1.0
g00342	8	0	11	0	inf	1.0	1.0	1.0
g01839	8	0	11	0	inf	1.0	1.0	1.0
g00393	8	0	11	0	inf	1.0	1.0	1.0
g01382	8	0	11	0	inf	1.0	1.0	1.0
g04284	8	0	11	0	inf	1.0	1.0	1.0
g01047	8	0	11	0	inf	1.0	1.0	1.0
g01333	8	0	11	0	inf	1.0	1.0	1.0
g01762	8	0	11	0	inf	1.0	1.0	1.0
g04444	8	0	11	0	inf	1.0	1.0	1.0
g00708	8	0	11	0	inf	1.0	1.0	1.0
g02515	8	0	11	0	inf	1.0	1.0	1.0
g02761	8	0	11	0	inf	1.0	1.0	1.0
g01914	8	0	11	0	inf	1.0	1.0	1.0
g02410	8	0	11	0	inf	1.0	1.0	1.0
g00096	8	0	11	0	inf	1.0	1.0	1.0
g01499	8	0	11	0	inf	1.0	1.0	1.0
g02357	8	0	11	0	inf	1.0	1.0	1.0
g00012	8	0	11	0	inf	1.0	1.0	1.0
g01905	8	0	11	0	inf	1.0	1.0	1.0
g01910	8	0	11	0	inf	1.0	1.0	1.0
g02789	8	0	11	0	inf	1.0	1.0	1.0
g01968	8	0	11	0	inf	1.0	1.0	1.0
g00232	8	0	11	0	inf	1.0	1.0	1.0
g00485	8	0	11	0	inf	1.0	1.0	1.0
g01421	8	0	11	0	inf	1.0	1.0	1.0
g01460	8	0	11	0	inf	1.0	1.0	1.0
g00734	8	0	11	0	inf	1.0	1.0	1.0
g01225	8	0	11	0	inf	1.0	1.0	1.0
g01416	8	0	11	0	inf	1.0	1.0	1.0
g02405	8	0	11	0	inf	1.0	1.0	1.0
g00680	8	0	11	0	inf	1.0	1.0	1.0
g01767	8	0	11	0	inf	1.0	1.0	1.0
g02002	8	0	11	0	inf	1.0	1.0	1.0
g01432	8	0	11	0	inf	1.0	1.0	1.0
g00866	8	0	11	0	inf	1.0	1.0	1.0
g00598	8	0	11	0	inf	1.0	1.0	1.0
g00872	8	0	11	0	inf	1.0	1.0	1.0
g03729	8	0	11	0	inf	1.0	1.0	1.0
g03174	8	0	11	0	inf	1.0	1.0	1.0
g02266	8	0	11	0	inf	1.0	1.0	1.0
g03810	8	0	11	0	inf	1.0	1.0	1.0
g03389	8	0	11	0	inf	1.0	1.0	1.0
g02574	8	0	11	0	inf	1.0	1.0	1.0
g02684	8	0	11	0	inf	1.0	1.0	1.0
g03490	8	0	11	0	inf	1.0	1.0	1.0
g01805	8	0	11	0	inf	1.0	1.0	1.0
g01826	8	0	11	0	inf	1.0	1.0	1.0
g02930	8	0	11	0	inf	1.0	1.0	1.0
g03223	8	0	11	0	inf	1.0	1.0	1.0
g02872	8	0	11	0	inf	1.0	1.0	1.0
g01424	8	0	11	0	inf	1.0	1.0	1.0
g02037	8	0	11	0	inf	1.0	1.0	1.0
g02195	8	0	11	0	inf	1.0	1.0	1.0
g01471	8	0	11	0	inf	1.0	1.0	1.0
g00341	8	0	11	0	inf	1.0	1.0	1.0
g01954	8	0	11	0	inf	1.0	1.0	1.0
g02612	8	0	11	0	inf	1.0	1.0	1.0
g00674	8	0	11	0	inf	1.0	1.0	1.0
g00537	8	0	11	0	inf	1.0	1.0	1.0
g00669	8	0	11	0	inf	1.0	1.0	1.0
g00403	8	0	11	0	inf	1.0	1.0	1.0
g00401	8	0	11	0	inf	1.0	1.0	1.0
g00885	8	0	11	0	inf	1.0	1.0	1.0
g02025	8	0	11	0	inf	1.0	1.0	1.0
g01568	8	0	11	0	inf	1.0	1.0	1.0
g01597	8	0	11	0	inf	1.0	1.0	1.0
g01709	8	0	11	0	inf	1.0	1.0	1.0
g00087	8	0	11	0	inf	1.0	1.0	1.0
g02449	8	0	11	0	inf	1.0	1.0	1.0
g03089	8	0	11	0	inf	1.0	1.0	1.0
g03565	8	0	11	0	inf	1.0	1.0	1.0
g01014	8	0	11	0	inf	1.0	1.0	1.0
g01065	8	0	11	0	inf	1.0	1.0	1.0
g04044	8	0	11	0	inf	1.0	1.0	1.0
g03431	8	0	11	0	inf	1.0	1.0	1.0
g01885	8	0	11	0	inf	1.0	1.0	1.0
g00601	8	0	11	0	inf	1.0	1.0	1.0
g00241	8	0	11	0	inf	1.0	1.0	1.0
g02576	8	0	11	0	inf	1.0	1.0	1.0
g02344	8	0	11	0	inf	1.0	1.0	1.0
g03023	8	0	11	0	inf	1.0	1.0	1.0
g04253	8	0	11	0	inf	1.0	1.0	1.0
g04329	8	0	11	0	inf	1.0	1.0	1.0
g04291	8	0	11	0	inf	1.0	1.0	1.0
g01092	8	0	11	0	inf	1.0	1.0	1.0
g00721	8	0	11	0	inf	1.0	1.0	1.0
g02838	8	0	11	0	inf	1.0	1.0	1.0
g00025	8	0	11	0	inf	1.0	1.0	1.0
g02081	8	0	11	0	inf	1.0	1.0	1.0
g03717	8	0	11	0	inf	1.0	1.0	1.0
g02794	8	0	11	0	inf	1.0	1.0	1.0
g03141	8	0	11	0	inf	1.0	1.0	1.0
g02595	8	0	11	0	inf	1.0	1.0	1.0
g03064	8	0	11	0	inf	1.0	1.0	1.0
g03170	8	0	11	0	inf	1.0	1.0	1.0
g03430	8	0	11	0	inf	1.0	1.0	1.0
g00945	8	0	11	0	inf	1.0	1.0	1.0
g01474	8	0	11	0	inf	1.0	1.0	1.0
g01533	8	0	11	0	inf	1.0	1.0	1.0
g02473	8	0	11	0	inf	1.0	1.0	1.0
g00762	8	0	11	0	inf	1.0	1.0	1.0
g00394	8	0	11	0	inf	1.0	1.0	1.0
g01057	8	0	11	0	inf	1.0	1.0	1.0
g02136	8	0	11	0	inf	1.0	1.0	1.0
g00710	8	0	11	0	inf	1.0	1.0	1.0
g00259	8	0	11	0	inf	1.0	1.0	1.0
g01011	8	0	11	0	inf	1.0	1.0	1.0
g04334	8	0	11	0	inf	1.0	1.0	1.0
g01277	8	0	11	0	inf	1.0	1.0	1.0
g00800	8	0	11	0	inf	1.0	1.0	1.0
g00908	8	0	11	0	inf	1.0	1.0	1.0
g01161	8	0	11	0	inf	1.0	1.0	1.0
g01838	8	0	11	0	inf	1.0	1.0	1.0
g02849	8	0	11	0	inf	1.0	1.0	1.0
g00751	8	0	11	0	inf	1.0	1.0	1.0
g01350	8	0	11	0	inf	1.0	1.0	1.0
g01410	8	0	11	0	inf	1.0	1.0	1.0
g00454	8	0	11	0	inf	1.0	1.0	1.0
g01751	8	0	11	0	inf	1.0	1.0	1.0
g02611	8	0	11	0	inf	1.0	1.0	1.0
g02459	8	0	11	0	inf	1.0	1.0	1.0
g03649	8	0	11	0	inf	1.0	1.0	1.0
g02470	8	0	11	0	inf	1.0	1.0	1.0
g00178	8	0	11	0	inf	1.0	1.0	1.0
g00388	8	0	11	0	inf	1.0	1.0	1.0
g03319	8	0	11	0	inf	1.0	1.0	1.0
g03756	8	0	11	0	inf	1.0	1.0	1.0
g02691	8	0	11	0	inf	1.0	1.0	1.0
g00864	8	0	11	0	inf	1.0	1.0	1.0
g00998	8	0	11	0	inf	1.0	1.0	1.0
g02382	8	0	11	0	inf	1.0	1.0	1.0
g04270	8	0	11	0	inf	1.0	1.0	1.0
g00223	8	0	11	0	inf	1.0	1.0	1.0
g01820	8	0	11	0	inf	1.0	1.0	1.0
g00404	8	0	11	0	inf	1.0	1.0	1.0
g00873	8	0	11	0	inf	1.0	1.0	1.0
g00893	8	0	11	0	inf	1.0	1.0	1.0
g00527	8	0	11	0	inf	1.0	1.0	1.0
g00994	8	0	11	0	inf	1.0	1.0	1.0
g01520	8	0	11	0	inf	1.0	1.0	1.0
g01468	8	0	11	0	inf	1.0	1.0	1.0
g04157	8	0	11	0	inf	1.0	1.0	1.0
g01343	8	0	11	0	inf	1.0	1.0	1.0
g02602	8	0	11	0	inf	1.0	1.0	1.0
g01734	8	0	11	0	inf	1.0	1.0	1.0
g06326	8	0	11	0	inf	1.0	1.0	1.0
g02787	8	0	11	0	inf	1.0	1.0	1.0
g03002	8	0	11	0	inf	1.0	1.0	1.0
g01607	8	0	11	0	inf	1.0	1.0	1.0
g01154	8	0	11	0	inf	1.0	1.0	1.0
g00906	8	0	11	0	inf	1.0	1.0	1.0
g01605	8	0	11	0	inf	1.0	1.0	1.0
g01248	8	0	11	0	inf	1.0	1.0	1.0
g03743	8	0	11	0	inf	1.0	1.0	1.0
g02817	8	0	11	0	inf	1.0	1.0	1.0
g03621	8	0	11	0	inf	1.0	1.0	1.0
g04554	8	0	11	0	inf	1.0	1.0	1.0
g01578	8	0	11	0	inf	1.0	1.0	1.0
g02016	8	0	11	0	inf	1.0	1.0	1.0
g02397	8	0	11	0	inf	1.0	1.0	1.0
g03769	8	0	11	0	inf	1.0	1.0	1.0
g02285	8	0	11	0	inf	1.0	1.0	1.0
g02731	8	0	11	0	inf	1.0	1.0	1.0
g03750	8	0	11	0	inf	1.0	1.0	1.0
g00716	8	0	11	0	inf	1.0	1.0	1.0
g04539	8	0	11	0	inf	1.0	1.0	1.0
g04363	8	0	11	0	inf	1.0	1.0	1.0
g01397	8	0	11	0	inf	1.0	1.0	1.0
g03823	8	0	11	0	inf	1.0	1.0	1.0
g02474	8	0	11	0	inf	1.0	1.0	1.0
g04307	8	0	11	0	inf	1.0	1.0	1.0
g01795	8	0	11	0	inf	1.0	1.0	1.0
g00183	8	0	11	0	inf	1.0	1.0	1.0
g01002	8	0	11	0	inf	1.0	1.0	1.0
g03326	8	0	11	0	inf	1.0	1.0	1.0
g02464	8	0	11	0	inf	1.0	1.0	1.0
g00309	8	0	11	0	inf	1.0	1.0	1.0
g00632	8	0	11	0	inf	1.0	1.0	1.0
g01769	8	0	11	0	inf	1.0	1.0	1.0
g02769	8	0	11	0	inf	1.0	1.0	1.0
g00152	8	0	11	0	inf	1.0	1.0	1.0
g02271	8	0	11	0	inf	1.0	1.0	1.0
g02827	8	0	11	0	inf	1.0	1.0	1.0
g00583	8	0	11	0	inf	1.0	1.0	1.0
g01076	8	0	11	0	inf	1.0	1.0	1.0
g00218	8	0	11	0	inf	1.0	1.0	1.0
g03595	8	0	11	0	inf	1.0	1.0	1.0
g01346	8	0	11	0	inf	1.0	1.0	1.0
g02096	8	0	11	0	inf	1.0	1.0	1.0
g02275	8	0	11	0	inf	1.0	1.0	1.0
g02391	8	0	11	0	inf	1.0	1.0	1.0
g01058	8	0	11	0	inf	1.0	1.0	1.0
g04206	8	0	11	0	inf	1.0	1.0	1.0
g01222	8	0	11	0	inf	1.0	1.0	1.0
g01313	8	0	11	0	inf	1.0	1.0	1.0
g02423	8	0	11	0	inf	1.0	1.0	1.0
g03508	8	0	11	0	inf	1.0	1.0	1.0
g01714	8	0	11	0	inf	1.0	1.0	1.0
g02082	8	0	11	0	inf	1.0	1.0	1.0
g01611	8	0	11	0	inf	1.0	1.0	1.0
g01742	8	0	11	0	inf	1.0	1.0	1.0
g01053	8	0	11	0	inf	1.0	1.0	1.0
g02235	8	0	11	0	inf	1.0	1.0	1.0
g00516	8	0	11	0	inf	1.0	1.0	1.0
g00431	8	0	11	0	inf	1.0	1.0	1.0
g02805	8	0	11	0	inf	1.0	1.0	1.0
g02955	8	0	11	0	inf	1.0	1.0	1.0
g03058	8	0	11	0	inf	1.0	1.0	1.0
g00843	8	0	11	0	inf	1.0	1.0	1.0
g03156	8	0	11	0	inf	1.0	1.0	1.0
g00977	8	0	11	0	inf	1.0	1.0	1.0
g01881	8	0	11	0	inf	1.0	1.0	1.0
g02220	8	0	11	0	inf	1.0	1.0	1.0
g00660	8	0	11	0	inf	1.0	1.0	1.0
g01306	8	0	11	0	inf	1.0	1.0	1.0
g00765	8	0	11	0	inf	1.0	1.0	1.0
g01393	8	0	11	0	inf	1.0	1.0	1.0
g03686	8	0	11	0	inf	1.0	1.0	1.0
g00719	8	0	11	0	inf	1.0	1.0	1.0
g01185	8	0	11	0	inf	1.0	1.0	1.0
g02234	8	0	11	0	inf	1.0	1.0	1.0
g04135	8	0	11	0	inf	1.0	1.0	1.0
g02030	8	0	11	0	inf	1.0	1.0	1.0
g02566	8	0	11	0	inf	1.0	1.0	1.0
g00196	8	0	11	0	inf	1.0	1.0	1.0
g00101	8	0	11	0	inf	1.0	1.0	1.0
g00539	8	0	11	0	inf	1.0	1.0	1.0
g00727	8	0	11	0	inf	1.0	1.0	1.0
g00731	8	0	11	0	inf	1.0	1.0	1.0
g01804	8	0	11	0	inf	1.0	1.0	1.0
g01824	8	0	11	0	inf	1.0	1.0	1.0
g01317	8	0	11	0	inf	1.0	1.0	1.0
g04429	8	0	11	0	inf	1.0	1.0	1.0
g02918	8	0	11	0	inf	1.0	1.0	1.0
g04543	8	0	11	0	inf	1.0	1.0	1.0
g01310	8	0	11	0	inf	1.0	1.0	1.0
g01966	8	0	11	0	inf	1.0	1.0	1.0
g02657	8	0	11	0	inf	1.0	1.0	1.0
g03236	8	0	11	0	inf	1.0	1.0	1.0
g03940	8	0	11	0	inf	1.0	1.0	1.0
g00294	8	0	11	0	inf	1.0	1.0	1.0
g01758	8	0	11	0	inf	1.0	1.0	1.0
g00928	8	0	11	0	inf	1.0	1.0	1.0
g04541	8	0	11	0	inf	1.0	1.0	1.0
g02739	8	0	11	0	inf	1.0	1.0	1.0
g02694	8	0	11	0	inf	1.0	1.0	1.0
g03314	8	0	11	0	inf	1.0	1.0	1.0
g03362	8	0	11	0	inf	1.0	1.0	1.0
g03048	8	0	11	0	inf	1.0	1.0	1.0
g01703	8	0	11	0	inf	1.0	1.0	1.0
g01848	8	0	11	0	inf	1.0	1.0	1.0
g02348	8	0	11	0	inf	1.0	1.0	1.0
g04063	8	0	11	0	inf	1.0	1.0	1.0
g01925	8	0	11	0	inf	1.0	1.0	1.0
g03522	8	0	11	0	inf	1.0	1.0	1.0
g01957	8	0	11	0	inf	1.0	1.0	1.0
g02472	8	0	11	0	inf	1.0	1.0	1.0
g02497	8	0	11	0	inf	1.0	1.0	1.0
g01846	8	0	11	0	inf	1.0	1.0	1.0
g04394	8	0	11	0	inf	1.0	1.0	1.0
g02559	8	0	11	0	inf	1.0	1.0	1.0
g01837	8	0	11	0	inf	1.0	1.0	1.0
g01560	8	0	11	0	inf	1.0	1.0	1.0
g00884	8	0	11	0	inf	1.0	1.0	1.0
g02425	8	0	11	0	inf	1.0	1.0	1.0
g00135	8	0	11	0	inf	1.0	1.0	1.0
g00338	8	0	11	0	inf	1.0	1.0	1.0
g00955	8	0	11	0	inf	1.0	1.0	1.0
g00099	8	0	11	0	inf	1.0	1.0	1.0
g00103	8	0	11	0	inf	1.0	1.0	1.0
g00392	8	0	11	0	inf	1.0	1.0	1.0
g00170	8	0	11	0	inf	1.0	1.0	1.0
g00312	8	0	11	0	inf	1.0	1.0	1.0
g00122	8	0	11	0	inf	1.0	1.0	1.0
g00110	8	0	11	0	inf	1.0	1.0	1.0
g00285	8	0	11	0	inf	1.0	1.0	1.0
g00375	8	0	11	0	inf	1.0	1.0	1.0
g00075	8	0	11	0	inf	1.0	1.0	1.0
g00003	8	0	11	0	inf	1.0	1.0	1.0
g00142	8	0	11	0	inf	1.0	1.0	1.0
g00344	8	0	11	0	inf	1.0	1.0	1.0
g00158	8	0	11	0	inf	1.0	1.0	1.0
g01192	8	0	11	0	inf	1.0	1.0	1.0
g01817	8	0	11	0	inf	1.0	1.0	1.0
g00274	8	0	11	0	inf	1.0	1.0	1.0
g00145	8	0	11	0	inf	1.0	1.0	1.0
g01138	8	0	11	0	inf	1.0	1.0	1.0
g00265	8	0	11	0	inf	1.0	1.0	1.0
g00044	8	0	11	0	inf	1.0	1.0	1.0
g00153	8	0	11	0	inf	1.0	1.0	1.0
g00010	8	0	11	0	inf	1.0	1.0	1.0
g00214	8	0	11	0	inf	1.0	1.0	1.0
g00378	8	0	11	0	inf	1.0	1.0	1.0
g01999	8	0	11	0	inf	1.0	1.0	1.0
g01446	8	0	11	0	inf	1.0	1.0	1.0
g03822	8	0	11	0	inf	1.0	1.0	1.0
g03460	8	0	11	0	inf	1.0	1.0	1.0
g01921	8	0	11	0	inf	1.0	1.0	1.0
g03843	8	0	11	0	inf	1.0	1.0	1.0
g02643	8	0	11	0	inf	1.0	1.0	1.0
g01247	8	0	11	0	inf	1.0	1.0	1.0
g00978	8	0	11	0	inf	1.0	1.0	1.0
g00847	8	0	11	0	inf	1.0	1.0	1.0
g00448	8	0	11	0	inf	1.0	1.0	1.0
g02485	8	0	11	0	inf	1.0	1.0	1.0
g01932	8	0	11	0	inf	1.0	1.0	1.0
g01947	8	0	11	0	inf	1.0	1.0	1.0
g00563	8	0	11	0	inf	1.0	1.0	1.0
g03685	8	0	11	0	inf	1.0	1.0	1.0
g03253	8	0	11	0	inf	1.0	1.0	1.0
g03200	8	0	11	0	inf	1.0	1.0	1.0
g02137	8	0	11	0	inf	1.0	1.0	1.0
g02644	8	0	11	0	inf	1.0	1.0	1.0
g03780	8	0	11	0	inf	1.0	1.0	1.0
g00779	8	0	11	0	inf	1.0	1.0	1.0
g01660	8	0	11	0	inf	1.0	1.0	1.0
g02895	8	0	11	0	inf	1.0	1.0	1.0
g01151	8	0	11	0	inf	1.0	1.0	1.0
g00063	8	0	11	0	inf	1.0	1.0	1.0
g00295	8	0	11	0	inf	1.0	1.0	1.0
g01893	8	0	11	0	inf	1.0	1.0	1.0
g03781	8	0	11	0	inf	1.0	1.0	1.0
g02865	8	0	11	0	inf	1.0	1.0	1.0
g02547	8	0	11	0	inf	1.0	1.0	1.0
g03733	8	0	11	0	inf	1.0	1.0	1.0
g01697	8	0	11	0	inf	1.0	1.0	1.0
g00605	8	0	11	0	inf	1.0	1.0	1.0
g01561	8	0	11	0	inf	1.0	1.0	1.0
g00304	8	0	11	0	inf	1.0	1.0	1.0
g01798	8	0	11	0	inf	1.0	1.0	1.0
g03304	8	0	11	0	inf	1.0	1.0	1.0
g02715	8	0	11	0	inf	1.0	1.0	1.0
g01944	8	0	11	0	inf	1.0	1.0	1.0
g00713	8	0	11	0	inf	1.0	1.0	1.0
g03231	8	0	11	0	inf	1.0	1.0	1.0
g03972	8	0	11	0	inf	1.0	1.0	1.0
g03441	8	0	11	0	inf	1.0	1.0	1.0
g01268	8	0	11	0	inf	1.0	1.0	1.0
g02646	8	0	11	0	inf	1.0	1.0	1.0
g02809	8	0	11	0	inf	1.0	1.0	1.0
g00373	8	0	11	0	inf	1.0	1.0	1.0
g01849	8	0	11	0	inf	1.0	1.0	1.0
g01840	8	0	11	0	inf	1.0	1.0	1.0
g03776	8	0	11	0	inf	1.0	1.0	1.0
g02346	8	0	11	0	inf	1.0	1.0	1.0
g04090	8	0	11	0	inf	1.0	1.0	1.0
g02902	8	0	11	0	inf	1.0	1.0	1.0
g01975	8	0	11	0	inf	1.0	1.0	1.0
g02104	8	0	11	0	inf	1.0	1.0	1.0
g02889	8	0	11	0	inf	1.0	1.0	1.0
g03673	8	0	11	0	inf	1.0	1.0	1.0
g01667	8	0	11	0	inf	1.0	1.0	1.0
g01865	8	0	11	0	inf	1.0	1.0	1.0
g02188	8	0	11	0	inf	1.0	1.0	1.0
g00702	8	0	11	0	inf	1.0	1.0	1.0
g04546	8	0	11	0	inf	1.0	1.0	1.0
g01023	8	0	11	0	inf	1.0	1.0	1.0
g01931	8	0	11	0	inf	1.0	1.0	1.0
g03348	8	0	11	0	inf	1.0	1.0	1.0
g00810	8	0	11	0	inf	1.0	1.0	1.0
g00121	8	0	11	0	inf	1.0	1.0	1.0
g00021	8	0	11	0	inf	1.0	1.0	1.0
g00331	8	0	11	0	inf	1.0	1.0	1.0
g01454	8	0	11	0	inf	1.0	1.0	1.0
g00556	8	0	11	0	inf	1.0	1.0	1.0
g03727	8	0	11	0	inf	1.0	1.0	1.0
g01255	8	0	11	0	inf	1.0	1.0	1.0
g02709	8	0	11	0	inf	1.0	1.0	1.0
g01202	8	0	11	0	inf	1.0	1.0	1.0
g02888	8	0	11	0	inf	1.0	1.0	1.0
g00376	8	0	11	0	inf	1.0	1.0	1.0
g00898	8	0	11	0	inf	1.0	1.0	1.0
g03503	8	0	11	0	inf	1.0	1.0	1.0
g02613	8	0	11	0	inf	1.0	1.0	1.0
g02917	8	0	11	0	inf	1.0	1.0	1.0
g04419	8	0	11	0	inf	1.0	1.0	1.0
g03799	8	0	11	0	inf	1.0	1.0	1.0
g04552	8	0	11	0	inf	1.0	1.0	1.0
g02798	8	0	11	0	inf	1.0	1.0	1.0
g02943	8	0	11	0	inf	1.0	1.0	1.0
g02233	8	0	11	0	inf	1.0	1.0	1.0
g04120	8	0	11	0	inf	1.0	1.0	1.0
g02654	8	0	11	0	inf	1.0	1.0	1.0
g01093	8	0	11	0	inf	1.0	1.0	1.0
g02545	8	0	11	0	inf	1.0	1.0	1.0
g01174	8	0	11	0	inf	1.0	1.0	1.0
g04341	8	0	11	0	inf	1.0	1.0	1.0
g00951	8	0	11	0	inf	1.0	1.0	1.0
g03500	8	0	11	0	inf	1.0	1.0	1.0
g00549	8	0	11	0	inf	1.0	1.0	1.0
g03232	8	0	11	0	inf	1.0	1.0	1.0
g02327	8	0	11	0	inf	1.0	1.0	1.0
g02640	8	0	11	0	inf	1.0	1.0	1.0
g00201	8	0	11	0	inf	1.0	1.0	1.0
g03952	8	0	11	0	inf	1.0	1.0	1.0
g02815	8	0	11	0	inf	1.0	1.0	1.0
g00311	8	0	11	0	inf	1.0	1.0	1.0
g00027	8	0	11	0	inf	1.0	1.0	1.0
g00014	8	0	11	0	inf	1.0	1.0	1.0
g00315	8	0	11	0	inf	1.0	1.0	1.0
g04420	8	0	11	0	inf	1.0	1.0	1.0
g00807	8	0	11	0	inf	1.0	1.0	1.0
g02746	8	0	11	0	inf	1.0	1.0	1.0
g02487	8	0	11	0	inf	1.0	1.0	1.0
g02387	8	0	11	0	inf	1.0	1.0	1.0
g00504	8	0	11	0	inf	1.0	1.0	1.0
g03396	8	0	11	0	inf	1.0	1.0	1.0
g04437	8	0	11	0	inf	1.0	1.0	1.0
g03201	8	0	11	0	inf	1.0	1.0	1.0
g03024	8	0	11	0	inf	1.0	1.0	1.0
g01030	8	0	11	0	inf	1.0	1.0	1.0
g01753	8	0	11	0	inf	1.0	1.0	1.0
g02766	8	0	11	0	inf	1.0	1.0	1.0
g04252	8	0	11	0	inf	1.0	1.0	1.0
g02231	8	0	11	0	inf	1.0	1.0	1.0
g01978	8	0	11	0	inf	1.0	1.0	1.0
g01926	8	0	11	0	inf	1.0	1.0	1.0
g00659	8	0	11	0	inf	1.0	1.0	1.0
g00957	8	0	11	0	inf	1.0	1.0	1.0
g03960	8	0	11	0	inf	1.0	1.0	1.0
g03030	8	0	11	0	inf	1.0	1.0	1.0
g03053	8	0	11	0	inf	1.0	1.0	1.0
g04381	8	0	11	0	inf	1.0	1.0	1.0
g01620	8	0	11	0	inf	1.0	1.0	1.0
g03414	8	0	11	0	inf	1.0	1.0	1.0
g03585	8	0	11	0	inf	1.0	1.0	1.0
g02056	8	0	11	0	inf	1.0	1.0	1.0
g02245	8	0	11	0	inf	1.0	1.0	1.0
g02174	8	0	11	0	inf	1.0	1.0	1.0
g03528	8	0	11	0	inf	1.0	1.0	1.0
g03044	8	0	11	0	inf	1.0	1.0	1.0
g03808	8	0	11	0	inf	1.0	1.0	1.0
g02114	8	0	11	0	inf	1.0	1.0	1.0
g02454	8	0	11	0	inf	1.0	1.0	1.0
g02924	8	0	11	0	inf	1.0	1.0	1.0
g03271	8	0	11	0	inf	1.0	1.0	1.0
g03569	8	0	11	0	inf	1.0	1.0	1.0
g02753	8	0	11	0	inf	1.0	1.0	1.0
g01495	8	0	11	0	inf	1.0	1.0	1.0
g02764	8	0	11	0	inf	1.0	1.0	1.0
g02867	8	0	11	0	inf	1.0	1.0	1.0
g03939	8	0	11	0	inf	1.0	1.0	1.0
g00933	8	0	11	0	inf	1.0	1.0	1.0
g01211	8	0	11	0	inf	1.0	1.0	1.0
g02129	8	0	11	0	inf	1.0	1.0	1.0
g02693	8	0	11	0	inf	1.0	1.0	1.0
g00628	8	0	11	0	inf	1.0	1.0	1.0
g01737	8	0	11	0	inf	1.0	1.0	1.0
g00354	8	0	11	0	inf	1.0	1.0	1.0
g00963	8	0	11	0	inf	1.0	1.0	1.0
g01643	8	0	11	0	inf	1.0	1.0	1.0
g04451	8	0	11	0	inf	1.0	1.0	1.0
g02278	8	0	11	0	inf	1.0	1.0	1.0
g02416	8	0	11	0	inf	1.0	1.0	1.0
g02931	8	0	11	0	inf	1.0	1.0	1.0
g02124	8	0	11	0	inf	1.0	1.0	1.0
g00117	8	0	11	0	inf	1.0	1.0	1.0
g01692	8	0	11	0	inf	1.0	1.0	1.0
g02264	8	0	11	0	inf	1.0	1.0	1.0
g03009	8	0	11	0	inf	1.0	1.0	1.0
g01967	8	0	11	0	inf	1.0	1.0	1.0
g04498	8	0	11	0	inf	1.0	1.0	1.0
g02929	8	0	11	0	inf	1.0	1.0	1.0
g03101	8	0	11	0	inf	1.0	1.0	1.0
g02920	8	0	11	0	inf	1.0	1.0	1.0
g03868	8	0	11	0	inf	1.0	1.0	1.0
g02681	8	0	11	0	inf	1.0	1.0	1.0
g03218	8	0	11	0	inf	1.0	1.0	1.0
g02990	8	0	11	0	inf	1.0	1.0	1.0
g00833	8	0	11	0	inf	1.0	1.0	1.0
g04085	8	0	11	0	inf	1.0	1.0	1.0
g02536	8	0	11	0	inf	1.0	1.0	1.0
g02496	8	0	11	0	inf	1.0	1.0	1.0
g01933	8	0	11	0	inf	1.0	1.0	1.0
g00411	8	0	11	0	inf	1.0	1.0	1.0
g02437	8	0	11	0	inf	1.0	1.0	1.0
g01700	8	0	11	0	inf	1.0	1.0	1.0
g01464	8	0	11	0	inf	1.0	1.0	1.0
g02689	8	0	11	0	inf	1.0	1.0	1.0
g02465	8	0	11	0	inf	1.0	1.0	1.0
g01411	8	0	11	0	inf	1.0	1.0	1.0
g01434	8	0	11	0	inf	1.0	1.0	1.0
g02570	8	0	11	0	inf	1.0	1.0	1.0
g01290	8	0	11	0	inf	1.0	1.0	1.0
g03173	8	0	11	0	inf	1.0	1.0	1.0
g04458	8	0	11	0	inf	1.0	1.0	1.0
g01600	8	0	11	0	inf	1.0	1.0	1.0
g01157	8	0	11	0	inf	1.0	1.0	1.0
g02364	8	0	11	0	inf	1.0	1.0	1.0
g02071	8	0	11	0	inf	1.0	1.0	1.0
g00215	8	0	11	0	inf	1.0	1.0	1.0
g00777	8	0	11	0	inf	1.0	1.0	1.0
g03601	8	0	11	0	inf	1.0	1.0	1.0
g00709	8	0	11	0	inf	1.0	1.0	1.0
g01567	8	0	11	0	inf	1.0	1.0	1.0
g01359	8	0	11	0	inf	1.0	1.0	1.0
g03588	8	0	11	0	inf	1.0	1.0	1.0
g03052	8	0	11	0	inf	1.0	1.0	1.0
g02507	8	0	11	0	inf	1.0	1.0	1.0
g01378	8	0	11	0	inf	1.0	1.0	1.0
g02535	8	0	11	0	inf	1.0	1.0	1.0
g00579	8	0	11	0	inf	1.0	1.0	1.0
g01776	8	0	11	0	inf	1.0	1.0	1.0
g01832	8	0	11	0	inf	1.0	1.0	1.0
g02519	8	0	11	0	inf	1.0	1.0	1.0
g02467	8	0	11	0	inf	1.0	1.0	1.0
g02367	8	0	11	0	inf	1.0	1.0	1.0
g03848	8	0	11	0	inf	1.0	1.0	1.0
g01381	8	0	11	0	inf	1.0	1.0	1.0
g01738	8	0	11	0	inf	1.0	1.0	1.0
g01459	8	0	11	0	inf	1.0	1.0	1.0
g01802	8	0	11	0	inf	1.0	1.0	1.0
g00210	8	0	11	0	inf	1.0	1.0	1.0
g00156	8	0	11	0	inf	1.0	1.0	1.0
g02322	8	0	11	0	inf	1.0	1.0	1.0
g03951	8	0	11	0	inf	1.0	1.0	1.0
g00960	8	0	11	0	inf	1.0	1.0	1.0
g01473	8	0	11	0	inf	1.0	1.0	1.0
g00290	8	0	11	0	inf	1.0	1.0	1.0
g01175	8	0	11	0	inf	1.0	1.0	1.0
g00026	8	0	11	0	inf	1.0	1.0	1.0
g00564	8	0	11	0	inf	1.0	1.0	1.0
g01025	8	0	11	0	inf	1.0	1.0	1.0
g03510	8	0	11	0	inf	1.0	1.0	1.0
g00408	8	0	11	0	inf	1.0	1.0	1.0
g00880	8	0	11	0	inf	1.0	1.0	1.0
g04415	8	0	11	0	inf	1.0	1.0	1.0
g01506	8	0	11	0	inf	1.0	1.0	1.0
g01625	8	0	11	0	inf	1.0	1.0	1.0
g01197	8	0	11	0	inf	1.0	1.0	1.0
g00484	8	0	11	0	inf	1.0	1.0	1.0
g00930	8	0	11	0	inf	1.0	1.0	1.0
g02900	8	0	11	0	inf	1.0	1.0	1.0
g01635	8	0	11	0	inf	1.0	1.0	1.0
g01783	8	0	11	0	inf	1.0	1.0	1.0
g00478	8	0	11	0	inf	1.0	1.0	1.0
g02196	8	0	11	0	inf	1.0	1.0	1.0
g00609	8	0	11	0	inf	1.0	1.0	1.0
g00009	8	0	11	0	inf	1.0	1.0	1.0
g00870	8	0	11	0	inf	1.0	1.0	1.0
g00740	8	0	11	0	inf	1.0	1.0	1.0
g02253	8	0	11	0	inf	1.0	1.0	1.0
g01834	8	0	11	0	inf	1.0	1.0	1.0
g04082	8	0	11	0	inf	1.0	1.0	1.0
g00673	8	0	11	0	inf	1.0	1.0	1.0
g02398	8	0	11	0	inf	1.0	1.0	1.0
g00748	8	0	11	0	inf	1.0	1.0	1.0
g01029	8	0	11	0	inf	1.0	1.0	1.0
g02537	8	0	11	0	inf	1.0	1.0	1.0
g01861	8	0	11	0	inf	1.0	1.0	1.0
g02963	8	0	11	0	inf	1.0	1.0	1.0
g02306	8	0	11	0	inf	1.0	1.0	1.0
g03736	8	0	11	0	inf	1.0	1.0	1.0
g00207	8	0	11	0	inf	1.0	1.0	1.0
g03623	8	0	11	0	inf	1.0	1.0	1.0
g00555	8	0	11	0	inf	1.0	1.0	1.0
g01331	8	0	11	0	inf	1.0	1.0	1.0
g00258	8	0	11	0	inf	1.0	1.0	1.0
g01079	8	0	11	0	inf	1.0	1.0	1.0
g03723	8	0	11	0	inf	1.0	1.0	1.0
g00681	8	0	11	0	inf	1.0	1.0	1.0
g00904	8	0	11	0	inf	1.0	1.0	1.0
g00956	8	0	11	0	inf	1.0	1.0	1.0
g04047	8	0	11	0	inf	1.0	1.0	1.0
g00227	8	0	11	0	inf	1.0	1.0	1.0
g00339	8	0	11	0	inf	1.0	1.0	1.0
g00612	8	0	11	0	inf	1.0	1.0	1.0
g00987	8	0	11	0	inf	1.0	1.0	1.0
g02514	8	0	11	0	inf	1.0	1.0	1.0
g07220	8	0	11	0	inf	1.0	1.0	1.0
g00602	8	0	11	0	inf	1.0	1.0	1.0
g00909	8	0	11	0	inf	1.0	1.0	1.0
g02745	8	0	11	0	inf	1.0	1.0	1.0
g02177	8	0	11	0	inf	1.0	1.0	1.0
g00470	8	0	11	0	inf	1.0	1.0	1.0
g01052	8	0	11	0	inf	1.0	1.0	1.0
g00420	8	0	11	0	inf	1.0	1.0	1.0
g00852	8	0	11	0	inf	1.0	1.0	1.0
g00882	8	0	11	0	inf	1.0	1.0	1.0
g00821	8	0	11	0	inf	1.0	1.0	1.0
g02711	8	0	11	0	inf	1.0	1.0	1.0
g01037	8	0	11	0	inf	1.0	1.0	1.0
g01181	8	0	11	0	inf	1.0	1.0	1.0
g00035	8	0	11	0	inf	1.0	1.0	1.0
g02675	8	0	11	0	inf	1.0	1.0	1.0
g01746	8	0	11	0	inf	1.0	1.0	1.0
g00754	8	0	11	0	inf	1.0	1.0	1.0
g01357	8	0	11	0	inf	1.0	1.0	1.0
g00414	8	0	11	0	inf	1.0	1.0	1.0
g02217	8	0	11	0	inf	1.0	1.0	1.0
g03627	8	0	11	0	inf	1.0	1.0	1.0
g00264	8	0	11	0	inf	1.0	1.0	1.0
g02064	8	0	11	0	inf	1.0	1.0	1.0
g01061	8	0	11	0	inf	1.0	1.0	1.0
g00530	8	0	11	0	inf	1.0	1.0	1.0
g00683	8	0	11	0	inf	1.0	1.0	1.0
g00617	8	0	11	0	inf	1.0	1.0	1.0
g01145	8	0	11	0	inf	1.0	1.0	1.0
g01800	8	0	11	0	inf	1.0	1.0	1.0
g00179	8	0	11	0	inf	1.0	1.0	1.0
g00548	8	0	11	0	inf	1.0	1.0	1.0
g00328	8	0	11	0	inf	1.0	1.0	1.0
g01165	8	0	11	0	inf	1.0	1.0	1.0
g00137	8	0	11	0	inf	1.0	1.0	1.0
g01032	8	0	11	0	inf	1.0	1.0	1.0
g01841	8	0	11	0	inf	1.0	1.0	1.0
g02498	8	0	11	0	inf	1.0	1.0	1.0
g01252	8	0	11	0	inf	1.0	1.0	1.0
g00671	8	0	11	0	inf	1.0	1.0	1.0
g00427	8	0	11	0	inf	1.0	1.0	1.0
g00512	8	0	11	0	inf	1.0	1.0	1.0
g01316	8	0	11	0	inf	1.0	1.0	1.0
g02290	8	0	11	0	inf	1.0	1.0	1.0
g03944	8	0	11	0	inf	1.0	1.0	1.0
g03499	8	0	11	0	inf	1.0	1.0	1.0
g02036	8	0	11	0	inf	1.0	1.0	1.0
g02315	8	0	11	0	inf	1.0	1.0	1.0
g04189	8	0	11	0	inf	1.0	1.0	1.0
g04464	8	0	11	0	inf	1.0	1.0	1.0
g00439	8	0	11	0	inf	1.0	1.0	1.0
g00386	8	0	11	0	inf	1.0	1.0	1.0
g00441	8	0	11	0	inf	1.0	1.0	1.0
g00501	8	0	11	0	inf	1.0	1.0	1.0
g00383	8	0	11	0	inf	1.0	1.0	1.0
g00176	8	0	11	0	inf	1.0	1.0	1.0
g01205	8	0	11	0	inf	1.0	1.0	1.0
g01109	8	0	11	0	inf	1.0	1.0	1.0
g00600	8	0	11	0	inf	1.0	1.0	1.0
g00623	8	0	11	0	inf	1.0	1.0	1.0
g01453	8	0	11	0	inf	1.0	1.0	1.0
g02324	8	0	11	0	inf	1.0	1.0	1.0
g01280	8	0	11	0	inf	1.0	1.0	1.0
g04587	8	0	11	0	inf	1.0	1.0	1.0
g01829	8	0	11	0	inf	1.0	1.0	1.0
g01747	8	0	11	0	inf	1.0	1.0	1.0
g03356	8	0	11	0	inf	1.0	1.0	1.0
g03359	8	0	11	0	inf	1.0	1.0	1.0
g02318	8	0	11	0	inf	1.0	1.0	1.0
g04156	8	0	11	0	inf	1.0	1.0	1.0
g00808	8	0	11	0	inf	1.0	1.0	1.0
g02392	8	0	11	0	inf	1.0	1.0	1.0
g03140	8	0	11	0	inf	1.0	1.0	1.0
g01457	8	0	11	0	inf	1.0	1.0	1.0
g03557	8	0	11	0	inf	1.0	1.0	1.0
g01187	8	0	11	0	inf	1.0	1.0	1.0
g02544	8	0	11	0	inf	1.0	1.0	1.0
g02540	8	0	11	0	inf	1.0	1.0	1.0
g02581	8	0	11	0	inf	1.0	1.0	1.0
g03668	8	0	11	0	inf	1.0	1.0	1.0
g01166	8	0	11	0	inf	1.0	1.0	1.0
g00051	8	0	11	0	inf	1.0	1.0	1.0
g00644	8	0	11	0	inf	1.0	1.0	1.0
g00744	8	0	11	0	inf	1.0	1.0	1.0
g00560	8	0	11	0	inf	1.0	1.0	1.0
g00422	8	0	11	0	inf	1.0	1.0	1.0
g00317	8	0	11	0	inf	1.0	1.0	1.0
g00804	8	0	11	0	inf	1.0	1.0	1.0
g02436	8	0	11	0	inf	1.0	1.0	1.0
g02466	8	0	11	0	inf	1.0	1.0	1.0
g00842	8	0	11	0	inf	1.0	1.0	1.0
g02475	8	0	11	0	inf	1.0	1.0	1.0
g02977	8	0	11	0	inf	1.0	1.0	1.0
g01891	8	0	11	0	inf	1.0	1.0	1.0
g01799	8	0	11	0	inf	1.0	1.0	1.0
g01971	8	0	11	0	inf	1.0	1.0	1.0
g03996	8	0	11	0	inf	1.0	1.0	1.0
g02636	8	0	11	0	inf	1.0	1.0	1.0
g03925	8	0	11	0	inf	1.0	1.0	1.0
g03301	8	0	11	0	inf	1.0	1.0	1.0
g02070	8	0	11	0	inf	1.0	1.0	1.0
g01358	8	0	11	0	inf	1.0	1.0	1.0
g00154	8	0	11	0	inf	1.0	1.0	1.0
g01480	8	0	11	0	inf	1.0	1.0	1.0
g02792	8	0	11	0	inf	1.0	1.0	1.0
g04386	8	0	11	0	inf	1.0	1.0	1.0
g01118	8	0	11	0	inf	1.0	1.0	1.0
g03208	8	0	11	0	inf	1.0	1.0	1.0
g03874	8	0	11	0	inf	1.0	1.0	1.0
g03150	8	0	11	0	inf	1.0	1.0	1.0
g02774	8	0	11	0	inf	1.0	1.0	1.0
g03620	8	0	11	0	inf	1.0	1.0	1.0
g02880	8	0	11	0	inf	1.0	1.0	1.0
g03471	8	0	11	0	inf	1.0	1.0	1.0
g03100	8	0	11	0	inf	1.0	1.0	1.0
g03293	8	0	11	0	inf	1.0	1.0	1.0
g00630	8	0	11	0	inf	1.0	1.0	1.0
g02824	8	0	11	0	inf	1.0	1.0	1.0
g02704	8	0	11	0	inf	1.0	1.0	1.0
g01587	8	0	11	0	inf	1.0	1.0	1.0
g03765	8	0	11	0	inf	1.0	1.0	1.0
g00606	8	0	11	0	inf	1.0	1.0	1.0
g01186	8	0	11	0	inf	1.0	1.0	1.0
g00297	8	0	11	0	inf	1.0	1.0	1.0
g02504	8	0	11	0	inf	1.0	1.0	1.0
g02617	8	0	11	0	inf	1.0	1.0	1.0
g01752	8	0	11	0	inf	1.0	1.0	1.0
g02050	8	0	11	0	inf	1.0	1.0	1.0
g02300	8	0	11	0	inf	1.0	1.0	1.0
g02820	8	0	11	0	inf	1.0	1.0	1.0
g00817	8	0	11	0	inf	1.0	1.0	1.0
g00580	8	0	11	0	inf	1.0	1.0	1.0
g00947	8	0	11	0	inf	1.0	1.0	1.0
g01311	8	0	11	0	inf	1.0	1.0	1.0
g00813	8	0	11	0	inf	1.0	1.0	1.0
g02479	8	0	11	0	inf	1.0	1.0	1.0
g01592	8	0	11	0	inf	1.0	1.0	1.0
g00736	8	0	11	0	inf	1.0	1.0	1.0
g00599	8	0	11	0	inf	1.0	1.0	1.0
g00689	8	0	11	0	inf	1.0	1.0	1.0
g01606	8	0	11	0	inf	1.0	1.0	1.0
g04323	8	0	11	0	inf	1.0	1.0	1.0
g00706	8	0	11	0	inf	1.0	1.0	1.0
g02658	8	0	11	0	inf	1.0	1.0	1.0
g00981	8	0	11	0	inf	1.0	1.0	1.0
g02238	8	0	11	0	inf	1.0	1.0	1.0
g02292	8	0	11	0	inf	1.0	1.0	1.0
g00614	8	0	11	0	inf	1.0	1.0	1.0
g00355	8	0	11	0	inf	1.0	1.0	1.0
g00466	8	0	11	0	inf	1.0	1.0	1.0
g01098	8	0	11	0	inf	1.0	1.0	1.0
g00865	8	0	11	0	inf	1.0	1.0	1.0
g04051	8	0	11	0	inf	1.0	1.0	1.0
g00238	8	0	11	0	inf	1.0	1.0	1.0
g03244	8	0	11	0	inf	1.0	1.0	1.0
g01681	8	0	11	0	inf	1.0	1.0	1.0
g00714	8	0	11	0	inf	1.0	1.0	1.0
g00676	8	0	11	0	inf	1.0	1.0	1.0
g00097	8	0	11	0	inf	1.0	1.0	1.0
g00307	8	0	11	0	inf	1.0	1.0	1.0
g00319	8	0	11	0	inf	1.0	1.0	1.0
g01523	8	0	11	0	inf	1.0	1.0	1.0
g02577	8	0	11	0	inf	1.0	1.0	1.0
g01217	8	0	11	0	inf	1.0	1.0	1.0
g05590	8	0	11	0	inf	1.0	1.0	1.0
g00552	8	0	11	0	inf	1.0	1.0	1.0
g00471	8	0	11	0	inf	1.0	1.0	1.0
g00476	8	0	11	0	inf	1.0	1.0	1.0
g03831	8	0	11	0	inf	1.0	1.0	1.0
g01696	8	0	11	0	inf	1.0	1.0	1.0
g01823	8	0	11	0	inf	1.0	1.0	1.0
g02212	8	0	11	0	inf	1.0	1.0	1.0
g04236	8	0	11	0	inf	1.0	1.0	1.0
g00641	8	0	11	0	inf	1.0	1.0	1.0
g02267	8	0	11	0	inf	1.0	1.0	1.0
g00860	8	0	11	0	inf	1.0	1.0	1.0
g00950	8	0	11	0	inf	1.0	1.0	1.0
g01131	8	0	11	0	inf	1.0	1.0	1.0
g00278	8	0	11	0	inf	1.0	1.0	1.0
g00336	8	0	11	0	inf	1.0	1.0	1.0
g00239	8	0	11	0	inf	1.0	1.0	1.0
g03745	8	0	11	0	inf	1.0	1.0	1.0
g02296	8	0	11	0	inf	1.0	1.0	1.0
g02974	8	0	11	0	inf	1.0	1.0	1.0
g02521	8	0	11	0	inf	1.0	1.0	1.0
g02490	8	0	11	0	inf	1.0	1.0	1.0
g01124	8	0	11	0	inf	1.0	1.0	1.0
g01819	8	0	11	0	inf	1.0	1.0	1.0
g02284	8	0	11	0	inf	1.0	1.0	1.0
g01772	8	0	11	0	inf	1.0	1.0	1.0
g00149	8	0	11	0	inf	1.0	1.0	1.0
g02088	8	0	11	0	inf	1.0	1.0	1.0
g01918	8	0	11	0	inf	1.0	1.0	1.0
g00834	8	0	11	0	inf	1.0	1.0	1.0
g02517	8	0	11	0	inf	1.0	1.0	1.0
g04128	8	0	11	0	inf	1.0	1.0	1.0
g00910	8	0	11	0	inf	1.0	1.0	1.0
g01710	8	0	11	0	inf	1.0	1.0	1.0
g02190	8	0	11	0	inf	1.0	1.0	1.0
g02435	8	0	11	0	inf	1.0	1.0	1.0
g01275	8	0	11	0	inf	1.0	1.0	1.0
g01173	8	0	11	0	inf	1.0	1.0	1.0
g01939	8	0	11	0	inf	1.0	1.0	1.0
g01188	8	0	11	0	inf	1.0	1.0	1.0
g01955	8	0	11	0	inf	1.0	1.0	1.0
g02372	8	0	11	0	inf	1.0	1.0	1.0
g02321	8	0	11	0	inf	1.0	1.0	1.0
g02854	8	0	11	0	inf	1.0	1.0	1.0
g03698	8	0	11	0	inf	1.0	1.0	1.0
g00969	8	0	11	0	inf	1.0	1.0	1.0
g01388	8	0	11	0	inf	1.0	1.0	1.0
g00832	8	0	11	0	inf	1.0	1.0	1.0
g03003	8	0	11	0	inf	1.0	1.0	1.0
g00419	8	0	11	0	inf	1.0	1.0	1.0
g00081	8	0	11	0	inf	1.0	1.0	1.0
g01579	8	0	11	0	inf	1.0	1.0	1.0
g02987	8	0	11	0	inf	1.0	1.0	1.0
g03904	8	0	11	0	inf	1.0	1.0	1.0
g00986	8	0	11	0	inf	1.0	1.0	1.0
g00914	8	0	11	0	inf	1.0	1.0	1.0
g00535	8	0	11	0	inf	1.0	1.0	1.0
g00106	8	0	11	0	inf	1.0	1.0	1.0
g03994	8	0	11	0	inf	1.0	1.0	1.0
g02555	8	0	11	0	inf	1.0	1.0	1.0
g02510	8	0	11	0	inf	1.0	1.0	1.0
g00033	8	0	11	0	inf	1.0	1.0	1.0
g02762	8	0	11	0	inf	1.0	1.0	1.0
g01418	8	0	11	0	inf	1.0	1.0	1.0
g01780	8	0	11	0	inf	1.0	1.0	1.0
g04030	8	0	11	0	inf	1.0	1.0	1.0
g01671	8	0	11	0	inf	1.0	1.0	1.0
g00310	8	0	11	0	inf	1.0	1.0	1.0
g04146	8	0	11	0	inf	1.0	1.0	1.0
g00382	8	0	11	0	inf	1.0	1.0	1.0
g03943	8	0	11	0	inf	1.0	1.0	1.0
g01719	8	0	11	0	inf	1.0	1.0	1.0
g03047	8	0	11	0	inf	1.0	1.0	1.0
g04006	8	0	11	0	inf	1.0	1.0	1.0
g04101	8	0	11	0	inf	1.0	1.0	1.0
g01996	8	0	11	0	inf	1.0	1.0	1.0
g04056	8	0	11	0	inf	1.0	1.0	1.0
g02878	8	0	11	0	inf	1.0	1.0	1.0
g01995	8	0	11	0	inf	1.0	1.0	1.0
g01261	8	0	11	0	inf	1.0	1.0	1.0
g02033	8	0	11	0	inf	1.0	1.0	1.0
g00139	8	0	11	0	inf	1.0	1.0	1.0
g01775	8	0	11	0	inf	1.0	1.0	1.0
g04438	8	0	11	0	inf	1.0	1.0	1.0
g03545	8	0	11	0	inf	1.0	1.0	1.0
g00635	8	0	11	0	inf	1.0	1.0	1.0
g01256	8	0	11	0	inf	1.0	1.0	1.0
g01764	8	0	11	0	inf	1.0	1.0	1.0
g03865	8	0	11	0	inf	1.0	1.0	1.0
g02564	8	0	11	0	inf	1.0	1.0	1.0
g02445	8	0	11	0	inf	1.0	1.0	1.0
g03158	8	0	11	0	inf	1.0	1.0	1.0
g04400	8	0	11	0	inf	1.0	1.0	1.0
g01588	8	0	11	0	inf	1.0	1.0	1.0
g02712	8	0	11	0	inf	1.0	1.0	1.0
g02144	8	0	11	0	inf	1.0	1.0	1.0
g02252	8	0	11	0	inf	1.0	1.0	1.0
g02360	8	0	11	0	inf	1.0	1.0	1.0
g02509	8	0	11	0	inf	1.0	1.0	1.0
g02429	8	0	11	0	inf	1.0	1.0	1.0
g02836	8	0	11	0	inf	1.0	1.0	1.0
g02019	8	0	11	0	inf	1.0	1.0	1.0
g00968	8	0	11	0	inf	1.0	1.0	1.0
g02268	8	0	11	0	inf	1.0	1.0	1.0
g02661	8	0	11	0	inf	1.0	1.0	1.0
g04503	8	0	11	0	inf	1.0	1.0	1.0
g04529	8	0	11	0	inf	1.0	1.0	1.0
g00729	8	0	11	0	inf	1.0	1.0	1.0
g02407	8	0	11	0	inf	1.0	1.0	1.0
g01670	8	0	11	0	inf	1.0	1.0	1.0
g01589	8	0	11	0	inf	1.0	1.0	1.0
g02710	8	0	11	0	inf	1.0	1.0	1.0
g01127	8	0	11	0	inf	1.0	1.0	1.0
g00724	8	0	11	0	inf	1.0	1.0	1.0
g02841	8	0	11	0	inf	1.0	1.0	1.0
g01086	8	0	11	0	inf	1.0	1.0	1.0
g02244	8	0	11	0	inf	1.0	1.0	1.0
g03254	8	0	11	0	inf	1.0	1.0	1.0
g03270	8	0	11	0	inf	1.0	1.0	1.0
g03832	8	0	11	0	inf	1.0	1.0	1.0
g02944	8	0	11	0	inf	1.0	1.0	1.0
g00353	8	0	11	0	inf	1.0	1.0	1.0
g02568	8	0	11	0	inf	1.0	1.0	1.0
g01619	8	0	11	0	inf	1.0	1.0	1.0
g04013	8	0	11	0	inf	1.0	1.0	1.0
g01451	8	0	11	0	inf	1.0	1.0	1.0
g02051	8	0	11	0	inf	1.0	1.0	1.0
g04303	8	0	11	0	inf	1.0	1.0	1.0
g01281	8	0	11	0	inf	1.0	1.0	1.0
g03332	8	0	11	0	inf	1.0	1.0	1.0
g01984	8	0	11	0	inf	1.0	1.0	1.0
g02852	8	0	11	0	inf	1.0	1.0	1.0
g04286	8	0	11	0	inf	1.0	1.0	1.0
g02520	8	0	11	0	inf	1.0	1.0	1.0
g04322	8	0	11	0	inf	1.0	1.0	1.0
g01981	8	0	11	0	inf	1.0	1.0	1.0
g02737	8	0	11	0	inf	1.0	1.0	1.0
g00440	8	0	11	0	inf	1.0	1.0	1.0
g00656	8	0	11	0	inf	1.0	1.0	1.0
g02967	8	0	11	0	inf	1.0	1.0	1.0
g00243	8	0	11	0	inf	1.0	1.0	1.0
g01878	8	0	11	0	inf	1.0	1.0	1.0
g03551	8	0	11	0	inf	1.0	1.0	1.0
g00922	8	0	11	0	inf	1.0	1.0	1.0
g02856	8	0	11	0	inf	1.0	1.0	1.0
g00380	8	0	11	0	inf	1.0	1.0	1.0
g02038	8	0	11	0	inf	1.0	1.0	1.0
g00430	8	0	11	0	inf	1.0	1.0	1.0
g01327	8	0	11	0	inf	1.0	1.0	1.0
g00234	8	0	11	0	inf	1.0	1.0	1.0
g01156	8	0	11	0	inf	1.0	1.0	1.0
g02898	8	0	11	0	inf	1.0	1.0	1.0
g03008	8	0	11	0	inf	1.0	1.0	1.0
g03111	8	0	11	0	inf	1.0	1.0	1.0
g02468	8	0	11	0	inf	1.0	1.0	1.0
g01822	8	0	11	0	inf	1.0	1.0	1.0
g03696	8	0	11	0	inf	1.0	1.0	1.0
g01226	8	0	11	0	inf	1.0	1.0	1.0
g00032	8	0	11	0	inf	1.0	1.0	1.0
g02503	8	0	11	0	inf	1.0	1.0	1.0
g02631	8	0	11	0	inf	1.0	1.0	1.0
g02725	8	0	11	0	inf	1.0	1.0	1.0
g02656	8	0	11	0	inf	1.0	1.0	1.0
g03343	8	0	11	0	inf	1.0	1.0	1.0
g00902	8	0	11	0	inf	1.0	1.0	1.0
g00469	8	0	11	0	inf	1.0	1.0	1.0
g00460	8	0	11	0	inf	1.0	1.0	1.0
g01396	8	0	11	0	inf	1.0	1.0	1.0
g03459	8	0	11	0	inf	1.0	1.0	1.0
g01615	8	0	11	0	inf	1.0	1.0	1.0
g01504	8	0	11	0	inf	1.0	1.0	1.0
g01123	8	0	11	0	inf	1.0	1.0	1.0
g02128	8	0	11	0	inf	1.0	1.0	1.0
g03596	8	0	11	0	inf	1.0	1.0	1.0
g01334	8	0	11	0	inf	1.0	1.0	1.0
g01962	8	0	11	0	inf	1.0	1.0	1.0
g04352	8	0	11	0	inf	1.0	1.0	1.0
g00827	8	0	11	0	inf	1.0	1.0	1.0
g00296	8	0	11	0	inf	1.0	1.0	1.0
g00114	8	0	11	0	inf	1.0	1.0	1.0
g00186	8	0	11	0	inf	1.0	1.0	1.0
g02062	8	0	11	0	inf	1.0	1.0	1.0
g00633	8	0	11	0	inf	1.0	1.0	1.0
g00607	8	0	11	0	inf	1.0	1.0	1.0
g01549	8	0	11	0	inf	1.0	1.0	1.0
g04454	8	0	11	0	inf	1.0	1.0	1.0
g02623	8	0	11	0	inf	1.0	1.0	1.0
g04293	8	0	11	0	inf	1.0	1.0	1.0
g00932	8	0	11	0	inf	1.0	1.0	1.0
g02201	8	0	11	0	inf	1.0	1.0	1.0
g00395	8	0	11	0	inf	1.0	1.0	1.0
g01684	8	0	11	0	inf	1.0	1.0	1.0
g00424	8	0	11	0	inf	1.0	1.0	1.0
g02848	8	0	11	0	inf	1.0	1.0	1.0
g02484	8	0	11	0	inf	1.0	1.0	1.0
g01490	8	0	11	0	inf	1.0	1.0	1.0
g00057	8	0	11	0	inf	1.0	1.0	1.0
g01395	8	0	11	0	inf	1.0	1.0	1.0
g00473	8	0	11	0	inf	1.0	1.0	1.0
g02192	8	0	11	0	inf	1.0	1.0	1.0
g02550	8	0	11	0	inf	1.0	1.0	1.0
g03667	8	0	11	0	inf	1.0	1.0	1.0
g03878	8	0	11	0	inf	1.0	1.0	1.0
g02154	8	0	11	0	inf	1.0	1.0	1.0
g02448	8	0	11	0	inf	1.0	1.0	1.0
g01610	8	0	11	0	inf	1.0	1.0	1.0
g02336	8	0	11	0	inf	1.0	1.0	1.0
g04468	8	0	11	0	inf	1.0	1.0	1.0
g02200	8	0	11	0	inf	1.0	1.0	1.0
g03836	8	0	11	0	inf	1.0	1.0	1.0
g00533	8	0	11	0	inf	1.0	1.0	1.0
g02380	8	0	11	0	inf	1.0	1.0	1.0
g03564	8	0	11	0	inf	1.0	1.0	1.0
g01913	8	0	11	0	inf	1.0	1.0	1.0
g04432	8	0	11	0	inf	1.0	1.0	1.0
g01897	8	0	11	0	inf	1.0	1.0	1.0
g00349	8	0	11	0	inf	1.0	1.0	1.0
g00837	8	0	11	0	inf	1.0	1.0	1.0
g01172	8	0	11	0	inf	1.0	1.0	1.0
g00055	8	0	11	0	inf	1.0	1.0	1.0
g00699	8	0	11	0	inf	1.0	1.0	1.0
g02665	8	0	11	0	inf	1.0	1.0	1.0
g01477	8	0	11	0	inf	1.0	1.0	1.0
g00626	8	0	11	0	inf	1.0	1.0	1.0
g01440	8	0	11	0	inf	1.0	1.0	1.0
g01301	8	0	11	0	inf	1.0	1.0	1.0
g00337	8	0	11	0	inf	1.0	1.0	1.0
g00249	8	0	11	0	inf	1.0	1.0	1.0
g02501	8	0	11	0	inf	1.0	1.0	1.0
g03680	8	0	11	0	inf	1.0	1.0	1.0
g00225	8	0	11	0	inf	1.0	1.0	1.0
g00076	8	0	11	0	inf	1.0	1.0	1.0
g01452	8	0	11	0	inf	1.0	1.0	1.0
g00237	8	0	11	0	inf	1.0	1.0	1.0
g02187	8	0	11	0	inf	1.0	1.0	1.0
g01969	8	0	11	0	inf	1.0	1.0	1.0
g01200	8	0	11	0	inf	1.0	1.0	1.0
g00499	8	0	11	0	inf	1.0	1.0	1.0
g00019	8	0	11	0	inf	1.0	1.0	1.0
g00711	8	0	11	0	inf	1.0	1.0	1.0
g00869	8	0	11	0	inf	1.0	1.0	1.0
g00054	8	0	11	0	inf	1.0	1.0	1.0
g00407	8	0	11	0	inf	1.0	1.0	1.0
g01948	8	0	11	0	inf	1.0	1.0	1.0
g00678	8	0	11	0	inf	1.0	1.0	1.0
g00190	8	0	11	0	inf	1.0	1.0	1.0
g00092	8	0	11	0	inf	1.0	1.0	1.0
g02072	8	0	11	0	inf	1.0	1.0	1.0
g00467	8	0	11	0	inf	1.0	1.0	1.0
g00284	8	0	11	0	inf	1.0	1.0	1.0
g02698	8	0	11	0	inf	1.0	1.0	1.0
g00649	8	0	11	0	inf	1.0	1.0	1.0
g00209	8	0	11	0	inf	1.0	1.0	1.0
g00642	8	0	11	0	inf	1.0	1.0	1.0
g02830	8	0	11	0	inf	1.0	1.0	1.0
g01492	8	0	11	0	inf	1.0	1.0	1.0
g02125	8	0	11	0	inf	1.0	1.0	1.0
g01365	8	0	11	0	inf	1.0	1.0	1.0
g01436	8	0	11	0	inf	1.0	1.0	1.0
g01766	8	0	11	0	inf	1.0	1.0	1.0
g03635	8	0	11	0	inf	1.0	1.0	1.0
g04166	8	0	11	0	inf	1.0	1.0	1.0
g03587	8	0	11	0	inf	1.0	1.0	1.0
g00205	8	0	11	0	inf	1.0	1.0	1.0
g00523	8	0	11	0	inf	1.0	1.0	1.0
g09185	8	0	11	0	inf	1.0	1.0	1.0
g02303	8	0	11	0	inf	1.0	1.0	1.0
g01694	8	0	11	0	inf	1.0	1.0	1.0
g02456	8	0	11	0	inf	1.0	1.0	1.0
g00520	8	0	11	0	inf	1.0	1.0	1.0
g02420	8	0	11	0	inf	1.0	1.0	1.0
g04392	8	0	11	0	inf	1.0	1.0	1.0
g01489	8	0	11	0	inf	1.0	1.0	1.0
g02785	8	0	11	0	inf	1.0	1.0	1.0
g04398	8	0	11	0	inf	1.0	1.0	1.0
g01235	8	0	11	0	inf	1.0	1.0	1.0
g02308	8	0	11	0	inf	1.0	1.0	1.0
g04302	8	0	11	0	inf	1.0	1.0	1.0
g03291	8	0	11	0	inf	1.0	1.0	1.0
g02728	8	0	11	0	inf	1.0	1.0	1.0
g03334	8	0	11	0	inf	1.0	1.0	1.0
g04589	8	0	11	0	inf	1.0	1.0	1.0
g03027	8	0	11	0	inf	1.0	1.0	1.0
g01091	8	0	11	0	inf	1.0	1.0	1.0
g01090	8	0	11	0	inf	1.0	1.0	1.0
g02408	8	0	11	0	inf	1.0	1.0	1.0
g01874	8	0	11	0	inf	1.0	1.0	1.0
g02625	8	0	11	0	inf	1.0	1.0	1.0
g01482	8	0	11	0	inf	1.0	1.0	1.0
g00848	8	0	11	0	inf	1.0	1.0	1.0
g03715	8	0	11	0	inf	1.0	1.0	1.0
g01632	8	0	11	0	inf	1.0	1.0	1.0
g02645	8	0	11	0	inf	1.0	1.0	1.0
g04240	8	0	11	0	inf	1.0	1.0	1.0
g03382	8	0	11	0	inf	1.0	1.0	1.0
g02632	8	0	11	0	inf	1.0	1.0	1.0
g02548	8	0	11	0	inf	1.0	1.0	1.0
g02791	8	0	11	0	inf	1.0	1.0	1.0
g01227	8	0	11	0	inf	1.0	1.0	1.0
g01204	8	0	11	0	inf	1.0	1.0	1.0
g04087	8	0	11	0	inf	1.0	1.0	1.0
g00878	8	0	11	0	inf	1.0	1.0	1.0
g02588	8	0	11	0	inf	1.0	1.0	1.0
g01241	8	0	11	0	inf	1.0	1.0	1.0
g01942	8	0	11	0	inf	1.0	1.0	1.0
g03563	8	0	11	0	inf	1.0	1.0	1.0
g02586	8	0	11	0	inf	1.0	1.0	1.0
g03498	8	0	11	0	inf	1.0	1.0	1.0
g02078	8	0	11	0	inf	1.0	1.0	1.0
g03005	8	0	11	0	inf	1.0	1.0	1.0
g03709	8	0	11	0	inf	1.0	1.0	1.0
g03011	8	0	11	0	inf	1.0	1.0	1.0
g01900	8	0	11	0	inf	1.0	1.0	1.0
g02288	8	0	11	0	inf	1.0	1.0	1.0
g00796	8	0	11	0	inf	1.0	1.0	1.0
g02542	8	0	11	0	inf	1.0	1.0	1.0
g00812	8	0	11	0	inf	1.0	1.0	1.0
g03806	8	0	11	0	inf	1.0	1.0	1.0
g02004	8	0	11	0	inf	1.0	1.0	1.0
g00737	8	0	11	0	inf	1.0	1.0	1.0
g01176	8	0	11	0	inf	1.0	1.0	1.0
g01325	8	0	11	0	inf	1.0	1.0	1.0
g01322	8	0	11	0	inf	1.0	1.0	1.0
g01344	8	0	11	0	inf	1.0	1.0	1.0
g05983	8	0	11	0	inf	1.0	1.0	1.0
g01693	8	0	11	0	inf	1.0	1.0	1.0
g02840	8	0	11	0	inf	1.0	1.0	1.0
g02966	8	0	11	0	inf	1.0	1.0	1.0
g02402	8	0	11	0	inf	1.0	1.0	1.0
g02885	8	0	11	0	inf	1.0	1.0	1.0
g00229	8	0	11	0	inf	1.0	1.0	1.0
g00308	8	0	11	0	inf	1.0	1.0	1.0
g00876	8	0	11	0	inf	1.0	1.0	1.0
g01887	8	0	11	0	inf	1.0	1.0	1.0
g02145	8	0	11	0	inf	1.0	1.0	1.0
g03706	8	0	11	0	inf	1.0	1.0	1.0
g03010	8	0	11	0	inf	1.0	1.0	1.0
g04361	8	0	11	0	inf	1.0	1.0	1.0
g02105	8	0	11	0	inf	1.0	1.0	1.0
g01882	8	0	11	0	inf	1.0	1.0	1.0
g01502	8	0	11	0	inf	1.0	1.0	1.0
g02488	8	0	11	0	inf	1.0	1.0	1.0
g02887	8	0	11	0	inf	1.0	1.0	1.0
g03753	8	0	11	0	inf	1.0	1.0	1.0
g03774	8	0	11	0	inf	1.0	1.0	1.0
g02562	8	0	11	0	inf	1.0	1.0	1.0
g02282	8	0	11	0	inf	1.0	1.0	1.0
g00805	8	0	11	0	inf	1.0	1.0	1.0
g00510	8	0	11	0	inf	1.0	1.0	1.0
g02975	8	0	11	0	inf	1.0	1.0	1.0
g02933	8	0	11	0	inf	1.0	1.0	1.0
g02743	8	0	11	0	inf	1.0	1.0	1.0
g01537	8	0	11	0	inf	1.0	1.0	1.0
g01554	8	0	11	0	inf	1.0	1.0	1.0
g03622	8	0	11	0	inf	1.0	1.0	1.0
g03739	8	0	11	0	inf	1.0	1.0	1.0
g00446	8	0	11	0	inf	1.0	1.0	1.0
g01385	8	0	11	0	inf	1.0	1.0	1.0
g02211	8	0	11	0	inf	1.0	1.0	1.0
g01992	8	0	11	0	inf	1.0	1.0	1.0
g03738	8	0	11	0	inf	1.0	1.0	1.0
g02859	8	0	11	0	inf	1.0	1.0	1.0
g03597	8	0	11	0	inf	1.0	1.0	1.0
g02167	8	0	11	0	inf	1.0	1.0	1.0
g02057	8	0	11	0	inf	1.0	1.0	1.0
g04461	8	0	11	0	inf	1.0	1.0	1.0
g00409	8	0	11	0	inf	1.0	1.0	1.0
g01791	8	0	11	0	inf	1.0	1.0	1.0
g02011	8	0	11	0	inf	1.0	1.0	1.0
g01509	8	0	11	0	inf	1.0	1.0	1.0
g02954	8	0	11	0	inf	1.0	1.0	1.0
g01779	8	0	11	0	inf	1.0	1.0	1.0
g01068	8	0	11	0	inf	1.0	1.0	1.0
g03527	8	0	11	0	inf	1.0	1.0	1.0
g03495	8	0	11	0	inf	1.0	1.0	1.0
g03328	8	0	11	0	inf	1.0	1.0	1.0
g02493	8	0	11	0	inf	1.0	1.0	1.0
g02024	8	0	11	0	inf	1.0	1.0	1.0
g02422	8	0	11	0	inf	1.0	1.0	1.0
g03337	8	0	11	0	inf	1.0	1.0	1.0
g04441	8	0	11	0	inf	1.0	1.0	1.0
g04519	8	0	11	0	inf	1.0	1.0	1.0
g01461	8	0	11	0	inf	1.0	1.0	1.0
g04277	8	0	11	0	inf	1.0	1.0	1.0
g02240	8	0	11	0	inf	1.0	1.0	1.0
g00486	8	0	11	0	inf	1.0	1.0	1.0
g00381	8	0	11	0	inf	1.0	1.0	1.0
g01491	8	0	11	0	inf	1.0	1.0	1.0
g02092	8	0	11	0	inf	1.0	1.0	1.0
g01876	8	0	11	0	inf	1.0	1.0	1.0
g01067	8	0	11	0	inf	1.0	1.0	1.0
g04080	8	0	11	0	inf	1.0	1.0	1.0
g02692	8	0	11	0	inf	1.0	1.0	1.0
g02546	8	0	11	0	inf	1.0	1.0	1.0
g04059	8	0	11	0	inf	1.0	1.0	1.0
g01787	8	0	11	0	inf	1.0	1.0	1.0
g01433	8	0	11	0	inf	1.0	1.0	1.0
g00132	8	0	11	0	inf	1.0	1.0	1.0
g01899	8	0	11	0	inf	1.0	1.0	1.0
g02370	8	0	11	0	inf	1.0	1.0	1.0
g01298	8	0	11	0	inf	1.0	1.0	1.0
g00276	8	0	11	0	inf	1.0	1.0	1.0
g01164	8	0	11	0	inf	1.0	1.0	1.0
g00150	8	0	11	0	inf	1.0	1.0	1.0
g00890	8	0	11	0	inf	1.0	1.0	1.0
g00001	8	0	11	0	inf	1.0	1.0	1.0
g02970	8	0	11	0	inf	1.0	1.0	1.0
g02679	8	0	11	0	inf	1.0	1.0	1.0
g00531	8	0	11	0	inf	1.0	1.0	1.0
g01120	8	0	11	0	inf	1.0	1.0	1.0
g00442	8	0	11	0	inf	1.0	1.0	1.0
g00571	8	0	11	0	inf	1.0	1.0	1.0
g01379	8	0	11	0	inf	1.0	1.0	1.0
g00418	8	0	11	0	inf	1.0	1.0	1.0
g03718	8	0	11	0	inf	1.0	1.0	1.0
g03575	8	0	11	0	inf	1.0	1.0	1.0
g01239	8	0	11	0	inf	1.0	1.0	1.0
g01420	8	0	11	0	inf	1.0	1.0	1.0
g02189	8	0	11	0	inf	1.0	1.0	1.0
g00104	8	0	11	0	inf	1.0	1.0	1.0
g00850	8	0	11	0	inf	1.0	1.0	1.0
g02823	8	0	11	0	inf	1.0	1.0	1.0
g03791	8	0	11	0	inf	1.0	1.0	1.0
g01431	8	0	11	0	inf	1.0	1.0	1.0
g03006	8	0	11	0	inf	1.0	1.0	1.0
g02359	8	0	11	0	inf	1.0	1.0	1.0
g01179	8	0	11	0	inf	1.0	1.0	1.0
g02561	8	0	11	0	inf	1.0	1.0	1.0
g01264	8	0	11	0	inf	1.0	1.0	1.0
g04282	8	0	11	0	inf	1.0	1.0	1.0
g00786	8	0	11	0	inf	1.0	1.0	1.0
g00487	8	0	11	0	inf	1.0	1.0	1.0
g00942	8	0	11	0	inf	1.0	1.0	1.0
g02293	8	0	11	0	inf	1.0	1.0	1.0
g02801	8	0	11	0	inf	1.0	1.0	1.0
g00287	8	0	11	0	inf	1.0	1.0	1.0
g01203	8	0	11	0	inf	1.0	1.0	1.0
g04477	8	0	11	0	inf	1.0	1.0	1.0
g02938	8	0	11	0	inf	1.0	1.0	1.0
g03209	8	0	11	0	inf	1.0	1.0	1.0
g04031	8	0	11	0	inf	1.0	1.0	1.0
g01634	8	0	11	0	inf	1.0	1.0	1.0
g04465	8	0	11	0	inf	1.0	1.0	1.0
g00662	8	0	11	0	inf	1.0	1.0	1.0
g01107	8	0	11	0	inf	1.0	1.0	1.0
g01236	8	0	11	0	inf	1.0	1.0	1.0
g01282	8	0	11	0	inf	1.0	1.0	1.0
g00147	8	0	11	0	inf	1.0	1.0	1.0
g02059	8	0	11	0	inf	1.0	1.0	1.0
g01723	8	0	11	0	inf	1.0	1.0	1.0
g02396	8	0	11	0	inf	1.0	1.0	1.0
g03132	8	0	11	0	inf	1.0	1.0	1.0
g01259	8	0	11	0	inf	1.0	1.0	1.0
g02980	8	0	11	0	inf	1.0	1.0	1.0
g04559	8	0	11	0	inf	1.0	1.0	1.0
g01682	8	0	11	0	inf	1.0	1.0	1.0
g02845	8	0	11	0	inf	1.0	1.0	1.0
g02328	8	0	11	0	inf	1.0	1.0	1.0
g01150	8	0	11	0	inf	1.0	1.0	1.0
g02170	8	0	11	0	inf	1.0	1.0	1.0
g00316	8	0	11	0	inf	1.0	1.0	1.0
g01475	8	0	11	0	inf	1.0	1.0	1.0
g00452	8	0	11	0	inf	1.0	1.0	1.0
g01851	8	0	11	0	inf	1.0	1.0	1.0
g01302	8	0	11	0	inf	1.0	1.0	1.0
g01103	8	0	11	0	inf	1.0	1.0	1.0
g01576	8	0	11	0	inf	1.0	1.0	1.0
g02323	8	0	11	0	inf	1.0	1.0	1.0
g04073	8	0	11	0	inf	1.0	1.0	1.0
g04039	8	0	11	0	inf	1.0	1.0	1.0
g00913	8	0	11	0	inf	1.0	1.0	1.0
g00483	8	0	11	0	inf	1.0	1.0	1.0
g01064	8	0	11	0	inf	1.0	1.0	1.0
g01332	8	0	11	0	inf	1.0	1.0	1.0
g00757	8	0	11	0	inf	1.0	1.0	1.0
g01936	8	0	11	0	inf	1.0	1.0	1.0
g01754	8	0	11	0	inf	1.0	1.0	1.0
g02258	8	0	11	0	inf	1.0	1.0	1.0
g01406	8	0	11	0	inf	1.0	1.0	1.0
g00701	8	0	11	0	inf	1.0	1.0	1.0
g00685	8	0	11	0	inf	1.0	1.0	1.0
g01559	8	0	11	0	inf	1.0	1.0	1.0
g00854	8	0	11	0	inf	1.0	1.0	1.0
g01444	8	0	11	0	inf	1.0	1.0	1.0
g01219	8	0	11	0	inf	1.0	1.0	1.0
g01517	8	0	11	0	inf	1.0	1.0	1.0
g01513	8	0	11	0	inf	1.0	1.0	1.0
g02134	8	0	11	0	inf	1.0	1.0	1.0
g01260	8	0	11	0	inf	1.0	1.0	1.0
g01990	8	0	11	0	inf	1.0	1.0	1.0
g01060	8	0	11	0	inf	1.0	1.0	1.0
g01577	8	0	11	0	inf	1.0	1.0	1.0
g01108	8	0	11	0	inf	1.0	1.0	1.0
g01042	8	0	11	0	inf	1.0	1.0	1.0
g04153	8	0	11	0	inf	1.0	1.0	1.0
g00622	8	0	11	0	inf	1.0	1.0	1.0
g04256	8	0	11	0	inf	1.0	1.0	1.0
g01351	8	0	11	0	inf	1.0	1.0	1.0
g02543	8	0	11	0	inf	1.0	1.0	1.0
g02228	8	0	11	0	inf	1.0	1.0	1.0
g02095	8	0	11	0	inf	1.0	1.0	1.0
g01462	8	0	11	0	inf	1.0	1.0	1.0
g02960	8	0	11	0	inf	1.0	1.0	1.0
g02858	8	0	11	0	inf	1.0	1.0	1.0
g01902	8	0	11	0	inf	1.0	1.0	1.0
g00363	8	0	11	0	inf	1.0	1.0	1.0
g04171	8	0	11	0	inf	1.0	1.0	1.0
g02874	8	0	11	0	inf	1.0	1.0	1.0
g03532	8	0	11	0	inf	1.0	1.0	1.0
g01132	8	0	11	0	inf	1.0	1.0	1.0
g00871	8	0	11	0	inf	1.0	1.0	1.0
g02621	8	0	11	0	inf	1.0	1.0	1.0
g02940	8	0	11	0	inf	1.0	1.0	1.0
g04337	8	0	11	0	inf	1.0	1.0	1.0
g01521	8	0	11	0	inf	1.0	1.0	1.0
g02522	8	0	11	0	inf	1.0	1.0	1.0
g01894	8	0	11	0	inf	1.0	1.0	1.0
g02732	8	0	11	0	inf	1.0	1.0	1.0
g02666	8	0	11	0	inf	1.0	1.0	1.0
g02911	8	0	11	0	inf	1.0	1.0	1.0
g02981	8	0	11	0	inf	1.0	1.0	1.0
g00629	8	0	11	0	inf	1.0	1.0	1.0
g00670	8	0	11	0	inf	1.0	1.0	1.0
g03307	8	0	11	0	inf	1.0	1.0	1.0
g03861	8	0	11	0	inf	1.0	1.0	1.0
g00181	8	0	11	0	inf	1.0	1.0	1.0
g00972	8	0	11	0	inf	1.0	1.0	1.0
g01213	8	0	11	0	inf	1.0	1.0	1.0
g01038	8	0	11	0	inf	1.0	1.0	1.0
g00212	8	0	11	0	inf	1.0	1.0	1.0
g01366	8	0	11	0	inf	1.0	1.0	1.0
g00374	8	0	11	0	inf	1.0	1.0	1.0
g00723	8	0	11	0	inf	1.0	1.0	1.0
g01323	8	0	11	0	inf	1.0	1.0	1.0
g03907	8	0	11	0	inf	1.0	1.0	1.0
g01880	8	0	11	0	inf	1.0	1.0	1.0
g00798	8	0	11	0	inf	1.0	1.0	1.0
g00058	8	0	11	0	inf	1.0	1.0	1.0
g03656	8	0	11	0	inf	1.0	1.0	1.0
g01816	8	0	11	0	inf	1.0	1.0	1.0
g01911	8	0	11	0	inf	1.0	1.0	1.0
g01085	8	0	11	0	inf	1.0	1.0	1.0
g00966	8	0	11	0	inf	1.0	1.0	1.0
g01857	8	0	11	0	inf	1.0	1.0	1.0
g03988	8	0	11	0	inf	1.0	1.0	1.0
g03815	8	0	11	0	inf	1.0	1.0	1.0
g08570	8	0	11	0	inf	1.0	1.0	1.0
g01337	8	0	11	0	inf	1.0	1.0	1.0
g00657	8	0	11	0	inf	1.0	1.0	1.0
g01908	8	0	11	0	inf	1.0	1.0	1.0
g01262	8	0	11	0	inf	1.0	1.0	1.0
g00277	8	0	11	0	inf	1.0	1.0	1.0
g00273	8	0	11	0	inf	1.0	1.0	1.0
g01725	8	0	11	0	inf	1.0	1.0	1.0
g01649	8	0	11	0	inf	1.0	1.0	1.0
g00586	8	0	11	0	inf	1.0	1.0	1.0
g00785	8	0	11	0	inf	1.0	1.0	1.0
g00146	8	0	11	0	inf	1.0	1.0	1.0
g03294	8	0	11	0	inf	1.0	1.0	1.0
g01245	8	0	11	0	inf	1.0	1.0	1.0
g00625	8	0	11	0	inf	1.0	1.0	1.0
g01326	8	0	11	0	inf	1.0	1.0	1.0
g01661	8	0	11	0	inf	1.0	1.0	1.0
g04459	8	0	11	0	inf	1.0	1.0	1.0
g03243	8	0	11	0	inf	1.0	1.0	1.0
g00335	8	0	11	0	inf	1.0	1.0	1.0
g02430	8	0	11	0	inf	1.0	1.0	1.0
g01084	8	0	11	0	inf	1.0	1.0	1.0
g02871	8	0	11	0	inf	1.0	1.0	1.0
g02298	8	0	11	0	inf	1.0	1.0	1.0
g01652	8	0	11	0	inf	1.0	1.0	1.0
g01143	8	0	11	0	inf	1.0	1.0	1.0
g02052	8	0	11	0	inf	1.0	1.0	1.0
g02775	8	0	11	0	inf	1.0	1.0	1.0
g00696	8	0	11	0	inf	1.0	1.0	1.0
g00262	8	0	11	0	inf	1.0	1.0	1.0
g00525	8	0	11	0	inf	1.0	1.0	1.0
g00693	8	0	11	0	inf	1.0	1.0	1.0
g04525	8	0	11	0	inf	1.0	1.0	1.0
g01405	8	0	11	0	inf	1.0	1.0	1.0
g00160	8	0	11	0	inf	1.0	1.0	1.0
g00949	8	0	11	0	inf	1.0	1.0	1.0
g00522	8	0	11	0	inf	1.0	1.0	1.0
g03071	8	0	11	0	inf	1.0	1.0	1.0
g00988	8	0	11	0	inf	1.0	1.0	1.0
g02269	8	0	11	0	inf	1.0	1.0	1.0
g00507	8	0	11	0	inf	1.0	1.0	1.0
g01286	8	0	11	0	inf	1.0	1.0	1.0
g03871	8	0	11	0	inf	1.0	1.0	1.0
g00574	8	0	11	0	inf	1.0	1.0	1.0
g00793	8	0	11	0	inf	1.0	1.0	1.0
g02690	8	0	11	0	inf	1.0	1.0	1.0
g00509	8	0	11	0	inf	1.0	1.0	1.0
g00728	8	0	11	0	inf	1.0	1.0	1.0
g00482	8	0	11	0	inf	1.0	1.0	1.0
g00475	8	0	11	0	inf	1.0	1.0	1.0
g01563	8	0	11	0	inf	1.0	1.0	1.0
g02009	8	0	11	0	inf	1.0	1.0	1.0
g02563	8	0	11	0	inf	1.0	1.0	1.0
g01308	8	0	11	0	inf	1.0	1.0	1.0
g00946	8	0	11	0	inf	1.0	1.0	1.0
g00073	8	0	11	0	inf	1.0	1.0	1.0
g00588	8	0	11	0	inf	1.0	1.0	1.0
g00428	8	0	11	0	inf	1.0	1.0	1.0
g03278	8	0	11	0	inf	1.0	1.0	1.0
g03261	8	0	11	0	inf	1.0	1.0	1.0
g01458	8	0	11	0	inf	1.0	1.0	1.0
g02117	8	0	11	0	inf	1.0	1.0	1.0
g01794	8	0	11	0	inf	1.0	1.0	1.0
g03554	8	0	11	0	inf	1.0	1.0	1.0
g03057	8	0	11	0	inf	1.0	1.0	1.0
g04344	8	0	11	0	inf	1.0	1.0	1.0
g01963	8	0	11	0	inf	1.0	1.0	1.0
g03647	8	0	11	0	inf	1.0	1.0	1.0
g02077	8	0	11	0	inf	1.0	1.0	1.0
g02688	8	0	11	0	inf	1.0	1.0	1.0
g03368	8	0	11	0	inf	1.0	1.0	1.0
g01341	8	0	11	0	inf	1.0	1.0	1.0
g03695	8	0	11	0	inf	1.0	1.0	1.0
g03393	8	0	11	0	inf	1.0	1.0	1.0
g00545	8	0	11	0	inf	1.0	1.0	1.0
g04347	8	0	11	0	inf	1.0	1.0	1.0
g04218	8	0	11	0	inf	1.0	1.0	1.0
g02444	8	0	11	0	inf	1.0	1.0	1.0
g02639	8	0	11	0	inf	1.0	1.0	1.0
g01137	8	0	11	0	inf	1.0	1.0	1.0
g04318	8	0	11	0	inf	1.0	1.0	1.0
g02524	8	0	11	0	inf	1.0	1.0	1.0
g04055	8	0	11	0	inf	1.0	1.0	1.0
g01159	8	0	11	0	inf	1.0	1.0	1.0
g02376	8	0	11	0	inf	1.0	1.0	1.0
g02194	8	0	11	0	inf	1.0	1.0	1.0
g01699	8	0	11	0	inf	1.0	1.0	1.0
g00823	8	0	11	0	inf	1.0	1.0	1.0
g00943	8	0	11	0	inf	1.0	1.0	1.0
g01877	8	0	11	0	inf	1.0	1.0	1.0
g00679	8	0	11	0	inf	1.0	1.0	1.0
g01952	8	0	11	0	inf	1.0	1.0	1.0
g03991	8	0	11	0	inf	1.0	1.0	1.0
g03802	8	0	11	0	inf	1.0	1.0	1.0
g02218	8	0	11	0	inf	1.0	1.0	1.0
g03136	8	0	11	0	inf	1.0	1.0	1.0
g03079	8	0	11	0	inf	1.0	1.0	1.0
g02627	8	0	11	0	inf	1.0	1.0	1.0
g03222	8	0	11	0	inf	1.0	1.0	1.0
g02601	8	0	11	0	inf	1.0	1.0	1.0
g03401	8	0	11	0	inf	1.0	1.0	1.0
g03640	8	0	11	0	inf	1.0	1.0	1.0
g02635	8	0	11	0	inf	1.0	1.0	1.0
g04502	8	0	11	0	inf	1.0	1.0	1.0
g03708	8	0	11	0	inf	1.0	1.0	1.0
g03967	8	0	11	0	inf	1.0	1.0	1.0
g03157	8	0	11	0	inf	1.0	1.0	1.0
g03281	8	0	11	0	inf	1.0	1.0	1.0
g02598	8	0	11	0	inf	1.0	1.0	1.0
g01007	8	0	11	0	inf	1.0	1.0	1.0
g01449	8	0	11	0	inf	1.0	1.0	1.0
g03373	8	0	11	0	inf	1.0	1.0	1.0
g03364	8	0	11	0	inf	1.0	1.0	1.0
g01276	8	0	11	0	inf	1.0	1.0	1.0
g03604	8	0	11	0	inf	1.0	1.0	1.0
g02173	8	0	11	0	inf	1.0	1.0	1.0
g02080	8	0	11	0	inf	1.0	1.0	1.0
g03864	8	0	11	0	inf	1.0	1.0	1.0
g02094	8	0	11	0	inf	1.0	1.0	1.0
g00610	8	0	11	0	inf	1.0	1.0	1.0
g03411	8	0	11	0	inf	1.0	1.0	1.0
g04532	8	0	11	0	inf	1.0	1.0	1.0
g01796	8	0	11	0	inf	1.0	1.0	1.0
g04266	8	0	11	0	inf	1.0	1.0	1.0
g03148	8	0	11	0	inf	1.0	1.0	1.0
g03220	8	0	11	0	inf	1.0	1.0	1.0
g02910	8	0	11	0	inf	1.0	1.0	1.0
g02756	8	0	11	0	inf	1.0	1.0	1.0
g02850	8	0	11	0	inf	1.0	1.0	1.0
g02913	8	0	11	0	inf	1.0	1.0	1.0
g03646	8	0	11	0	inf	1.0	1.0	1.0
g02283	8	0	11	0	inf	1.0	1.0	1.0
g03973	8	0	11	0	inf	1.0	1.0	1.0
g03327	8	0	11	0	inf	1.0	1.0	1.0
g02620	8	0	11	0	inf	1.0	1.0	1.0
g02060	8	0	11	0	inf	1.0	1.0	1.0
g03036	8	0	11	0	inf	1.0	1.0	1.0
g02386	8	0	11	0	inf	1.0	1.0	1.0
g01639	8	0	11	0	inf	1.0	1.0	1.0
g02781	8	0	11	0	inf	1.0	1.0	1.0
g04568	8	0	11	0	inf	1.0	1.0	1.0
g04424	8	0	11	0	inf	1.0	1.0	1.0
g03237	8	0	11	0	inf	1.0	1.0	1.0
g04566	8	0	11	0	inf	1.0	1.0	1.0
g02549	8	0	11	0	inf	1.0	1.0	1.0
g03040	8	0	11	0	inf	1.0	1.0	1.0
g01229	8	0	11	0	inf	1.0	1.0	1.0
g00112	8	0	11	0	inf	1.0	1.0	1.0
g01141	8	0	11	0	inf	1.0	1.0	1.0
g01099	8	0	11	0	inf	1.0	1.0	1.0
g00013	8	0	11	0	inf	1.0	1.0	1.0
g01740	8	0	11	0	inf	1.0	1.0	1.0
g00912	8	0	11	0	inf	1.0	1.0	1.0
g02965	8	0	11	0	inf	1.0	1.0	1.0
g03199	8	0	11	0	inf	1.0	1.0	1.0
g03369	8	0	11	0	inf	1.0	1.0	1.0
g02161	8	0	11	0	inf	1.0	1.0	1.0
g00697	8	0	11	0	inf	1.0	1.0	1.0
g00357	8	0	11	0	inf	1.0	1.0	1.0
g00415	8	0	11	0	inf	1.0	1.0	1.0
g01479	8	0	11	0	inf	1.0	1.0	1.0
g00856	8	0	11	0	inf	1.0	1.0	1.0
g01130	8	0	11	0	inf	1.0	1.0	1.0
g04401	8	0	11	0	inf	1.0	1.0	1.0
g02946	8	0	11	0	inf	1.0	1.0	1.0
g03479	8	0	11	0	inf	1.0	1.0	1.0
g01034	8	0	11	0	inf	1.0	1.0	1.0
g01757	8	0	11	0	inf	1.0	1.0	1.0
g00423	8	0	11	0	inf	1.0	1.0	1.0
g00255	8	0	11	0	inf	1.0	1.0	1.0
g00231	8	0	11	0	inf	1.0	1.0	1.0
g00202	8	0	11	0	inf	1.0	1.0	1.0
g00481	8	0	11	0	inf	1.0	1.0	1.0
g02274	8	0	11	0	inf	1.0	1.0	1.0
g01847	8	0	11	0	inf	1.0	1.0	1.0
g01455	8	0	11	0	inf	1.0	1.0	1.0
g01244	8	0	11	0	inf	1.0	1.0	1.0
g00899	8	0	11	0	inf	1.0	1.0	1.0
g00967	8	0	11	0	inf	1.0	1.0	1.0
g00782	8	0	11	0	inf	1.0	1.0	1.0
g00500	8	0	11	0	inf	1.0	1.0	1.0
g01909	8	0	11	0	inf	1.0	1.0	1.0
g00045	8	0	11	0	inf	1.0	1.0	1.0
g00216	8	0	11	0	inf	1.0	1.0	1.0
g00576	8	0	11	0	inf	1.0	1.0	1.0
g00197	8	0	11	0	inf	1.0	1.0	1.0
g00074	8	0	11	0	inf	1.0	1.0	1.0
g00881	8	0	11	0	inf	1.0	1.0	1.0
g02525	8	0	11	0	inf	1.0	1.0	1.0
g00668	8	0	11	0	inf	1.0	1.0	1.0
g01372	8	0	11	0	inf	1.0	1.0	1.0
g00068	8	0	11	0	inf	1.0	1.0	1.0
g02039	8	0	11	0	inf	1.0	1.0	1.0
g02720	8	0	11	0	inf	1.0	1.0	1.0
g01583	8	0	11	0	inf	1.0	1.0	1.0
g01024	8	0	11	0	inf	1.0	1.0	1.0
g00819	8	0	11	0	inf	1.0	1.0	1.0
g00608	8	0	11	0	inf	1.0	1.0	1.0
g02446	8	0	11	0	inf	1.0	1.0	1.0
g01518	8	0	11	0	inf	1.0	1.0	1.0
g00491	8	0	11	0	inf	1.0	1.0	1.0
g01572	8	0	11	0	inf	1.0	1.0	1.0
g00303	8	0	11	0	inf	1.0	1.0	1.0
g00814	8	0	11	0	inf	1.0	1.0	1.0
g00400	8	0	11	0	inf	1.0	1.0	1.0
g02119	8	0	11	0	inf	1.0	1.0	1.0
g01765	8	0	11	0	inf	1.0	1.0	1.0
g00655	8	0	11	0	inf	1.0	1.0	1.0
g01041	8	0	11	0	inf	1.0	1.0	1.0
g00118	8	0	11	0	inf	1.0	1.0	1.0
g00066	8	0	11	0	inf	1.0	1.0	1.0
g03182	8	0	11	0	inf	1.0	1.0	1.0
g01778	8	0	11	0	inf	1.0	1.0	1.0
g01391	8	0	11	0	inf	1.0	1.0	1.0
g01059	8	0	11	0	inf	1.0	1.0	1.0
g00789	8	0	11	0	inf	1.0	1.0	1.0
g00456	8	0	11	0	inf	1.0	1.0	1.0
g03725	8	0	11	0	inf	1.0	1.0	1.0
g01370	8	0	11	0	inf	1.0	1.0	1.0
g02207	8	0	11	0	inf	1.0	1.0	1.0
g02727	8	0	11	0	inf	1.0	1.0	1.0
g02352	8	0	11	0	inf	1.0	1.0	1.0
g00123	8	0	11	0	inf	1.0	1.0	1.0
g01920	8	0	11	0	inf	1.0	1.0	1.0
g04371	8	0	11	0	inf	1.0	1.0	1.0
g02482	8	0	11	0	inf	1.0	1.0	1.0
g00543	8	0	11	0	inf	1.0	1.0	1.0
g01943	8	0	11	0	inf	1.0	1.0	1.0
g00707	8	0	11	0	inf	1.0	1.0	1.0
g00773	8	0	11	0	inf	1.0	1.0	1.0
g02788	8	0	11	0	inf	1.0	1.0	1.0
g00594	8	0	11	0	inf	1.0	1.0	1.0
g00841	8	0	11	0	inf	1.0	1.0	1.0
g00927	8	0	11	0	inf	1.0	1.0	1.0
g00874	8	0	11	0	inf	1.0	1.0	1.0
g02068	8	0	11	0	inf	1.0	1.0	1.0
g01730	8	0	11	0	inf	1.0	1.0	1.0
g04029	8	0	11	0	inf	1.0	1.0	1.0
g00463	8	0	11	0	inf	1.0	1.0	1.0
g04246	8	0	11	0	inf	1.0	1.0	1.0
g00618	8	0	11	0	inf	1.0	1.0	1.0
g02831	8	0	11	0	inf	1.0	1.0	1.0
g00090	8	0	11	0	inf	1.0	1.0	1.0
g00261	8	0	11	0	inf	1.0	1.0	1.0
g00368	8	0	11	0	inf	1.0	1.0	1.0
g03731	8	0	11	0	inf	1.0	1.0	1.0
g02186	8	0	11	0	inf	1.0	1.0	1.0
g01274	8	0	11	0	inf	1.0	1.0	1.0
g02433	8	0	11	0	inf	1.0	1.0	1.0
g02158	8	0	11	0	inf	1.0	1.0	1.0
g00990	8	0	11	0	inf	1.0	1.0	1.0
g04360	8	0	11	0	inf	1.0	1.0	1.0
g01708	8	0	11	0	inf	1.0	1.0	1.0
g00086	8	0	11	0	inf	1.0	1.0	1.0
g01380	8	0	11	0	inf	1.0	1.0	1.0
g01501	8	0	11	0	inf	1.0	1.0	1.0
g02896	8	0	11	0	inf	1.0	1.0	1.0
g01977	8	0	11	0	inf	1.0	1.0	1.0
g00199	8	0	11	0	inf	1.0	1.0	1.0
g02531	8	0	11	0	inf	1.0	1.0	1.0
g00324	8	0	11	0	inf	1.0	1.0	1.0
g01377	8	0	11	0	inf	1.0	1.0	1.0
g02939	8	0	11	0	inf	1.0	1.0	1.0
g01755	8	0	11	0	inf	1.0	1.0	1.0
g00971	8	0	11	0	inf	1.0	1.0	1.0
g01536	8	0	11	0	inf	1.0	1.0	1.0
g01083	8	0	11	0	inf	1.0	1.0	1.0
g01040	8	0	11	0	inf	1.0	1.0	1.0
g01049	8	0	11	0	inf	1.0	1.0	1.0
g00992	8	0	11	0	inf	1.0	1.0	1.0
g00497	8	0	11	0	inf	1.0	1.0	1.0
g01296	8	0	11	0	inf	1.0	1.0	1.0
g01039	8	0	11	0	inf	1.0	1.0	1.0
g02314	8	0	11	0	inf	1.0	1.0	1.0
g02829	8	0	11	0	inf	1.0	1.0	1.0
g03228	8	0	11	0	inf	1.0	1.0	1.0
g01368	8	0	11	0	inf	1.0	1.0	1.0
g00064	8	0	11	0	inf	1.0	1.0	1.0
g01075	8	0	11	0	inf	1.0	1.0	1.0
g02400	8	0	11	0	inf	1.0	1.0	1.0
g02008	8	0	11	0	inf	1.0	1.0	1.0
g01813	8	0	11	0	inf	1.0	1.0	1.0
g03169	8	0	11	0	inf	1.0	1.0	1.0
g01602	8	0	11	0	inf	1.0	1.0	1.0
g01128	8	0	11	0	inf	1.0	1.0	1.0
g02580	8	0	11	0	inf	1.0	1.0	1.0
g04097	8	0	11	0	inf	1.0	1.0	1.0
g03855	8	0	11	0	inf	1.0	1.0	1.0
g01986	8	0	11	0	inf	1.0	1.0	1.0
g01043	8	0	11	0	inf	1.0	1.0	1.0
g01089	8	0	11	0	inf	1.0	1.0	1.0
g00133	8	0	11	0	inf	1.0	1.0	1.0
g00084	8	0	11	0	inf	1.0	1.0	1.0
g01094	8	0	11	0	inf	1.0	1.0	1.0
g02126	8	0	11	0	inf	1.0	1.0	1.0
g00758	8	0	11	0	inf	1.0	1.0	1.0
g00472	8	0	11	0	inf	1.0	1.0	1.0
g01575	8	0	11	0	inf	1.0	1.0	1.0
g01614	8	0	11	0	inf	1.0	1.0	1.0
g00547	8	0	11	0	inf	1.0	1.0	1.0
g03959	8	0	11	0	inf	1.0	1.0	1.0
g01314	8	0	11	0	inf	1.0	1.0	1.0
g02961	8	0	11	0	inf	1.0	1.0	1.0
g00004	8	0	11	0	inf	1.0	1.0	1.0
g00350	8	0	11	0	inf	1.0	1.0	1.0
g00940	8	0	11	0	inf	1.0	1.0	1.0
g00818	8	0	11	0	inf	1.0	1.0	1.0
g00094	8	0	11	0	inf	1.0	1.0	1.0
g00919	8	0	11	0	inf	1.0	1.0	1.0
g00334	8	0	11	0	inf	1.0	1.0	1.0
g01923	8	0	11	0	inf	1.0	1.0	1.0
g00781	8	0	11	0	inf	1.0	1.0	1.0
g00005	8	0	11	0	inf	1.0	1.0	1.0
g03378	8	0	11	0	inf	1.0	1.0	1.0
g01790	8	0	11	0	inf	1.0	1.0	1.0
g00592	8	0	11	0	inf	1.0	1.0	1.0
g00248	8	0	11	0	inf	1.0	1.0	1.0
g02833	8	0	11	0	inf	1.0	1.0	1.0
g02347	8	0	11	0	inf	1.0	1.0	1.0
g02579	8	0	11	0	inf	1.0	1.0	1.0
g00621	8	0	11	0	inf	1.0	1.0	1.0
g01027	8	0	11	0	inf	1.0	1.0	1.0
g00772	8	0	11	0	inf	1.0	1.0	1.0
g00764	8	0	11	0	inf	1.0	1.0	1.0
g00200	8	0	11	0	inf	1.0	1.0	1.0
g00791	8	0	11	0	inf	1.0	1.0	1.0
g00318	8	0	11	0	inf	1.0	1.0	1.0
g00412	8	0	11	0	inf	1.0	1.0	1.0
g01196	8	0	11	0	inf	1.0	1.0	1.0
g01593	8	0	11	0	inf	1.0	1.0	1.0
g00518	8	0	11	0	inf	1.0	1.0	1.0
g03333	8	0	11	0	inf	1.0	1.0	1.0
g00124	8	0	11	0	inf	1.0	1.0	1.0
g02184	8	0	11	0	inf	1.0	1.0	1.0
g00433	8	0	11	0	inf	1.0	1.0	1.0
g00991	8	0	11	0	inf	1.0	1.0	1.0
g02804	8	0	11	0	inf	1.0	1.0	1.0
g00105	8	0	11	0	inf	1.0	1.0	1.0
g00323	8	0	11	0	inf	1.0	1.0	1.0
g00490	8	0	11	0	inf	1.0	1.0	1.0
g01651	8	0	11	0	inf	1.0	1.0	1.0
g03908	8	0	11	0	inf	1.0	1.0	1.0
g01786	8	0	11	0	inf	1.0	1.0	1.0
g00570	8	0	11	0	inf	1.0	1.0	1.0
g00792	8	0	11	0	inf	1.0	1.0	1.0
g04263	8	0	11	0	inf	1.0	1.0	1.0
g04509	8	0	11	0	inf	1.0	1.0	1.0
g00088	8	0	11	0	inf	1.0	1.0	1.0
g02927	8	0	11	0	inf	1.0	1.0	1.0
g02018	8	0	11	0	inf	1.0	1.0	1.0
g01972	8	0	11	0	inf	1.0	1.0	1.0
g01147	8	0	11	0	inf	1.0	1.0	1.0
g02389	8	0	11	0	inf	1.0	1.0	1.0
g00648	8	0	11	0	inf	1.0	1.0	1.0
g00590	8	0	11	0	inf	1.0	1.0	1.0
g02868	8	0	11	0	inf	1.0	1.0	1.0
g01756	8	0	11	0	inf	1.0	1.0	1.0
g04152	8	0	11	0	inf	1.0	1.0	1.0
g00705	8	0	11	0	inf	1.0	1.0	1.0
g02578	8	0	11	0	inf	1.0	1.0	1.0
g02180	8	0	11	0	inf	1.0	1.0	1.0
g03258	8	0	11	0	inf	1.0	1.0	1.0
g02035	8	0	11	0	inf	1.0	1.0	1.0
g00282	8	0	11	0	inf	1.0	1.0	1.0
g00799	8	0	11	0	inf	1.0	1.0	1.0
g01763	8	0	11	0	inf	1.0	1.0	1.0
g02197	8	0	11	0	inf	1.0	1.0	1.0
g01735	8	0	11	0	inf	1.0	1.0	1.0
g01604	8	0	11	0	inf	1.0	1.0	1.0
g02755	8	0	11	0	inf	1.0	1.0	1.0
g00936	8	0	11	0	inf	1.0	1.0	1.0
g01445	8	0	11	0	inf	1.0	1.0	1.0
g02606	8	0	11	0	inf	1.0	1.0	1.0
g02460	8	0	11	0	inf	1.0	1.0	1.0
g02477	8	0	11	0	inf	1.0	1.0	1.0
g02483	8	0	11	0	inf	1.0	1.0	1.0
g01867	8	0	11	0	inf	1.0	1.0	1.0
g02130	8	0	11	0	inf	1.0	1.0	1.0
g00694	8	0	11	0	inf	1.0	1.0	1.0
g02311	8	0	11	0	inf	1.0	1.0	1.0
g02506	8	0	11	0	inf	1.0	1.0	1.0
g02660	8	0	11	0	inf	1.0	1.0	1.0
g03664	8	0	11	0	inf	1.0	1.0	1.0
g02622	8	0	11	0	inf	1.0	1.0	1.0
g02076	8	0	11	0	inf	1.0	1.0	1.0
g02877	8	0	11	0	inf	1.0	1.0	1.0
g04380	8	0	11	0	inf	1.0	1.0	1.0
g01367	8	0	11	0	inf	1.0	1.0	1.0
g02247	8	0	11	0	inf	1.0	1.0	1.0
g02949	8	0	11	0	inf	1.0	1.0	1.0
g00356	8	0	11	0	inf	1.0	1.0	1.0
g02279	8	0	11	0	inf	1.0	1.0	1.0
g00857	8	0	11	0	inf	1.0	1.0	1.0
g02452	8	0	11	0	inf	1.0	1.0	1.0
g01087	8	0	11	0	inf	1.0	1.0	1.0
g02857	8	0	11	0	inf	1.0	1.0	1.0
g00824	8	0	11	0	inf	1.0	1.0	1.0
g00840	8	0	11	0	inf	1.0	1.0	1.0
g04528	8	0	11	0	inf	1.0	1.0	1.0
g04364	8	0	11	0	inf	1.0	1.0	1.0
g03795	8	0	11	0	inf	1.0	1.0	1.0
g03092	8	0	11	0	inf	1.0	1.0	1.0
g02907	8	0	11	0	inf	1.0	1.0	1.0
g01082	8	0	11	0	inf	1.0	1.0	1.0
g00327	8	0	11	0	inf	1.0	1.0	1.0
g00569	8	0	11	0	inf	1.0	1.0	1.0
g01069	8	0	11	0	inf	1.0	1.0	1.0
g00835	8	0	11	0	inf	1.0	1.0	1.0
g00959	8	0	11	0	inf	1.0	1.0	1.0
g00691	8	0	11	0	inf	1.0	1.0	1.0
g00996	8	0	11	0	inf	1.0	1.0	1.0
g00778	8	0	11	0	inf	1.0	1.0	1.0
g02225	8	0	11	0	inf	1.0	1.0	1.0
g01946	8	0	11	0	inf	1.0	1.0	1.0
g00640	8	0	11	0	inf	1.0	1.0	1.0
g02087	8	0	11	0	inf	1.0	1.0	1.0
g01570	8	0	11	0	inf	1.0	1.0	1.0
g01254	8	0	11	0	inf	1.0	1.0	1.0
g01287	8	0	11	0	inf	1.0	1.0	1.0
g01304	8	0	11	0	inf	1.0	1.0	1.0
g00030	8	0	11	0	inf	1.0	1.0	1.0
g02919	8	0	11	0	inf	1.0	1.0	1.0
g01663	8	0	11	0	inf	1.0	1.0	1.0
g01015	8	0	11	0	inf	1.0	1.0	1.0
g01352	8	0	11	0	inf	1.0	1.0	1.0
g04243	8	0	11	0	inf	1.0	1.0	1.0
g04548	8	0	11	0	inf	1.0	1.0	1.0
g01818	8	0	11	0	inf	1.0	1.0	1.0
g01890	8	0	11	0	inf	1.0	1.0	1.0
g02413	8	0	11	0	inf	1.0	1.0	1.0
g02603	8	0	11	0	inf	1.0	1.0	1.0
g02015	8	0	11	0	inf	1.0	1.0	1.0
g02164	8	0	11	0	inf	1.0	1.0	1.0
g03536	8	0	11	0	inf	1.0	1.0	1.0
g04092	8	0	11	0	inf	1.0	1.0	1.0
g04248	8	0	11	0	inf	1.0	1.0	1.0
g00901	8	0	11	0	inf	1.0	1.0	1.0
g00489	8	0	11	0	inf	1.0	1.0	1.0
g02248	8	0	11	0	inf	1.0	1.0	1.0
g02034	8	0	11	0	inf	1.0	1.0	1.0
g00903	8	0	11	0	inf	1.0	1.0	1.0
g00049	8	0	11	0	inf	1.0	1.0	1.0
g01073	8	0	11	0	inf	1.0	1.0	1.0
g01289	8	0	11	0	inf	1.0	1.0	1.0
g00410	8	0	11	0	inf	1.0	1.0	1.0
g00654	8	0	11	0	inf	1.0	1.0	1.0
g00455	8	0	11	0	inf	1.0	1.0	1.0
g00897	8	0	11	0	inf	1.0	1.0	1.0
g00526	8	0	11	0	inf	1.0	1.0	1.0
g00062	8	0	11	0	inf	1.0	1.0	1.0
g00042	8	0	11	0	inf	1.0	1.0	1.0
g00038	8	0	11	0	inf	1.0	1.0	1.0
g00362	8	0	11	0	inf	1.0	1.0	1.0
g00305	8	0	11	0	inf	1.0	1.0	1.0
g00984	8	0	11	0	inf	1.0	1.0	1.0
g01871	8	0	11	0	inf	1.0	1.0	1.0
g02641	8	0	11	0	inf	1.0	1.0	1.0
g02869	8	0	11	0	inf	1.0	1.0	1.0
g02406	8	0	11	0	inf	1.0	1.0	1.0
g03538	8	0	11	0	inf	1.0	1.0	1.0
g01330	8	0	11	0	inf	1.0	1.0	1.0
g03120	8	0	11	0	inf	1.0	1.0	1.0
g01295	8	0	11	0	inf	1.0	1.0	1.0
g00682	8	0	11	0	inf	1.0	1.0	1.0
g04140	8	0	11	0	inf	1.0	1.0	1.0
g02055	8	0	11	0	inf	1.0	1.0	1.0
g00536	8	0	11	0	inf	1.0	1.0	1.0
g01569	8	0	11	0	inf	1.0	1.0	1.0
g00151	8	0	11	0	inf	1.0	1.0	1.0
g00851	8	0	11	0	inf	1.0	1.0	1.0
g02748	8	0	11	0	inf	1.0	1.0	1.0
g02492	8	0	11	0	inf	1.0	1.0	1.0
g03913	8	0	11	0	inf	1.0	1.0	1.0
g02489	8	0	11	0	inf	1.0	1.0	1.0
g01927	8	0	11	0	inf	1.0	1.0	1.0
g03309	8	0	11	0	inf	1.0	1.0	1.0
g02332	8	0	11	0	inf	1.0	1.0	1.0
g00554	8	0	11	0	inf	1.0	1.0	1.0
g03074	8	0	11	0	inf	1.0	1.0	1.0
g03181	8	0	11	0	inf	1.0	1.0	1.0
g03267	8	0	11	0	inf	1.0	1.0	1.0
g04460	8	0	11	0	inf	1.0	1.0	1.0
g04327	8	0	11	0	inf	1.0	1.0	1.0
g01437	8	0	11	0	inf	1.0	1.0	1.0
g01231	8	0	11	0	inf	1.0	1.0	1.0
g00078	8	0	11	0	inf	1.0	1.0	1.0
g02478	8	0	11	0	inf	1.0	1.0	1.0
g02803	8	0	11	0	inf	1.0	1.0	1.0
g01726	8	0	11	0	inf	1.0	1.0	1.0
g04483	8	0	11	0	inf	1.0	1.0	1.0
g02936	8	0	11	0	inf	1.0	1.0	1.0
g03363	8	0	11	0	inf	1.0	1.0	1.0
g01189	8	0	11	0	inf	1.0	1.0	1.0
g01853	8	0	11	0	inf	1.0	1.0	1.0
g02156	8	0	11	0	inf	1.0	1.0	1.0
g04070	8	0	11	0	inf	1.0	1.0	1.0
g00811	8	0	11	0	inf	1.0	1.0	1.0
g00505	8	0	11	0	inf	1.0	1.0	1.0
g00766	8	0	11	0	inf	1.0	1.0	1.0
g03997	8	0	11	0	inf	1.0	1.0	1.0
g03787	8	0	11	0	inf	1.0	1.0	1.0
g00663	8	0	11	0	inf	1.0	1.0	1.0
g00664	8	0	11	0	inf	1.0	1.0	1.0
g01581	8	0	11	0	inf	1.0	1.0	1.0
g01626	8	0	11	0	inf	1.0	1.0	1.0
g01638	8	0	11	0	inf	1.0	1.0	1.0
g03578	8	0	11	0	inf	1.0	1.0	1.0
g01729	8	0	11	0	inf	1.0	1.0	1.0
g00875	8	0	11	0	inf	1.0	1.0	1.0
g01547	8	0	11	0	inf	1.0	1.0	1.0
g04330	8	0	11	0	inf	1.0	1.0	1.0
g00769	8	0	11	0	inf	1.0	1.0	1.0
g02814	8	0	11	0	inf	1.0	1.0	1.0
g02010	8	0	11	0	inf	1.0	1.0	1.0
g02722	8	0	11	0	inf	1.0	1.0	1.0
g00559	8	0	11	0	inf	1.0	1.0	1.0
g03480	8	0	11	0	inf	1.0	1.0	1.0
g02343	8	0	11	0	inf	1.0	1.0	1.0
g02099	8	0	11	0	inf	1.0	1.0	1.0
g01146	8	0	11	0	inf	1.0	1.0	1.0
g02462	8	0	11	0	inf	1.0	1.0	1.0
g01811	8	0	11	0	inf	1.0	1.0	1.0
g01860	8	0	11	0	inf	1.0	1.0	1.0
g00435	8	0	11	0	inf	1.0	1.0	1.0
g02206	8	0	11	0	inf	1.0	1.0	1.0
g02411	8	0	11	0	inf	1.0	1.0	1.0
g01006	8	0	11	0	inf	1.0	1.0	1.0
g00637	8	0	11	0	inf	1.0	1.0	1.0
g00366	8	0	11	0	inf	1.0	1.0	1.0
g00794	8	0	11	0	inf	1.0	1.0	1.0
g01541	8	0	11	0	inf	1.0	1.0	1.0
g01833	8	0	11	0	inf	1.0	1.0	1.0
g01866	8	0	11	0	inf	1.0	1.0	1.0
g00925	8	0	11	0	inf	1.0	1.0	1.0
g03770	8	0	11	0	inf	1.0	1.0	1.0
g00544	8	0	11	0	inf	1.0	1.0	1.0
g02812	8	0	11	0	inf	1.0	1.0	1.0
g00402	8	0	11	0	inf	1.0	1.0	1.0
g00002	8	0	11	0	inf	1.0	1.0	1.0
g01535	8	0	11	0	inf	1.0	1.0	1.0
g00718	8	0	11	0	inf	1.0	1.0	1.0
g02714	8	0	11	0	inf	1.0	1.0	1.0
g01072	8	0	11	0	inf	1.0	1.0	1.0
g02223	8	0	11	0	inf	1.0	1.0	1.0
g01949	8	0	11	0	inf	1.0	1.0	1.0
g00853	8	0	11	0	inf	1.0	1.0	1.0
g02647	8	0	11	0	inf	1.0	1.0	1.0
g00168	8	0	11	0	inf	1.0	1.0	1.0
g03990	8	0	11	0	inf	1.0	1.0	1.0
g00634	8	0	11	0	inf	1.0	1.0	1.0
g02108	8	0	11	0	inf	1.0	1.0	1.0
g00989	8	0	11	0	inf	1.0	1.0	1.0
g00755	8	0	11	0	inf	1.0	1.0	1.0
g01288	8	0	11	0	inf	1.0	1.0	1.0
g01237	8	0	11	0	inf	1.0	1.0	1.0
g04576	8	0	11	0	inf	1.0	1.0	1.0
g00742	8	0	11	0	inf	1.0	1.0	1.0
g01938	8	0	11	0	inf	1.0	1.0	1.0
g02159	8	0	11	0	inf	1.0	1.0	1.0
g00763	8	0	11	0	inf	1.0	1.0	1.0
g04377	8	0	11	0	inf	1.0	1.0	1.0
g02001	8	0	11	0	inf	1.0	1.0	1.0
g00595	8	0	11	0	inf	1.0	1.0	1.0
g02294	8	0	11	0	inf	1.0	1.0	1.0
g03671	8	0	11	0	inf	1.0	1.0	1.0
g01648	8	0	11	0	inf	1.0	1.0	1.0
g02023	8	0	11	0	inf	1.0	1.0	1.0
g01618	8	0	11	0	inf	1.0	1.0	1.0
g01125	8	0	11	0	inf	1.0	1.0	1.0
g01807	8	0	11	0	inf	1.0	1.0	1.0
g03638	8	0	11	0	inf	1.0	1.0	1.0
g02512	8	0	11	0	inf	1.0	1.0	1.0
g03188	8	0	11	0	inf	1.0	1.0	1.0
g02500	8	0	11	0	inf	1.0	1.0	1.0
g02959	8	0	11	0	inf	1.0	1.0	1.0
g00651	8	0	11	0	inf	1.0	1.0	1.0
g03413	8	0	11	0	inf	1.0	1.0	1.0
g03324	8	0	11	0	inf	1.0	1.0	1.0
g01896	8	0	11	0	inf	1.0	1.0	1.0
g00948	8	0	11	0	inf	1.0	1.0	1.0
g00298	8	0	11	0	inf	1.0	1.0	1.0
g01515	8	0	11	0	inf	1.0	1.0	1.0
g04450	8	0	11	0	inf	1.0	1.0	1.0
g02909	8	0	11	0	inf	1.0	1.0	1.0
g00565	8	0	11	0	inf	1.0	1.0	1.0
g00488	8	0	11	0	inf	1.0	1.0	1.0
g01702	8	0	11	0	inf	1.0	1.0	1.0
g03322	8	0	11	0	inf	1.0	1.0	1.0
g02923	8	0	11	0	inf	1.0	1.0	1.0
g04563	8	0	11	0	inf	1.0	1.0	1.0
g00221	8	0	11	0	inf	1.0	1.0	1.0
g01544	8	0	11	0	inf	1.0	1.0	1.0
g01409	8	0	11	0	inf	1.0	1.0	1.0
g00046	8	0	11	0	inf	1.0	1.0	1.0
g02556	8	0	11	0	inf	1.0	1.0	1.0
g02450	8	0	11	0	inf	1.0	1.0	1.0
g00039	8	0	11	0	inf	1.0	1.0	1.0
g01628	8	0	11	0	inf	1.0	1.0	1.0
g03116	8	0	11	0	inf	1.0	1.0	1.0
g04412	8	0	11	0	inf	1.0	1.0	1.0
g01728	8	0	11	0	inf	1.0	1.0	1.0
g03898	8	0	11	0	inf	1.0	1.0	1.0
g02873	8	0	11	0	inf	1.0	1.0	1.0
g02163	8	0	11	0	inf	1.0	1.0	1.0
g03945	8	0	11	0	inf	1.0	1.0	1.0
g02378	8	0	11	0	inf	1.0	1.0	1.0
g03211	8	0	11	0	inf	1.0	1.0	1.0
g01364	8	0	11	0	inf	1.0	1.0	1.0
g02934	8	0	11	0	inf	1.0	1.0	1.0
g02843	8	0	11	0	inf	1.0	1.0	1.0
g04515	8	0	11	0	inf	1.0	1.0	1.0
g02319	8	0	11	0	inf	1.0	1.0	1.0
g02908	8	0	11	0	inf	1.0	1.0	1.0
g01353	8	0	11	0	inf	1.0	1.0	1.0
g00270	8	0	11	0	inf	1.0	1.0	1.0
g01631	8	0	11	0	inf	1.0	1.0	1.0
g03381	8	0	11	0	inf	1.0	1.0	1.0
g02638	8	0	11	0	inf	1.0	1.0	1.0
g02273	8	0	11	0	inf	1.0	1.0	1.0
g00127	8	0	11	0	inf	1.0	1.0	1.0
g00993	8	0	11	0	inf	1.0	1.0	1.0
g01831	8	0	11	0	inf	1.0	1.0	1.0
g01206	8	0	11	0	inf	1.0	1.0	1.0
g04028	8	0	11	0	inf	1.0	1.0	1.0
g01044	8	0	11	0	inf	1.0	1.0	1.0
g00348	8	0	11	0	inf	1.0	1.0	1.0
g02572	8	0	11	0	inf	1.0	1.0	1.0
g04431	8	0	11	0	inf	1.0	1.0	1.0
g02153	8	0	11	0	inf	1.0	1.0	1.0
g03658	8	0	11	0	inf	1.0	1.0	1.0
g02486	8	0	11	0	inf	1.0	1.0	1.0
g01662	8	0	11	0	inf	1.0	1.0	1.0
g03075	8	0	11	0	inf	1.0	1.0	1.0
g03547	8	0	11	0	inf	1.0	1.0	1.0
g01162	8	0	11	0	inf	1.0	1.0	1.0
g00413	8	0	11	0	inf	1.0	1.0	1.0
g01354	8	0	11	0	inf	1.0	1.0	1.0
g02825	8	0	11	0	inf	1.0	1.0	1.0
g01988	8	0	11	0	inf	1.0	1.0	1.0
g02428	8	0	11	0	inf	1.0	1.0	1.0
g01566	8	0	11	0	inf	1.0	1.0	1.0
g01149	8	0	11	0	inf	1.0	1.0	1.0
g01095	8	0	11	0	inf	1.0	1.0	1.0
g00028	8	0	11	0	inf	1.0	1.0	1.0
g00891	8	0	11	0	inf	1.0	1.0	1.0
g01907	8	0	11	0	inf	1.0	1.0	1.0
g03138	8	0	11	0	inf	1.0	1.0	1.0
g01531	8	0	11	0	inf	1.0	1.0	1.0
g00816	8	0	11	0	inf	1.0	1.0	1.0
g02236	8	0	11	0	inf	1.0	1.0	1.0
g02350	8	0	11	0	inf	1.0	1.0	1.0
g02215	8	0	11	0	inf	1.0	1.0	1.0
g02886	8	0	11	0	inf	1.0	1.0	1.0
g03746	8	0	11	0	inf	1.0	1.0	1.0
g03031	8	0	11	0	inf	1.0	1.0	1.0
g01594	8	0	11	0	inf	1.0	1.0	1.0
g02921	8	0	11	0	inf	1.0	1.0	1.0
g01232	8	0	11	0	inf	1.0	1.0	1.0
g02968	8	0	11	0	inf	1.0	1.0	1.0
g01228	8	0	11	0	inf	1.0	1.0	1.0
g01875	8	0	11	0	inf	1.0	1.0	1.0
g01678	8	0	11	0	inf	1.0	1.0	1.0
g02453	8	0	11	0	inf	1.0	1.0	1.0
g01407	8	0	11	0	inf	1.0	1.0	1.0
g01622	8	0	11	0	inf	1.0	1.0	1.0
g02455	8	0	11	0	inf	1.0	1.0	1.0
g02808	8	0	11	0	inf	1.0	1.0	1.0
g04287	8	0	11	0	inf	1.0	1.0	1.0
g01408	8	0	11	0	inf	1.0	1.0	1.0
g01511	8	0	11	0	inf	1.0	1.0	1.0
g00017	8	0	11	0	inf	1.0	1.0	1.0
g01739	8	0	11	0	inf	1.0	1.0	1.0
g02752	8	0	11	0	inf	1.0	1.0	1.0
g01342	8	0	11	0	inf	1.0	1.0	1.0
g02480	8	0	11	0	inf	1.0	1.0	1.0
g01870	8	0	11	0	inf	1.0	1.0	1.0
g02047	8	0	11	0	inf	1.0	1.0	1.0
g00247	8	0	11	0	inf	1.0	1.0	1.0
g04544	8	0	11	0	inf	1.0	1.0	1.0
g01542	8	0	11	0	inf	1.0	1.0	1.0
g04088	8	0	11	0	inf	1.0	1.0	1.0
g02307	8	0	11	0	inf	1.0	1.0	1.0
g03066	8	0	11	0	inf	1.0	1.0	1.0
g00048	8	0	11	0	inf	1.0	1.0	1.0
g02216	8	0	11	0	inf	1.0	1.0	1.0
g03475	8	0	11	0	inf	1.0	1.0	1.0
g01266	8	0	11	0	inf	1.0	1.0	1.0
g01585	8	0	11	0	inf	1.0	1.0	1.0
g02142	8	0	11	0	inf	1.0	1.0	1.0
g04537	8	0	11	0	inf	1.0	1.0	1.0
g01005	8	0	11	0	inf	1.0	1.0	1.0
g01781	8	0	11	0	inf	1.0	1.0	1.0
g01687	8	0	11	0	inf	1.0	1.0	1.0
g04079	8	0	11	0	inf	1.0	1.0	1.0
g04427	8	0	11	0	inf	1.0	1.0	1.0
g02750	8	0	11	0	inf	1.0	1.0	1.0
g03955	8	0	11	0	inf	1.0	1.0	1.0
g02020	8	0	11	0	inf	1.0	1.0	1.0
g00684	8	0	11	0	inf	1.0	1.0	1.0
g03142	8	0	11	0	inf	1.0	1.0	1.0
g01376	8	0	11	0	inf	1.0	1.0	1.0
g02890	8	0	11	0	inf	1.0	1.0	1.0
g03444	8	0	11	0	inf	1.0	1.0	1.0
g03987	8	0	11	0	inf	1.0	1.0	1.0
g02897	8	0	11	0	inf	1.0	1.0	1.0
g03648	8	0	11	0	inf	1.0	1.0	1.0
g00760	8	0	11	0	inf	1.0	1.0	1.0
g02049	8	0	11	0	inf	1.0	1.0	1.0
g01055	8	0	11	0	inf	1.0	1.0	1.0
g02329	8	0	11	0	inf	1.0	1.0	1.0
g01810	8	0	11	0	inf	1.0	1.0	1.0
g01088	8	0	11	0	inf	1.0	1.0	1.0
g04267	8	0	11	0	inf	1.0	1.0	1.0
g00457	8	0	11	0	inf	1.0	1.0	1.0
g01363	8	0	11	0	inf	1.0	1.0	1.0
g01415	8	0	11	0	inf	1.0	1.0	1.0
g00961	8	0	11	0	inf	1.0	1.0	1.0
g02362	8	0	11	0	inf	1.0	1.0	1.0
g00587	8	0	11	0	inf	1.0	1.0	1.0
g02191	8	0	11	0	inf	1.0	1.0	1.0
g02875	8	0	11	0	inf	1.0	1.0	1.0
g02594	8	0	11	0	inf	1.0	1.0	1.0
g02097	8	0	11	0	inf	1.0	1.0	1.0
g03933	8	0	11	0	inf	1.0	1.0	1.0
g01135	8	0	11	0	inf	1.0	1.0	1.0
g02502	8	0	11	0	inf	1.0	1.0	1.0
g02022	8	0	11	0	inf	1.0	1.0	1.0
g01889	8	0	11	0	inf	1.0	1.0	1.0
g02204	8	0	11	0	inf	1.0	1.0	1.0
g02667	8	0	11	0	inf	1.0	1.0	1.0
g03352	8	0	11	0	inf	1.0	1.0	1.0
g03060	8	0	11	0	inf	1.0	1.0	1.0
g02110	8	0	11	0	inf	1.0	1.0	1.0
g01582	8	0	11	0	inf	1.0	1.0	1.0
g01640	8	0	11	0	inf	1.0	1.0	1.0
g00879	8	0	11	0	inf	1.0	1.0	1.0
g02554	8	0	11	0	inf	1.0	1.0	1.0
g01636	8	0	11	0	inf	1.0	1.0	1.0
g00980	8	0	11	0	inf	1.0	1.0	1.0
g02826	8	0	11	0	inf	1.0	1.0	1.0
g00916	8	0	11	0	inf	1.0	1.0	1.0
g00550	8	0	11	0	inf	1.0	1.0	1.0
g04208	8	0	11	0	inf	1.0	1.0	1.0
g01573	8	0	11	0	inf	1.0	1.0	1.0
g02637	8	0	11	0	inf	1.0	1.0	1.0
g01844	8	0	11	0	inf	1.0	1.0	1.0
g00513	8	0	11	0	inf	1.0	1.0	1.0
g01633	8	0	11	0	inf	1.0	1.0	1.0
g04499	8	0	11	0	inf	1.0	1.0	1.0
g00934	8	0	11	0	inf	1.0	1.0	1.0
g01679	8	0	11	0	inf	1.0	1.0	1.0
g04139	8	0	11	0	inf	1.0	1.0	1.0
g03397	8	0	11	0	inf	1.0	1.0	1.0
g04147	8	0	11	0	inf	1.0	1.0	1.0
g04269	8	0	11	0	inf	1.0	1.0	1.0
g02065	8	0	11	0	inf	1.0	1.0	1.0
g04260	8	0	11	0	inf	1.0	1.0	1.0
g04163	8	0	11	0	inf	1.0	1.0	1.0
g02751	8	0	11	0	inf	1.0	1.0	1.0
g03523	8	0	11	0	inf	1.0	1.0	1.0
g03239	8	0	11	0	inf	1.0	1.0	1.0
g02837	8	0	11	0	inf	1.0	1.0	1.0
g02590	8	0	11	0	inf	1.0	1.0	1.0
g02251	8	0	11	0	inf	1.0	1.0	1.0
g02853	8	0	11	0	inf	1.0	1.0	1.0
g00053	8	0	11	0	inf	1.0	1.0	1.0
g02029	8	0	11	0	inf	1.0	1.0	1.0
g01953	8	0	11	0	inf	1.0	1.0	1.0
g01724	8	0	11	0	inf	1.0	1.0	1.0
g00616	8	0	11	0	inf	1.0	1.0	1.0
g00597	8	0	11	0	inf	1.0	1.0	1.0
g01019	8	0	11	0	inf	1.0	1.0	1.0
g00553	8	0	11	0	inf	1.0	1.0	1.0
g00877	8	0	11	0	inf	1.0	1.0	1.0
g00211	8	0	11	0	inf	1.0	1.0	1.0
g02277	8	0	11	0	inf	1.0	1.0	1.0
g00172	8	0	11	0	inf	1.0	1.0	1.0
g01650	8	0	11	0	inf	1.0	1.0	1.0
g01595	8	0	11	0	inf	1.0	1.0	1.0
g00886	8	0	11	0	inf	1.0	1.0	1.0
g01659	8	0	11	0	inf	1.0	1.0	1.0
g02607	8	0	11	0	inf	1.0	1.0	1.0
g01976	8	0	11	0	inf	1.0	1.0	1.0
g00753	8	0	11	0	inf	1.0	1.0	1.0
g00437	8	0	11	0	inf	1.0	1.0	1.0
g01830	8	0	11	0	inf	1.0	1.0	1.0
g01402	8	0	11	0	inf	1.0	1.0	1.0
g03529	8	0	11	0	inf	1.0	1.0	1.0
g02950	8	0	11	0	inf	1.0	1.0	1.0
g04305	8	0	11	0	inf	1.0	1.0	1.0
g02363	8	0	11	0	inf	1.0	1.0	1.0
g01557	8	0	11	0	inf	1.0	1.0	1.0
g01104	8	0	11	0	inf	1.0	1.0	1.0
g00849	8	0	11	0	inf	1.0	1.0	1.0
g04046	8	0	11	0	inf	1.0	1.0	1.0
g00189	8	0	11	0	inf	1.0	1.0	1.0
g01115	8	0	11	0	inf	1.0	1.0	1.0
g01110	8	0	11	0	inf	1.0	1.0	1.0
g03879	8	0	11	0	inf	1.0	1.0	1.0
g00390	8	0	11	0	inf	1.0	1.0	1.0
g00140	8	0	11	0	inf	1.0	1.0	1.0
g02552	8	0	11	0	inf	1.0	1.0	1.0
g01339	8	0	11	0	inf	1.0	1.0	1.0
g02263	8	0	11	0	inf	1.0	1.0	1.0
g03367	8	0	11	0	inf	1.0	1.0	1.0
g00863	8	0	11	0	inf	1.0	1.0	1.0
g01530	8	0	11	0	inf	1.0	1.0	1.0
g01293	8	0	11	0	inf	1.0	1.0	1.0
g00445	8	0	11	0	inf	1.0	1.0	1.0
g00286	8	0	11	0	inf	1.0	1.0	1.0
g01191	8	0	11	0	inf	1.0	1.0	1.0
g01672	8	0	11	0	inf	1.0	1.0	1.0
g01441	8	0	11	0	inf	1.0	1.0	1.0
g00603	8	0	11	0	inf	1.0	1.0	1.0
g00301	8	0	11	0	inf	1.0	1.0	1.0
g02628	8	0	11	0	inf	1.0	1.0	1.0
g01731	8	0	11	0	inf	1.0	1.0	1.0
g01062	8	0	11	0	inf	1.0	1.0	1.0
g01982	8	0	11	0	inf	1.0	1.0	1.0
g00195	8	0	11	0	inf	1.0	1.0	1.0
g00330	8	0	11	0	inf	1.0	1.0	1.0
g01958	8	0	11	0	inf	1.0	1.0	1.0
g02084	8	0	11	0	inf	1.0	1.0	1.0
g00667	8	0	11	0	inf	1.0	1.0	1.0
g03418	8	0	11	0	inf	1.0	1.0	1.0
g01750	8	0	11	0	inf	1.0	1.0	1.0
g01872	8	0	11	0	inf	1.0	1.0	1.0
g01263	8	0	11	0	inf	1.0	1.0	1.0
g01507	8	0	11	0	inf	1.0	1.0	1.0
g03374	8	0	11	0	inf	1.0	1.0	1.0
g01439	8	0	11	0	inf	1.0	1.0	1.0
g04354	8	0	11	0	inf	1.0	1.0	1.0
g02708	8	0	11	0	inf	1.0	1.0	1.0
g02339	8	0	11	0	inf	1.0	1.0	1.0
g00582	8	0	11	0	inf	1.0	1.0	1.0
g00257	8	0	11	0	inf	1.0	1.0	1.0
g00314	8	0	11	0	inf	1.0	1.0	1.0
g01845	8	0	11	0	inf	1.0	1.0	1.0
g02261	8	0	11	0	inf	1.0	1.0	1.0
g00732	8	0	11	0	inf	1.0	1.0	1.0
g01329	8	0	11	0	inf	1.0	1.0	1.0
g00111	8	0	11	0	inf	1.0	1.0	1.0
g00561	8	0	11	0	inf	1.0	1.0	1.0
g01873	8	0	11	0	inf	1.0	1.0	1.0
g01485	8	0	11	0	inf	1.0	1.0	1.0
g04472	8	0	11	0	inf	1.0	1.0	1.0
g03320	8	0	11	0	inf	1.0	1.0	1.0
g00326	8	0	11	0	inf	1.0	1.0	1.0
g02633	8	0	11	0	inf	1.0	1.0	1.0
g00109	8	0	11	0	inf	1.0	1.0	1.0
g00983	8	0	11	0	inf	1.0	1.0	1.0
g02199	8	0	11	0	inf	1.0	1.0	1.0
g00322	8	0	11	0	inf	1.0	1.0	1.0
g00970	8	0	11	0	inf	1.0	1.0	1.0
g01403	8	0	11	0	inf	1.0	1.0	1.0
g01527	8	0	11	0	inf	1.0	1.0	1.0
g02551	8	0	11	0	inf	1.0	1.0	1.0
g03068	8	0	11	0	inf	1.0	1.0	1.0
g02619	8	0	11	0	inf	1.0	1.0	1.0
g02000	8	0	11	0	inf	1.0	1.0	1.0
g03963	8	0	11	0	inf	1.0	1.0	1.0
g04002	8	0	11	0	inf	1.0	1.0	1.0
g03380	8	0	11	0	inf	1.0	1.0	1.0
g02005	8	0	11	0	inf	1.0	1.0	1.0
g02629	8	0	11	0	inf	1.0	1.0	1.0
g02904	8	0	11	0	inf	1.0	1.0	1.0
g02399	8	0	11	0	inf	1.0	1.0	1.0
g01374	8	0	11	0	inf	1.0	1.0	1.0
g03602	8	0	11	0	inf	1.0	1.0	1.0
g00029	8	0	11	0	inf	1.0	1.0	1.0
g01675	8	0	11	0	inf	1.0	1.0	1.0
g00015	8	0	11	0	inf	1.0	1.0	1.0
g01221	8	0	11	0	inf	1.0	1.0	1.0
g03095	8	0	11	0	inf	1.0	1.0	1.0
g02735	8	0	11	0	inf	1.0	1.0	1.0
g00712	8	0	11	0	inf	1.0	1.0	1.0
g01430	8	0	11	0	inf	1.0	1.0	1.0
g01399	8	0	11	0	inf	1.0	1.0	1.0
g00313	8	0	11	0	inf	1.0	1.0	1.0
g01046	8	0	11	0	inf	1.0	1.0	1.0
g04312	8	0	11	0	inf	1.0	1.0	1.0
g08661	8	0	11	0	inf	1.0	1.0	1.0
g02780	8	0	11	0	inf	1.0	1.0	1.0
g03801	8	0	11	0	inf	1.0	1.0	1.0
g02685	8	0	11	0	inf	1.0	1.0	1.0
g02591	8	0	11	0	inf	1.0	1.0	1.0
g04373	8	0	11	0	inf	1.0	1.0	1.0
g04449	8	0	11	0	inf	1.0	1.0	1.0
g03016	8	0	11	0	inf	1.0	1.0	1.0
g04423	8	0	11	0	inf	1.0	1.0	1.0
g02596	8	0	11	0	inf	1.0	1.0	1.0
g03325	8	0	11	0	inf	1.0	1.0	1.0
g03819	8	0	11	0	inf	1.0	1.0	1.0
g03884	8	0	11	0	inf	1.0	1.0	1.0
g00242	8	0	11	0	inf	1.0	1.0	1.0
g01855	8	0	11	0	inf	1.0	1.0	1.0
g02733	8	0	11	0	inf	1.0	1.0	1.0
g02671	8	0	11	0	inf	1.0	1.0	1.0
g04378	8	0	11	0	inf	1.0	1.0	1.0
g00464	8	0	11	0	inf	1.0	1.0	1.0
g02230	8	0	11	0	inf	1.0	1.0	1.0
g02021	8	0	11	0	inf	1.0	1.0	1.0
g04473	8	0	11	0	inf	1.0	1.0	1.0
g01707	8	0	11	0	inf	1.0	1.0	1.0
g03857	8	0	11	0	inf	1.0	1.0	1.0
g00397	8	0	11	0	inf	1.0	1.0	1.0
g01144	8	0	11	0	inf	1.0	1.0	1.0
g02786	8	0	11	0	inf	1.0	1.0	1.0
g01265	8	0	11	0	inf	1.0	1.0	1.0
g01270	8	0	11	0	inf	1.0	1.0	1.0
g01526	8	0	11	0	inf	1.0	1.0	1.0
g04083	8	0	11	0	inf	1.0	1.0	1.0
g03097	8	0	11	0	inf	1.0	1.0	1.0
g02326	8	0	11	0	inf	1.0	1.0	1.0
g04482	8	0	11	0	inf	1.0	1.0	1.0
g01505	8	0	11	0	inf	1.0	1.0	1.0
g03663	8	0	11	0	inf	1.0	1.0	1.0
g00846	8	0	11	0	inf	1.0	1.0	1.0
g00345	8	0	11	0	inf	1.0	1.0	1.0
g00426	8	0	11	0	inf	1.0	1.0	1.0
g00658	8	0	11	0	inf	1.0	1.0	1.0
g00082	8	0	11	0	inf	1.0	1.0	1.0
g01803	8	0	11	0	inf	1.0	1.0	1.0
g00203	8	0	11	0	inf	1.0	1.0	1.0
g03860	8	0	11	0	inf	1.0	1.0	1.0
g01508	8	0	11	0	inf	1.0	1.0	1.0
g00726	8	0	11	0	inf	1.0	1.0	1.0
g01250	8	0	11	0	inf	1.0	1.0	1.0
g00011	8	0	11	0	inf	1.0	1.0	1.0
g01543	8	0	11	0	inf	1.0	1.0	1.0
g03703	8	0	11	0	inf	1.0	1.0	1.0
g04452	8	0	11	0	inf	1.0	1.0	1.0
g00921	8	0	11	0	inf	1.0	1.0	1.0
g01713	8	0	11	0	inf	1.0	1.0	1.0
g03149	8	0	11	0	inf	1.0	1.0	1.0
g03571	8	0	11	0	inf	1.0	1.0	1.0
g02597	8	0	11	0	inf	1.0	1.0	1.0
g01680	8	0	11	0	inf	1.0	1.0	1.0
g01814	8	0	11	0	inf	1.0	1.0	1.0
g00738	8	0	11	0	inf	1.0	1.0	1.0
g01793	8	0	11	0	inf	1.0	1.0	1.0
g00920	8	0	11	0	inf	1.0	1.0	1.0
g02818	8	0	11	0	inf	1.0	1.0	1.0
g01674	8	0	11	0	inf	1.0	1.0	1.0
g03297	8	0	11	0	inf	1.0	1.0	1.0
g02219	8	0	11	0	inf	1.0	1.0	1.0
g02354	8	0	11	0	inf	1.0	1.0	1.0
g02320	8	0	11	0	inf	1.0	1.0	1.0
g01956	8	0	11	0	inf	1.0	1.0	1.0
g02495	8	0	11	0	inf	1.0	1.0	1.0
g01695	8	0	11	0	inf	1.0	1.0	1.0
g00825	8	0	11	0	inf	1.0	1.0	1.0
g00429	8	0	11	0	inf	1.0	1.0	1.0
g02696	8	0	11	0	inf	1.0	1.0	1.0
g01879	8	0	11	0	inf	1.0	1.0	1.0
g02870	8	0	11	0	inf	1.0	1.0	1.0
g02553	8	0	11	0	inf	1.0	1.0	1.0
g00100	8	0	11	0	inf	1.0	1.0	1.0
g03779	8	0	11	0	inf	1.0	1.0	1.0
g02003	8	0	11	0	inf	1.0	1.0	1.0
g02834	8	0	11	0	inf	1.0	1.0	1.0
g02208	8	0	11	0	inf	1.0	1.0	1.0
g01935	8	0	11	0	inf	1.0	1.0	1.0
g03869	8	0	11	0	inf	1.0	1.0	1.0
g01961	8	0	11	0	inf	1.0	1.0	1.0
g02151	8	0	11	0	inf	1.0	1.0	1.0
g03818	8	0	11	0	inf	1.0	1.0	1.0
g03308	8	0	11	0	inf	1.0	1.0	1.0
g01993	8	0	11	0	inf	1.0	1.0	1.0
g02006	8	0	11	0	inf	1.0	1.0	1.0
g01656	8	0	11	0	inf	1.0	1.0	1.0
g02265	8	0	11	0	inf	1.0	1.0	1.0
g02802	8	0	11	0	inf	1.0	1.0	1.0
g01117	8	0	11	0	inf	1.0	1.0	1.0
g01348	8	0	11	0	inf	1.0	1.0	1.0
g03639	8	0	11	0	inf	1.0	1.0	1.0
g04197	8	0	11	0	inf	1.0	1.0	1.0
g04258	8	0	11	0	inf	1.0	1.0	1.0
g02226	8	0	11	0	inf	1.0	1.0	1.0
g02945	8	0	11	0	inf	1.0	1.0	1.0
g01102	8	0	11	0	inf	1.0	1.0	1.0
g02884	8	0	11	0	inf	1.0	1.0	1.0
g02044	8	0	11	0	inf	1.0	1.0	1.0
g03537	8	0	11	0	inf	1.0	1.0	1.0
g00162	8	0	11	0	inf	1.0	1.0	1.0
g01989	8	0	11	0	inf	1.0	1.0	1.0
g04225	8	0	11	0	inf	1.0	1.0	1.0
g04348	8	0	11	0	inf	1.0	1.0	1.0
g01928	8	0	11	0	inf	1.0	1.0	1.0
g00976	8	0	11	0	inf	1.0	1.0	1.0
g00815	8	0	11	0	inf	1.0	1.0	1.0
g00551	8	0	11	0	inf	1.0	1.0	1.0
g03549	8	0	11	0	inf	1.0	1.0	1.0
g00692	8	0	11	0	inf	1.0	1.0	1.0
g00675	8	0	11	0	inf	1.0	1.0	1.0
g00795	8	0	11	0	inf	1.0	1.0	1.0
g02256	8	0	11	0	inf	1.0	1.0	1.0
g01291	8	0	11	0	inf	1.0	1.0	1.0
g02205	8	0	11	0	inf	1.0	1.0	1.0
g03439	8	0	11	0	inf	1.0	1.0	1.0
g00698	8	0	11	0	inf	1.0	1.0	1.0
g00052	8	0	11	0	inf	1.0	1.0	1.0
g02297	8	0	11	0	inf	1.0	1.0	1.0
g01312	8	0	11	0	inf	1.0	1.0	1.0
g00252	8	0	11	0	inf	1.0	1.0	1.0
g01904	8	0	11	0	inf	1.0	1.0	1.0
g01590	8	0	11	0	inf	1.0	1.0	1.0
g02957	8	0	11	0	inf	1.0	1.0	1.0
g00228	8	0	11	0	inf	1.0	1.0	1.0
g00271	8	0	11	0	inf	1.0	1.0	1.0
g00347	8	0	11	0	inf	1.0	1.0	1.0
g00746	8	0	11	0	inf	1.0	1.0	1.0
g01553	8	0	11	0	inf	1.0	1.0	1.0
g04285	8	0	11	0	inf	1.0	1.0	1.0
g03483	8	0	11	0	inf	1.0	1.0	1.0
g01761	8	0	11	0	inf	1.0	1.0	1.0
g00351	8	0	11	0	inf	1.0	1.0	1.0
g01934	8	0	11	0	inf	1.0	1.0	1.0
g04333	8	0	11	0	inf	1.0	1.0	1.0
g02146	8	0	11	0	inf	1.0	1.0	1.0
g00113	8	0	11	0	inf	1.0	1.0	1.0
g00161	8	0	11	0	inf	1.0	1.0	1.0
g02232	8	0	11	0	inf	1.0	1.0	1.0
g01345	8	0	11	0	inf	1.0	1.0	1.0
g02414	8	0	11	0	inf	1.0	1.0	1.0
g03153	8	0	11	0	inf	1.0	1.0	1.0
g00521	8	0	11	0	inf	1.0	1.0	1.0
g02797	8	0	11	0	inf	1.0	1.0	1.0
g02916	8	0	11	0	inf	1.0	1.0	1.0
g02166	8	0	11	0	inf	1.0	1.0	1.0
g02527	8	0	11	0	inf	1.0	1.0	1.0
g04250	8	0	11	0	inf	1.0	1.0	1.0
g02276	8	0	11	0	inf	1.0	1.0	1.0
g03145	8	0	11	0	inf	1.0	1.0	1.0
g03085	8	0	11	0	inf	1.0	1.0	1.0
g00611	8	0	11	0	inf	1.0	1.0	1.0
g03202	8	0	11	0	inf	1.0	1.0	1.0
g01163	8	0	11	0	inf	1.0	1.0	1.0
g00095	8	0	11	0	inf	1.0	1.0	1.0
g02229	8	0	11	0	inf	1.0	1.0	1.0
g02760	8	0	11	0	inf	1.0	1.0	1.0
g01538	8	0	11	0	inf	1.0	1.0	1.0
g02839	8	0	11	0	inf	1.0	1.0	1.0
g01112	8	0	11	0	inf	1.0	1.0	1.0
g00022	8	0	11	0	inf	1.0	1.0	1.0
g02390	8	0	11	0	inf	1.0	1.0	1.0
g00283	8	0	11	0	inf	1.0	1.0	1.0
g02254	8	0	11	0	inf	1.0	1.0	1.0
g02209	8	0	11	0	inf	1.0	1.0	1.0
g02754	8	0	11	0	inf	1.0	1.0	1.0
g04370	8	0	11	0	inf	1.0	1.0	1.0
g04280	8	0	11	0	inf	1.0	1.0	1.0
g03277	8	0	11	0	inf	1.0	1.0	1.0
g03938	8	0	11	0	inf	1.0	1.0	1.0
g02421	8	0	11	0	inf	1.0	1.0	1.0
g03160	8	0	11	0	inf	1.0	1.0	1.0
g04390	8	0	11	0	inf	1.0	1.0	1.0
g02973	8	0	11	0	inf	1.0	1.0	1.0
g00546	8	0	11	0	inf	1.0	1.0	1.0
g00352	8	0	11	0	inf	1.0	1.0	1.0
g03902	8	0	11	0	inf	1.0	1.0	1.0
g01676	8	0	11	0	inf	1.0	1.0	1.0
g01859	8	0	11	0	inf	1.0	1.0	1.0
g01003	8	0	11	0	inf	1.0	1.0	1.0
g00244	8	0	11	0	inf	1.0	1.0	1.0
g01184	8	0	11	0	inf	1.0	1.0	1.0
g00502	8	0	11	0	inf	1.0	1.0	1.0
g00191	8	0	11	0	inf	1.0	1.0	1.0
g01642	8	0	11	0	inf	1.0	1.0	1.0
g00741	8	0	11	0	inf	1.0	1.0	1.0
g01690	8	0	11	0	inf	1.0	1.0	1.0
g02262	8	0	11	0	inf	1.0	1.0	1.0
g01665	8	0	11	0	inf	1.0	1.0	1.0
g03814	8	0	11	0	inf	1.0	1.0	1.0
g02369	8	0	11	0	inf	1.0	1.0	1.0
g00213	8	0	11	0	inf	1.0	1.0	1.0
g00761	8	0	11	0	inf	1.0	1.0	1.0
g01712	8	0	11	0	inf	1.0	1.0	1.0
g02932	8	0	11	0	inf	1.0	1.0	1.0
g01987	8	0	11	0	inf	1.0	1.0	1.0
g01654	8	0	11	0	inf	1.0	1.0	1.0
g02150	8	0	11	0	inf	1.0	1.0	1.0
g04578	8	0	11	0	inf	1.0	1.0	1.0
g02304	8	0	11	0	inf	1.0	1.0	1.0
g01835	8	0	11	0	inf	1.0	1.0	1.0
g02699	8	0	11	0	inf	1.0	1.0	1.0
g01319	8	0	11	0	inf	1.0	1.0	1.0
g00266	8	0	11	0	inf	1.0	1.0	1.0
g01054	8	0	11	0	inf	1.0	1.0	1.0
g01689	8	0	11	0	inf	1.0	1.0	1.0
g01869	8	0	11	0	inf	1.0	1.0	1.0
g02090	8	0	11	0	inf	1.0	1.0	1.0
g02832	8	0	11	0	inf	1.0	1.0	1.0
g01355	8	0	11	0	inf	1.0	1.0	1.0
g01419	8	0	11	0	inf	1.0	1.0	1.0
g00332	8	0	11	0	inf	1.0	1.0	1.0
g00645	8	0	11	0	inf	1.0	1.0	1.0
g00120	8	0	11	0	inf	1.0	1.0	1.0
g00138	8	0	11	0	inf	1.0	1.0	1.0
g00495	8	0	11	0	inf	1.0	1.0	1.0
g02790	8	0	11	0	inf	1.0	1.0	1.0
g00416	8	0	11	0	inf	1.0	1.0	1.0
g04316	8	0	11	0	inf	1.0	1.0	1.0
g04106	8	0	11	0	inf	1.0	1.0	1.0
g02937	8	0	11	0	inf	1.0	1.0	1.0
g02155	8	0	11	0	inf	1.0	1.0	1.0
g03286	8	0	11	0	inf	1.0	1.0	1.0
g02575	8	0	11	0	inf	1.0	1.0	1.0
g09416	8	0	11	0	inf	1.0	1.0	1.0
g00620	8	0	11	0	inf	1.0	1.0	1.0
g00776	8	0	11	0	inf	1.0	1.0	1.0
g01081	8	0	11	0	inf	1.0	1.0	1.0
g03391	8	0	11	0	inf	1.0	1.0	1.0
g04523	8	0	11	0	inf	1.0	1.0	1.0
g02776	8	0	11	0	inf	1.0	1.0	1.0
g01706	8	0	11	0	inf	1.0	1.0	1.0
g01349	8	0	11	0	inf	1.0	1.0	1.0
g03612	8	0	11	0	inf	1.0	1.0	1.0
g02707	8	0	11	0	inf	1.0	1.0	1.0
g00451	8	0	11	0	inf	1.0	1.0	1.0
g03354	8	0	11	0	inf	1.0	1.0	1.0
g03119	8	0	11	0	inf	1.0	1.0	1.0
g03046	8	0	11	0	inf	1.0	1.0	1.0
g01785	8	0	11	0	inf	1.0	1.0	1.0
g02138	8	0	11	0	inf	1.0	1.0	1.0
g00627	8	0	11	0	inf	1.0	1.0	1.0
g00647	8	0	11	0	inf	1.0	1.0	1.0
g00528	8	0	11	0	inf	1.0	1.0	1.0
g02822	8	0	11	0	inf	1.0	1.0	1.0
g04440	8	0	11	0	inf	1.0	1.0	1.0
g02883	8	0	11	0	inf	1.0	1.0	1.0
g00855	8	0	11	0	inf	1.0	1.0	1.0
g00749	8	0	11	0	inf	1.0	1.0	1.0
g02067	8	0	11	0	inf	1.0	1.0	1.0
g03682	8	0	11	0	inf	1.0	1.0	1.0
g00566	8	0	11	0	inf	1.0	1.0	1.0
g01777	8	0	11	0	inf	1.0	1.0	1.0
g00083	8	0	11	0	inf	1.0	1.0	1.0
g03366	8	0	11	0	inf	1.0	1.0	1.0
g02102	8	0	11	0	inf	1.0	1.0	1.0
g00119	8	0	11	0	inf	1.0	1.0	1.0
g02302	8	0	11	0	inf	1.0	1.0	1.0
g03421	8	0	11	0	inf	1.0	1.0	1.0
g03152	8	0	11	0	inf	1.0	1.0	1.0
g03516	8	0	11	0	inf	1.0	1.0	1.0
g02758	8	0	11	0	inf	1.0	1.0	1.0
g01748	8	0	11	0	inf	1.0	1.0	1.0
g03467	8	0	11	0	inf	1.0	1.0	1.0
g03403	8	0	11	0	inf	1.0	1.0	1.0
g04512	8	0	11	0	inf	1.0	1.0	1.0
g03803	8	0	11	0	inf	1.0	1.0	1.0
g02651	8	0	11	0	inf	1.0	1.0	1.0
g03924	8	0	11	0	inf	1.0	1.0	1.0
g02567	8	0	11	0	inf	1.0	1.0	1.0
g01465	8	0	11	0	inf	1.0	1.0	1.0
g03114	8	0	11	0	inf	1.0	1.0	1.0
g03210	8	0	11	0	inf	1.0	1.0	1.0
g04091	8	0	11	0	inf	1.0	1.0	1.0
g04014	8	0	11	0	inf	1.0	1.0	1.0
g02171	8	0	11	0	inf	1.0	1.0	1.0
g01422	8	0	11	0	inf	1.0	1.0	1.0
g00838	8	0	11	0	inf	1.0	1.0	1.0
g02111	8	0	11	0	inf	1.0	1.0	1.0
g01500	8	0	11	0	inf	1.0	1.0	1.0
g02338	8	0	11	0	inf	1.0	1.0	1.0
g01991	8	0	11	0	inf	1.0	1.0	1.0
g02133	8	0	11	0	inf	1.0	1.0	1.0
g03390	8	0	11	0	inf	1.0	1.0	1.0
g01646	8	0	11	0	inf	1.0	1.0	1.0
g01209	8	0	11	0	inf	1.0	1.0	1.0
g02175	8	0	11	0	inf	1.0	1.0	1.0
g02203	8	0	11	0	inf	1.0	1.0	1.0
g01285	8	0	11	0	inf	1.0	1.0	1.0
g08881	8	0	11	0	inf	1.0	1.0	1.0
g00503	8	0	11	0	inf	1.0	1.0	1.0
g02523	8	0	11	0	inf	1.0	1.0	1.0
g02984	8	0	11	0	inf	1.0	1.0	1.0
g00985	8	0	11	0	inf	1.0	1.0	1.0
g02778	8	0	11	0	inf	1.0	1.0	1.0
g01655	8	0	11	0	inf	1.0	1.0	1.0
g04145	8	0	11	0	inf	1.0	1.0	1.0
g01623	8	0	11	0	inf	1.0	1.0	1.0
g04158	8	0	11	0	inf	1.0	1.0	1.0
g01496	8	0	11	0	inf	1.0	1.0	1.0
g00519	8	0	11	0	inf	1.0	1.0	1.0
g02431	8	0	11	0	inf	1.0	1.0	1.0
g01487	8	0	11	0	inf	1.0	1.0	1.0
g02149	8	0	11	0	inf	1.0	1.0	1.0
g04021	8	0	11	0	inf	1.0	1.0	1.0
g02340	8	0	11	0	inf	1.0	1.0	1.0
g04235	8	0	11	0	inf	1.0	1.0	1.0
g04521	8	0	11	0	inf	1.0	1.0	1.0
g02682	8	0	11	0	inf	1.0	1.0	1.0
g01133	8	0	11	0	inf	1.0	1.0	1.0
g02782	8	0	11	0	inf	1.0	1.0	1.0
g02183	8	0	11	0	inf	1.0	1.0	1.0
g02179	8	0	11	0	inf	1.0	1.0	1.0
g03151	8	0	11	0	inf	1.0	1.0	1.0
g00845	8	0	11	0	inf	1.0	1.0	1.0
g04561	8	0	11	0	inf	1.0	1.0	1.0
g02584	8	0	11	0	inf	1.0	1.0	1.0
g02442	8	0	11	0	inf	1.0	1.0	1.0
g01279	8	0	11	0	inf	1.0	1.0	1.0
g01168	8	0	11	0	inf	1.0	1.0	1.0
g02759	8	0	11	0	inf	1.0	1.0	1.0
g02334	8	0	11	0	inf	1.0	1.0	1.0
g03701	8	0	11	0	inf	1.0	1.0	1.0
g04127	8	0	11	0	inf	1.0	1.0	1.0
g02947	8	0	11	0	inf	1.0	1.0	1.0
g03295	8	0	11	0	inf	1.0	1.0	1.0
g03476	8	0	11	0	inf	1.0	1.0	1.0
g02899	8	0	11	0	inf	1.0	1.0	1.0
g02903	8	0	11	0	inf	1.0	1.0	1.0
g01423	8	0	11	0	inf	1.0	1.0	1.0
g03062	8	0	11	0	inf	1.0	1.0	1.0
g04573	8	0	11	0	inf	1.0	1.0	1.0
g00034	8	0	11	0	inf	1.0	1.0	1.0
g01246	8	0	11	0	inf	1.0	1.0	1.0
g00905	8	0	11	0	inf	1.0	1.0	1.0
g01020	8	0	11	0	inf	1.0	1.0	1.0
g01392	8	0	11	0	inf	1.0	1.0	1.0
g02417	8	0	11	0	inf	1.0	1.0	1.0
g00018	8	0	11	0	inf	1.0	1.0	1.0
g01142	8	0	11	0	inf	1.0	1.0	1.0
g00188	8	0	11	0	inf	1.0	1.0	1.0
g00895	8	0	11	0	inf	1.0	1.0	1.0
g02066	8	0	11	0	inf	1.0	1.0	1.0
g01647	8	0	11	0	inf	1.0	1.0	1.0
g02662	8	0	11	0	inf	1.0	1.0	1.0
g02388	8	0	11	0	inf	1.0	1.0	1.0
g02618	8	0	11	0	inf	1.0	1.0	1.0
g00174	8	0	11	0	inf	1.0	1.0	1.0
g01170	8	0	11	0	inf	1.0	1.0	1.0
g00067	8	0	11	0	inf	1.0	1.0	1.0
g00479	8	0	11	0	inf	1.0	1.0	1.0
g02313	8	0	11	0	inf	1.0	1.0	1.0
g01970	8	0	11	0	inf	1.0	1.0	1.0
g01980	8	0	11	0	inf	1.0	1.0	1.0
g02221	8	0	11	0	inf	1.0	1.0	1.0
g00468	8	0	11	0	inf	1.0	1.0	1.0
g03930	8	0	11	0	inf	1.0	1.0	1.0
g03574	8	0	11	0	inf	1.0	1.0	1.0
g00918	8	0	11	0	inf	1.0	1.0	1.0
g01450	8	0	11	0	inf	1.0	1.0	1.0
g02649	8	0	11	0	inf	1.0	1.0	1.0
g01998	8	0	11	0	inf	1.0	1.0	1.0
g03661	8	0	11	0	inf	1.0	1.0	1.0
g02469	8	0	11	0	inf	1.0	1.0	1.0
g01919	8	0	11	0	inf	1.0	1.0	1.0
g01190	8	0	11	0	inf	1.0	1.0	1.0
g02439	8	0	11	0	inf	1.0	1.0	1.0
g00462	8	0	11	0	inf	1.0	1.0	1.0
g02541	8	0	11	0	inf	1.0	1.0	1.0
g01429	8	0	11	0	inf	1.0	1.0	1.0
g02007	8	0	11	0	inf	1.0	1.0	1.0
g02312	8	0	11	0	inf	1.0	1.0	1.0
g00226	8	0	11	0	inf	1.0	1.0	1.0
g03542	8	0	11	0	inf	1.0	1.0	1.0
g02678	8	0	11	0	inf	1.0	1.0	1.0
g01613	8	0	11	0	inf	1.0	1.0	1.0
g02653	8	0	11	0	inf	1.0	1.0	1.0
g02989	8	0	11	0	inf	1.0	1.0	1.0
g02573	8	0	11	0	inf	1.0	1.0	1.0
g01727	8	0	11	0	inf	1.0	1.0	1.0
g03598	8	0	11	0	inf	1.0	1.0	1.0
g02835	8	0	11	0	inf	1.0	1.0	1.0
g01215	8	0	11	0	inf	1.0	1.0	1.0
g02103	8	0	11	0	inf	1.0	1.0	1.0
g03221	8	0	11	0	inf	1.0	1.0	1.0
g01514	8	0	11	0	inf	1.0	1.0	1.0
g02069	8	0	11	0	inf	1.0	1.0	1.0
g04217	8	0	11	0	inf	1.0	1.0	1.0
g04403	8	0	11	0	inf	1.0	1.0	1.0
g02993	8	0	11	0	inf	1.0	1.0	1.0
g03530	8	0	11	0	inf	1.0	1.0	1.0
g01071	8	0	11	0	inf	1.0	1.0	1.0
g02463	8	0	11	0	inf	1.0	1.0	1.0
g00797	8	0	11	0	inf	1.0	1.0	1.0
g03875	8	0	11	0	inf	1.0	1.0	1.0
g02168	8	0	11	0	inf	1.0	1.0	1.0
g03269	8	0	11	0	inf	1.0	1.0	1.0
g02027	8	0	11	0	inf	1.0	1.0	1.0
g03679	8	0	11	0	inf	1.0	1.0	1.0
g02193	8	0	11	0	inf	1.0	1.0	1.0
g00236	8	0	11	0	inf	1.0	1.0	1.0
g03357	8	0	11	0	inf	1.0	1.0	1.0
g02377	8	0	11	0	inf	1.0	1.0	1.0
g03670	8	0	11	0	inf	1.0	1.0	1.0
g01782	8	0	11	0	inf	1.0	1.0	1.0
g00359	8	0	11	0	inf	1.0	1.0	1.0
g02539	8	0	11	0	inf	1.0	1.0	1.0
g03407	8	0	11	0	inf	1.0	1.0	1.0
g01843	8	0	11	0	inf	1.0	1.0	1.0
g02491	8	0	11	0	inf	1.0	1.0	1.0
g01711	8	0	11	0	inf	1.0	1.0	1.0
g01864	8	0	11	0	inf	1.0	1.0	1.0
g01552	8	0	11	0	inf	1.0	1.0	1.0
g02419	8	0	11	0	inf	1.0	1.0	1.0
g00320	8	0	11	0	inf	1.0	1.0	1.0
g01373	8	0	11	0	inf	1.0	1.0	1.0
g01673	8	0	11	0	inf	1.0	1.0	1.0
g04393	8	0	11	0	inf	1.0	1.0	1.0
g01230	8	0	11	0	inf	1.0	1.0	1.0
g04399	8	0	11	0	inf	1.0	1.0	1.0
g02604	8	0	11	0	inf	1.0	1.0	1.0
g01009	8	0	11	0	inf	1.0	1.0	1.0
g00787	8	0	11	0	inf	1.0	1.0	1.0
g01770	8	0	11	0	inf	1.0	1.0	1.0
g01808	8	0	11	0	inf	1.0	1.0	1.0
g01997	8	0	11	0	inf	1.0	1.0	1.0
g01447	8	0	11	0	inf	1.0	1.0	1.0
g02819	8	0	11	0	inf	1.0	1.0	1.0
g00346	8	0	11	0	inf	1.0	1.0	1.0
g02317	8	0	11	0	inf	1.0	1.0	1.0
g01812	8	0	11	0	inf	1.0	1.0	1.0
g00177	8	0	11	0	inf	1.0	1.0	1.0
g01321	8	0	11	0	inf	1.0	1.0	1.0
g02695	8	0	11	0	inf	1.0	1.0	1.0
g01167	8	0	11	0	inf	1.0	1.0	1.0
g01297	8	0	11	0	inf	1.0	1.0	1.0
g03289	8	0	11	0	inf	1.0	1.0	1.0
g00907	8	0	11	0	inf	1.0	1.0	1.0
g00524	8	0	11	0	inf	1.0	1.0	1.0
g00631	8	0	11	0	inf	1.0	1.0	1.0
g00024	8	0	11	0	inf	1.0	1.0	1.0
g02991	8	0	11	0	inf	1.0	1.0	1.0
g00739	8	0	11	0	inf	1.0	1.0	1.0
g04480	8	0	11	0	inf	1.0	1.0	1.0
g00007	8	0	11	0	inf	1.0	1.0	1.0
g01664	8	0	11	0	inf	1.0	1.0	1.0
g07080	8	0	11	0	inf	1.0	1.0	1.0
g00591	8	0	11	0	inf	1.0	1.0	1.0
g04396	8	0	11	0	inf	1.0	1.0	1.0
g00690	8	0	11	0	inf	1.0	1.0	1.0
g02434	8	0	11	0	inf	1.0	1.0	1.0
g00575	8	0	11	0	inf	1.0	1.0	1.0
g01658	8	0	11	0	inf	1.0	1.0	1.0
g02528	8	0	11	0	inf	1.0	1.0	1.0
g00532	8	0	11	0	inf	1.0	1.0	1.0
g02587	8	0	11	0	inf	1.0	1.0	1.0
g03716	8	0	11	0	inf	1.0	1.0	1.0
g02441	8	0	11	0	inf	1.0	1.0	1.0
g00774	8	0	11	0	inf	1.0	1.0	1.0
g01013	8	0	11	0	inf	1.0	1.0	1.0
g00288	8	0	11	0	inf	1.0	1.0	1.0
g08484	8	0	11	0	inf	1.0	1.0	1.0
g03137	8	0	11	0	inf	1.0	1.0	1.0
g04514	8	0	11	0	inf	1.0	1.0	1.0
g02505	8	0	11	0	inf	1.0	1.0	1.0
g01136	8	0	11	0	inf	1.0	1.0	1.0
g00820	8	0	11	0	inf	1.0	1.0	1.0
g02533	8	0	11	0	inf	1.0	1.0	1.0
g01201	8	0	11	0	inf	1.0	1.0	1.0
g00558	8	0	11	0	inf	1.0	1.0	1.0
g02257	8	0	11	0	inf	1.0	1.0	1.0
g00143	8	0	11	0	inf	1.0	1.0	1.0
g02401	8	0	11	0	inf	1.0	1.0	1.0
g01303	8	0	11	0	inf	1.0	1.0	1.0
g00888	8	0	11	0	inf	1.0	1.0	1.0
g02255	8	0	11	0	inf	1.0	1.0	1.0
g02729	8	0	11	0	inf	1.0	1.0	1.0
g02593	8	0	11	0	inf	1.0	1.0	1.0
g02730	8	0	11	0	inf	1.0	1.0	1.0
g02609	8	0	11	0	inf	1.0	1.0	1.0
g02404	8	0	11	0	inf	1.0	1.0	1.0
g01467	8	0	11	0	inf	1.0	1.0	1.0
g03514	8	0	11	0	inf	1.0	1.0	1.0
g04577	8	0	11	0	inf	1.0	1.0	1.0
g02074	8	0	11	0	inf	1.0	1.0	1.0
g00492	8	0	11	0	inf	1.0	1.0	1.0
g03616	8	0	11	0	inf	1.0	1.0	1.0
g00279	8	0	11	0	inf	1.0	1.0	1.0
g01732	8	0	11	0	inf	1.0	1.0	1.0
g02291	8	0	11	0	inf	1.0	1.0	1.0
g01825	8	0	11	0	inf	1.0	1.0	1.0
g01267	8	0	11	0	inf	1.0	1.0	1.0
g02538	8	0	11	0	inf	1.0	1.0	1.0
g01809	8	0	11	0	inf	1.0	1.0	1.0
g01404	8	0	11	0	inf	1.0	1.0	1.0
g01562	8	0	11	0	inf	1.0	1.0	1.0
g00639	8	0	11	0	inf	1.0	1.0	1.0
g01412	8	0	11	0	inf	1.0	1.0	1.0
g01414	8	0	11	0	inf	1.0	1.0	1.0
g04214	8	0	11	0	inf	1.0	1.0	1.0
g02738	8	0	11	0	inf	1.0	1.0	1.0
g02476	8	0	11	0	inf	1.0	1.0	1.0
g02717	8	0	11	0	inf	1.0	1.0	1.0
g01789	8	0	11	0	inf	1.0	1.0	1.0
g02246	8	0	11	0	inf	1.0	1.0	1.0
g02894	8	0	11	0	inf	1.0	1.0	1.0
g03462	8	0	11	0	inf	1.0	1.0	1.0
g04520	8	0	11	0	inf	1.0	1.0	1.0
g02605	8	0	11	0	inf	1.0	1.0	1.0
g00515	8	0	11	0	inf	1.0	1.0	1.0
g00688	8	0	11	0	inf	1.0	1.0	1.0
g01257	8	0	11	0	inf	1.0	1.0	1.0
g00417	8	0	11	0	inf	1.0	1.0	1.0
g00997	8	0	11	0	inf	1.0	1.0	1.0
g03094	8	0	11	0	inf	1.0	1.0	1.0
g02241	8	0	11	0	inf	1.0	1.0	1.0
g01828	8	0	11	0	inf	1.0	1.0	1.0
g00235	8	0	11	0	inf	1.0	1.0	1.0
g01930	8	0	11	0	inf	1.0	1.0	1.0
g01340	8	0	11	0	inf	1.0	1.0	1.0
g03084	8	0	11	0	inf	1.0	1.0	1.0
g03349	8	0	11	0	inf	1.0	1.0	1.0
g03677	8	0	11	0	inf	1.0	1.0	1.0
g03147	8	0	11	0	inf	1.0	1.0	1.0
g02828	8	0	11	0	inf	1.0	1.0	1.0
g04530	8	0	11	0	inf	1.0	1.0	1.0
g01856	8	0	11	0	inf	1.0	1.0	1.0
g01111	8	0	11	0	inf	1.0	1.0	1.0
g02418	8	0	11	0	inf	1.0	1.0	1.0
g03001	8	0	11	0	inf	1.0	1.0	1.0
g02614	8	0	11	0	inf	1.0	1.0	1.0
g01629	8	0	11	0	inf	1.0	1.0	1.0
g00615	8	0	11	0	inf	1.0	1.0	1.0
g00715	8	0	11	0	inf	1.0	1.0	1.0
g00198	8	0	11	0	inf	1.0	1.0	1.0
g02091	8	0	11	0	inf	1.0	1.0	1.0
g01985	8	0	11	0	inf	1.0	1.0	1.0
g02783	8	0	11	0	inf	1.0	1.0	1.0
g01621	8	0	11	0	inf	1.0	1.0	1.0
g02779	8	0	11	0	inf	1.0	1.0	1.0
g01546	8	0	11	0	inf	1.0	1.0	1.0
g01251	8	0	11	0	inf	1.0	1.0	1.0
g01472	8	0	11	0	inf	1.0	1.0	1.0
g02127	8	0	11	0	inf	1.0	1.0	1.0
g00059	8	0	11	0	inf	1.0	1.0	1.0
g00164	8	0	11	0	inf	1.0	1.0	1.0
g00973	8	0	11	0	inf	1.0	1.0	1.0
g00098	8	0	11	0	inf	1.0	1.0	1.0
g01338	8	0	11	0	inf	1.0	1.0	1.0
g02978	8	0	11	0	inf	1.0	1.0	1.0
g01773	8	0	11	0	inf	1.0	1.0	1.0
g02893	8	0	11	0	inf	1.0	1.0	1.0
g01066	8	0	11	0	inf	1.0	1.0	1.0
g01481	8	0	11	0	inf	1.0	1.0	1.0
g04416	8	0	11	0	inf	1.0	1.0	1.0
g01307	8	0	11	0	inf	1.0	1.0	1.0
g03146	8	0	11	0	inf	1.0	1.0	1.0
g03087	8	0	11	0	inf	1.0	1.0	1.0
g02135	8	0	11	0	inf	1.0	1.0	1.0
g03509	8	0	11	0	inf	1.0	1.0	1.0
g00458	8	0	11	0	inf	1.0	1.0	1.0
g00687	8	0	11	0	inf	1.0	1.0	1.0
g00447	8	0	11	0	inf	1.0	1.0	1.0
g00958	8	0	11	0	inf	1.0	1.0	1.0
g00459	8	0	11	0	inf	1.0	1.0	1.0
g00047	8	0	11	0	inf	1.0	1.0	1.0
g00995	8	0	11	0	inf	1.0	1.0	1.0
g00859	8	0	11	0	inf	1.0	1.0	1.0
g00208	8	0	11	0	inf	1.0	1.0	1.0
g01478	8	0	11	0	inf	1.0	1.0	1.0
g02361	8	0	11	0	inf	1.0	1.0	1.0
g02325	8	0	11	0	inf	1.0	1.0	1.0
g01435	8	0	11	0	inf	1.0	1.0	1.0
g00604	8	0	11	0	inf	1.0	1.0	1.0
g02813	8	0	11	0	inf	1.0	1.0	1.0
g02214	8	0	11	0	inf	1.0	1.0	1.0
g03235	8	0	11	0	inf	1.0	1.0	1.0
g01950	8	0	11	0	inf	1.0	1.0	1.0
g00844	8	0	11	0	inf	1.0	1.0	1.0
g00703	8	0	11	0	inf	1.0	1.0	1.0
g01624	8	0	11	0	inf	1.0	1.0	1.0
g00839	8	0	11	0	inf	1.0	1.0	1.0
g00166	8	0	11	0	inf	1.0	1.0	1.0
g04446	8	0	11	0	inf	1.0	1.0	1.0
g03026	8	0	11	0	inf	1.0	1.0	1.0
g03676	8	0	11	0	inf	1.0	1.0	1.0
g02331	8	0	11	0	inf	1.0	1.0	1.0
g03820	8	0	11	0	inf	1.0	1.0	1.0
g02765	8	0	11	0	inf	1.0	1.0	1.0
g03379	8	0	11	0	inf	1.0	1.0	1.0
g03346	8	0	11	0	inf	1.0	1.0	1.0
g01994	8	0	11	0	inf	1.0	1.0	1.0
g03133	8	0	11	0	inf	1.0	1.0	1.0
g02942	8	0	11	0	inf	1.0	1.0	1.0
g03110	8	0	11	0	inf	1.0	1.0	1.0
g01080	8	0	11	0	inf	1.0	1.0	1.0
g02992	8	0	11	0	inf	1.0	1.0	1.0
g04506	8	0	11	0	inf	1.0	1.0	1.0
g03582	8	0	11	0	inf	1.0	1.0	1.0
g02747	8	0	11	0	inf	1.0	1.0	1.0
g02409	8	0	11	0	inf	1.0	1.0	1.0
g03276	8	0	11	0	inf	1.0	1.0	1.0
g04351	8	0	11	0	inf	1.0	1.0	1.0
g02058	8	0	11	0	inf	1.0	1.0	1.0
g02351	8	0	11	0	inf	1.0	1.0	1.0
g03189	8	0	11	0	inf	1.0	1.0	1.0
g01484	8	0	11	0	inf	1.0	1.0	1.0
g02742	8	0	11	0	inf	1.0	1.0	1.0
g03919	8	0	11	0	inf	1.0	1.0	1.0
g02109	8	0	11	0	inf	1.0	1.0	1.0
g01119	8	0	11	0	inf	1.0	1.0	1.0
g02100	8	0	11	0	inf	1.0	1.0	1.0
g03399	8	0	11	0	inf	1.0	1.0	1.0
g02697	8	0	11	0	inf	1.0	1.0	1.0
g03626	8	0	11	0	inf	1.0	1.0	1.0
g03072	8	0	11	0	inf	1.0	1.0	1.0
g04463	8	0	11	0	inf	1.0	1.0	1.0
g01964	8	0	11	0	inf	1.0	1.0	1.0
g03740	8	0	11	0	inf	1.0	1.0	1.0
g02876	8	0	11	0	inf	1.0	1.0	1.0
g01886	8	0	11	0	inf	1.0	1.0	1.0
g00250	8	0	11	0	inf	1.0	1.0	1.0
g02089	8	0	11	0	inf	1.0	1.0	1.0
g02342	8	0	11	0	inf	1.0	1.0	1.0
g04475	8	0	11	0	inf	1.0	1.0	1.0
g02672	8	0	11	0	inf	1.0	1.0	1.0
g00365	8	0	11	0	inf	1.0	1.0	1.0
g04406	8	0	11	0	inf	1.0	1.0	1.0
g02101	8	0	11	0	inf	1.0	1.0	1.0
g03279	8	0	11	0	inf	1.0	1.0	1.0
g00572	8	0	11	0	inf	1.0	1.0	1.0
g00450	8	0	11	0	inf	1.0	1.0	1.0
g01704	8	0	11	0	inf	1.0	1.0	1.0
g03699	8	0	11	0	inf	1.0	1.0	1.0
g01097	8	0	11	0	inf	1.0	1.0	1.0
g03225	8	0	11	0	inf	1.0	1.0	1.0
g01686	8	0	11	0	inf	1.0	1.0	1.0
g00517	8	0	11	0	inf	1.0	1.0	1.0
g02301	8	0	11	0	inf	1.0	1.0	1.0
g00801	8	0	11	0	inf	1.0	1.0	1.0
g00187	8	0	11	0	inf	1.0	1.0	1.0
g00538	8	0	11	0	inf	1.0	1.0	1.0
g00321	8	0	11	0	inf	1.0	1.0	1.0
g02222	8	0	11	0	inf	1.0	1.0	1.0
g03339	8	0	11	0	inf	1.0	1.0	1.0
g01008	8	0	11	0	inf	1.0	1.0	1.0
g01271	8	0	11	0	inf	1.0	1.0	1.0
g01242	8	0	11	0	inf	1.0	1.0	1.0
g00040	8	0	11	0	inf	1.0	1.0	1.0
g01951	8	0	11	0	inf	1.0	1.0	1.0
g00638	8	0	11	0	inf	1.0	1.0	1.0
g02157	8	0	11	0	inf	1.0	1.0	1.0
g02971	8	0	11	0	inf	1.0	1.0	1.0
g02914	8	0	11	0	inf	1.0	1.0	1.0
g02600	8	0	11	0	inf	1.0	1.0	1.0
g01945	8	0	11	0	inf	1.0	1.0	1.0
g02608	8	0	11	0	inf	1.0	1.0	1.0
g01233	8	0	11	0	inf	1.0	1.0	1.0
g03086	8	0	11	0	inf	1.0	1.0	1.0
g03191	8	0	11	0	inf	1.0	1.0	1.0
g02655	8	0	11	0	inf	1.0	1.0	1.0
g03452	8	0	11	0	inf	1.0	1.0	1.0
g02793	8	0	11	0	inf	1.0	1.0	1.0
g02864	8	0	11	0	inf	1.0	1.0	1.0
g03713	8	0	11	0	inf	1.0	1.0	1.0
g03054	8	0	11	0	inf	1.0	1.0	1.0
g00653	8	0	11	0	inf	1.0	1.0	1.0
g03777	8	0	11	0	inf	1.0	1.0	1.0
g01243	8	0	11	0	inf	1.0	1.0	1.0
g04408	8	0	11	0	inf	1.0	1.0	1.0
g02106	8	0	11	0	inf	1.0	1.0	1.0
g02516	8	0	11	0	inf	1.0	1.0	1.0
g01153	8	0	11	0	inf	1.0	1.0	1.0
g01797	8	0	11	0	inf	1.0	1.0	1.0
g01916	8	0	11	0	inf	1.0	1.0	1.0
g00372	8	0	11	0	inf	1.0	1.0	1.0
g01134	8	0	11	0	inf	1.0	1.0	1.0
g01883	8	0	11	0	inf	1.0	1.0	1.0
g00006	8	0	11	0	inf	1.0	1.0	1.0
g01698	8	0	11	0	inf	1.0	1.0	1.0
g00493	8	0	11	0	inf	1.0	1.0	1.0
g00514	8	0	11	0	inf	1.0	1.0	1.0
g00911	8	0	11	0	inf	1.0	1.0	1.0
g03284	8	0	11	0	inf	1.0	1.0	1.0
g02800	8	0	11	0	inf	1.0	1.0	1.0
g02073	8	0	11	0	inf	1.0	1.0	1.0
g04409	8	0	11	0	inf	1.0	1.0	1.0
g01850	8	0	11	0	inf	1.0	1.0	1.0
g04061	8	0	11	0	inf	1.0	1.0	1.0
g01443	8	0	11	0	inf	1.0	1.0	1.0
g03175	8	0	11	0	inf	1.0	1.0	1.0
g01688	8	0	11	0	inf	1.0	1.0	1.0
g03789	8	0	11	0	inf	1.0	1.0	1.0
g02777	8	0	11	0	inf	1.0	1.0	1.0
g02210	8	0	11	0	inf	1.0	1.0	1.0
g02582	8	0	11	0	inf	1.0	1.0	1.0
g02403	8	0	11	0	inf	1.0	1.0	1.0
g02958	8	0	11	0	inf	1.0	1.0	1.0
g01016	8	0	11	0	inf	1.0	1.0	1.0
g00784	8	0	11	0	inf	1.0	1.0	1.0
g01121	8	0	11	0	inf	1.0	1.0	1.0
g02098	8	0	11	0	inf	1.0	1.0	1.0
g04331	8	0	11	0	inf	1.0	1.0	1.0
g01400	8	0	11	0	inf	1.0	1.0	1.0
g02741	8	0	11	0	inf	1.0	1.0	1.0
g01305	8	0	11	0	inf	1.0	1.0	1.0
g00391	8	0	11	0	inf	1.0	1.0	1.0
g01498	8	0	11	0	inf	1.0	1.0	1.0
g03506	8	0	11	0	inf	1.0	1.0	1.0
g03115	8	0	11	0	inf	1.0	1.0	1.0
g03700	8	0	11	0	inf	1.0	1.0	1.0
g03468	8	0	11	0	inf	1.0	1.0	1.0
g02395	8	0	11	0	inf	1.0	1.0	1.0
g03728	8	0	11	0	inf	1.0	1.0	1.0
g02494	8	0	11	0	inf	1.0	1.0	1.0
g02879	8	0	11	0	inf	1.0	1.0	1.0
g03131	8	0	11	0	inf	1.0	1.0	1.0
g02807	8	0	11	0	inf	1.0	1.0	1.0
g04276	8	0	11	0	inf	1.0	1.0	1.0
g04535	8	0	11	0	inf	1.0	1.0	1.0
g04271	8	0	11	0	inf	1.0	1.0	1.0
g02394	8	0	11	0	inf	1.0	1.0	1.0
g01974	8	0	11	0	inf	1.0	1.0	1.0
g03350	8	0	11	0	inf	1.0	1.0	1.0
g03338	8	0	11	0	inf	1.0	1.0	1.0
g02810	8	0	11	0	inf	1.0	1.0	1.0
g04469	8	0	11	0	inf	1.0	1.0	1.0
g00829	8	0	11	0	inf	1.0	1.0	1.0
g02384	8	0	11	0	inf	1.0	1.0	1.0
g01973	8	0	11	0	inf	1.0	1.0	1.0
g01258	8	0	11	0	inf	1.0	1.0	1.0
g02703	8	0	11	0	inf	1.0	1.0	1.0
g03773	8	0	11	0	inf	1.0	1.0	1.0
g01387	8	0	11	0	inf	1.0	1.0	1.0
g03968	8	0	11	0	inf	1.0	1.0	1.0
g01126	8	0	11	0	inf	1.0	1.0	1.0
g01906	8	0	11	0	inf	1.0	1.0	1.0
g02912	8	0	11	0	inf	1.0	1.0	1.0
g04242	8	0	11	0	inf	1.0	1.0	1.0
g04198	8	0	11	0	inf	1.0	1.0	1.0
g02630	8	0	11	0	inf	1.0	1.0	1.0
g04490	8	0	11	0	inf	1.0	1.0	1.0
g02866	8	0	11	0	inf	1.0	1.0	1.0
g01155	8	0	11	0	inf	1.0	1.0	1.0
g02663	8	0	11	0	inf	1.0	1.0	1.0
g02821	8	0	11	0	inf	1.0	1.0	1.0
g02287	8	0	11	0	inf	1.0	1.0	1.0
g01743	8	0	11	0	inf	1.0	1.0	1.0
g02083	8	0	11	0	inf	1.0	1.0	1.0
g01036	8	0	11	0	inf	1.0	1.0	1.0
g00938	8	0	11	0	inf	1.0	1.0	1.0
g00613	8	0	11	0	inf	1.0	1.0	1.0
g01519	8	0	11	0	inf	1.0	1.0	1.0
g00717	8	0	11	0	inf	1.0	1.0	1.0
g01564	8	0	11	0	inf	1.0	1.0	1.0
g02438	8	0	11	0	inf	1.0	1.0	1.0
g03416	8	0	11	0	inf	1.0	1.0	1.0
g04249	8	0	11	0	inf	1.0	1.0	1.0
g03521	8	0	11	0	inf	1.0	1.0	1.0
g04037	8	0	11	0	inf	1.0	1.0	1.0
g03055	8	0	11	0	inf	1.0	1.0	1.0
g03127	8	0	11	0	inf	1.0	1.0	1.0
g03340	8	0	11	0	inf	1.0	1.0	1.0
g02426	8	0	11	0	inf	1.0	1.0	1.0
g04584	8	0	11	0	inf	1.0	1.0	1.0
g03829	8	0	11	0	inf	1.0	1.0	1.0
g02412	8	0	11	0	inf	1.0	1.0	1.0
g04071	8	0	11	0	inf	1.0	1.0	1.0
g03226	8	0	11	0	inf	1.0	1.0	1.0
g02093	8	0	11	0	inf	1.0	1.0	1.0
g03077	8	0	11	0	inf	1.0	1.0	1.0
g03004	8	0	11	0	inf	1.0	1.0	1.0
g03028	8	0	11	0	inf	1.0	1.0	1.0
g02956	8	0	11	0	inf	1.0	1.0	1.0
g02169	8	0	11	0	inf	1.0	1.0	1.0
g00060	8	0	11	0	inf	1.0	1.0	1.0
g03135	8	0	11	0	inf	1.0	1.0	1.0
g02461	8	0	11	0	inf	1.0	1.0	1.0
g02964	8	0	11	0	inf	1.0	1.0	1.0
g04462	8	0	11	0	inf	1.0	1.0	1.0
g02953	8	0	11	0	inf	1.0	1.0	1.0
g02969	8	0	11	0	inf	1.0	1.0	1.0
g01603	8	0	11	0	inf	1.0	1.0	1.0
g04540	8	0	11	0	inf	1.0	1.0	1.0
g02700	8	0	11	0	inf	1.0	1.0	1.0
g03042	8	0	11	0	inf	1.0	1.0	1.0
g00915	8	0	11	0	inf	1.0	1.0	1.0
g02749	8	0	11	0	inf	1.0	1.0	1.0
g02112	8	0	11	0	inf	1.0	1.0	1.0
g01842	8	0	11	0	inf	1.0	1.0	1.0
g04367	8	0	11	0	inf	1.0	1.0	1.0
g01917	8	0	11	0	inf	1.0	1.0	1.0
g03129	8	0	11	0	inf	1.0	1.0	1.0
g04358	8	0	11	0	inf	1.0	1.0	1.0
g03710	8	0	11	0	inf	1.0	1.0	1.0
g01272	8	0	11	0	inf	1.0	1.0	1.0
g02716	8	0	11	0	inf	1.0	1.0	1.0
g02626	8	0	11	0	inf	1.0	1.0	1.0
g03112	8	0	11	0	inf	1.0	1.0	1.0
g03331	8	0	11	0	inf	1.0	1.0	1.0
g01653	8	0	11	0	inf	1.0	1.0	1.0
g02985	8	0	11	0	inf	1.0	1.0	1.0
g03862	8	0	11	0	inf	1.0	1.0	1.0
g00163	8	0	11	0	inf	1.0	1.0	1.0
g01035	8	0	11	0	inf	1.0	1.0	1.0
g02079	8	0	11	0	inf	1.0	1.0	1.0
g01979	8	0	11	0	inf	1.0	1.0	1.0
g00182	8	0	11	0	inf	1.0	1.0	1.0
g00065	8	0	11	0	inf	1.0	1.0	1.0
g00292	8	0	11	0	inf	1.0	1.0	1.0
g01384	8	0	11	0	inf	1.0	1.0	1.0
g01299	8	0	11	0	inf	1.0	1.0	1.0
g00494	8	0	11	0	inf	1.0	1.0	1.0
g04391	8	0	11	0	inf	1.0	1.0	1.0
g01292	8	0	11	0	inf	1.0	1.0	1.0
g00219	8	0	11	0	inf	1.0	1.0	1.0
g02121	8	0	11	0	inf	1.0	1.0	1.0
g00596	8	0	11	0	inf	1.0	1.0	1.0
g00767	8	0	11	0	inf	1.0	1.0	1.0
g00192	8	0	11	0	inf	1.0	1.0	1.0
g01199	8	0	11	0	inf	1.0	1.0	1.0
g01771	8	0	11	0	inf	1.0	1.0	1.0
g03600	8	0	11	0	inf	1.0	1.0	1.0
g01383	8	0	11	0	inf	1.0	1.0	1.0
g03556	8	0	11	0	inf	1.0	1.0	1.0
g00091	8	0	11	0	inf	1.0	1.0	1.0
g03986	8	0	11	0	inf	1.0	1.0	1.0
g01362	8	0	11	0	inf	1.0	1.0	1.0
g02773	8	0	11	0	inf	1.0	1.0	1.0
g02770	8	0	11	0	inf	1.0	1.0	1.0
g04042	8	0	11	0	inf	1.0	1.0	1.0
g04119	8	0	11	0	inf	1.0	1.0	1.0
g01010	8	0	11	0	inf	1.0	1.0	1.0
g01965	8	0	11	0	inf	1.0	1.0	1.0
g01903	8	0	11	0	inf	1.0	1.0	1.0
g03000	8	0	11	0	inf	1.0	1.0	1.0
g02972	8	0	11	0	inf	1.0	1.0	1.0
g00340	8	0	11	0	inf	1.0	1.0	1.0
g00031	8	0	11	0	inf	1.0	1.0	1.0
g02513	8	0	11	0	inf	1.0	1.0	1.0
g02861	8	0	11	0	inf	1.0	1.0	1.0
g02508	8	0	11	0	inf	1.0	1.0	1.0
g03852	8	0	11	0	inf	1.0	1.0	1.0
g01438	8	0	11	0	inf	1.0	1.0	1.0
g02371	8	0	11	0	inf	1.0	1.0	1.0
g00293	8	0	11	0	inf	1.0	1.0	1.0
g01022	8	0	11	0	inf	1.0	1.0	1.0
g01788	8	0	11	0	inf	1.0	1.0	1.0
g01895	8	0	11	0	inf	1.0	1.0	1.0
g01733	8	0	11	0	inf	1.0	1.0	1.0
g02260	8	0	11	0	inf	1.0	1.0	1.0
g02718	8	0	11	0	inf	1.0	1.0	1.0
g00061	8	0	11	0	inf	1.0	1.0	1.0
g03839	8	0	11	0	inf	1.0	1.0	1.0
g03610	8	0	11	0	inf	1.0	1.0	1.0
g01122	8	0	11	0	inf	1.0	1.0	1.0
g01884	8	0	11	0	inf	1.0	1.0	1.0
g04395	8	0	11	0	inf	1.0	1.0	1.0
g04435	8	0	11	0	inf	1.0	1.0	1.0
g03555	8	0	11	0	inf	1.0	1.0	1.0
g02855	8	0	11	0	inf	1.0	1.0	1.0
g04309	8	0	11	0	inf	1.0	1.0	1.0
g04588	8	0	11	0	inf	1.0	1.0	1.0
g01028	8	0	11	0	inf	1.0	1.0	1.0
g02860	8	0	11	0	inf	1.0	1.0	1.0
g03388	8	0	11	0	inf	1.0	1.0	1.0
g02680	8	0	11	0	inf	1.0	1.0	1.0
g03037	8	0	11	0	inf	1.0	1.0	1.0
g03662	8	0	11	0	inf	1.0	1.0	1.0
g03250	8	0	11	0	inf	1.0	1.0	1.0
g03704	8	0	11	0	inf	1.0	1.0	1.0
g02160	8	0	11	0	inf	1.0	1.0	1.0
g01105	8	0	11	0	inf	1.0	1.0	1.0
g01637	8	0	11	0	inf	1.0	1.0	1.0
g01070	8	0	11	0	inf	1.0	1.0	1.0
g00652	8	0	11	0	inf	1.0	1.0	1.0
g02659	8	0	11	0	inf	1.0	1.0	1.0
g03918	8	0	11	0	inf	1.0	1.0	1.0
g03929	8	0	11	0	inf	1.0	1.0	1.0
g02705	8	0	11	0	inf	1.0	1.0	1.0
g02131	8	0	11	0	inf	1.0	1.0	1.0
g03618	8	0	11	0	inf	1.0	1.0	1.0
g03478	8	0	11	0	inf	1.0	1.0	1.0
g02962	8	0	11	0	inf	1.0	1.0	1.0
g01486	8	0	11	0	inf	1.0	1.0	1.0
g02734	8	0	11	0	inf	1.0	1.0	1.0
g03484	8	0	11	0	inf	1.0	1.0	1.0
g03177	8	0	11	0	inf	1.0	1.0	1.0
g02227	8	0	11	0	inf	1.0	1.0	1.0
g03159	8	0	11	0	inf	1.0	1.0	1.0
g03104	8	0	11	0	inf	1.0	1.0	1.0
g00436	8	0	11	0	inf	1.0	1.0	1.0
g01238	8	0	11	0	inf	1.0	1.0	1.0
g03641	8	0	11	0	inf	1.0	1.0	1.0
g02415	8	0	11	0	inf	1.0	1.0	1.0
g03014	8	0	11	0	inf	1.0	1.0	1.0
g04436	8	0	11	0	inf	1.0	1.0	1.0
g03245	8	0	11	0	inf	1.0	1.0	1.0
g03049	8	0	11	0	inf	1.0	1.0	1.0
g03932	8	0	11	0	inf	1.0	1.0	1.0
g00477	8	0	11	0	inf	1.0	1.0	1.0
g01207	8	0	11	0	inf	1.0	1.0	1.0
g02846	8	0	11	0	inf	1.0	1.0	1.0
g01522	8	0	11	0	inf	1.0	1.0	1.0
g00593	8	0	11	0	inf	1.0	1.0	1.0
g01657	8	0	11	0	inf	1.0	1.0	1.0
g00862	8	0	11	0	inf	1.0	1.0	1.0
g01336	8	0	11	0	inf	1.0	1.0	1.0
g01827	8	0	11	0	inf	1.0	1.0	1.0
g00155	8	0	11	0	inf	1.0	1.0	1.0
g00577	8	0	11	0	inf	1.0	1.0	1.0
g00358	8	0	11	0	inf	1.0	1.0	1.0
g01361	8	0	11	0	inf	1.0	1.0	1.0
g02295	8	0	11	0	inf	1.0	1.0	1.0
g01503	8	0	11	0	inf	1.0	1.0	1.0
g02162	8	0	11	0	inf	1.0	1.0	1.0
g01463	8	0	11	0	inf	1.0	1.0	1.0
g01283	8	0	11	0	inf	1.0	1.0	1.0
g00325	8	0	11	0	inf	1.0	1.0	1.0
g00364	8	0	11	0	inf	1.0	1.0	1.0
g00080	8	0	11	0	inf	1.0	1.0	1.0
g00453	8	0	11	0	inf	1.0	1.0	1.0
g00369	8	0	11	0	inf	1.0	1.0	1.0
g00070	8	0	11	0	inf	1.0	1.0	1.0
g00783	8	0	11	0	inf	1.0	1.0	1.0
g00116	8	0	11	0	inf	1.0	1.0	1.0
g01901	8	0	11	0	inf	1.0	1.0	1.0
g02045	8	0	11	0	inf	1.0	1.0	1.0
g01784	8	0	11	0	inf	1.0	1.0	1.0
g03681	8	0	11	0	inf	1.0	1.0	1.0
g00585	8	0	11	0	inf	1.0	1.0	1.0
g03844	8	0	11	0	inf	1.0	1.0	1.0
g02569	8	0	11	0	inf	1.0	1.0	1.0
g01417	8	0	11	0	inf	1.0	1.0	1.0
g00661	8	0	11	0	inf	1.0	1.0	1.0
g04131	8	0	11	0	inf	1.0	1.0	1.0
g02368	8	0	11	0	inf	1.0	1.0	1.0
g00743	8	0	11	0	inf	1.0	1.0	1.0
g01356	8	0	11	0	inf	1.0	1.0	1.0
g01534	8	0	11	0	inf	1.0	1.0	1.0
g00541	8	0	11	0	inf	1.0	1.0	1.0
g03881	8	0	11	0	inf	1.0	1.0	1.0
g02310	8	0	11	0	inf	1.0	1.0	1.0
g03018	8	0	11	0	inf	1.0	1.0	1.0
g03063	8	0	11	0	inf	1.0	1.0	1.0
g02534	8	0	11	0	inf	1.0	1.0	1.0
g02796	8	0	11	0	inf	1.0	1.0	1.0
g00184	8	0	11	0	inf	1.0	1.0	1.0
g02017	8	0	11	0	inf	1.0	1.0	1.0
g01705	8	0	11	0	inf	1.0	1.0	1.0
g01284	8	0	11	0	inf	1.0	1.0	1.0
g03351	8	0	11	0	inf	1.0	1.0	1.0
g04052	8	0	11	0	inf	1.0	1.0	1.0
g03022	8	0	11	0	inf	1.0	1.0	1.0
g03406	8	0	11	0	inf	1.0	1.0	1.0
g03195	8	0	11	0	inf	1.0	1.0	1.0
g03275	8	0	11	0	inf	1.0	1.0	1.0
g02053	8	0	11	0	inf	1.0	1.0	1.0
g08864	8	0	11	0	inf	1.0	1.0	1.0
g01195	8	0	11	0	inf	1.0	1.0	1.0
g01300	8	0	11	0	inf	1.0	1.0	1.0
g02243	8	0	11	0	inf	1.0	1.0	1.0
g02140	8	0	11	0	inf	1.0	1.0	1.0
g02771	8	0	11	0	inf	1.0	1.0	1.0
g03652	8	0	11	0	inf	1.0	1.0	1.0
g04365	8	0	11	0	inf	1.0	1.0	1.0
g03812	8	0	11	0	inf	1.0	1.0	1.0
g02118	8	0	11	0	inf	1.0	1.0	1.0
g00230	8	0	11	0	inf	1.0	1.0	1.0
g04264	8	0	11	0	inf	1.0	1.0	1.0
g02982	8	0	11	0	inf	1.0	1.0	1.0
g03216	8	0	11	0	inf	1.0	1.0	1.0
g03234	8	0	11	0	inf	1.0	1.0	1.0
g02767	8	0	11	0	inf	1.0	1.0	1.0
g01584	8	0	11	0	inf	1.0	1.0	1.0
g02356	8	0	11	0	inf	1.0	1.0	1.0
g02123	8	0	11	0	inf	1.0	1.0	1.0
g00953	8	0	11	0	inf	1.0	1.0	1.0
g02046	8	0	11	0	inf	1.0	1.0	1.0
g01601	8	0	11	0	inf	1.0	1.0	1.0
g03358	8	0	11	0	inf	1.0	1.0	1.0
g03021	8	0	11	0	inf	1.0	1.0	1.0
g03949	8	0	11	0	inf	1.0	1.0	1.0
g02772	8	0	11	0	inf	1.0	1.0	1.0
g01483	8	0	11	0	inf	1.0	1.0	1.0
g01426	8	0	11	0	inf	1.0	1.0	1.0
g02652	8	0	11	0	inf	1.0	1.0	1.0
g01940	8	0	11	0	inf	1.0	1.0	1.0
g03615	8	0	11	0	inf	1.0	1.0	1.0
g01898	8	0	11	0	inf	1.0	1.0	1.0
g04418	8	0	11	0	inf	1.0	1.0	1.0
g04317	8	0	11	0	inf	1.0	1.0	1.0
g04585	8	0	11	0	inf	1.0	1.0	1.0
g02309	8	0	11	0	inf	1.0	1.0	1.0
g04346	8	0	11	0	inf	1.0	1.0	1.0
g02763	8	0	11	0	inf	1.0	1.0	1.0
g04534	8	0	11	0	inf	1.0	1.0	1.0
g03185	8	0	11	0	inf	1.0	1.0	1.0
g02385	8	0	11	0	inf	1.0	1.0	1.0
g01683	8	0	11	0	inf	1.0	1.0	1.0
g00511	8	0	11	0	inf	1.0	1.0	1.0
g03608	8	0	11	0	inf	1.0	1.0	1.0
g04582	8	0	11	0	inf	1.0	1.0	1.0
g00836	8	0	11	0	inf	1.0	1.0	1.0
g02086	8	0	11	0	inf	1.0	1.0	1.0
g01852	8	0	11	0	inf	1.0	1.0	1.0
g03099	8	0	11	0	inf	1.0	1.0	1.0
g03922	8	0	11	0	inf	1.0	1.0	1.0
g04241	8	0	11	0	inf	1.0	1.0	1.0
g04019	8	0	11	0	inf	1.0	1.0	1.0
g00136	8	0	11	0	inf	1.0	1.0	1.0
g03335	8	0	11	0	inf	1.0	1.0	1.0
g01591	8	0	11	0	inf	1.0	1.0	1.0
g01045	8	0	11	0	inf	1.0	1.0	1.0
g00900	8	0	11	0	inf	1.0	1.0	1.0
g01941	8	0	11	0	inf	1.0	1.0	1.0
g04104	8	0	11	0	inf	1.0	1.0	1.0
g02906	8	0	11	0	inf	1.0	1.0	1.0
g03124	8	0	11	0	inf	1.0	1.0	1.0
g01701	8	0	11	0	inf	1.0	1.0	1.0
g03427	8	0	11	0	inf	1.0	1.0	1.0
g02882	8	0	11	0	inf	1.0	1.0	1.0
g00240	8	0	11	0	inf	1.0	1.0	1.0
g00157	8	0	11	0	inf	1.0	1.0	1.0
g00896	8	0	11	0	inf	1.0	1.0	1.0
g00108	8	0	11	0	inf	1.0	1.0	1.0
g00263	8	0	11	0	inf	1.0	1.0	1.0
g02723	8	0	11	0	inf	1.0	1.0	1.0
g02721	8	0	11	0	inf	1.0	1.0	1.0
g00023	8	0	11	0	inf	1.0	1.0	1.0
g02013	8	0	11	0	inf	1.0	1.0	1.0
g01198	8	0	11	0	inf	1.0	1.0	1.0
g03760	8	0	11	0	inf	1.0	1.0	1.0
g01717	8	0	11	0	inf	1.0	1.0	1.0
g02674	8	0	11	0	inf	1.0	1.0	1.0
g02113	8	0	11	0	inf	1.0	1.0	1.0
g00144	8	0	11	0	inf	1.0	1.0	1.0
g02075	8	0	11	0	inf	1.0	1.0	1.0
g03206	8	0	11	0	inf	1.0	1.0	1.0
g02811	8	0	11	0	inf	1.0	1.0	1.0
g00167	8	0	11	0	inf	1.0	1.0	1.0
g00254	8	0	11	0	inf	1.0	1.0	1.0
g02986	8	0	11	0	inf	1.0	1.0	1.0
g00831	8	0	11	0	inf	1.0	1.0	1.0
g00672	8	0	11	0	inf	1.0	1.0	1.0
g00759	8	0	11	0	inf	1.0	1.0	1.0
g02650	8	0	11	0	inf	1.0	1.0	1.0
g00299	8	0	11	0	inf	1.0	1.0	1.0
g02610	8	0	11	0	inf	1.0	1.0	1.0
g00220	8	0	11	0	inf	1.0	1.0	1.0
g01214	8	0	11	0	inf	1.0	1.0	1.0
g00887	8	0	11	0	inf	1.0	1.0	1.0
g01371	8	0	11	0	inf	1.0	1.0	1.0
g03474	8	0	11	0	inf	1.0	1.0	1.0
g02592	8	0	11	0	inf	1.0	1.0	1.0
g01294	8	0	11	0	inf	1.0	1.0	1.0
g02349	8	0	11	0	inf	1.0	1.0	1.0
g02393	8	0	11	0	inf	1.0	1.0	1.0
g02239	8	0	11	0	inf	1.0	1.0	1.0
g02719	8	0	11	0	inf	1.0	1.0	1.0
g02799	8	0	11	0	inf	1.0	1.0	1.0
g02330	8	0	11	0	inf	1.0	1.0	1.0
g02172	8	0	11	0	inf	1.0	1.0	1.0
g02471	8	0	11	0	inf	1.0	1.0	1.0
g04336	8	0	11	0	inf	1.0	1.0	1.0
g02664	8	0	11	0	inf	1.0	1.0	1.0
g02948	8	0	11	0	inf	1.0	1.0	1.0
g04065	8	0	11	0	inf	1.0	1.0	1.0
g03025	8	0	11	0	inf	1.0	1.0	1.0
g03134	8	0	11	0	inf	1.0	1.0	1.0
g04404	8	0	11	0	inf	1.0	1.0	1.0
g02615	8	0	11	0	inf	1.0	1.0	1.0
g01598	8	0	11	0	inf	1.0	1.0	1.0
g00677	8	0	11	0	inf	1.0	1.0	1.0
g02481	8	0	11	0	inf	1.0	1.0	1.0
g04320	8	0	11	0	inf	1.0	1.0	1.0
g00432	8	0	11	0	inf	1.0	1.0	1.0
g02926	8	0	11	0	inf	1.0	1.0	1.0
g01858	8	0	11	0	inf	1.0	1.0	1.0
g00704	8	0	11	0	inf	1.0	1.0	1.0
g00291	8	0	11	0	inf	1.0	1.0	1.0
g01545	8	0	11	0	inf	1.0	1.0	1.0
g01599	8	0	11	0	inf	1.0	1.0	1.0
g02702	8	0	11	0	inf	1.0	1.0	1.0
g04484	8	0	11	0	inf	1.0	1.0	1.0
g02922	8	0	11	0	inf	1.0	1.0	1.0
g03436	8	0	11	0	inf	1.0	1.0	1.0
g01347	8	0	11	0	inf	1.0	1.0	1.0
g01033	8	0	11	0	inf	1.0	1.0	1.0
g01216	8	0	11	0	inf	1.0	1.0	1.0
g01792	8	0	11	0	inf	1.0	1.0	1.0
g00788	8	0	11	0	inf	1.0	1.0	1.0
g02224	8	0	11	0	inf	1.0	1.0	1.0
g02061	8	0	11	0	inf	1.0	1.0	1.0
g02624	8	0	11	0	inf	1.0	1.0	1.0
g00826	8	0	11	0	inf	1.0	1.0	1.0
g00280	8	0	11	0	inf	1.0	1.0	1.0
g02530	8	0	11	0	inf	1.0	1.0	1.0
g03624	8	0	11	0	inf	1.0	1.0	1.0
g01983	8	0	11	0	inf	1.0	1.0	1.0
g03830	8	0	11	0	inf	1.0	1.0	1.0
g03171	8	0	11	0	inf	1.0	1.0	1.0
g01540	8	0	11	0	inf	1.0	1.0	1.0
g02881	8	0	11	0	inf	1.0	1.0	1.0
g00720	8	0	11	0	inf	1.0	1.0	1.0
g00619	8	0	11	0	inf	1.0	1.0	1.0
g00371	8	0	11	0	inf	1.0	1.0	1.0
g00770	8	0	11	0	inf	1.0	1.0	1.0
g02642	8	0	11	0	inf	1.0	1.0	1.0
g04443	8	0	11	0	inf	1.0	1.0	1.0
g02724	8	0	11	0	inf	1.0	1.0	1.0
g02736	8	0	11	0	inf	1.0	1.0	1.0
g01063	8	0	11	0	inf	1.0	1.0	1.0
g01413	8	0	11	0	inf	1.0	1.0	1.0
g02040	8	0	11	0	inf	1.0	1.0	1.0
g03355	8	0	11	0	inf	1.0	1.0	1.0
g03341	8	0	11	0	inf	1.0	1.0	1.0
g03224	8	0	11	0	inf	1.0	1.0	1.0
g02355	8	0	11	0	inf	1.0	1.0	1.0
g03078	8	0	11	0	inf	1.0	1.0	1.0
g04177	8	0	11	0	inf	1.0	1.0	1.0
g02925	8	0	11	0	inf	1.0	1.0	1.0
g02185	8	0	11	0	inf	1.0	1.0	1.0
g02147	8	0	11	0	inf	1.0	1.0	1.0
g00367	8	0	11	0	inf	1.0	1.0	1.0
g00406	8	0	11	0	inf	1.0	1.0	1.0
g00868	8	0	11	0	inf	1.0	1.0	1.0
g01394	8	0	11	0	inf	1.0	1.0	1.0
g02458	8	0	11	0	inf	1.0	1.0	1.0
g00126	8	0	11	0	inf	1.0	1.0	1.0
g01240	8	0	11	0	inf	1.0	1.0	1.0
g02043	8	0	11	0	inf	1.0	1.0	1.0
g00735	8	0	11	0	inf	1.0	1.0	1.0
g01428	8	0	11	0	inf	1.0	1.0	1.0
g00387	8	0	11	0	inf	1.0	1.0	1.0
g02107	8	0	11	0	inf	1.0	1.0	1.0
g00965	8	0	11	0	inf	1.0	1.0	1.0
g00085	8	0	11	0	inf	1.0	1.0	1.0
g01722	8	0	11	0	inf	1.0	1.0	1.0
g01821	8	0	11	0	inf	1.0	1.0	1.0
g00496	8	0	11	0	inf	1.0	1.0	1.0
g00107	8	0	11	0	inf	1.0	1.0	1.0
g01048	8	0	11	0	inf	1.0	1.0	1.0
g02358	8	0	11	0	inf	1.0	1.0	1.0
g04295	8	0	11	0	inf	1.0	1.0	1.0
g02979	8	0	11	0	inf	1.0	1.0	1.0
g01000	8	0	11	0	inf	1.0	1.0	1.0
g03106	8	0	11	0	inf	1.0	1.0	1.0
g03144	8	0	11	0	inf	1.0	1.0	1.0
g00756	8	0	11	0	inf	1.0	1.0	1.0
g03051	8	0	11	0	inf	1.0	1.0	1.0
g02673	8	0	11	0	inf	1.0	1.0	1.0
g02706	8	0	11	0	inf	1.0	1.0	1.0
g04325	8	0	11	0	inf	1.0	1.0	1.0
g02280	8	0	11	0	inf	1.0	1.0	1.0
g03546	8	0	11	0	inf	1.0	1.0	1.0
g02532	8	0	11	0	inf	1.0	1.0	1.0
g04362	8	0	11	0	inf	1.0	1.0	1.0
g01685	8	0	11	0	inf	1.0	1.0	1.0
g01516	8	0	11	0	inf	1.0	1.0	1.0
g01208	8	0	11	0	inf	1.0	1.0	1.0
g01101	8	0	11	0	inf	1.0	1.0	1.0
g01074	8	0	11	0	inf	1.0	1.0	1.0
g03747	8	0	11	0	inf	1.0	1.0	1.0
g01369	8	0	11	0	inf	1.0	1.0	1.0
g01616	8	0	11	0	inf	1.0	1.0	1.0
g04332	8	0	11	0	inf	1.0	1.0	1.0
g03970	8	0	11	0	inf	1.0	1.0	1.0
g01234	8	0	11	0	inf	1.0	1.0	1.0
g01078	8	0	11	0	inf	1.0	1.0	1.0
g01960	8	0	11	0	inf	1.0	1.0	1.0
g03056	8	0	11	0	inf	1.0	1.0	1.0
g01139	8	0	11	0	inf	1.0	1.0	1.0
g00540	8	0	11	0	inf	1.0	1.0	1.0
g03118	8	0	11	0	inf	1.0	1.0	1.0
g01106	8	0	11	0	inf	1.0	1.0	1.0
g00954	8	0	11	0	inf	1.0	1.0	1.0
g01182	8	0	11	0	inf	1.0	1.0	1.0
g02847	8	0	11	0	inf	1.0	1.0	1.0
g02122	8	0	11	0	inf	1.0	1.0	1.0
g02032	8	0	11	0	inf	1.0	1.0	1.0
g02365	8	0	11	0	inf	1.0	1.0	1.0
g02176	8	0	11	0	inf	1.0	1.0	1.0
g00939	8	0	11	0	inf	1.0	1.0	1.0
g04402	8	0	11	0	inf	1.0	1.0	1.0
g02198	8	0	11	0	inf	1.0	1.0	1.0
g03384	8	0	11	0	inf	1.0	1.0	1.0
g02976	8	0	11	0	inf	1.0	1.0	1.0
g03091	8	0	11	0	inf	1.0	1.0	1.0
g03409	8	0	11	0	inf	1.0	1.0	1.0
g01617	8	0	11	0	inf	1.0	1.0	1.0
g01427	8	0	11	0	inf	1.0	1.0	1.0
g01077	8	0	11	0	inf	1.0	1.0	1.0
g02085	8	0	11	0	inf	1.0	1.0	1.0
g01050	8	0	11	0	inf	1.0	1.0	1.0
g02152	8	0	11	0	inf	1.0	1.0	1.0
g01223	8	0	11	0	inf	1.0	1.0	1.0
g04353	8	0	11	0	inf	1.0	1.0	1.0
g02424	8	0	11	0	inf	1.0	1.0	1.0
g03285	8	0	11	0	inf	1.0	1.0	1.0
g03102	8	0	11	0	inf	1.0	1.0	1.0
g07882	8	0	11	0	inf	1.0	1.0	1.0
g02259	8	0	11	0	inf	1.0	1.0	1.0
g03628	8	0	11	0	inf	1.0	1.0	1.0
g03501	8	0	11	0	inf	1.0	1.0	1.0
g02373	8	0	11	0	inf	1.0	1.0	1.0
g02333	8	0	11	0	inf	1.0	1.0	1.0
g01888	8	0	11	0	inf	1.0	1.0	1.0
g03020	8	0	11	0	inf	1.0	1.0	1.0
g02952	8	0	11	0	inf	1.0	1.0	1.0
g02026	8	0	11	0	inf	1.0	1.0	1.0
g03607	8	0	11	0	inf	1.0	1.0	1.0
g03880	8	0	11	0	inf	1.0	1.0	1.0
g01269	8	0	11	0	inf	1.0	1.0	1.0
g02585	8	0	11	0	inf	1.0	1.0	1.0
g01318	8	0	11	0	inf	1.0	1.0	1.0
g01116	8	0	11	0	inf	1.0	1.0	1.0
g01320	8	0	11	0	inf	1.0	1.0	1.0
g01529	8	0	11	0	inf	1.0	1.0	1.0
g02686	8	0	11	0	inf	1.0	1.0	1.0
g02132	8	0	11	0	inf	1.0	1.0	1.0
g04338	8	0	11	0	inf	1.0	1.0	1.0
g02806	8	0	11	0	inf	1.0	1.0	1.0
g01959	8	0	11	0	inf	1.0	1.0	1.0
g02701	8	0	11	0	inf	1.0	1.0	1.0
g02669	8	0	11	0	inf	1.0	1.0	1.0
g04300	8	0	11	0	inf	1.0	1.0	1.0
g00185	8	0	11	0	inf	1.0	1.0	1.0
g00894	8	0	11	0	inf	1.0	1.0	1.0
g00246	8	0	11	0	inf	1.0	1.0	1.0
g00275	8	0	11	0	inf	1.0	1.0	1.0
g00498	8	0	11	0	inf	1.0	1.0	1.0
g00480	8	0	11	0	inf	1.0	1.0	1.0
g01328	8	0	11	0	inf	1.0	1.0	1.0
g01315	8	0	11	0	inf	1.0	1.0	1.0
g00780	8	0	11	0	inf	1.0	1.0	1.0
g00768	8	0	11	0	inf	1.0	1.0	1.0
g01218	8	0	11	0	inf	1.0	1.0	1.0
g00036	8	0	11	0	inf	1.0	1.0	1.0
g00173	8	0	11	0	inf	1.0	1.0	1.0
g00267	8	0	11	0	inf	1.0	1.0	1.0
g00929	8	0	11	0	inf	1.0	1.0	1.0
g02116	8	0	11	0	inf	1.0	1.0	1.0
g00169	8	0	11	0	inf	1.0	1.0	1.0
g03038	8	0	11	0	inf	1.0	1.0	1.0
g03264	8	0	11	0	inf	1.0	1.0	1.0
g02182	8	0	11	0	inf	1.0	1.0	1.0
g02272	8	0	11	0	inf	1.0	1.0	1.0
g02844	8	0	11	0	inf	1.0	1.0	1.0
g00071	8	0	11	0	inf	1.0	1.0	1.0
g04533	8	0	11	0	inf	1.0	1.0	1.0
g01178	8	0	11	0	inf	1.0	1.0	1.0
g00134	8	0	11	0	inf	1.0	1.0	1.0
g01539	8	0	11	0	inf	1.0	1.0	1.0
g00830	8	0	11	0	inf	1.0	1.0	1.0
g01051	8	0	11	0	inf	1.0	1.0	1.0
g01668	8	0	11	0	inf	1.0	1.0	1.0
g03650	8	0	11	0	inf	1.0	1.0	1.0
g02928	8	0	11	0	inf	1.0	1.0	1.0
g03260	8	0	11	0	inf	1.0	1.0	1.0
g03240	8	0	11	0	inf	1.0	1.0	1.0
g02529	8	0	11	0	inf	1.0	1.0	1.0
g00443	8	0	11	0	inf	1.0	1.0	1.0
g03466	8	0	11	0	inf	1.0	1.0	1.0
g00180	8	0	11	0	inf	1.0	1.0	1.0
g04255	8	0	11	0	inf	1.0	1.0	1.0
g04470	8	0	11	0	inf	1.0	1.0	1.0
g01249	8	0	11	0	inf	1.0	1.0	1.0
g00370	8	0	11	0	inf	1.0	1.0	1.0
g01220	8	0	11	0	inf	1.0	1.0	1.0
g03784	8	0	11	0	inf	1.0	1.0	1.0
g01183	8	0	11	0	inf	1.0	1.0	1.0
g00253	8	0	11	0	inf	1.0	1.0	1.0
g00037	8	0	11	0	inf	1.0	1.0	1.0
g01278	8	0	11	0	inf	1.0	1.0	1.0
g00461	8	0	11	0	inf	1.0	1.0	1.0
g00306	8	0	11	0	inf	1.0	1.0	1.0
g00175	8	0	11	0	inf	1.0	1.0	1.0
g00506	8	0	11	0	inf	1.0	1.0	1.0
g03184	8	0	11	0	inf	1.0	1.0	1.0
g02999	8	0	11	0	inf	1.0	1.0	1.0
g03154	8	0	11	0	inf	1.0	1.0	1.0
g03342	8	0	11	0	inf	1.0	1.0	1.0
g03821	8	0	11	0	inf	1.0	1.0	1.0
g04272	8	0	11	0	inf	1.0	1.0	1.0
g02851	8	0	11	0	inf	1.0	1.0	1.0
g02757	8	0	11	0	inf	1.0	1.0	1.0
g01148	8	0	11	0	inf	1.0	1.0	1.0
g04479	8	0	11	0	inf	1.0	1.0	1.0
g00665	8	0	11	0	inf	1.0	1.0	1.0
g00924	8	0	11	0	inf	1.0	1.0	1.0
g01510	8	0	11	0	inf	1.0	1.0	1.0
g01324	8	0	11	0	inf	1.0	1.0	1.0
g02816	8	0	11	0	inf	1.0	1.0	1.0
g03247	8	0	11	0	inf	1.0	1.0	1.0
g06001	8	0	11	0	inf	1.0	1.0	1.0
g03117	8	0	11	0	inf	1.0	1.0	1.0
g03461	8	0	11	0	inf	1.0	1.0	1.0
g03345	8	0	11	0	inf	1.0	1.0	1.0
g03139	8	0	11	0	inf	1.0	1.0	1.0
g02683	8	0	11	0	inf	1.0	1.0	1.0
g03163	8	0	11	0	inf	1.0	1.0	1.0
g03203	8	0	11	0	inf	1.0	1.0	1.0
g03143	8	0	11	0	inf	1.0	1.0	1.0
g03233	8	0	11	0	inf	1.0	1.0	1.0
g02996	8	0	11	0	inf	1.0	1.0	1.0
g02995	8	0	11	0	inf	1.0	1.0	1.0
g03098	8	0	11	0	inf	1.0	1.0	1.0
g04200	8	0	11	0	inf	1.0	1.0	1.0
g03494	8	0	11	0	inf	1.0	1.0	1.0
g09528	8	0	11	0	inf	1.0	1.0	1.0
g03248	8	0	11	0	inf	1.0	1.0	1.0
g03214	8	0	11	0	inf	1.0	1.0	1.0
g04527	8	0	11	0	inf	1.0	1.0	1.0
g03067	8	0	11	0	inf	1.0	1.0	1.0
g07225	8	0	11	0	inf	1.0	1.0	1.0
g03653	8	0	11	0	inf	1.0	1.0	1.0
g00399	8	0	11	0	inf	1.0	1.0	1.0
g03911	8	0	11	0	inf	1.0	1.0	1.0
g08947	8	0	11	0	inf	1.0	1.0	1.0
g03310	8	0	11	0	inf	1.0	1.0	1.0
g04324	8	0	11	0	inf	1.0	1.0	1.0
g01863	8	0	11	0	inf	1.0	1.0	1.0
g04550	8	0	11	0	inf	1.0	1.0	1.0
g09221	8	0	10	1	inf	1.0	1.0	1.0
g05873	8	0	10	1	inf	1.0	1.0	1.0
g05503	8	0	10	1	inf	1.0	1.0	1.0
g08573	8	0	10	1	inf	1.0	1.0	1.0
g07414	8	0	10	1	inf	1.0	1.0	1.0
g06847	8	0	10	1	inf	1.0	1.0	1.0
g05245	8	0	10	1	inf	1.0	1.0	1.0
g07960	8	0	10	1	inf	1.0	1.0	1.0
g05925	8	0	10	1	inf	1.0	1.0	1.0
g08666	8	0	10	1	inf	1.0	1.0	1.0
g05681	8	0	10	1	inf	1.0	1.0	1.0
g06198	8	0	10	1	inf	1.0	1.0	1.0
g06822	8	0	10	1	inf	1.0	1.0	1.0
g05723	8	0	10	1	inf	1.0	1.0	1.0
g07511	8	0	10	1	inf	1.0	1.0	1.0
g09385	8	0	10	1	inf	1.0	1.0	1.0
g06533	8	0	10	1	inf	1.0	1.0	1.0
g06290	8	0	10	1	inf	1.0	1.0	1.0
g08205	8	0	10	1	inf	1.0	1.0	1.0
g04675	8	0	10	1	inf	1.0	1.0	1.0
g09437	8	0	10	1	inf	1.0	1.0	1.0
g08753	8	0	10	1	inf	1.0	1.0	1.0
g06035	8	0	10	1	inf	1.0	1.0	1.0
g08191	8	0	10	1	inf	1.0	1.0	1.0
g04375	8	0	10	1	inf	1.0	1.0	1.0
g05448	8	0	10	1	inf	1.0	1.0	1.0
g07152	8	0	10	1	inf	1.0	1.0	1.0
g08380	8	0	10	1	inf	1.0	1.0	1.0
g07871	8	0	10	1	inf	1.0	1.0	1.0
g09228	8	0	10	1	inf	1.0	1.0	1.0
g08807	8	0	10	1	inf	1.0	1.0	1.0
g05444	8	0	10	1	inf	1.0	1.0	1.0
g08700	8	0	10	1	inf	1.0	1.0	1.0
g07921	8	0	10	1	inf	1.0	1.0	1.0
g06633	8	0	10	1	inf	1.0	1.0	1.0
g05948	8	0	10	1	inf	1.0	1.0	1.0
g07130	8	0	10	1	inf	1.0	1.0	1.0
g07402	8	0	10	1	inf	1.0	1.0	1.0
g06611	8	0	10	1	inf	1.0	1.0	1.0
g06191	8	0	10	1	inf	1.0	1.0	1.0
g06036	8	0	10	1	inf	1.0	1.0	1.0
g03035	8	0	10	1	inf	1.0	1.0	1.0
g03029	8	0	10	1	inf	1.0	1.0	1.0
g03083	8	0	10	1	inf	1.0	1.0	1.0
g04410	8	0	10	1	inf	1.0	1.0	1.0
g03050	8	0	10	1	inf	1.0	1.0	1.0
g03180	8	0	10	1	inf	1.0	1.0	1.0
g03082	8	0	10	1	inf	1.0	1.0	1.0
g03900	8	0	10	1	inf	1.0	1.0	1.0
g07916	8	0	10	1	inf	1.0	1.0	1.0
g04581	8	0	10	1	inf	1.0	1.0	1.0
g09414	8	0	10	1	inf	1.0	1.0	1.0
g05204	8	0	10	1	inf	1.0	1.0	1.0
g05099	8	0	10	1	inf	1.0	1.0	1.0
g03088	8	0	10	1	inf	1.0	1.0	1.0
g04195	8	0	10	1	inf	1.0	1.0	1.0
g03581	8	0	10	1	inf	1.0	1.0	1.0
g03013	8	0	10	1	inf	1.0	1.0	1.0
g03749	8	0	10	1	inf	1.0	1.0	1.0
g03560	8	0	10	1	inf	1.0	1.0	1.0
g03576	8	0	10	1	inf	1.0	1.0	1.0
g04297	8	0	10	1	inf	1.0	1.0	1.0
g07059	8	0	10	1	inf	1.0	1.0	1.0
g03633	8	0	10	1	inf	1.0	1.0	1.0
g07253	8	0	10	1	inf	1.0	1.0	1.0
g03400	7	1	10	1	0.7	1.0	1.0	1.0
g03107	7	1	10	1	0.7	1.0	1.0	1.0
g03187	7	1	10	1	0.7	1.0	1.0	1.0
g03059	7	1	10	1	0.7	1.0	1.0	1.0
g06559	7	1	10	1	0.7	1.0	1.0	1.0
g03213	7	1	10	1	0.7	1.0	1.0	1.0
g08132	7	1	10	1	0.7	1.0	1.0	1.0
g03045	7	1	10	1	0.7	1.0	1.0	1.0
g03419	7	1	10	1	0.7	1.0	1.0	1.0
g03711	7	1	9	2	1.5555555555555556	1.0	1.0	1.0
g03609	7	1	9	2	1.5555555555555556	1.0	1.0	1.0
g05665	7	1	9	2	1.5555555555555556	1.0	1.0	1.0
g08218	7	1	9	2	1.5555555555555556	1.0	1.0	1.0
g09191	7	1	9	2	1.5555555555555556	1.0	1.0	1.0
g08478	7	1	9	2	1.5555555555555556	1.0	1.0	1.0
g08261	7	1	9	2	1.5555555555555556	1.0	1.0	1.0
g04074	7	1	9	2	1.5555555555555556	1.0	1.0	1.0
g03935	7	1	9	2	1.5555555555555556	1.0	1.0	1.0
g03125	7	1	9	2	1.5555555555555556	1.0	1.0	1.0
g03251	7	1	9	2	1.5555555555555556	1.0	1.0	1.0
g03593	7	1	9	2	1.5555555555555556	1.0	1.0	1.0
g03155	7	1	9	2	1.5555555555555556	1.0	1.0	1.0
g02997	7	1	9	2	1.5555555555555556	1.0	1.0	1.0
g03726	7	1	9	2	1.5555555555555556	1.0	1.0	1.0
g03655	6	2	9	2	0.6666666666666666	1.0	1.0	1.0
g03076	6	2	9	2	0.6666666666666666	1.0	1.0	1.0
g03081	6	2	9	2	0.6666666666666666	1.0	1.0	1.0
g03197	6	2	8	3	1.125	1.0	1.0	1.0
g03274	6	2	8	3	1.125	1.0	1.0	1.0
g08209	6	2	8	3	1.125	1.0	1.0	1.0
g06582	6	2	8	3	1.125	1.0	1.0	1.0
g07449	6	2	7	4	1.7142857142857142	1.0	1.0	1.0
g03019	5	3	8	3	0.625	1.0	1.0	1.0
g08396	5	3	8	3	0.625	1.0	1.0	1.0
g03768	5	3	8	3	0.625	1.0	1.0	1.0
g03568	6	2	7	4	1.7142857142857142	1.0	1.0	1.0
g08051	5	3	7	4	0.9523809523809523	1.0	1.0	1.0
g09017	5	3	6	5	1.3888888888888888	1.0	1.0	1.0
g07820	5	3	6	5	1.3888888888888888	1.0	1.0	1.0
g05008	5	3	6	5	1.3888888888888888	1.0	1.0	1.0
g07667	5	3	6	5	1.3888888888888888	1.0	1.0	1.0
g07823	5	3	6	5	1.3888888888888888	1.0	1.0	1.0
g08670	5	3	6	5	1.3888888888888888	1.0	1.0	1.0
g04199	5	3	6	5	1.3888888888888888	1.0	1.0	1.0
g03161	5	3	6	5	1.3888888888888888	1.0	1.0	1.0
g03566	4	4	6	5	0.8333333333333334	1.0	1.0	1.0
g03847	4	4	6	5	0.8333333333333334	1.0	1.0	1.0
g03520	4	4	6	5	0.8333333333333334	1.0	1.0	1.0
g03266	4	4	6	5	0.8333333333333334	1.0	1.0	1.0
g03105	4	4	6	5	0.8333333333333334	1.0	1.0	1.0
g03255	4	4	6	5	0.8333333333333334	1.0	1.0	1.0
g04374	4	4	6	5	0.8333333333333334	1.0	1.0	1.0
g03377	4	4	6	5	0.8333333333333334	1.0	1.0	1.0
g03109	4	4	6	5	0.8333333333333334	1.0	1.0	1.0
g03790	4	4	6	5	0.8333333333333334	1.0	1.0	1.0
g03486	4	4	6	5	0.8333333333333334	1.0	1.0	1.0
g04086	4	4	6	5	0.8333333333333334	1.0	1.0	1.0
g03782	4	4	5	6	1.2	1.0	1.0	1.0
g03423	4	4	5	6	1.2	1.0	1.0	1.0
g03692	4	4	5	6	1.2	1.0	1.0	1.0
g03678	4	4	5	6	1.2	1.0	1.0	1.0
g04328	4	4	5	6	1.2	1.0	1.0	1.0
g03643	4	4	5	6	1.2	1.0	1.0	1.0
g07412	4	4	5	6	1.2	1.0	1.0	1.0
g08168	4	4	5	6	1.2	1.0	1.0	1.0
g06815	4	4	5	6	1.2	1.0	1.0	1.0
g06469	4	4	5	6	1.2	1.0	1.0	1.0
g07793	4	4	5	6	1.2	1.0	1.0	1.0
g05780	4	4	5	6	1.2	1.0	1.0	1.0
g04161	4	4	5	6	1.2	1.0	1.0	1.0
g07877	4	4	5	6	1.2	1.0	1.0	1.0
g06428	4	4	5	6	1.2	1.0	1.0	1.0
g04388	4	4	5	6	1.2	1.0	1.0	1.0
g03577	4	4	5	6	1.2	1.0	1.0	1.0
g03512	4	4	5	6	1.2	1.0	1.0	1.0
g05766	4	4	5	6	1.2	1.0	1.0	1.0
g03804	4	4	5	6	1.2	1.0	1.0	1.0
g03619	4	4	5	6	1.2	1.0	1.0	1.0
g04311	4	4	5	6	1.2	1.0	1.0	1.0
g04931	4	4	5	6	1.2	1.0	1.0	1.0
g07578	4	4	5	6	1.2	1.0	1.0	1.0
g03246	4	4	5	6	1.2	1.0	1.0	1.0
g03394	4	4	5	6	1.2	1.0	1.0	1.0
g03533	4	4	5	6	1.2	1.0	1.0	1.0
g03165	4	4	5	6	1.2	1.0	1.0	1.0
g05428	4	4	5	6	1.2	1.0	1.0	1.0
g07193	3	5	5	6	0.72	1.0	1.0	1.0
g05307	3	5	5	6	0.72	1.0	1.0	1.0
g03732	3	5	5	6	0.72	1.0	1.0	1.0
g07582	3	5	5	6	0.72	1.0	1.0	1.0
g06083	3	5	5	6	0.72	1.0	1.0	1.0
g03912	3	5	5	6	0.72	1.0	1.0	1.0
g03321	3	5	5	6	0.72	1.0	1.0	1.0
g04137	3	5	5	6	0.72	1.0	1.0	1.0
g03535	3	5	5	6	0.72	1.0	1.0	1.0
g07381	3	5	5	6	0.72	1.0	1.0	1.0
g03684	3	5	4	7	1.05	1.0	1.0	1.0
g03632	3	5	4	7	1.05	1.0	1.0	1.0
g04579	3	5	4	7	1.05	1.0	1.0	1.0
g03455	3	5	4	7	1.05	1.0	1.0	1.0
g03513	3	5	4	7	1.05	1.0	1.0	1.0
g03454	3	5	4	7	1.05	1.0	1.0	1.0
g03481	3	5	4	7	1.05	1.0	1.0	1.0
g03296	3	5	4	7	1.05	1.0	1.0	1.0
g03330	3	5	4	7	1.05	1.0	1.0	1.0
g04136	3	5	4	7	1.05	1.0	1.0	1.0
g04142	3	5	4	7	1.05	1.0	1.0	1.0
g08895	2	6	4	7	0.5833333333333334	1.0	1.0	1.0
g08848	2	6	4	7	0.5833333333333334	1.0	1.0	1.0
g06587	2	6	4	7	0.5833333333333334	1.0	1.0	1.0
g03263	2	6	4	7	0.5833333333333334	1.0	1.0	1.0
g03268	3	5	3	8	1.6	1.0	1.0	1.0
g04096	2	6	4	7	0.5833333333333334	1.0	1.0	1.0
g03290	2	6	4	7	0.5833333333333334	1.0	1.0	1.0
g06855	2	6	4	7	0.5833333333333334	1.0	1.0	1.0
g03456	3	5	3	8	1.6	1.0	1.0	1.0
g03591	3	5	3	8	1.6	1.0	1.0	1.0
g03312	2	6	4	7	0.5833333333333334	1.0	1.0	1.0
g04068	2	6	4	7	0.5833333333333334	1.0	1.0	1.0
g04855	2	6	4	7	0.5833333333333334	1.0	1.0	1.0
g04335	2	6	4	7	0.5833333333333334	1.0	1.0	1.0
g03562	2	6	4	7	0.5833333333333334	1.0	1.0	1.0
g03329	2	6	4	7	0.5833333333333334	1.0	1.0	1.0
g04275	2	6	4	7	0.5833333333333334	1.0	1.0	1.0
g03383	3	5	3	8	1.6	1.0	1.0	1.0
g04405	2	6	4	7	0.5833333333333334	1.0	1.0	1.0
g03259	3	5	3	8	1.6	1.0	1.0	1.0
g03446	3	5	3	8	1.6	1.0	1.0	1.0
g07359	3	5	3	8	1.6	1.0	1.0	1.0
g03469	3	5	3	8	1.6	1.0	1.0	1.0
g05025	3	5	3	8	1.6	1.0	1.0	1.0
g04298	2	6	4	7	0.5833333333333334	1.0	1.0	1.0
g03470	3	5	3	8	1.6	1.0	1.0	1.0
g03477	3	5	3	8	1.6	1.0	1.0	1.0
g05527	2	6	3	8	0.8888888888888888	1.0	1.0	1.0
g03915	2	6	3	8	0.8888888888888888	1.0	1.0	1.0
g04112	2	6	3	8	0.8888888888888888	1.0	1.0	1.0
g04545	2	6	3	8	0.8888888888888888	1.0	1.0	1.0
g05427	2	6	3	8	0.8888888888888888	1.0	1.0	1.0
g03487	2	6	3	8	0.8888888888888888	1.0	1.0	1.0
g03720	2	6	3	8	0.8888888888888888	1.0	1.0	1.0
g03524	2	6	3	8	0.8888888888888888	1.0	1.0	1.0
g03895	2	6	3	8	0.8888888888888888	1.0	1.0	1.0
g07526	2	6	3	8	0.8888888888888888	1.0	1.0	1.0
g03688	2	6	3	8	0.8888888888888888	1.0	1.0	1.0
g04123	2	6	2	9	1.5	1.0	1.0	1.0
g06525	2	6	2	9	1.5	1.0	1.0	1.0
g03645	2	6	2	9	1.5	1.0	1.0	1.0
g05089	2	6	2	9	1.5	1.0	1.0	1.0
g08903	2	6	2	9	1.5	1.0	1.0	1.0
g08941	2	6	2	9	1.5	1.0	1.0	1.0
g03896	2	6	2	9	1.5	1.0	1.0	1.0
g06606	2	6	2	9	1.5	1.0	1.0	1.0
g04999	2	6	2	9	1.5	1.0	1.0	1.0
g09174	2	6	2	9	1.5	1.0	1.0	1.0
g08966	2	6	2	9	1.5	1.0	1.0	1.0
g03440	2	6	2	9	1.5	1.0	1.0	1.0
g03613	2	6	2	9	1.5	1.0	1.0	1.0
g04340	2	6	2	9	1.5	1.0	1.0	1.0
g04491	2	6	2	9	1.5	1.0	1.0	1.0
g03811	2	6	2	9	1.5	1.0	1.0	1.0
g03531	2	6	2	9	1.5	1.0	1.0	1.0
g03981	2	6	2	9	1.5	1.0	1.0	1.0
g06804	2	6	2	9	1.5	1.0	1.0	1.0
g04221	2	6	2	9	1.5	1.0	1.0	1.0
g06500	2	6	2	9	1.5	1.0	1.0	1.0
g05649	2	6	2	9	1.5	1.0	1.0	1.0
g06096	2	6	2	9	1.5	1.0	1.0	1.0
g06761	2	6	2	9	1.5	1.0	1.0	1.0
g03472	2	6	2	9	1.5	1.0	1.0	1.0
g04555	2	6	2	9	1.5	1.0	1.0	1.0
g03901	2	6	2	9	1.5	1.0	1.0	1.0
g03526	2	6	2	9	1.5	1.0	1.0	1.0
g04319	2	6	2	9	1.5	1.0	1.0	1.0
g05003	2	6	2	9	1.5	1.0	1.0	1.0
g07897	2	6	2	9	1.5	1.0	1.0	1.0
g03866	2	6	2	9	1.5	1.0	1.0	1.0
g06657	2	6	2	9	1.5	1.0	1.0	1.0
g04417	2	6	2	9	1.5	1.0	1.0	1.0
g05823	2	6	2	9	1.5	1.0	1.0	1.0
g09099	2	6	2	9	1.5	1.0	1.0	1.0
g07525	2	6	2	9	1.5	1.0	1.0	1.0
g03465	2	6	2	9	1.5	1.0	1.0	1.0
g03953	2	6	2	9	1.5	1.0	1.0	1.0
g07120	2	6	2	9	1.5	1.0	1.0	1.0
g04129	2	6	2	9	1.5	1.0	1.0	1.0
g08742	2	6	2	9	1.5	1.0	1.0	1.0
g04081	2	6	2	9	1.5	1.0	1.0	1.0
g04239	2	6	2	9	1.5	1.0	1.0	1.0
g05130	2	6	2	9	1.5	1.0	1.0	1.0
g06146	2	6	2	9	1.5	1.0	1.0	1.0
g04547	2	6	2	9	1.5	1.0	1.0	1.0
g03697	2	6	2	9	1.5	1.0	1.0	1.0
g05430	2	6	2	9	1.5	1.0	1.0	1.0
g03422	2	6	2	9	1.5	1.0	1.0	1.0
g08368	2	6	2	9	1.5	1.0	1.0	1.0
g04067	2	6	2	9	1.5	1.0	1.0	1.0
g04099	2	6	2	9	1.5	1.0	1.0	1.0
g06299	2	6	2	9	1.5	1.0	1.0	1.0
g04510	2	6	2	9	1.5	1.0	1.0	1.0
g09153	2	6	2	9	1.5	1.0	1.0	1.0
g06938	2	6	2	9	1.5	1.0	1.0	1.0
g04366	2	6	2	9	1.5	1.0	1.0	1.0
g03834	2	6	2	9	1.5	1.0	1.0	1.0
g04187	2	6	2	9	1.5	1.0	1.0	1.0
g07643	2	6	2	9	1.5	1.0	1.0	1.0
g03637	2	6	2	9	1.5	1.0	1.0	1.0
g08775	2	6	2	9	1.5	1.0	1.0	1.0
g04493	2	6	2	9	1.5	1.0	1.0	1.0
g04118	2	6	2	9	1.5	1.0	1.0	1.0
g07207	2	6	2	9	1.5	1.0	1.0	1.0
g06095	2	6	2	9	1.5	1.0	1.0	1.0
g05752	2	6	2	9	1.5	1.0	1.0	1.0
g04094	2	6	2	9	1.5	1.0	1.0	1.0
g06796	2	6	2	9	1.5	1.0	1.0	1.0
g04321	2	6	2	9	1.5	1.0	1.0	1.0
g04830	2	6	2	9	1.5	1.0	1.0	1.0
g04844	2	6	2	9	1.5	1.0	1.0	1.0
g04560	2	6	2	9	1.5	1.0	1.0	1.0
g08960	2	6	2	9	1.5	1.0	1.0	1.0
g04138	2	6	2	9	1.5	1.0	1.0	1.0
g04130	2	6	2	9	1.5	1.0	1.0	1.0
g03835	2	6	2	9	1.5	1.0	1.0	1.0
g06065	2	6	2	9	1.5	1.0	1.0	1.0
g05339	2	6	2	9	1.5	1.0	1.0	1.0
g04180	2	6	2	9	1.5	1.0	1.0	1.0
g07268	2	6	2	9	1.5	1.0	1.0	1.0
g09269	2	6	2	9	1.5	1.0	1.0	1.0
g04160	2	6	2	9	1.5	1.0	1.0	1.0
g07486	2	6	2	9	1.5	1.0	1.0	1.0
g04379	2	6	2	9	1.5	1.0	1.0	1.0
g03867	2	6	2	9	1.5	1.0	1.0	1.0
g03553	2	6	2	9	1.5	1.0	1.0	1.0
g03759	2	6	2	9	1.5	1.0	1.0	1.0
g07661	2	6	2	9	1.5	1.0	1.0	1.0
g03977	2	6	2	9	1.5	1.0	1.0	1.0
g04281	2	6	2	9	1.5	1.0	1.0	1.0
g04150	2	6	2	9	1.5	1.0	1.0	1.0
g04880	2	6	2	9	1.5	1.0	1.0	1.0
g03605	2	6	2	9	1.5	1.0	1.0	1.0
g03548	2	6	2	9	1.5	1.0	1.0	1.0
g03443	2	6	2	9	1.5	1.0	1.0	1.0
g03398	2	6	2	9	1.5	1.0	1.0	1.0
g04102	2	6	2	9	1.5	1.0	1.0	1.0
g06966	1	7	2	9	0.6428571428571429	1.0	1.0	1.0
g04769	1	7	2	9	0.6428571428571429	1.0	1.0	1.0
g06950	1	7	2	9	0.6428571428571429	1.0	1.0	1.0
g06767	1	7	2	9	0.6428571428571429	1.0	1.0	1.0
g05474	1	7	2	9	0.6428571428571429	1.0	1.0	1.0
g06557	1	7	2	9	0.6428571428571429	1.0	1.0	1.0
g07595	1	7	2	9	0.6428571428571429	1.0	1.0	1.0
g05889	1	7	2	9	0.6428571428571429	1.0	1.0	1.0
g05281	1	7	2	9	0.6428571428571429	1.0	1.0	1.0
g05453	1	7	2	9	0.6428571428571429	1.0	1.0	1.0
g05317	1	7	2	9	0.6428571428571429	1.0	1.0	1.0
g06734	1	7	2	9	0.6428571428571429	1.0	1.0	1.0
g05822	1	7	2	9	0.6428571428571429	1.0	1.0	1.0
g06685	1	7	2	9	0.6428571428571429	1.0	1.0	1.0
g05710	1	7	2	9	0.6428571428571429	1.0	1.0	1.0
g05343	1	7	2	9	0.6428571428571429	1.0	1.0	1.0
g06649	1	7	2	9	0.6428571428571429	1.0	1.0	1.0
g07163	1	7	2	9	0.6428571428571429	1.0	1.0	1.0
g08926	1	7	2	9	0.6428571428571429	1.0	1.0	1.0
g04170	1	7	2	9	0.6428571428571429	1.0	1.0	1.0
g05259	1	7	2	9	0.6428571428571429	1.0	1.0	1.0
g08771	1	7	2	9	0.6428571428571429	1.0	1.0	1.0
g03966	1	7	2	9	0.6428571428571429	1.0	1.0	1.0
g03947	1	7	2	9	0.6428571428571429	1.0	1.0	1.0
g05000	1	7	2	9	0.6428571428571429	1.0	1.0	1.0
g05612	1	7	2	9	0.6428571428571429	1.0	1.0	1.0
g06255	1	7	2	9	0.6428571428571429	1.0	1.0	1.0
g08395	1	7	2	9	0.6428571428571429	1.0	1.0	1.0
g05445	1	7	2	9	0.6428571428571429	1.0	1.0	1.0
g07607	1	7	2	9	0.6428571428571429	1.0	1.0	1.0
g06298	1	7	2	9	0.6428571428571429	1.0	1.0	1.0
g09543	1	7	2	9	0.6428571428571429	1.0	1.0	1.0
g06665	1	7	2	9	0.6428571428571429	1.0	1.0	1.0
g08640	1	7	2	9	0.6428571428571429	1.0	1.0	1.0
g06749	1	7	2	9	0.6428571428571429	1.0	1.0	1.0
g05659	1	7	2	9	0.6428571428571429	1.0	1.0	1.0
g06844	1	7	2	9	0.6428571428571429	1.0	1.0	1.0
g05153	1	7	2	9	0.6428571428571429	1.0	1.0	1.0
g09123	1	7	2	9	0.6428571428571429	1.0	1.0	1.0
g08677	1	7	2	9	0.6428571428571429	1.0	1.0	1.0
g07157	1	7	2	9	0.6428571428571429	1.0	1.0	1.0
g08758	1	7	2	9	0.6428571428571429	1.0	1.0	1.0
g08061	1	7	2	9	0.6428571428571429	1.0	1.0	1.0
g07427	1	7	2	9	0.6428571428571429	1.0	1.0	1.0
g09327	1	7	2	9	0.6428571428571429	1.0	1.0	1.0
g07401	1	7	2	9	0.6428571428571429	1.0	1.0	1.0
g07261	1	7	2	9	0.6428571428571429	1.0	1.0	1.0
g07115	1	7	2	9	0.6428571428571429	1.0	1.0	1.0
g07041	1	7	2	9	0.6428571428571429	1.0	1.0	1.0
g04927	1	7	2	9	0.6428571428571429	1.0	1.0	1.0
g08357	1	7	2	9	0.6428571428571429	1.0	1.0	1.0
g07803	1	7	2	9	0.6428571428571429	1.0	1.0	1.0
g08500	1	7	2	9	0.6428571428571429	1.0	1.0	1.0
g07246	1	7	2	9	0.6428571428571429	1.0	1.0	1.0
g07705	1	7	2	9	0.6428571428571429	1.0	1.0	1.0
g06074	1	7	2	9	0.6428571428571429	1.0	1.0	1.0
g09335	1	7	2	9	0.6428571428571429	1.0	1.0	1.0
g09491	1	7	2	9	0.6428571428571429	1.0	1.0	1.0
g08887	1	7	2	9	0.6428571428571429	1.0	1.0	1.0
g07703	1	7	2	9	0.6428571428571429	1.0	1.0	1.0
g08313	1	7	2	9	0.6428571428571429	1.0	1.0	1.0
g07869	1	7	2	9	0.6428571428571429	1.0	1.0	1.0
g06310	1	7	2	9	0.6428571428571429	1.0	1.0	1.0
g05549	1	7	2	9	0.6428571428571429	1.0	1.0	1.0
g05380	1	7	2	9	0.6428571428571429	1.0	1.0	1.0
g07696	1	7	2	9	0.6428571428571429	1.0	1.0	1.0
g05228	1	7	2	9	0.6428571428571429	1.0	1.0	1.0
g04040	1	7	2	9	0.6428571428571429	1.0	1.0	1.0
g06168	1	7	2	9	0.6428571428571429	1.0	1.0	1.0
g07801	1	7	2	9	0.6428571428571429	1.0	1.0	1.0
g06972	1	7	2	9	0.6428571428571429	1.0	1.0	1.0
g08274	1	7	2	9	0.6428571428571429	1.0	1.0	1.0
g06259	1	7	2	9	0.6428571428571429	1.0	1.0	1.0
g09171	1	7	2	9	0.6428571428571429	1.0	1.0	1.0
g07629	1	7	2	9	0.6428571428571429	1.0	1.0	1.0
g04949	1	7	2	9	0.6428571428571429	1.0	1.0	1.0
g06447	1	7	2	9	0.6428571428571429	1.0	1.0	1.0
g04641	1	7	2	9	0.6428571428571429	1.0	1.0	1.0
g06433	1	7	2	9	0.6428571428571429	1.0	1.0	1.0
g05533	1	7	2	9	0.6428571428571429	1.0	1.0	1.0
g06160	1	7	2	9	0.6428571428571429	1.0	1.0	1.0
g05464	1	7	2	9	0.6428571428571429	1.0	1.0	1.0
g08429	1	7	2	9	0.6428571428571429	1.0	1.0	1.0
g07257	1	7	2	9	0.6428571428571429	1.0	1.0	1.0
g09462	1	7	2	9	0.6428571428571429	1.0	1.0	1.0
g04476	1	7	2	9	0.6428571428571429	1.0	1.0	1.0
g08381	1	7	2	9	0.6428571428571429	1.0	1.0	1.0
g07192	1	7	2	9	0.6428571428571429	1.0	1.0	1.0
g08521	1	7	2	9	0.6428571428571429	1.0	1.0	1.0
g04690	1	7	2	9	0.6428571428571429	1.0	1.0	1.0
g08871	1	7	2	9	0.6428571428571429	1.0	1.0	1.0
g04583	1	7	2	9	0.6428571428571429	1.0	1.0	1.0
g04536	1	7	2	9	0.6428571428571429	1.0	1.0	1.0
g04526	1	7	2	9	0.6428571428571429	1.0	1.0	1.0
g09090	1	7	2	9	0.6428571428571429	1.0	1.0	1.0
g09261	1	7	2	9	0.6428571428571429	1.0	1.0	1.0
g09179	1	7	2	9	0.6428571428571429	1.0	1.0	1.0
g05188	1	7	2	9	0.6428571428571429	1.0	1.0	1.0
g06952	1	7	2	9	0.6428571428571429	1.0	1.0	1.0
g04639	1	7	2	9	0.6428571428571429	1.0	1.0	1.0
g05595	1	7	2	9	0.6428571428571429	1.0	1.0	1.0
g06717	1	7	2	9	0.6428571428571429	1.0	1.0	1.0
g03906	1	7	2	9	0.6428571428571429	1.0	1.0	1.0
g06811	1	7	2	9	0.6428571428571429	1.0	1.0	1.0
g06439	1	7	2	9	0.6428571428571429	1.0	1.0	1.0
g09532	1	7	2	9	0.6428571428571429	1.0	1.0	1.0
g06389	1	7	2	9	0.6428571428571429	1.0	1.0	1.0
g03948	1	7	2	9	0.6428571428571429	1.0	1.0	1.0
g08231	1	7	2	9	0.6428571428571429	1.0	1.0	1.0
g07099	1	7	2	9	0.6428571428571429	1.0	1.0	1.0
g07521	1	7	2	9	0.6428571428571429	1.0	1.0	1.0
g09098	1	7	2	9	0.6428571428571429	1.0	1.0	1.0
g08129	1	7	2	9	0.6428571428571429	1.0	1.0	1.0
g06128	1	7	2	9	0.6428571428571429	1.0	1.0	1.0
g04742	1	7	2	9	0.6428571428571429	1.0	1.0	1.0
g04715	1	7	2	9	0.6428571428571429	1.0	1.0	1.0
g04891	1	7	2	9	0.6428571428571429	1.0	1.0	1.0
g08441	1	7	2	9	0.6428571428571429	1.0	1.0	1.0
g04017	1	7	2	9	0.6428571428571429	1.0	1.0	1.0
g03788	1	7	2	9	0.6428571428571429	1.0	1.0	1.0
g08115	1	7	2	9	0.6428571428571429	1.0	1.0	1.0
g09189	1	7	2	9	0.6428571428571429	1.0	1.0	1.0
g08109	1	7	2	9	0.6428571428571429	1.0	1.0	1.0
g08190	1	7	2	9	0.6428571428571429	1.0	1.0	1.0
g05804	1	7	2	9	0.6428571428571429	1.0	1.0	1.0
g07483	1	7	2	9	0.6428571428571429	1.0	1.0	1.0
g04434	1	7	2	9	0.6428571428571429	1.0	1.0	1.0
g05745	1	7	2	9	0.6428571428571429	1.0	1.0	1.0
g07991	1	7	2	9	0.6428571428571429	1.0	1.0	1.0
g07848	1	7	2	9	0.6428571428571429	1.0	1.0	1.0
g06973	1	7	2	9	0.6428571428571429	1.0	1.0	1.0
g07858	1	7	2	9	0.6428571428571429	1.0	1.0	1.0
g06013	1	7	2	9	0.6428571428571429	1.0	1.0	1.0
g05933	1	7	2	9	0.6428571428571429	1.0	1.0	1.0
g06104	1	7	2	9	0.6428571428571429	1.0	1.0	1.0
g03961	1	7	2	9	0.6428571428571429	1.0	1.0	1.0
g03837	1	7	2	9	0.6428571428571429	1.0	1.0	1.0
g05561	1	7	2	9	0.6428571428571429	1.0	1.0	1.0
g04168	1	7	2	9	0.6428571428571429	1.0	1.0	1.0
g06110	1	7	2	9	0.6428571428571429	1.0	1.0	1.0
g04257	1	7	2	9	0.6428571428571429	1.0	1.0	1.0
g05460	1	7	2	9	0.6428571428571429	1.0	1.0	1.0
g09548	1	7	2	9	0.6428571428571429	1.0	1.0	1.0
g05708	1	7	2	9	0.6428571428571429	1.0	1.0	1.0
g08959	1	7	2	9	0.6428571428571429	1.0	1.0	1.0
g06201	1	7	2	9	0.6428571428571429	1.0	1.0	1.0
g07279	1	7	2	9	0.6428571428571429	1.0	1.0	1.0
g08199	1	7	2	9	0.6428571428571429	1.0	1.0	1.0
g03754	1	7	2	9	0.6428571428571429	1.0	1.0	1.0
g03877	1	7	2	9	0.6428571428571429	1.0	1.0	1.0
g08317	1	7	2	9	0.6428571428571429	1.0	1.0	1.0
g08911	1	7	2	9	0.6428571428571429	1.0	1.0	1.0
g03751	1	7	2	9	0.6428571428571429	1.0	1.0	1.0
g04500	1	7	2	9	0.6428571428571429	1.0	1.0	1.0
g05042	1	7	2	9	0.6428571428571429	1.0	1.0	1.0
g07688	1	7	2	9	0.6428571428571429	1.0	1.0	1.0
g03458	1	7	2	9	0.6428571428571429	1.0	1.0	1.0
g07161	1	7	2	9	0.6428571428571429	1.0	1.0	1.0
g04888	1	7	2	9	0.6428571428571429	1.0	1.0	1.0
g04292	1	7	2	9	0.6428571428571429	1.0	1.0	1.0
g03387	1	7	2	9	0.6428571428571429	1.0	1.0	1.0
g07269	1	7	2	9	0.6428571428571429	1.0	1.0	1.0
g08502	1	7	2	9	0.6428571428571429	1.0	1.0	1.0
g04103	1	7	2	9	0.6428571428571429	1.0	1.0	1.0
g03838	1	7	2	9	0.6428571428571429	1.0	1.0	1.0
g03432	1	7	2	9	0.6428571428571429	1.0	1.0	1.0
g05819	1	7	2	9	0.6428571428571429	1.0	1.0	1.0
g06719	1	7	2	9	0.6428571428571429	1.0	1.0	1.0
g03964	1	7	2	9	0.6428571428571429	1.0	1.0	1.0
g07669	1	7	2	9	0.6428571428571429	1.0	1.0	1.0
g08214	1	7	2	9	0.6428571428571429	1.0	1.0	1.0
g06251	1	7	2	9	0.6428571428571429	1.0	1.0	1.0
g06366	1	7	2	9	0.6428571428571429	1.0	1.0	1.0
g03405	1	7	2	9	0.6428571428571429	1.0	1.0	1.0
g04230	1	7	2	9	0.6428571428571429	1.0	1.0	1.0
g07029	1	7	2	9	0.6428571428571429	1.0	1.0	1.0
g05092	1	7	2	9	0.6428571428571429	1.0	1.0	1.0
g06678	1	7	2	9	0.6428571428571429	1.0	1.0	1.0
g05571	1	7	2	9	0.6428571428571429	1.0	1.0	1.0
g07233	1	7	2	9	0.6428571428571429	1.0	1.0	1.0
g03690	1	7	2	9	0.6428571428571429	1.0	1.0	1.0
g08624	1	7	1	10	1.4285714285714286	1.0	1.0	1.0
g04727	1	7	1	10	1.4285714285714286	1.0	1.0	1.0
g07648	1	7	1	10	1.4285714285714286	1.0	1.0	1.0
g06683	1	7	1	10	1.4285714285714286	1.0	1.0	1.0
g08408	1	7	1	10	1.4285714285714286	1.0	1.0	1.0
g08216	1	7	1	10	1.4285714285714286	1.0	1.0	1.0
g08550	1	7	1	10	1.4285714285714286	1.0	1.0	1.0
g06832	1	7	1	10	1.4285714285714286	1.0	1.0	1.0
g06850	1	7	1	10	1.4285714285714286	1.0	1.0	1.0
g03730	1	7	1	10	1.4285714285714286	1.0	1.0	1.0
g05523	1	7	1	10	1.4285714285714286	1.0	1.0	1.0
g05778	1	7	1	10	1.4285714285714286	1.0	1.0	1.0
g06419	1	7	1	10	1.4285714285714286	1.0	1.0	1.0
g06661	1	7	1	10	1.4285714285714286	1.0	1.0	1.0
g04887	1	7	1	10	1.4285714285714286	1.0	1.0	1.0
g05190	1	7	1	10	1.4285714285714286	1.0	1.0	1.0
g04986	1	7	1	10	1.4285714285714286	1.0	1.0	1.0
g07887	1	7	1	10	1.4285714285714286	1.0	1.0	1.0
g09395	1	7	1	10	1.4285714285714286	1.0	1.0	1.0
g06977	1	7	1	10	1.4285714285714286	1.0	1.0	1.0
g06314	1	7	1	10	1.4285714285714286	1.0	1.0	1.0
g05331	1	7	1	10	1.4285714285714286	1.0	1.0	1.0
g06207	1	7	1	10	1.4285714285714286	1.0	1.0	1.0
g09290	1	7	1	10	1.4285714285714286	1.0	1.0	1.0
g08017	1	7	1	10	1.4285714285714286	1.0	1.0	1.0
g07198	1	7	1	10	1.4285714285714286	1.0	1.0	1.0
g05321	1	7	1	10	1.4285714285714286	1.0	1.0	1.0
g04455	1	7	1	10	1.4285714285714286	1.0	1.0	1.0
g04289	1	7	1	10	1.4285714285714286	1.0	1.0	1.0
g03755	1	7	1	10	1.4285714285714286	1.0	1.0	1.0
g04382	1	7	1	10	1.4285714285714286	1.0	1.0	1.0
g04191	1	7	1	10	1.4285714285714286	1.0	1.0	1.0
g04216	1	7	1	10	1.4285714285714286	1.0	1.0	1.0
g08721	1	7	1	10	1.4285714285714286	1.0	1.0	1.0
g08374	1	7	1	10	1.4285714285714286	1.0	1.0	1.0
g08322	1	7	1	10	1.4285714285714286	1.0	1.0	1.0
g07972	1	7	1	10	1.4285714285714286	1.0	1.0	1.0
g07541	1	7	1	10	1.4285714285714286	1.0	1.0	1.0
g05361	1	7	1	10	1.4285714285714286	1.0	1.0	1.0
g04861	1	7	1	10	1.4285714285714286	1.0	1.0	1.0
g08731	1	7	1	10	1.4285714285714286	1.0	1.0	1.0
g08045	1	7	1	10	1.4285714285714286	1.0	1.0	1.0
g04273	1	7	1	10	1.4285714285714286	1.0	1.0	1.0
g06826	1	7	1	10	1.4285714285714286	1.0	1.0	1.0
g07399	1	7	1	10	1.4285714285714286	1.0	1.0	1.0
g04908	1	7	1	10	1.4285714285714286	1.0	1.0	1.0
g06699	1	7	1	10	1.4285714285714286	1.0	1.0	1.0
g05350	1	7	1	10	1.4285714285714286	1.0	1.0	1.0
g07316	1	7	1	10	1.4285714285714286	1.0	1.0	1.0
g05284	1	7	1	10	1.4285714285714286	1.0	1.0	1.0
g07626	1	7	1	10	1.4285714285714286	1.0	1.0	1.0
g04636	1	7	1	10	1.4285714285714286	1.0	1.0	1.0
g07675	1	7	1	10	1.4285714285714286	1.0	1.0	1.0
g03956	1	7	1	10	1.4285714285714286	1.0	1.0	1.0
g06706	1	7	1	10	1.4285714285714286	1.0	1.0	1.0
g04618	1	7	1	10	1.4285714285714286	1.0	1.0	1.0
g07653	1	7	1	10	1.4285714285714286	1.0	1.0	1.0
g03748	1	7	1	10	1.4285714285714286	1.0	1.0	1.0
g04245	1	7	1	10	1.4285714285714286	1.0	1.0	1.0
g07718	1	7	1	10	1.4285714285714286	1.0	1.0	1.0
g05772	1	7	1	10	1.4285714285714286	1.0	1.0	1.0
g04005	1	7	1	10	1.4285714285714286	1.0	1.0	1.0
g04725	1	7	1	10	1.4285714285714286	1.0	1.0	1.0
g04342	1	7	1	10	1.4285714285714286	1.0	1.0	1.0
g04038	1	7	1	10	1.4285714285714286	1.0	1.0	1.0
g08399	1	7	1	10	1.4285714285714286	1.0	1.0	1.0
g07491	1	7	1	10	1.4285714285714286	1.0	1.0	1.0
g07786	1	7	1	10	1.4285714285714286	1.0	1.0	1.0
g05223	1	7	1	10	1.4285714285714286	1.0	1.0	1.0
g06743	1	7	1	10	1.4285714285714286	1.0	1.0	1.0
g03872	1	7	1	10	1.4285714285714286	1.0	1.0	1.0
g04149	1	7	1	10	1.4285714285714286	1.0	1.0	1.0
g08668	1	7	1	10	1.4285714285714286	1.0	1.0	1.0
g07339	1	7	1	10	1.4285714285714286	1.0	1.0	1.0
g05009	1	7	1	10	1.4285714285714286	1.0	1.0	1.0
g09450	1	7	1	10	1.4285714285714286	1.0	1.0	1.0
g03916	1	7	1	10	1.4285714285714286	1.0	1.0	1.0
g05141	1	7	1	10	1.4285714285714286	1.0	1.0	1.0
g03923	1	7	1	10	1.4285714285714286	1.0	1.0	1.0
g07529	1	7	1	10	1.4285714285714286	1.0	1.0	1.0
g05414	1	7	1	10	1.4285714285714286	1.0	1.0	1.0
g04345	1	7	1	10	1.4285714285714286	1.0	1.0	1.0
g04155	1	7	1	10	1.4285714285714286	1.0	1.0	1.0
g04154	1	7	1	10	1.4285714285714286	1.0	1.0	1.0
g07810	1	7	1	10	1.4285714285714286	1.0	1.0	1.0
g03942	1	7	1	10	1.4285714285714286	1.0	1.0	1.0
g07424	1	7	1	10	1.4285714285714286	1.0	1.0	1.0
g06604	1	7	1	10	1.4285714285714286	1.0	1.0	1.0
g08722	1	7	1	10	1.4285714285714286	1.0	1.0	1.0
g08819	1	7	1	10	1.4285714285714286	1.0	1.0	1.0
g04471	1	7	1	10	1.4285714285714286	1.0	1.0	1.0
g08834	1	7	1	10	1.4285714285714286	1.0	1.0	1.0
g05673	1	7	1	10	1.4285714285714286	1.0	1.0	1.0
g04196	1	7	1	10	1.4285714285714286	1.0	1.0	1.0
g03817	1	7	1	10	1.4285714285714286	1.0	1.0	1.0
g04007	1	7	1	10	1.4285714285714286	1.0	1.0	1.0
g05165	1	7	1	10	1.4285714285714286	1.0	1.0	1.0
g04875	1	7	1	10	1.4285714285714286	1.0	1.0	1.0
g03434	1	7	1	10	1.4285714285714286	1.0	1.0	1.0
g07156	1	7	1	10	1.4285714285714286	1.0	1.0	1.0
g04041	1	7	1	10	1.4285714285714286	1.0	1.0	1.0
g04314	1	7	1	10	1.4285714285714286	1.0	1.0	1.0
g09343	1	7	1	10	1.4285714285714286	1.0	1.0	1.0
g07552	1	7	1	10	1.4285714285714286	1.0	1.0	1.0
g04010	1	7	1	10	1.4285714285714286	1.0	1.0	1.0
g06570	1	7	1	10	1.4285714285714286	1.0	1.0	1.0
g08969	1	7	1	10	1.4285714285714286	1.0	1.0	1.0
g07637	1	7	1	10	1.4285714285714286	1.0	1.0	1.0
g04202	1	7	1	10	1.4285714285714286	1.0	1.0	1.0
g09240	1	7	1	10	1.4285714285714286	1.0	1.0	1.0
g03800	1	7	1	10	1.4285714285714286	1.0	1.0	1.0
g09172	1	7	1	10	1.4285714285714286	1.0	1.0	1.0
g04453	1	7	1	10	1.4285714285714286	1.0	1.0	1.0
g04798	1	7	1	10	1.4285714285714286	1.0	1.0	1.0
g04169	1	7	1	10	1.4285714285714286	1.0	1.0	1.0
g03897	1	7	1	10	1.4285714285714286	1.0	1.0	1.0
g08975	0	8	1	10	0.0	1.0	1.0	1.0
g06066	0	8	1	10	0.0	1.0	1.0	1.0
g05093	0	8	1	10	0.0	1.0	1.0	1.0
g09079	0	8	1	10	0.0	1.0	1.0	1.0
g06158	0	8	1	10	0.0	1.0	1.0	1.0
g05241	0	8	1	10	0.0	1.0	1.0	1.0
g07131	0	8	1	10	0.0	1.0	1.0	1.0
g08883	0	8	1	10	0.0	1.0	1.0	1.0
g05534	0	8	1	10	0.0	1.0	1.0	1.0
g07405	0	8	1	10	0.0	1.0	1.0	1.0
g07463	0	8	1	10	0.0	1.0	1.0	1.0
g09500	0	8	1	10	0.0	1.0	1.0	1.0
g06254	0	8	1	10	0.0	1.0	1.0	1.0
g08986	0	8	1	10	0.0	1.0	1.0	1.0
g05397	0	8	1	10	0.0	1.0	1.0	1.0
g05029	0	8	1	10	0.0	1.0	1.0	1.0
g08726	0	8	1	10	0.0	1.0	1.0	1.0
g07717	0	8	1	10	0.0	1.0	1.0	1.0
g07333	0	8	1	10	0.0	1.0	1.0	1.0
g08142	0	8	1	10	0.0	1.0	1.0	1.0
g05577	0	8	1	10	0.0	1.0	1.0	1.0
g08174	0	8	1	10	0.0	1.0	1.0	1.0
g09158	0	8	1	10	0.0	1.0	1.0	1.0
g08915	0	8	1	10	0.0	1.0	1.0	1.0
g08567	0	8	1	10	0.0	1.0	1.0	1.0
g07806	0	8	1	10	0.0	1.0	1.0	1.0
g08698	0	8	1	10	0.0	1.0	1.0	1.0
g06502	0	8	1	10	0.0	1.0	1.0	1.0
g08576	0	8	1	10	0.0	1.0	1.0	1.0
g04896	0	8	1	10	0.0	1.0	1.0	1.0
g08315	0	8	1	10	0.0	1.0	1.0	1.0
g05118	0	8	1	10	0.0	1.0	1.0	1.0
g07123	0	8	1	10	0.0	1.0	1.0	1.0
g08155	0	8	1	10	0.0	1.0	1.0	1.0
g07337	0	8	1	10	0.0	1.0	1.0	1.0
g07647	0	8	1	10	0.0	1.0	1.0	1.0
g08136	0	8	1	10	0.0	1.0	1.0	1.0
g09273	0	8	1	10	0.0	1.0	1.0	1.0
g06608	0	8	1	10	0.0	1.0	1.0	1.0
g04684	0	8	1	10	0.0	1.0	1.0	1.0
g06202	0	8	1	10	0.0	1.0	1.0	1.0
g09459	0	8	1	10	0.0	1.0	1.0	1.0
g08892	0	8	1	10	0.0	1.0	1.0	1.0
g05105	0	8	1	10	0.0	1.0	1.0	1.0
g08736	0	8	1	10	0.0	1.0	1.0	1.0
g04957	0	8	1	10	0.0	1.0	1.0	1.0
g09525	0	8	1	10	0.0	1.0	1.0	1.0
g06102	0	8	1	10	0.0	1.0	1.0	1.0
g07103	0	8	1	10	0.0	1.0	1.0	1.0
g07547	0	8	1	10	0.0	1.0	1.0	1.0
g06365	0	8	1	10	0.0	1.0	1.0	1.0
g07894	0	8	1	10	0.0	1.0	1.0	1.0
g06901	0	8	1	10	0.0	1.0	1.0	1.0
g07777	0	8	1	10	0.0	1.0	1.0	1.0
g08787	0	8	1	10	0.0	1.0	1.0	1.0
g04783	0	8	1	10	0.0	1.0	1.0	1.0
g08684	0	8	1	10	0.0	1.0	1.0	1.0
g06740	0	8	1	10	0.0	1.0	1.0	1.0
g08554	0	8	1	10	0.0	1.0	1.0	1.0
g07573	0	8	1	10	0.0	1.0	1.0	1.0
g05550	0	8	1	10	0.0	1.0	1.0	1.0
g04812	0	8	1	10	0.0	1.0	1.0	1.0
g07370	0	8	1	10	0.0	1.0	1.0	1.0
g04906	0	8	1	10	0.0	1.0	1.0	1.0
g09411	0	8	1	10	0.0	1.0	1.0	1.0
g07975	0	8	1	10	0.0	1.0	1.0	1.0
g08924	0	8	1	10	0.0	1.0	1.0	1.0
g06436	0	8	1	10	0.0	1.0	1.0	1.0
g08372	0	8	1	10	0.0	1.0	1.0	1.0
g06779	0	8	1	10	0.0	1.0	1.0	1.0
g05038	0	8	1	10	0.0	1.0	1.0	1.0
g05613	0	8	1	10	0.0	1.0	1.0	1.0
g06216	0	8	1	10	0.0	1.0	1.0	1.0
g07396	0	8	1	10	0.0	1.0	1.0	1.0
g05878	0	8	1	10	0.0	1.0	1.0	1.0
g07265	0	8	1	10	0.0	1.0	1.0	1.0
g06688	0	8	1	10	0.0	1.0	1.0	1.0
g05032	0	8	1	10	0.0	1.0	1.0	1.0
g05155	0	8	1	10	0.0	1.0	1.0	1.0
g06078	0	8	1	10	0.0	1.0	1.0	1.0
g07632	0	8	1	10	0.0	1.0	1.0	1.0
g07973	0	8	1	10	0.0	1.0	1.0	1.0
g05501	0	8	1	10	0.0	1.0	1.0	1.0
g04876	0	8	1	10	0.0	1.0	1.0	1.0
g07896	0	8	1	10	0.0	1.0	1.0	1.0
g09393	0	8	1	10	0.0	1.0	1.0	1.0
g07997	0	8	1	10	0.0	1.0	1.0	1.0
g04998	0	8	1	10	0.0	1.0	1.0	1.0
g06282	0	8	1	10	0.0	1.0	1.0	1.0
g07907	0	8	1	10	0.0	1.0	1.0	1.0
g06460	0	8	1	10	0.0	1.0	1.0	1.0
g06849	0	8	1	10	0.0	1.0	1.0	1.0
g06011	0	8	1	10	0.0	1.0	1.0	1.0
g07027	0	8	1	10	0.0	1.0	1.0	1.0
g07936	0	8	1	10	0.0	1.0	1.0	1.0
g08422	0	8	1	10	0.0	1.0	1.0	1.0
g06548	0	8	1	10	0.0	1.0	1.0	1.0
g08643	0	8	1	10	0.0	1.0	1.0	1.0
g05526	0	8	1	10	0.0	1.0	1.0	1.0
g09448	0	8	1	10	0.0	1.0	1.0	1.0
g05553	0	8	1	10	0.0	1.0	1.0	1.0
g08948	0	8	1	10	0.0	1.0	1.0	1.0
g05051	0	8	1	10	0.0	1.0	1.0	1.0
g05054	0	8	1	10	0.0	1.0	1.0	1.0
g07654	0	8	1	10	0.0	1.0	1.0	1.0
g08874	0	8	1	10	0.0	1.0	1.0	1.0
g06853	0	8	1	10	0.0	1.0	1.0	1.0
g05929	0	8	1	10	0.0	1.0	1.0	1.0
g06147	0	8	1	10	0.0	1.0	1.0	1.0
g06813	0	8	1	10	0.0	1.0	1.0	1.0
g08718	0	8	1	10	0.0	1.0	1.0	1.0
g05074	0	8	1	10	0.0	1.0	1.0	1.0
g06526	0	8	1	10	0.0	1.0	1.0	1.0
g07546	0	8	1	10	0.0	1.0	1.0	1.0
g06521	0	8	1	10	0.0	1.0	1.0	1.0
g04892	0	8	1	10	0.0	1.0	1.0	1.0
g07599	0	8	1	10	0.0	1.0	1.0	1.0
g06940	0	8	1	10	0.0	1.0	1.0	1.0
g07304	0	8	1	10	0.0	1.0	1.0	1.0
g05358	0	8	1	10	0.0	1.0	1.0	1.0
g04960	0	8	1	10	0.0	1.0	1.0	1.0
g04854	0	8	1	10	0.0	1.0	1.0	1.0
g08900	0	8	1	10	0.0	1.0	1.0	1.0
g08448	0	8	1	10	0.0	1.0	1.0	1.0
g06980	0	8	1	10	0.0	1.0	1.0	1.0
g07334	0	8	1	10	0.0	1.0	1.0	1.0
g08811	0	8	1	10	0.0	1.0	1.0	1.0
g05911	0	8	1	10	0.0	1.0	1.0	1.0
g06600	0	8	1	10	0.0	1.0	1.0	1.0
g09149	0	8	1	10	0.0	1.0	1.0	1.0
g08419	0	8	1	10	0.0	1.0	1.0	1.0
g08025	0	8	1	10	0.0	1.0	1.0	1.0
g04682	0	8	1	10	0.0	1.0	1.0	1.0
g05832	0	8	1	10	0.0	1.0	1.0	1.0
g05954	0	8	1	10	0.0	1.0	1.0	1.0
g08619	0	8	1	10	0.0	1.0	1.0	1.0
g07770	0	8	1	10	0.0	1.0	1.0	1.0
g08206	0	8	1	10	0.0	1.0	1.0	1.0
g06062	0	8	1	10	0.0	1.0	1.0	1.0
g07085	0	8	1	10	0.0	1.0	1.0	1.0
g05666	0	8	1	10	0.0	1.0	1.0	1.0
g06360	0	8	1	10	0.0	1.0	1.0	1.0
g05036	0	8	1	10	0.0	1.0	1.0	1.0
g04633	0	8	1	10	0.0	1.0	1.0	1.0
g06816	0	8	1	10	0.0	1.0	1.0	1.0
g07600	0	8	1	10	0.0	1.0	1.0	1.0
g05006	0	8	1	10	0.0	1.0	1.0	1.0
g05825	0	8	1	10	0.0	1.0	1.0	1.0
g06292	0	8	1	10	0.0	1.0	1.0	1.0
g05740	0	8	1	10	0.0	1.0	1.0	1.0
g05753	0	8	1	10	0.0	1.0	1.0	1.0
g07862	0	8	1	10	0.0	1.0	1.0	1.0
g08101	0	8	1	10	0.0	1.0	1.0	1.0
g08916	0	8	1	10	0.0	1.0	1.0	1.0
g08043	0	8	1	10	0.0	1.0	1.0	1.0
g07966	0	8	1	10	0.0	1.0	1.0	1.0
g08861	0	8	1	10	0.0	1.0	1.0	1.0
g08517	0	8	1	10	0.0	1.0	1.0	1.0
g07878	0	8	1	10	0.0	1.0	1.0	1.0
g05292	0	8	1	10	0.0	1.0	1.0	1.0
g05788	0	8	1	10	0.0	1.0	1.0	1.0
g06668	0	8	1	10	0.0	1.0	1.0	1.0
g08896	0	8	1	10	0.0	1.0	1.0	1.0
g07089	0	8	1	10	0.0	1.0	1.0	1.0
g05558	0	8	1	10	0.0	1.0	1.0	1.0
g08346	0	8	1	10	0.0	1.0	1.0	1.0
g05663	0	8	1	10	0.0	1.0	1.0	1.0
g09233	0	8	1	10	0.0	1.0	1.0	1.0
g05991	0	8	1	10	0.0	1.0	1.0	1.0
g06443	0	8	1	10	0.0	1.0	1.0	1.0
g08637	0	8	1	10	0.0	1.0	1.0	1.0
g09209	0	8	1	10	0.0	1.0	1.0	1.0
g06194	0	8	1	10	0.0	1.0	1.0	1.0
g09373	0	8	1	10	0.0	1.0	1.0	1.0
g07817	0	8	1	10	0.0	1.0	1.0	1.0
g05097	0	8	1	10	0.0	1.0	1.0	1.0
g08198	0	8	1	10	0.0	1.0	1.0	1.0
g05269	0	8	1	10	0.0	1.0	1.0	1.0
g05405	0	8	1	10	0.0	1.0	1.0	1.0
g08933	0	8	1	10	0.0	1.0	1.0	1.0
g07781	0	8	1	10	0.0	1.0	1.0	1.0
g08362	0	8	1	10	0.0	1.0	1.0	1.0
g05048	0	8	1	10	0.0	1.0	1.0	1.0
g04807	0	8	1	10	0.0	1.0	1.0	1.0
g05207	0	8	1	10	0.0	1.0	1.0	1.0
g06943	0	8	1	10	0.0	1.0	1.0	1.0
g09074	0	8	1	10	0.0	1.0	1.0	1.0
g05466	0	8	1	10	0.0	1.0	1.0	1.0
g05981	0	8	1	10	0.0	1.0	1.0	1.0
g04973	0	8	1	10	0.0	1.0	1.0	1.0
g05476	0	8	1	10	0.0	1.0	1.0	1.0
g07125	0	8	1	10	0.0	1.0	1.0	1.0
g05508	0	8	1	10	0.0	1.0	1.0	1.0
g04980	0	8	1	10	0.0	1.0	1.0	1.0
g06746	0	8	1	10	0.0	1.0	1.0	1.0
g05802	0	8	1	10	0.0	1.0	1.0	1.0
g06742	0	8	1	10	0.0	1.0	1.0	1.0
g05682	0	8	1	10	0.0	1.0	1.0	1.0
g08169	0	8	1	10	0.0	1.0	1.0	1.0
g06584	0	8	1	10	0.0	1.0	1.0	1.0
g06990	0	8	1	10	0.0	1.0	1.0	1.0
g08943	0	8	1	10	0.0	1.0	1.0	1.0
g06741	0	8	1	10	0.0	1.0	1.0	1.0
g05172	0	8	1	10	0.0	1.0	1.0	1.0
g08275	0	8	1	10	0.0	1.0	1.0	1.0
g09555	0	8	1	10	0.0	1.0	1.0	1.0
g06797	0	8	1	10	0.0	1.0	1.0	1.0
g07872	0	8	1	10	0.0	1.0	1.0	1.0
g05846	0	8	1	10	0.0	1.0	1.0	1.0
g06151	0	8	1	10	0.0	1.0	1.0	1.0
g06009	0	8	1	10	0.0	1.0	1.0	1.0
g05803	0	8	1	10	0.0	1.0	1.0	1.0
g05936	0	8	1	10	0.0	1.0	1.0	1.0
g05175	0	8	1	10	0.0	1.0	1.0	1.0
g08151	0	8	1	10	0.0	1.0	1.0	1.0
g08297	0	8	1	10	0.0	1.0	1.0	1.0
g04632	0	8	1	10	0.0	1.0	1.0	1.0
g07367	0	8	1	10	0.0	1.0	1.0	1.0
g07694	0	8	1	10	0.0	1.0	1.0	1.0
g05044	0	8	1	10	0.0	1.0	1.0	1.0
g05994	0	8	1	10	0.0	1.0	1.0	1.0
g06086	0	8	1	10	0.0	1.0	1.0	1.0
g07638	0	8	1	10	0.0	1.0	1.0	1.0
g06486	0	8	1	10	0.0	1.0	1.0	1.0
g06199	0	8	1	10	0.0	1.0	1.0	1.0
g09210	0	8	1	10	0.0	1.0	1.0	1.0
g06708	0	8	1	10	0.0	1.0	1.0	1.0
g06903	0	8	1	10	0.0	1.0	1.0	1.0
g08475	0	8	1	10	0.0	1.0	1.0	1.0
g07561	0	8	1	10	0.0	1.0	1.0	1.0
g08755	0	8	1	10	0.0	1.0	1.0	1.0
g08565	0	8	1	10	0.0	1.0	1.0	1.0
g06133	0	8	1	10	0.0	1.0	1.0	1.0
g07542	0	8	1	10	0.0	1.0	1.0	1.0
g08610	0	8	1	10	0.0	1.0	1.0	1.0
g07735	0	8	1	10	0.0	1.0	1.0	1.0
g08243	0	8	1	10	0.0	1.0	1.0	1.0
g05989	0	8	1	10	0.0	1.0	1.0	1.0
g05695	0	8	1	10	0.0	1.0	1.0	1.0
g08622	0	8	1	10	0.0	1.0	1.0	1.0
g09036	0	8	1	10	0.0	1.0	1.0	1.0
g05435	0	8	1	10	0.0	1.0	1.0	1.0
g06483	0	8	1	10	0.0	1.0	1.0	1.0
g09235	0	8	1	10	0.0	1.0	1.0	1.0
g07769	0	8	1	10	0.0	1.0	1.0	1.0
g04604	0	8	1	10	0.0	1.0	1.0	1.0
g09382	0	8	1	10	0.0	1.0	1.0	1.0
g07146	0	8	1	10	0.0	1.0	1.0	1.0
g09260	0	8	1	10	0.0	1.0	1.0	1.0
g07293	0	8	1	10	0.0	1.0	1.0	1.0
g05046	0	8	1	10	0.0	1.0	1.0	1.0
g08103	0	8	1	10	0.0	1.0	1.0	1.0
g05409	0	8	1	10	0.0	1.0	1.0	1.0
g09319	0	8	1	10	0.0	1.0	1.0	1.0
g08432	0	8	1	10	0.0	1.0	1.0	1.0
g09014	0	8	1	10	0.0	1.0	1.0	1.0
g07033	0	8	1	10	0.0	1.0	1.0	1.0
g08825	0	8	1	10	0.0	1.0	1.0	1.0
g07608	0	8	1	10	0.0	1.0	1.0	1.0
g05717	0	8	1	10	0.0	1.0	1.0	1.0
g08016	0	8	1	10	0.0	1.0	1.0	1.0
g08669	0	8	1	10	0.0	1.0	1.0	1.0
g09333	0	8	1	10	0.0	1.0	1.0	1.0
g07433	0	8	1	10	0.0	1.0	1.0	1.0
g05312	0	8	1	10	0.0	1.0	1.0	1.0
g09502	0	8	1	10	0.0	1.0	1.0	1.0
g06117	0	8	1	10	0.0	1.0	1.0	1.0
g06105	0	8	1	10	0.0	1.0	1.0	1.0
g04871	0	8	1	10	0.0	1.0	1.0	1.0
g07668	0	8	1	10	0.0	1.0	1.0	1.0
g05322	0	8	1	10	0.0	1.0	1.0	1.0
g06997	0	8	1	10	0.0	1.0	1.0	1.0
g05608	0	8	1	10	0.0	1.0	1.0	1.0
g08048	0	8	1	10	0.0	1.0	1.0	1.0
g05690	0	8	1	10	0.0	1.0	1.0	1.0
g08273	0	8	1	10	0.0	1.0	1.0	1.0
g06008	0	8	1	10	0.0	1.0	1.0	1.0
g06209	0	8	1	10	0.0	1.0	1.0	1.0
g05152	0	8	1	10	0.0	1.0	1.0	1.0
g04814	0	8	1	10	0.0	1.0	1.0	1.0
g05091	0	8	1	10	0.0	1.0	1.0	1.0
g04744	0	8	1	10	0.0	1.0	1.0	1.0
g09040	0	8	1	10	0.0	1.0	1.0	1.0
g07940	0	8	1	10	0.0	1.0	1.0	1.0
g08520	0	8	1	10	0.0	1.0	1.0	1.0
g08928	0	8	1	10	0.0	1.0	1.0	1.0
g05979	0	8	1	10	0.0	1.0	1.0	1.0
g07228	0	8	1	10	0.0	1.0	1.0	1.0
g08074	0	8	1	10	0.0	1.0	1.0	1.0
g07308	0	8	1	10	0.0	1.0	1.0	1.0
g08781	0	8	1	10	0.0	1.0	1.0	1.0
g06805	0	8	1	10	0.0	1.0	1.0	1.0
g07560	0	8	1	10	0.0	1.0	1.0	1.0
g07614	0	8	1	10	0.0	1.0	1.0	1.0
g04702	0	8	1	10	0.0	1.0	1.0	1.0
g06302	0	8	1	10	0.0	1.0	1.0	1.0
g09282	0	8	1	10	0.0	1.0	1.0	1.0
g07828	0	8	1	10	0.0	1.0	1.0	1.0
g06016	0	8	1	10	0.0	1.0	1.0	1.0
g08318	0	8	1	10	0.0	1.0	1.0	1.0
g05039	0	8	1	10	0.0	1.0	1.0	1.0
g05104	0	8	1	10	0.0	1.0	1.0	1.0
g06945	0	8	1	10	0.0	1.0	1.0	1.0
g05584	0	8	1	10	0.0	1.0	1.0	1.0
g07545	0	8	1	10	0.0	1.0	1.0	1.0
g05049	0	8	1	10	0.0	1.0	1.0	1.0
g06839	0	8	1	10	0.0	1.0	1.0	1.0
g07553	0	8	1	10	0.0	1.0	1.0	1.0
g09444	0	8	1	10	0.0	1.0	1.0	1.0
g05455	0	8	1	10	0.0	1.0	1.0	1.0
g04778	0	8	1	10	0.0	1.0	1.0	1.0
g05300	0	8	1	10	0.0	1.0	1.0	1.0
g05736	0	8	1	10	0.0	1.0	1.0	1.0
g08211	0	8	1	10	0.0	1.0	1.0	1.0
g08015	0	8	1	10	0.0	1.0	1.0	1.0
g06355	0	8	1	10	0.0	1.0	1.0	1.0
g05660	0	8	1	10	0.0	1.0	1.0	1.0
g08227	0	8	1	10	0.0	1.0	1.0	1.0
g06232	0	8	1	10	0.0	1.0	1.0	1.0
g08162	0	8	1	10	0.0	1.0	1.0	1.0
g08104	0	8	1	10	0.0	1.0	1.0	1.0
g07407	0	8	1	10	0.0	1.0	1.0	1.0
g05461	0	8	1	10	0.0	1.0	1.0	1.0
g06323	0	8	1	10	0.0	1.0	1.0	1.0
g08713	0	8	1	10	0.0	1.0	1.0	1.0
g07815	0	8	1	10	0.0	1.0	1.0	1.0
g05702	0	8	1	10	0.0	1.0	1.0	1.0
g04816	0	8	1	10	0.0	1.0	1.0	1.0
g08455	0	8	1	10	0.0	1.0	1.0	1.0
g05030	0	8	1	10	0.0	1.0	1.0	1.0
g07038	0	8	1	10	0.0	1.0	1.0	1.0
g08379	0	8	1	10	0.0	1.0	1.0	1.0
g05084	0	8	1	10	0.0	1.0	1.0	1.0
g07168	0	8	1	10	0.0	1.0	1.0	1.0
g05265	0	8	1	10	0.0	1.0	1.0	1.0
g04907	0	8	1	10	0.0	1.0	1.0	1.0
g09121	0	8	1	10	0.0	1.0	1.0	1.0
g09035	0	8	1	10	0.0	1.0	1.0	1.0
g08765	0	8	1	10	0.0	1.0	1.0	1.0
g09366	0	8	1	10	0.0	1.0	1.0	1.0
g05916	0	8	1	10	0.0	1.0	1.0	1.0
g08260	0	8	1	10	0.0	1.0	1.0	1.0
g04753	0	8	1	10	0.0	1.0	1.0	1.0
g06215	0	8	1	10	0.0	1.0	1.0	1.0
g07317	0	8	1	10	0.0	1.0	1.0	1.0
g06139	0	8	1	10	0.0	1.0	1.0	1.0
g06334	0	8	1	10	0.0	1.0	1.0	1.0
g06939	0	8	1	10	0.0	1.0	1.0	1.0
g05370	0	8	1	10	0.0	1.0	1.0	1.0
g06652	0	8	1	10	0.0	1.0	1.0	1.0
g06265	0	8	1	10	0.0	1.0	1.0	1.0
g08821	0	8	1	10	0.0	1.0	1.0	1.0
g04773	0	8	1	10	0.0	1.0	1.0	1.0
g07300	0	8	1	10	0.0	1.0	1.0	1.0
g09108	0	8	1	10	0.0	1.0	1.0	1.0
g08558	0	8	1	10	0.0	1.0	1.0	1.0
g06701	0	8	1	10	0.0	1.0	1.0	1.0
g07362	0	8	1	10	0.0	1.0	1.0	1.0
g04879	0	8	1	10	0.0	1.0	1.0	1.0
g04976	0	8	1	10	0.0	1.0	1.0	1.0
g08751	0	8	1	10	0.0	1.0	1.0	1.0
g09316	0	8	1	10	0.0	1.0	1.0	1.0
g06018	0	8	1	10	0.0	1.0	1.0	1.0
g05106	0	8	1	10	0.0	1.0	1.0	1.0
g06821	0	8	1	10	0.0	1.0	1.0	1.0
g05238	0	8	1	10	0.0	1.0	1.0	1.0
g05381	0	8	1	10	0.0	1.0	1.0	1.0
g08657	0	8	1	10	0.0	1.0	1.0	1.0
g07203	0	8	1	10	0.0	1.0	1.0	1.0
g08093	0	8	1	10	0.0	1.0	1.0	1.0
g05782	0	8	1	10	0.0	1.0	1.0	1.0
g06891	0	8	1	10	0.0	1.0	1.0	1.0
g09196	0	8	1	10	0.0	1.0	1.0	1.0
g08729	0	8	1	10	0.0	1.0	1.0	1.0
g07824	0	8	1	10	0.0	1.0	1.0	1.0
g07286	0	8	1	10	0.0	1.0	1.0	1.0
g07645	0	8	1	10	0.0	1.0	1.0	1.0
g08269	0	8	1	10	0.0	1.0	1.0	1.0
g05304	0	8	1	10	0.0	1.0	1.0	1.0
g06671	0	8	1	10	0.0	1.0	1.0	1.0
g09469	0	8	1	10	0.0	1.0	1.0	1.0
g07849	0	8	1	10	0.0	1.0	1.0	1.0
g06413	0	8	1	10	0.0	1.0	1.0	1.0
g05646	0	8	1	10	0.0	1.0	1.0	1.0
g06438	0	8	1	10	0.0	1.0	1.0	1.0
g07032	0	8	1	10	0.0	1.0	1.0	1.0
g07674	0	8	1	10	0.0	1.0	1.0	1.0
g06518	0	8	1	10	0.0	1.0	1.0	1.0
g06218	0	8	1	10	0.0	1.0	1.0	1.0
g06624	0	8	1	10	0.0	1.0	1.0	1.0
g05525	0	8	1	10	0.0	1.0	1.0	1.0
g06854	0	8	1	10	0.0	1.0	1.0	1.0
g09299	0	8	1	10	0.0	1.0	1.0	1.0
g05705	0	8	1	10	0.0	1.0	1.0	1.0
g04991	0	8	1	10	0.0	1.0	1.0	1.0
g08741	0	8	1	10	0.0	1.0	1.0	1.0
g07376	0	8	1	10	0.0	1.0	1.0	1.0
g08868	0	8	1	10	0.0	1.0	1.0	1.0
g05576	0	8	1	10	0.0	1.0	1.0	1.0
g05738	0	8	1	10	0.0	1.0	1.0	1.0
g09089	0	8	1	10	0.0	1.0	1.0	1.0
g04602	0	8	1	10	0.0	1.0	1.0	1.0
g07863	0	8	1	10	0.0	1.0	1.0	1.0
g05880	0	8	1	10	0.0	1.0	1.0	1.0
g07466	0	8	1	10	0.0	1.0	1.0	1.0
g09449	0	8	1	10	0.0	1.0	1.0	1.0
g06866	0	8	1	10	0.0	1.0	1.0	1.0
g04840	0	8	1	10	0.0	1.0	1.0	1.0
g06547	0	8	1	10	0.0	1.0	1.0	1.0
g04805	0	8	1	10	0.0	1.0	1.0	1.0
g08608	0	8	1	10	0.0	1.0	1.0	1.0
g04995	0	8	1	10	0.0	1.0	1.0	1.0
g06277	0	8	1	10	0.0	1.0	1.0	1.0
g07462	0	8	1	10	0.0	1.0	1.0	1.0
g06550	0	8	1	10	0.0	1.0	1.0	1.0
g08176	0	8	1	10	0.0	1.0	1.0	1.0
g07420	0	8	1	10	0.0	1.0	1.0	1.0
g06080	0	8	1	10	0.0	1.0	1.0	1.0
g06452	0	8	1	10	0.0	1.0	1.0	1.0
g04954	0	8	1	10	0.0	1.0	1.0	1.0
g08703	0	8	1	10	0.0	1.0	1.0	1.0
g08283	0	8	1	10	0.0	1.0	1.0	1.0
g08978	0	8	1	10	0.0	1.0	1.0	1.0
g08265	0	8	1	10	0.0	1.0	1.0	1.0
g06792	0	8	1	10	0.0	1.0	1.0	1.0
g05390	0	8	1	10	0.0	1.0	1.0	1.0
g04719	0	8	1	10	0.0	1.0	1.0	1.0
g07822	0	8	1	10	0.0	1.0	1.0	1.0
g05115	0	8	1	10	0.0	1.0	1.0	1.0
g05002	0	8	1	10	0.0	1.0	1.0	1.0
g07240	0	8	1	10	0.0	1.0	1.0	1.0
g08649	0	8	1	10	0.0	1.0	1.0	1.0
g06494	0	8	1	10	0.0	1.0	1.0	1.0
g05924	0	8	1	10	0.0	1.0	1.0	1.0
g07322	0	8	1	10	0.0	1.0	1.0	1.0
g05510	0	8	1	10	0.0	1.0	1.0	1.0
g06138	0	8	1	10	0.0	1.0	1.0	1.0
g08631	0	8	1	10	0.0	1.0	1.0	1.0
g07957	0	8	1	10	0.0	1.0	1.0	1.0
g06670	0	8	1	10	0.0	1.0	1.0	1.0
g05509	0	8	1	10	0.0	1.0	1.0	1.0
g08596	0	8	1	10	0.0	1.0	1.0	1.0
g09477	0	8	1	10	0.0	1.0	1.0	1.0
g06924	0	8	1	10	0.0	1.0	1.0	1.0
g05865	0	8	1	10	0.0	1.0	1.0	1.0
g08339	0	8	1	10	0.0	1.0	1.0	1.0
g08464	0	8	1	10	0.0	1.0	1.0	1.0
g05101	0	8	1	10	0.0	1.0	1.0	1.0
g08305	0	8	1	10	0.0	1.0	1.0	1.0
g07307	0	8	1	10	0.0	1.0	1.0	1.0
g05857	0	8	1	10	0.0	1.0	1.0	1.0
g06025	0	8	1	10	0.0	1.0	1.0	1.0
g06638	0	8	1	10	0.0	1.0	1.0	1.0
g04668	0	8	1	10	0.0	1.0	1.0	1.0
g06341	0	8	1	10	0.0	1.0	1.0	1.0
g07227	0	8	1	10	0.0	1.0	1.0	1.0
g05573	0	8	1	10	0.0	1.0	1.0	1.0
g08028	0	8	1	10	0.0	1.0	1.0	1.0
g07591	0	8	1	10	0.0	1.0	1.0	1.0
g09009	0	8	1	10	0.0	1.0	1.0	1.0
g09355	0	8	1	10	0.0	1.0	1.0	1.0
g04643	0	8	1	10	0.0	1.0	1.0	1.0
g06984	0	8	1	10	0.0	1.0	1.0	1.0
g05942	0	8	1	10	0.0	1.0	1.0	1.0
g06037	0	8	1	10	0.0	1.0	1.0	1.0
g09166	0	8	1	10	0.0	1.0	1.0	1.0
g07842	0	8	1	10	0.0	1.0	1.0	1.0
g06087	0	8	1	10	0.0	1.0	1.0	1.0
g05493	0	8	1	10	0.0	1.0	1.0	1.0
g06982	0	8	1	10	0.0	1.0	1.0	1.0
g07565	0	8	1	10	0.0	1.0	1.0	1.0
g06631	0	8	1	10	0.0	1.0	1.0	1.0
g05528	0	8	1	10	0.0	1.0	1.0	1.0
g09025	0	8	1	10	0.0	1.0	1.0	1.0
g07494	0	8	1	10	0.0	1.0	1.0	1.0
g07799	0	8	1	10	0.0	1.0	1.0	1.0
g06376	0	8	1	10	0.0	1.0	1.0	1.0
g05677	0	8	1	10	0.0	1.0	1.0	1.0
g05519	0	8	1	10	0.0	1.0	1.0	1.0
g06400	0	8	1	10	0.0	1.0	1.0	1.0
g05852	0	8	1	10	0.0	1.0	1.0	1.0
g05542	0	8	1	10	0.0	1.0	1.0	1.0
g06164	0	8	1	10	0.0	1.0	1.0	1.0
g06837	0	8	1	10	0.0	1.0	1.0	1.0
g08540	0	8	1	10	0.0	1.0	1.0	1.0
g07859	0	8	1	10	0.0	1.0	1.0	1.0
g08004	0	8	1	10	0.0	1.0	1.0	1.0
g05637	0	8	1	10	0.0	1.0	1.0	1.0
g08233	0	8	1	10	0.0	1.0	1.0	1.0
g05481	0	8	1	10	0.0	1.0	1.0	1.0
g05974	0	8	1	10	0.0	1.0	1.0	1.0
g07129	0	8	1	10	0.0	1.0	1.0	1.0
g05540	0	8	1	10	0.0	1.0	1.0	1.0
g07686	0	8	1	10	0.0	1.0	1.0	1.0
g07004	0	8	1	10	0.0	1.0	1.0	1.0
g08112	0	8	1	10	0.0	1.0	1.0	1.0
g06392	0	8	1	10	0.0	1.0	1.0	1.0
g08485	0	8	1	10	0.0	1.0	1.0	1.0
g09372	0	8	1	10	0.0	1.0	1.0	1.0
g04901	0	8	1	10	0.0	1.0	1.0	1.0
g08196	0	8	1	10	0.0	1.0	1.0	1.0
g09298	0	8	1	10	0.0	1.0	1.0	1.0
g08605	0	8	1	10	0.0	1.0	1.0	1.0
g08761	0	8	1	10	0.0	1.0	1.0	1.0
g08630	0	8	1	10	0.0	1.0	1.0	1.0
g04904	0	8	1	10	0.0	1.0	1.0	1.0
g06484	0	8	1	10	0.0	1.0	1.0	1.0
g05949	0	8	1	10	0.0	1.0	1.0	1.0
g08289	0	8	1	10	0.0	1.0	1.0	1.0
g06332	0	8	1	10	0.0	1.0	1.0	1.0
g04680	0	8	1	10	0.0	1.0	1.0	1.0
g08042	0	8	1	10	0.0	1.0	1.0	1.0
g05347	0	8	1	10	0.0	1.0	1.0	1.0
g05144	0	8	1	10	0.0	1.0	1.0	1.0
g07613	0	8	1	10	0.0	1.0	1.0	1.0
g09184	0	8	1	10	0.0	1.0	1.0	1.0
g07196	0	8	1	10	0.0	1.0	1.0	1.0
g09440	0	8	1	10	0.0	1.0	1.0	1.0
g06409	0	8	1	10	0.0	1.0	1.0	1.0
g05352	0	8	1	10	0.0	1.0	1.0	1.0
g05250	0	8	1	10	0.0	1.0	1.0	1.0
g08026	0	8	1	10	0.0	1.0	1.0	1.0
g09537	0	8	1	10	0.0	1.0	1.0	1.0
g08507	0	8	1	10	0.0	1.0	1.0	1.0
g06473	0	8	1	10	0.0	1.0	1.0	1.0
g08519	0	8	1	10	0.0	1.0	1.0	1.0
g09155	0	8	1	10	0.0	1.0	1.0	1.0
g05776	0	8	1	10	0.0	1.0	1.0	1.0
g07406	0	8	1	10	0.0	1.0	1.0	1.0
g06186	0	8	1	10	0.0	1.0	1.0	1.0
g07241	0	8	1	10	0.0	1.0	1.0	1.0
g06860	0	8	1	10	0.0	1.0	1.0	1.0
g09485	0	8	1	10	0.0	1.0	1.0	1.0
g08563	0	8	1	10	0.0	1.0	1.0	1.0
g05005	0	8	1	10	0.0	1.0	1.0	1.0
g08512	0	8	1	10	0.0	1.0	1.0	1.0
g05329	0	8	1	10	0.0	1.0	1.0	1.0
g05327	0	8	1	10	0.0	1.0	1.0	1.0
g07325	0	8	1	10	0.0	1.0	1.0	1.0
g04615	0	8	1	10	0.0	1.0	1.0	1.0
g09476	0	8	1	10	0.0	1.0	1.0	1.0
g09350	0	8	1	10	0.0	1.0	1.0	1.0
g05775	0	8	1	10	0.0	1.0	1.0	1.0
g05114	0	8	1	10	0.0	1.0	1.0	1.0
g07011	0	8	1	10	0.0	1.0	1.0	1.0
g08914	0	8	1	10	0.0	1.0	1.0	1.0
g04921	0	8	1	10	0.0	1.0	1.0	1.0
g07243	0	8	1	10	0.0	1.0	1.0	1.0
g08377	0	8	1	10	0.0	1.0	1.0	1.0
g08389	0	8	1	10	0.0	1.0	1.0	1.0
g08423	0	8	1	10	0.0	1.0	1.0	1.0
g07794	0	8	1	10	0.0	1.0	1.0	1.0
g07324	0	8	1	10	0.0	1.0	1.0	1.0
g06504	0	8	1	10	0.0	1.0	1.0	1.0
g07895	0	8	1	10	0.0	1.0	1.0	1.0
g04882	0	8	1	10	0.0	1.0	1.0	1.0
g05303	0	8	1	10	0.0	1.0	1.0	1.0
g08076	0	8	1	10	0.0	1.0	1.0	1.0
g08790	0	8	1	10	0.0	1.0	1.0	1.0
g08428	0	8	1	10	0.0	1.0	1.0	1.0
g07283	0	8	1	10	0.0	1.0	1.0	1.0
g05041	0	8	1	10	0.0	1.0	1.0	1.0
g07215	0	8	1	10	0.0	1.0	1.0	1.0
g05886	0	8	1	10	0.0	1.0	1.0	1.0
g05436	0	8	1	10	0.0	1.0	1.0	1.0
g07009	0	8	1	10	0.0	1.0	1.0	1.0
g07457	0	8	1	10	0.0	1.0	1.0	1.0
g05286	0	8	1	10	0.0	1.0	1.0	1.0
g06904	0	8	1	10	0.0	1.0	1.0	1.0
g06709	0	8	1	10	0.0	1.0	1.0	1.0
g09227	0	8	1	10	0.0	1.0	1.0	1.0
g05642	0	8	1	10	0.0	1.0	1.0	1.0
g05176	0	8	1	10	0.0	1.0	1.0	1.0
g04793	0	8	1	10	0.0	1.0	1.0	1.0
g05811	0	8	1	10	0.0	1.0	1.0	1.0
g08070	0	8	1	10	0.0	1.0	1.0	1.0
g08369	0	8	1	10	0.0	1.0	1.0	1.0
g06269	0	8	1	10	0.0	1.0	1.0	1.0
g05367	0	8	1	10	0.0	1.0	1.0	1.0
g08992	0	8	1	10	0.0	1.0	1.0	1.0
g09137	0	8	1	10	0.0	1.0	1.0	1.0
g07766	0	8	1	10	0.0	1.0	1.0	1.0
g06336	0	8	1	10	0.0	1.0	1.0	1.0
g08516	0	8	1	10	0.0	1.0	1.0	1.0
g07879	0	8	1	10	0.0	1.0	1.0	1.0
g08962	0	8	1	10	0.0	1.0	1.0	1.0
g06177	0	8	1	10	0.0	1.0	1.0	1.0
g06286	0	8	1	10	0.0	1.0	1.0	1.0
g05684	0	8	1	10	0.0	1.0	1.0	1.0
g06017	0	8	1	10	0.0	1.0	1.0	1.0
g07809	0	8	1	10	0.0	1.0	1.0	1.0
g09007	0	8	1	10	0.0	1.0	1.0	1.0
g05651	0	8	1	10	0.0	1.0	1.0	1.0
g09241	0	8	1	10	0.0	1.0	1.0	1.0
g05548	0	8	1	10	0.0	1.0	1.0	1.0
g07267	0	8	1	10	0.0	1.0	1.0	1.0
g07709	0	8	1	10	0.0	1.0	1.0	1.0
g04695	0	8	1	10	0.0	1.0	1.0	1.0
g07436	0	8	1	10	0.0	1.0	1.0	1.0
g04721	0	8	1	10	0.0	1.0	1.0	1.0
g04722	0	8	1	10	0.0	1.0	1.0	1.0
g08689	0	8	1	10	0.0	1.0	1.0	1.0
g09284	0	8	1	10	0.0	1.0	1.0	1.0
g08364	0	8	1	10	0.0	1.0	1.0	1.0
g05810	0	8	1	10	0.0	1.0	1.0	1.0
g08672	0	8	1	10	0.0	1.0	1.0	1.0
g06877	0	8	1	10	0.0	1.0	1.0	1.0
g08491	0	8	1	10	0.0	1.0	1.0	1.0
g07903	0	8	1	10	0.0	1.0	1.0	1.0
g05109	0	8	1	10	0.0	1.0	1.0	1.0
g09264	0	8	1	10	0.0	1.0	1.0	1.0
g07043	0	8	1	10	0.0	1.0	1.0	1.0
g07492	0	8	1	10	0.0	1.0	1.0	1.0
g07554	0	8	1	10	0.0	1.0	1.0	1.0
g06100	0	8	1	10	0.0	1.0	1.0	1.0
g07783	0	8	1	10	0.0	1.0	1.0	1.0
g04631	0	8	1	10	0.0	1.0	1.0	1.0
g06871	0	8	1	10	0.0	1.0	1.0	1.0
g07028	0	8	1	10	0.0	1.0	1.0	1.0
g07118	0	8	1	10	0.0	1.0	1.0	1.0
g06698	0	8	1	10	0.0	1.0	1.0	1.0
g08200	0	8	1	10	0.0	1.0	1.0	1.0
g05552	0	8	1	10	0.0	1.0	1.0	1.0
g04663	0	8	1	10	0.0	1.0	1.0	1.0
g05883	0	8	1	10	0.0	1.0	1.0	1.0
g06169	0	8	1	10	0.0	1.0	1.0	1.0
g06830	0	8	1	10	0.0	1.0	1.0	1.0
g07870	0	8	1	10	0.0	1.0	1.0	1.0
g07893	0	8	1	10	0.0	1.0	1.0	1.0
g08055	0	8	1	10	0.0	1.0	1.0	1.0
g07949	0	8	1	10	0.0	1.0	1.0	1.0
g04786	0	8	1	10	0.0	1.0	1.0	1.0
g09420	0	8	1	10	0.0	1.0	1.0	1.0
g04716	0	8	1	10	0.0	1.0	1.0	1.0
g05340	0	8	1	10	0.0	1.0	1.0	1.0
g05171	0	8	1	10	0.0	1.0	1.0	1.0
g08623	0	8	1	10	0.0	1.0	1.0	1.0
g06784	0	8	1	10	0.0	1.0	1.0	1.0
g06352	0	8	1	10	0.0	1.0	1.0	1.0
g04696	0	8	1	10	0.0	1.0	1.0	1.0
g05473	0	8	1	10	0.0	1.0	1.0	1.0
g08744	0	8	1	10	0.0	1.0	1.0	1.0
g07955	0	8	1	10	0.0	1.0	1.0	1.0
g06372	0	8	1	10	0.0	1.0	1.0	1.0
g08504	0	8	1	10	0.0	1.0	1.0	1.0
g06897	0	8	1	10	0.0	1.0	1.0	1.0
g05662	0	8	1	10	0.0	1.0	1.0	1.0
g09285	0	8	1	10	0.0	1.0	1.0	1.0
g05471	0	8	1	10	0.0	1.0	1.0	1.0
g05262	0	8	1	10	0.0	1.0	1.0	1.0
g08812	0	8	1	10	0.0	1.0	1.0	1.0
g07189	0	8	1	10	0.0	1.0	1.0	1.0
g06707	0	8	1	10	0.0	1.0	1.0	1.0
g07911	0	8	1	10	0.0	1.0	1.0	1.0
g07474	0	8	1	10	0.0	1.0	1.0	1.0
g04622	0	8	1	10	0.0	1.0	1.0	1.0
g07310	0	8	1	10	0.0	1.0	1.0	1.0
g08616	0	8	1	10	0.0	1.0	1.0	1.0
g05394	0	8	1	10	0.0	1.0	1.0	1.0
g07500	0	8	1	10	0.0	1.0	1.0	1.0
g06319	0	8	1	10	0.0	1.0	1.0	1.0
g09011	0	8	1	10	0.0	1.0	1.0	1.0
g09265	0	8	1	10	0.0	1.0	1.0	1.0
g07885	0	8	1	10	0.0	1.0	1.0	1.0
g09455	0	8	1	10	0.0	1.0	1.0	1.0
g04848	0	8	1	10	0.0	1.0	1.0	1.0
g05907	0	8	1	10	0.0	1.0	1.0	1.0
g08481	0	8	1	10	0.0	1.0	1.0	1.0
g08625	0	8	1	10	0.0	1.0	1.0	1.0
g07852	0	8	1	10	0.0	1.0	1.0	1.0
g09066	0	8	1	10	0.0	1.0	1.0	1.0
g04853	0	8	1	10	0.0	1.0	1.0	1.0
g05921	0	8	1	10	0.0	1.0	1.0	1.0
g07124	0	8	1	10	0.0	1.0	1.0	1.0
g07977	0	8	1	10	0.0	1.0	1.0	1.0
g07274	0	8	1	10	0.0	1.0	1.0	1.0
g04961	0	8	1	10	0.0	1.0	1.0	1.0
g04847	0	8	1	10	0.0	1.0	1.0	1.0
g06983	0	8	1	10	0.0	1.0	1.0	1.0
g07752	0	8	1	10	0.0	1.0	1.0	1.0
g05055	0	8	1	10	0.0	1.0	1.0	1.0
g04776	0	8	1	10	0.0	1.0	1.0	1.0
g06875	0	8	1	10	0.0	1.0	1.0	1.0
g06890	0	8	1	10	0.0	1.0	1.0	1.0
g07996	0	8	1	10	0.0	1.0	1.0	1.0
g04824	0	8	1	10	0.0	1.0	1.0	1.0
g09120	0	8	1	10	0.0	1.0	1.0	1.0
g06053	0	8	1	10	0.0	1.0	1.0	1.0
g04741	0	8	1	10	0.0	1.0	1.0	1.0
g06119	0	8	1	10	0.0	1.0	1.0	1.0
g05479	0	8	1	10	0.0	1.0	1.0	1.0
g05056	0	8	1	10	0.0	1.0	1.0	1.0
g05801	0	8	1	10	0.0	1.0	1.0	1.0
g05913	0	8	1	10	0.0	1.0	1.0	1.0
g05899	0	8	1	10	0.0	1.0	1.0	1.0
g05898	0	8	1	10	0.0	1.0	1.0	1.0
g08862	0	8	1	10	0.0	1.0	1.0	1.0
g09060	0	8	1	10	0.0	1.0	1.0	1.0
g04841	0	8	1	10	0.0	1.0	1.0	1.0
g08909	0	8	1	10	0.0	1.0	1.0	1.0
g08384	0	8	1	10	0.0	1.0	1.0	1.0
g08166	0	8	1	10	0.0	1.0	1.0	1.0
g07886	0	8	1	10	0.0	1.0	1.0	1.0
g06532	0	8	1	10	0.0	1.0	1.0	1.0
g05602	0	8	1	10	0.0	1.0	1.0	1.0
g06911	0	8	1	10	0.0	1.0	1.0	1.0
g08402	0	8	1	10	0.0	1.0	1.0	1.0
g09276	0	8	1	10	0.0	1.0	1.0	1.0
g07357	0	8	1	10	0.0	1.0	1.0	1.0
g09499	0	8	1	10	0.0	1.0	1.0	1.0
g09493	0	8	1	10	0.0	1.0	1.0	1.0
g07071	0	8	1	10	0.0	1.0	1.0	1.0
g07677	0	8	1	10	0.0	1.0	1.0	1.0
g04777	0	8	1	10	0.0	1.0	1.0	1.0
g05399	0	8	1	10	0.0	1.0	1.0	1.0
g08497	0	8	1	10	0.0	1.0	1.0	1.0
g04784	0	8	1	10	0.0	1.0	1.0	1.0
g05555	0	8	1	10	0.0	1.0	1.0	1.0
g04731	0	8	1	10	0.0	1.0	1.0	1.0
g05875	0	8	1	10	0.0	1.0	1.0	1.0
g08229	0	8	1	10	0.0	1.0	1.0	1.0
g08118	0	8	1	10	0.0	1.0	1.0	1.0
g05939	0	8	1	10	0.0	1.0	1.0	1.0
g06224	0	8	1	10	0.0	1.0	1.0	1.0
g07327	0	8	1	10	0.0	1.0	1.0	1.0
g05998	0	8	1	10	0.0	1.0	1.0	1.0
g08370	0	8	1	10	0.0	1.0	1.0	1.0
g06221	0	8	1	10	0.0	1.0	1.0	1.0
g06364	0	8	1	10	0.0	1.0	1.0	1.0
g06564	0	8	1	10	0.0	1.0	1.0	1.0
g06632	0	8	1	10	0.0	1.0	1.0	1.0
g09218	0	8	1	10	0.0	1.0	1.0	1.0
g05395	0	8	1	10	0.0	1.0	1.0	1.0
g09473	0	8	1	10	0.0	1.0	1.0	1.0
g07605	0	8	1	10	0.0	1.0	1.0	1.0
g05901	0	8	1	10	0.0	1.0	1.0	1.0
g06577	0	8	1	10	0.0	1.0	1.0	1.0
g09312	0	8	1	10	0.0	1.0	1.0	1.0
g05079	0	8	1	10	0.0	1.0	1.0	1.0
g08719	0	8	1	10	0.0	1.0	1.0	1.0
g06991	0	8	1	10	0.0	1.0	1.0	1.0
g05634	0	8	1	10	0.0	1.0	1.0	1.0
g05960	0	8	1	10	0.0	1.0	1.0	1.0
g04941	0	8	1	10	0.0	1.0	1.0	1.0
g04910	0	8	1	10	0.0	1.0	1.0	1.0
g05837	0	8	1	10	0.0	1.0	1.0	1.0
g04962	0	8	1	10	0.0	1.0	1.0	1.0
g08580	0	8	1	10	0.0	1.0	1.0	1.0
g08551	0	8	1	10	0.0	1.0	1.0	1.0
g06640	0	8	1	10	0.0	1.0	1.0	1.0
g08985	0	8	1	10	0.0	1.0	1.0	1.0
g06637	0	8	1	10	0.0	1.0	1.0	1.0
g05908	0	8	1	10	0.0	1.0	1.0	1.0
g08543	0	8	1	10	0.0	1.0	1.0	1.0
g06762	0	8	1	10	0.0	1.0	1.0	1.0
g07347	0	8	1	10	0.0	1.0	1.0	1.0
g07182	0	8	1	10	0.0	1.0	1.0	1.0
g07378	0	8	1	10	0.0	1.0	1.0	1.0
g07374	0	8	1	10	0.0	1.0	1.0	1.0
g09514	0	8	1	10	0.0	1.0	1.0	1.0
g05785	0	8	1	10	0.0	1.0	1.0	1.0
g07724	0	8	1	10	0.0	1.0	1.0	1.0
g08818	0	8	1	10	0.0	1.0	1.0	1.0
g08090	0	8	1	10	0.0	1.0	1.0	1.0
g09286	0	8	1	10	0.0	1.0	1.0	1.0
g08880	0	8	1	10	0.0	1.0	1.0	1.0
g07226	0	8	1	10	0.0	1.0	1.0	1.0
g06641	0	8	1	10	0.0	1.0	1.0	1.0
g05697	0	8	1	10	0.0	1.0	1.0	1.0
g05264	0	8	1	10	0.0	1.0	1.0	1.0
g06599	0	8	1	10	0.0	1.0	1.0	1.0
g08566	0	8	1	10	0.0	1.0	1.0	1.0
g07416	0	8	1	10	0.0	1.0	1.0	1.0
g07415	0	8	1	10	0.0	1.0	1.0	1.0
g05813	0	8	1	10	0.0	1.0	1.0	1.0
g07432	0	8	1	10	0.0	1.0	1.0	1.0
g08390	0	8	1	10	0.0	1.0	1.0	1.0
g09116	0	8	1	10	0.0	1.0	1.0	1.0
g07981	0	8	1	10	0.0	1.0	1.0	1.0
g08831	0	8	1	10	0.0	1.0	1.0	1.0
g07077	0	8	1	10	0.0	1.0	1.0	1.0
g05124	0	8	1	10	0.0	1.0	1.0	1.0
g09091	0	8	1	10	0.0	1.0	1.0	1.0
g07234	0	8	1	10	0.0	1.0	1.0	1.0
g08371	0	8	1	10	0.0	1.0	1.0	1.0
g06591	0	8	1	10	0.0	1.0	1.0	1.0
g05840	0	8	1	10	0.0	1.0	1.0	1.0
g07663	0	8	1	10	0.0	1.0	1.0	1.0
g08957	0	8	1	10	0.0	1.0	1.0	1.0
g08537	0	8	1	10	0.0	1.0	1.0	1.0
g07264	0	8	1	10	0.0	1.0	1.0	1.0
g05220	0	8	1	10	0.0	1.0	1.0	1.0
g09427	0	8	1	10	0.0	1.0	1.0	1.0
g07572	0	8	1	10	0.0	1.0	1.0	1.0
g06390	0	8	1	10	0.0	1.0	1.0	1.0
g06422	0	8	1	10	0.0	1.0	1.0	1.0
g06988	0	8	1	10	0.0	1.0	1.0	1.0
g05895	0	8	1	10	0.0	1.0	1.0	1.0
g05750	0	8	1	10	0.0	1.0	1.0	1.0
g06155	0	8	1	10	0.0	1.0	1.0	1.0
g08110	0	8	1	10	0.0	1.0	1.0	1.0
g07413	0	8	1	10	0.0	1.0	1.0	1.0
g04839	0	8	1	10	0.0	1.0	1.0	1.0
g06509	0	8	1	10	0.0	1.0	1.0	1.0
g06375	0	8	1	10	0.0	1.0	1.0	1.0
g09200	0	8	1	10	0.0	1.0	1.0	1.0
g07150	0	8	1	10	0.0	1.0	1.0	1.0
g08351	0	8	1	10	0.0	1.0	1.0	1.0
g07137	0	8	1	10	0.0	1.0	1.0	1.0
g06546	0	8	1	10	0.0	1.0	1.0	1.0
g08290	0	8	1	10	0.0	1.0	1.0	1.0
g09371	0	8	1	10	0.0	1.0	1.0	1.0
g05420	0	8	1	10	0.0	1.0	1.0	1.0
g08949	0	8	1	10	0.0	1.0	1.0	1.0
g06407	0	8	1	10	0.0	1.0	1.0	1.0
g07015	0	8	1	10	0.0	1.0	1.0	1.0
g05203	0	8	1	10	0.0	1.0	1.0	1.0
g07510	0	8	1	10	0.0	1.0	1.0	1.0
g07159	0	8	1	10	0.0	1.0	1.0	1.0
g08617	0	8	1	10	0.0	1.0	1.0	1.0
g09073	0	8	1	10	0.0	1.0	1.0	1.0
g06748	0	8	1	10	0.0	1.0	1.0	1.0
g04677	0	8	1	10	0.0	1.0	1.0	1.0
g06159	0	8	1	10	0.0	1.0	1.0	1.0
g08635	0	8	1	10	0.0	1.0	1.0	1.0
g07509	0	8	1	10	0.0	1.0	1.0	1.0
g06111	0	8	1	10	0.0	1.0	1.0	1.0
g08938	0	8	1	10	0.0	1.0	1.0	1.0
g09058	0	8	1	10	0.0	1.0	1.0	1.0
g07019	0	8	1	10	0.0	1.0	1.0	1.0
g07621	0	8	1	10	0.0	1.0	1.0	1.0
g09039	0	8	1	10	0.0	1.0	1.0	1.0
g09208	0	8	1	10	0.0	1.0	1.0	1.0
g08454	0	8	1	10	0.0	1.0	1.0	1.0
g06998	0	8	1	10	0.0	1.0	1.0	1.0
g05166	0	8	1	10	0.0	1.0	1.0	1.0
g06058	0	8	1	10	0.0	1.0	1.0	1.0
g07387	0	8	1	10	0.0	1.0	1.0	1.0
g05632	0	8	1	10	0.0	1.0	1.0	1.0
g09144	0	8	1	10	0.0	1.0	1.0	1.0
g08210	0	8	1	10	0.0	1.0	1.0	1.0
g07884	0	8	1	10	0.0	1.0	1.0	1.0
g06455	0	8	1	10	0.0	1.0	1.0	1.0
g09334	0	8	1	10	0.0	1.0	1.0	1.0
g06033	0	8	1	10	0.0	1.0	1.0	1.0
g04974	0	8	1	10	0.0	1.0	1.0	1.0
g09152	0	8	1	10	0.0	1.0	1.0	1.0
g04626	0	8	1	10	0.0	1.0	1.0	1.0
g08106	0	8	1	10	0.0	1.0	1.0	1.0
g07451	0	8	1	10	0.0	1.0	1.0	1.0
g06358	0	8	1	10	0.0	1.0	1.0	1.0
g06379	0	8	1	10	0.0	1.0	1.0	1.0
g08443	0	8	1	10	0.0	1.0	1.0	1.0
g05692	0	8	1	10	0.0	1.0	1.0	1.0
g09288	0	8	1	10	0.0	1.0	1.0	1.0
g05535	0	8	1	10	0.0	1.0	1.0	1.0
g07555	0	8	1	10	0.0	1.0	1.0	1.0
g09313	0	8	1	10	0.0	1.0	1.0	1.0
g07132	0	8	1	10	0.0	1.0	1.0	1.0
g08766	0	8	1	10	0.0	1.0	1.0	1.0
g05319	0	8	1	10	0.0	1.0	1.0	1.0
g06905	0	8	1	10	0.0	1.0	1.0	1.0
g05862	0	8	1	10	0.0	1.0	1.0	1.0
g08878	0	8	1	10	0.0	1.0	1.0	1.0
g07262	0	8	1	10	0.0	1.0	1.0	1.0
g05184	0	8	1	10	0.0	1.0	1.0	1.0
g07934	0	8	1	10	0.0	1.0	1.0	1.0
g04978	0	8	1	10	0.0	1.0	1.0	1.0
g09274	0	8	1	10	0.0	1.0	1.0	1.0
g08436	0	8	1	10	0.0	1.0	1.0	1.0
g05072	0	8	1	10	0.0	1.0	1.0	1.0
g05341	0	8	1	10	0.0	1.0	1.0	1.0
g07950	0	8	1	10	0.0	1.0	1.0	1.0
g07557	0	8	1	10	0.0	1.0	1.0	1.0
g08420	0	8	1	10	0.0	1.0	1.0	1.0
g06432	0	8	1	10	0.0	1.0	1.0	1.0
g07633	0	8	1	10	0.0	1.0	1.0	1.0
g07602	0	8	1	10	0.0	1.0	1.0	1.0
g04709	0	8	1	10	0.0	1.0	1.0	1.0
g07586	0	8	1	10	0.0	1.0	1.0	1.0
g06444	0	8	1	10	0.0	1.0	1.0	1.0
g07544	0	8	1	10	0.0	1.0	1.0	1.0
g06970	0	8	1	10	0.0	1.0	1.0	1.0
g06482	0	8	1	10	0.0	1.0	1.0	1.0
g06840	0	8	1	10	0.0	1.0	1.0	1.0
g08940	0	8	1	10	0.0	1.0	1.0	1.0
g09130	0	8	1	10	0.0	1.0	1.0	1.0
g07165	0	8	1	10	0.0	1.0	1.0	1.0
g08852	0	8	1	10	0.0	1.0	1.0	1.0
g08044	0	8	1	10	0.0	1.0	1.0	1.0
g05398	0	8	1	10	0.0	1.0	1.0	1.0
g09332	0	8	1	10	0.0	1.0	1.0	1.0
g05179	0	8	1	10	0.0	1.0	1.0	1.0
g06975	0	8	1	10	0.0	1.0	1.0	1.0
g07187	0	8	1	10	0.0	1.0	1.0	1.0
g06763	0	8	1	10	0.0	1.0	1.0	1.0
g06833	0	8	1	10	0.0	1.0	1.0	1.0
g07609	0	8	1	10	0.0	1.0	1.0	1.0
g07223	0	8	1	10	0.0	1.0	1.0	1.0
g04648	0	8	1	10	0.0	1.0	1.0	1.0
g08107	0	8	1	10	0.0	1.0	1.0	1.0
g07944	0	8	1	10	0.0	1.0	1.0	1.0
g06590	0	8	1	10	0.0	1.0	1.0	1.0
g05616	0	8	1	10	0.0	1.0	1.0	1.0
g04843	0	8	1	10	0.0	1.0	1.0	1.0
g06768	0	8	1	10	0.0	1.0	1.0	1.0
g07001	0	8	1	10	0.0	1.0	1.0	1.0
g04971	0	8	1	10	0.0	1.0	1.0	1.0
g06226	0	8	1	10	0.0	1.0	1.0	1.0
g05579	0	8	1	10	0.0	1.0	1.0	1.0
g08124	0	8	1	10	0.0	1.0	1.0	1.0
g07345	0	8	1	10	0.0	1.0	1.0	1.0
g07524	0	8	1	10	0.0	1.0	1.0	1.0
g08997	0	8	1	10	0.0	1.0	1.0	1.0
g08750	0	8	1	10	0.0	1.0	1.0	1.0
g05210	0	8	1	10	0.0	1.0	1.0	1.0
g08901	0	8	1	10	0.0	1.0	1.0	1.0
g05957	0	8	1	10	0.0	1.0	1.0	1.0
g07819	0	8	1	10	0.0	1.0	1.0	1.0
g07212	0	8	1	10	0.0	1.0	1.0	1.0
g05154	0	8	1	10	0.0	1.0	1.0	1.0
g08263	0	8	1	10	0.0	1.0	1.0	1.0
g09376	0	8	1	10	0.0	1.0	1.0	1.0
g09400	0	8	1	10	0.0	1.0	1.0	1.0
g08979	0	8	1	10	0.0	1.0	1.0	1.0
g05371	0	8	1	10	0.0	1.0	1.0	1.0
g07840	0	8	1	10	0.0	1.0	1.0	1.0
g07778	0	8	1	10	0.0	1.0	1.0	1.0
g04748	0	8	1	10	0.0	1.0	1.0	1.0
g06511	0	8	1	10	0.0	1.0	1.0	1.0
g07527	0	8	1	10	0.0	1.0	1.0	1.0
g05918	0	8	1	10	0.0	1.0	1.0	1.0
g05469	0	8	1	10	0.0	1.0	1.0	1.0
g06430	0	8	1	10	0.0	1.0	1.0	1.0
g09453	0	8	1	10	0.0	1.0	1.0	1.0
g08778	0	8	1	10	0.0	1.0	1.0	1.0
g07536	0	8	1	10	0.0	1.0	1.0	1.0
g08999	0	8	1	10	0.0	1.0	1.0	1.0
g05294	0	8	1	10	0.0	1.0	1.0	1.0
g08323	0	8	1	10	0.0	1.0	1.0	1.0
g07110	0	8	1	10	0.0	1.0	1.0	1.0
g07091	0	8	1	10	0.0	1.0	1.0	1.0
g09348	0	8	1	10	0.0	1.0	1.0	1.0
g06165	0	8	1	10	0.0	1.0	1.0	1.0
g04820	0	8	1	10	0.0	1.0	1.0	1.0
g05703	0	8	1	10	0.0	1.0	1.0	1.0
g05458	0	8	1	10	0.0	1.0	1.0	1.0
g06278	0	8	1	10	0.0	1.0	1.0	1.0
g07873	0	8	1	10	0.0	1.0	1.0	1.0
g06714	0	8	1	10	0.0	1.0	1.0	1.0
g06301	0	8	1	10	0.0	1.0	1.0	1.0
g04902	0	8	1	10	0.0	1.0	1.0	1.0
g05569	0	8	1	10	0.0	1.0	1.0	1.0
g07195	0	8	1	10	0.0	1.0	1.0	1.0
g07725	0	8	1	10	0.0	1.0	1.0	1.0
g05688	0	8	1	10	0.0	1.0	1.0	1.0
g07738	0	8	1	10	0.0	1.0	1.0	1.0
g08813	0	8	1	10	0.0	1.0	1.0	1.0
g08730	0	8	1	10	0.0	1.0	1.0	1.0
g05877	0	8	1	10	0.0	1.0	1.0	1.0
g05211	0	8	1	10	0.0	1.0	1.0	1.0
g07454	0	8	1	10	0.0	1.0	1.0	1.0
g07682	0	8	1	10	0.0	1.0	1.0	1.0
g07373	0	8	1	10	0.0	1.0	1.0	1.0
g05751	0	8	1	10	0.0	1.0	1.0	1.0
g07618	0	8	1	10	0.0	1.0	1.0	1.0
g08927	0	8	1	10	0.0	1.0	1.0	1.0
g06263	0	8	1	10	0.0	1.0	1.0	1.0
g08476	0	8	1	10	0.0	1.0	1.0	1.0
g09536	0	8	1	10	0.0	1.0	1.0	1.0
g05882	0	8	1	10	0.0	1.0	1.0	1.0
g06228	0	8	1	10	0.0	1.0	1.0	1.0
g08646	0	8	1	10	0.0	1.0	1.0	1.0
g07713	0	8	1	10	0.0	1.0	1.0	1.0
g05480	0	8	1	10	0.0	1.0	1.0	1.0
g08192	0	8	1	10	0.0	1.0	1.0	1.0
g04645	0	8	1	10	0.0	1.0	1.0	1.0
g04925	0	8	1	10	0.0	1.0	1.0	1.0
g05077	0	8	1	10	0.0	1.0	1.0	1.0
g06527	0	8	1	10	0.0	1.0	1.0	1.0
g07535	0	8	1	10	0.0	1.0	1.0	1.0
g05191	0	8	1	10	0.0	1.0	1.0	1.0
g05950	0	8	1	10	0.0	1.0	1.0	1.0
g06994	0	8	1	10	0.0	1.0	1.0	1.0
g06576	0	8	1	10	0.0	1.0	1.0	1.0
g05977	0	8	1	10	0.0	1.0	1.0	1.0
g06179	0	8	1	10	0.0	1.0	1.0	1.0
g04898	0	8	1	10	0.0	1.0	1.0	1.0
g08770	0	8	1	10	0.0	1.0	1.0	1.0
g05348	0	8	1	10	0.0	1.0	1.0	1.0
g08976	0	8	1	10	0.0	1.0	1.0	1.0
g06565	0	8	1	10	0.0	1.0	1.0	1.0
g09201	0	8	1	10	0.0	1.0	1.0	1.0
g05937	0	8	1	10	0.0	1.0	1.0	1.0
g05252	0	8	1	10	0.0	1.0	1.0	1.0
g06144	0	8	1	10	0.0	1.0	1.0	1.0
g07249	0	8	1	10	0.0	1.0	1.0	1.0
g09503	0	8	1	10	0.0	1.0	1.0	1.0
g08493	0	8	1	10	0.0	1.0	1.0	1.0
g05161	0	8	1	10	0.0	1.0	1.0	1.0
g08023	0	8	1	10	0.0	1.0	1.0	1.0
g08785	0	8	1	10	0.0	1.0	1.0	1.0
g09027	0	8	1	10	0.0	1.0	1.0	1.0
g08444	0	8	1	10	0.0	1.0	1.0	1.0
g08823	0	8	1	10	0.0	1.0	1.0	1.0
g06915	0	8	1	10	0.0	1.0	1.0	1.0
g04608	0	8	1	10	0.0	1.0	1.0	1.0
g07745	0	8	1	10	0.0	1.0	1.0	1.0
g09541	0	8	1	10	0.0	1.0	1.0	1.0
g06601	0	8	1	10	0.0	1.0	1.0	1.0
g08882	0	8	1	10	0.0	1.0	1.0	1.0
g06932	0	8	1	10	0.0	1.0	1.0	1.0
g06944	0	8	1	10	0.0	1.0	1.0	1.0
g05076	0	8	1	10	0.0	1.0	1.0	1.0
g07040	0	8	1	10	0.0	1.0	1.0	1.0
g06279	0	8	1	10	0.0	1.0	1.0	1.0
g06340	0	8	1	10	0.0	1.0	1.0	1.0
g05098	0	8	1	10	0.0	1.0	1.0	1.0
g06760	0	8	1	10	0.0	1.0	1.0	1.0
g06470	0	8	1	10	0.0	1.0	1.0	1.0
g05125	0	8	1	10	0.0	1.0	1.0	1.0
g04946	0	8	1	10	0.0	1.0	1.0	1.0
g06489	0	8	1	10	0.0	1.0	1.0	1.0
g05132	0	8	1	10	0.0	1.0	1.0	1.0
g06114	0	8	1	10	0.0	1.0	1.0	1.0
g08837	0	8	1	10	0.0	1.0	1.0	1.0
g04939	0	8	1	10	0.0	1.0	1.0	1.0
g05829	0	8	1	10	0.0	1.0	1.0	1.0
g07841	0	8	1	10	0.0	1.0	1.0	1.0
g09496	0	8	1	10	0.0	1.0	1.0	1.0
g09100	0	8	1	10	0.0	1.0	1.0	1.0
g05475	0	8	1	10	0.0	1.0	1.0	1.0
g08340	0	8	1	10	0.0	1.0	1.0	1.0
g05963	0	8	1	10	0.0	1.0	1.0	1.0
g07294	0	8	1	10	0.0	1.0	1.0	1.0
g05546	0	8	1	10	0.0	1.0	1.0	1.0
g06754	0	8	1	10	0.0	1.0	1.0	1.0
g08506	0	8	1	10	0.0	1.0	1.0	1.0
g05661	0	8	1	10	0.0	1.0	1.0	1.0
g06320	0	8	1	10	0.0	1.0	1.0	1.0
g06094	0	8	1	10	0.0	1.0	1.0	1.0
g08149	0	8	1	10	0.0	1.0	1.0	1.0
g08499	0	8	1	10	0.0	1.0	1.0	1.0
g04666	0	8	1	10	0.0	1.0	1.0	1.0
g04804	0	8	1	10	0.0	1.0	1.0	1.0
g07533	0	8	1	10	0.0	1.0	1.0	1.0
g07051	0	8	1	10	0.0	1.0	1.0	1.0
g07341	0	8	1	10	0.0	1.0	1.0	1.0
g06751	0	8	1	10	0.0	1.0	1.0	1.0
g08725	0	8	1	10	0.0	1.0	1.0	1.0
g04825	0	8	1	10	0.0	1.0	1.0	1.0
g08889	0	8	1	10	0.0	1.0	1.0	1.0
g08164	0	8	1	10	0.0	1.0	1.0	1.0
g05324	0	8	1	10	0.0	1.0	1.0	1.0
g09181	0	8	1	10	0.0	1.0	1.0	1.0
g09540	0	8	1	10	0.0	1.0	1.0	1.0
g06478	0	8	1	10	0.0	1.0	1.0	1.0
g09351	0	8	1	10	0.0	1.0	1.0	1.0
g09068	0	8	1	10	0.0	1.0	1.0	1.0
g06586	0	8	1	10	0.0	1.0	1.0	1.0
g05248	0	8	1	10	0.0	1.0	1.0	1.0
g05159	0	8	1	10	0.0	1.0	1.0	1.0
g09115	0	8	1	10	0.0	1.0	1.0	1.0
g09135	0	8	1	10	0.0	1.0	1.0	1.0
g08835	0	8	1	10	0.0	1.0	1.0	1.0
g07517	0	8	1	10	0.0	1.0	1.0	1.0
g07994	0	8	1	10	0.0	1.0	1.0	1.0
g08463	0	8	1	10	0.0	1.0	1.0	1.0
g08326	0	8	1	10	0.0	1.0	1.0	1.0
g08293	0	8	1	10	0.0	1.0	1.0	1.0
g07169	0	8	1	10	0.0	1.0	1.0	1.0
g07326	0	8	1	10	0.0	1.0	1.0	1.0
g09384	0	8	1	10	0.0	1.0	1.0	1.0
g08678	0	8	1	10	0.0	1.0	1.0	1.0
g09019	0	8	1	10	0.0	1.0	1.0	1.0
g04712	0	8	1	10	0.0	1.0	1.0	1.0
g06607	0	8	1	10	0.0	1.0	1.0	1.0
g08968	0	8	1	10	0.0	1.0	1.0	1.0
g06113	0	8	1	10	0.0	1.0	1.0	1.0
g08008	0	8	1	10	0.0	1.0	1.0	1.0
g07088	0	8	1	10	0.0	1.0	1.0	1.0
g09168	0	8	1	10	0.0	1.0	1.0	1.0
g04837	0	8	1	10	0.0	1.0	1.0	1.0
g09268	0	8	1	10	0.0	1.0	1.0	1.0
g06458	0	8	1	10	0.0	1.0	1.0	1.0
g08629	0	8	1	10	0.0	1.0	1.0	1.0
g08407	0	8	1	10	0.0	1.0	1.0	1.0
g05275	0	8	1	10	0.0	1.0	1.0	1.0
g06531	0	8	1	10	0.0	1.0	1.0	1.0
g05630	0	8	1	10	0.0	1.0	1.0	1.0
g08160	0	8	1	10	0.0	1.0	1.0	1.0
g07064	0	8	1	10	0.0	1.0	1.0	1.0
g08544	0	8	1	10	0.0	1.0	1.0	1.0
g06676	0	8	1	10	0.0	1.0	1.0	1.0
g06615	0	8	1	10	0.0	1.0	1.0	1.0
g05012	0	8	1	10	0.0	1.0	1.0	1.0
g05075	0	8	1	10	0.0	1.0	1.0	1.0
g07652	0	8	1	10	0.0	1.0	1.0	1.0
g05133	0	8	1	10	0.0	1.0	1.0	1.0
g08235	0	8	1	10	0.0	1.0	1.0	1.0
g07798	0	8	1	10	0.0	1.0	1.0	1.0
g08306	0	8	1	10	0.0	1.0	1.0	1.0
g06182	0	8	1	10	0.0	1.0	1.0	1.0
g05387	0	8	1	10	0.0	1.0	1.0	1.0
g06493	0	8	1	10	0.0	1.0	1.0	1.0
g04713	0	8	1	10	0.0	1.0	1.0	1.0
g07624	0	8	1	10	0.0	1.0	1.0	1.0
g06467	0	8	1	10	0.0	1.0	1.0	1.0
g06925	0	8	1	10	0.0	1.0	1.0	1.0
g05353	0	8	1	10	0.0	1.0	1.0	1.0
g08254	0	8	1	10	0.0	1.0	1.0	1.0
g04821	0	8	1	10	0.0	1.0	1.0	1.0
g07937	0	8	1	10	0.0	1.0	1.0	1.0
g08634	0	8	1	10	0.0	1.0	1.0	1.0
g05671	0	8	1	10	0.0	1.0	1.0	1.0
g07748	0	8	1	10	0.0	1.0	1.0	1.0
g08213	0	8	1	10	0.0	1.0	1.0	1.0
g06876	0	8	1	10	0.0	1.0	1.0	1.0
g09001	0	8	1	10	0.0	1.0	1.0	1.0
g09225	0	8	1	10	0.0	1.0	1.0	1.0
g05689	0	8	1	10	0.0	1.0	1.0	1.0
g04758	0	8	1	10	0.0	1.0	1.0	1.0
g05568	0	8	1	10	0.0	1.0	1.0	1.0
g08912	0	8	1	10	0.0	1.0	1.0	1.0
g06067	0	8	1	10	0.0	1.0	1.0	1.0
g05110	0	8	1	10	0.0	1.0	1.0	1.0
g08036	0	8	1	10	0.0	1.0	1.0	1.0
g05182	0	8	1	10	0.0	1.0	1.0	1.0
g06691	0	8	1	10	0.0	1.0	1.0	1.0
g05085	0	8	1	10	0.0	1.0	1.0	1.0
g09044	0	8	1	10	0.0	1.0	1.0	1.0
g08022	0	8	1	10	0.0	1.0	1.0	1.0
g09230	0	8	1	10	0.0	1.0	1.0	1.0
g08114	0	8	1	10	0.0	1.0	1.0	1.0
g07946	0	8	1	10	0.0	1.0	1.0	1.0
g06178	0	8	1	10	0.0	1.0	1.0	1.0
g06195	0	8	1	10	0.0	1.0	1.0	1.0
g04915	0	8	1	10	0.0	1.0	1.0	1.0
g05401	0	8	1	10	0.0	1.0	1.0	1.0
g05266	0	8	1	10	0.0	1.0	1.0	1.0
g07204	0	8	1	10	0.0	1.0	1.0	1.0
g06917	0	8	1	10	0.0	1.0	1.0	1.0
g09214	0	8	1	10	0.0	1.0	1.0	1.0
g06956	0	8	1	10	0.0	1.0	1.0	1.0
g04670	0	8	1	10	0.0	1.0	1.0	1.0
g08856	0	8	1	10	0.0	1.0	1.0	1.0
g08867	0	8	1	10	0.0	1.0	1.0	1.0
g07760	0	8	1	10	0.0	1.0	1.0	1.0
g07060	0	8	1	10	0.0	1.0	1.0	1.0
g06072	0	8	1	10	0.0	1.0	1.0	1.0
g07335	0	8	1	10	0.0	1.0	1.0	1.0
g08156	0	8	1	10	0.0	1.0	1.0	1.0
g06953	0	8	1	10	0.0	1.0	1.0	1.0
g05588	0	8	1	10	0.0	1.0	1.0	1.0
g07889	0	8	1	10	0.0	1.0	1.0	1.0
g09430	0	8	1	10	0.0	1.0	1.0	1.0
g09297	0	8	1	10	0.0	1.0	1.0	1.0
g05227	0	8	1	10	0.0	1.0	1.0	1.0
g07296	0	8	1	10	0.0	1.0	1.0	1.0
g09232	0	8	1	10	0.0	1.0	1.0	1.0
g06475	0	8	1	10	0.0	1.0	1.0	1.0
g05438	0	8	1	10	0.0	1.0	1.0	1.0
g08488	0	8	1	10	0.0	1.0	1.0	1.0
g08612	0	8	1	10	0.0	1.0	1.0	1.0
g09193	0	8	1	10	0.0	1.0	1.0	1.0
g07042	0	8	1	10	0.0	1.0	1.0	1.0
g06414	0	8	1	10	0.0	1.0	1.0	1.0
g08249	0	8	1	10	0.0	1.0	1.0	1.0
g08470	0	8	1	10	0.0	1.0	1.0	1.0
g08178	0	8	1	10	0.0	1.0	1.0	1.0
g04707	0	8	1	10	0.0	1.0	1.0	1.0
g08361	0	8	1	10	0.0	1.0	1.0	1.0
g05224	0	8	1	10	0.0	1.0	1.0	1.0
g06288	0	8	1	10	0.0	1.0	1.0	1.0
g09446	0	8	1	10	0.0	1.0	1.0	1.0
g08251	0	8	1	10	0.0	1.0	1.0	1.0
g09534	0	8	1	10	0.0	1.0	1.0	1.0
g07740	0	8	1	10	0.0	1.0	1.0	1.0
g06628	0	8	1	10	0.0	1.0	1.0	1.0
g09292	0	8	1	10	0.0	1.0	1.0	1.0
g07550	0	8	1	10	0.0	1.0	1.0	1.0
g09266	0	8	1	10	0.0	1.0	1.0	1.0
g08113	0	8	1	10	0.0	1.0	1.0	1.0
g05484	0	8	1	10	0.0	1.0	1.0	1.0
g04899	0	8	1	10	0.0	1.0	1.0	1.0
g06043	0	8	1	10	0.0	1.0	1.0	1.0
g08247	0	8	1	10	0.0	1.0	1.0	1.0
g05668	0	8	1	10	0.0	1.0	1.0	1.0
g05392	0	8	1	10	0.0	1.0	1.0	1.0
g04658	0	8	1	10	0.0	1.0	1.0	1.0
g09426	0	8	1	10	0.0	1.0	1.0	1.0
g09188	0	8	1	10	0.0	1.0	1.0	1.0
g06524	0	8	1	10	0.0	1.0	1.0	1.0
g07185	0	8	1	10	0.0	1.0	1.0	1.0
g06769	0	8	1	10	0.0	1.0	1.0	1.0
g07676	0	8	1	10	0.0	1.0	1.0	1.0
g08175	0	8	1	10	0.0	1.0	1.0	1.0
g05622	0	8	1	10	0.0	1.0	1.0	1.0
g06756	0	8	1	10	0.0	1.0	1.0	1.0
g06731	0	8	1	10	0.0	1.0	1.0	1.0
g09429	0	8	1	10	0.0	1.0	1.0	1.0
g07611	0	8	1	10	0.0	1.0	1.0	1.0
g08967	0	8	1	10	0.0	1.0	1.0	1.0
g06636	0	8	1	10	0.0	1.0	1.0	1.0
g07289	0	8	1	10	0.0	1.0	1.0	1.0
g04809	0	8	1	10	0.0	1.0	1.0	1.0
g07210	0	8	1	10	0.0	1.0	1.0	1.0
g05647	0	8	1	10	0.0	1.0	1.0	1.0
g06014	0	8	1	10	0.0	1.0	1.0	1.0
g05087	0	8	1	10	0.0	1.0	1.0	1.0
g07570	0	8	1	10	0.0	1.0	1.0	1.0
g04662	0	8	1	10	0.0	1.0	1.0	1.0
g05196	0	8	1	10	0.0	1.0	1.0	1.0
g06331	0	8	1	10	0.0	1.0	1.0	1.0
g07697	0	8	1	10	0.0	1.0	1.0	1.0
g08009	0	8	1	10	0.0	1.0	1.0	1.0
g07126	0	8	1	10	0.0	1.0	1.0	1.0
g06878	0	8	1	10	0.0	1.0	1.0	1.0
g09038	0	8	1	10	0.0	1.0	1.0	1.0
g07807	0	8	1	10	0.0	1.0	1.0	1.0
g04819	0	8	1	10	0.0	1.0	1.0	1.0
g05068	0	8	1	10	0.0	1.0	1.0	1.0
g04992	0	8	1	10	0.0	1.0	1.0	1.0
g05416	0	8	1	10	0.0	1.0	1.0	1.0
g04787	0	8	1	10	0.0	1.0	1.0	1.0
g04822	0	8	1	10	0.0	1.0	1.0	1.0
g08148	0	8	1	10	0.0	1.0	1.0	1.0
g05229	0	8	1	10	0.0	1.0	1.0	1.0
g05993	0	8	1	10	0.0	1.0	1.0	1.0
g06091	0	8	1	10	0.0	1.0	1.0	1.0
g05301	0	8	1	10	0.0	1.0	1.0	1.0
g08438	0	8	1	10	0.0	1.0	1.0	1.0
g07239	0	8	1	10	0.0	1.0	1.0	1.0
g07543	0	8	1	10	0.0	1.0	1.0	1.0
g08276	0	8	1	10	0.0	1.0	1.0	1.0
g09370	0	8	1	10	0.0	1.0	1.0	1.0
g07519	0	8	1	10	0.0	1.0	1.0	1.0
g05791	0	8	1	10	0.0	1.0	1.0	1.0
g08954	0	8	1	10	0.0	1.0	1.0	1.0
g09138	0	8	1	10	0.0	1.0	1.0	1.0
g07247	0	8	1	10	0.0	1.0	1.0	1.0
g05603	0	8	1	10	0.0	1.0	1.0	1.0
g09030	0	8	1	10	0.0	1.0	1.0	1.0
g05373	0	8	1	10	0.0	1.0	1.0	1.0
g09442	0	8	1	10	0.0	1.0	1.0	1.0
g04845	0	8	1	10	0.0	1.0	1.0	1.0
g08267	0	8	1	10	0.0	1.0	1.0	1.0
g09253	0	8	1	10	0.0	1.0	1.0	1.0
g06673	0	8	1	10	0.0	1.0	1.0	1.0
g06039	0	8	1	10	0.0	1.0	1.0	1.0
g09246	0	8	1	10	0.0	1.0	1.0	1.0
g08409	0	8	1	10	0.0	1.0	1.0	1.0
g07919	0	8	1	10	0.0	1.0	1.0	1.0
g08748	0	8	1	10	0.0	1.0	1.0	1.0
g06929	0	8	1	10	0.0	1.0	1.0	1.0
g06247	0	8	1	10	0.0	1.0	1.0	1.0
g06300	0	8	1	10	0.0	1.0	1.0	1.0
g09465	0	8	1	10	0.0	1.0	1.0	1.0
g07069	0	8	1	10	0.0	1.0	1.0	1.0
g04620	0	8	1	10	0.0	1.0	1.0	1.0
g05716	0	8	1	10	0.0	1.0	1.0	1.0
g05090	0	8	1	10	0.0	1.0	1.0	1.0
g06789	0	8	1	10	0.0	1.0	1.0	1.0
g08809	0	8	1	10	0.0	1.0	1.0	1.0
g08841	0	8	1	10	0.0	1.0	1.0	1.0
g08549	0	8	1	10	0.0	1.0	1.0	1.0
g09046	0	8	1	10	0.0	1.0	1.0	1.0
g06479	0	8	1	10	0.0	1.0	1.0	1.0
g08824	0	8	1	10	0.0	1.0	1.0	1.0
g07171	0	8	1	10	0.0	1.0	1.0	1.0
g08618	0	8	1	10	0.0	1.0	1.0	1.0
g05641	0	8	1	10	0.0	1.0	1.0	1.0
g08347	0	8	1	10	0.0	1.0	1.0	1.0
g05128	0	8	1	10	0.0	1.0	1.0	1.0
g07442	0	8	1	10	0.0	1.0	1.0	1.0
g06285	0	8	1	10	0.0	1.0	1.0	1.0
g05787	0	8	1	10	0.0	1.0	1.0	1.0
g07530	0	8	1	10	0.0	1.0	1.0	1.0
g04597	0	8	1	10	0.0	1.0	1.0	1.0
g05941	0	8	1	10	0.0	1.0	1.0	1.0
g07141	0	8	1	10	0.0	1.0	1.0	1.0
g07854	0	8	1	10	0.0	1.0	1.0	1.0
g08236	0	8	1	10	0.0	1.0	1.0	1.0
g09015	0	8	1	10	0.0	1.0	1.0	1.0
g09535	0	8	1	10	0.0	1.0	1.0	1.0
g08850	0	8	1	10	0.0	1.0	1.0	1.0
g08585	0	8	1	10	0.0	1.0	1.0	1.0
g04968	0	8	1	10	0.0	1.0	1.0	1.0
g06766	0	8	1	10	0.0	1.0	1.0	1.0
g05516	0	8	1	10	0.0	1.0	1.0	1.0
g07857	0	8	1	10	0.0	1.0	1.0	1.0
g08414	0	8	1	10	0.0	1.0	1.0	1.0
g08857	0	8	1	10	0.0	1.0	1.0	1.0
g07999	0	8	1	10	0.0	1.0	1.0	1.0
g08715	0	8	1	10	0.0	1.0	1.0	1.0
g05170	0	8	1	10	0.0	1.0	1.0	1.0
g08461	0	8	1	10	0.0	1.0	1.0	1.0
g05063	0	8	1	10	0.0	1.0	1.0	1.0
g07072	0	8	1	10	0.0	1.0	1.0	1.0
g05086	0	8	1	10	0.0	1.0	1.0	1.0
g04849	0	8	1	10	0.0	1.0	1.0	1.0
g08331	0	8	1	10	0.0	1.0	1.0	1.0
g07673	0	8	1	10	0.0	1.0	1.0	1.0
g08299	0	8	1	10	0.0	1.0	1.0	1.0
g06558	0	8	1	10	0.0	1.0	1.0	1.0
g06150	0	8	1	10	0.0	1.0	1.0	1.0
g04724	0	8	1	10	0.0	1.0	1.0	1.0
g05137	0	8	1	10	0.0	1.0	1.0	1.0
g06777	0	8	1	10	0.0	1.0	1.0	1.0
g09094	0	8	1	10	0.0	1.0	1.0	1.0
g07539	0	8	1	10	0.0	1.0	1.0	1.0
g08181	0	8	1	10	0.0	1.0	1.0	1.0
g07356	0	8	1	10	0.0	1.0	1.0	1.0
g06468	0	8	1	10	0.0	1.0	1.0	1.0
g08348	0	8	1	10	0.0	1.0	1.0	1.0
g05440	0	8	1	10	0.0	1.0	1.0	1.0
g08081	0	8	1	10	0.0	1.0	1.0	1.0
g05565	0	8	1	10	0.0	1.0	1.0	1.0
g07329	0	8	1	10	0.0	1.0	1.0	1.0
g06885	0	8	1	10	0.0	1.0	1.0	1.0
g05425	0	8	1	10	0.0	1.0	1.0	1.0
g07472	0	8	1	10	0.0	1.0	1.0	1.0
g08795	0	8	1	10	0.0	1.0	1.0	1.0
g05830	0	8	1	10	0.0	1.0	1.0	1.0
g05965	0	8	1	10	0.0	1.0	1.0	1.0
g05180	0	8	1	10	0.0	1.0	1.0	1.0
g06296	0	8	1	10	0.0	1.0	1.0	1.0
g07843	0	8	1	10	0.0	1.0	1.0	1.0
g07391	0	8	1	10	0.0	1.0	1.0	1.0
g08935	0	8	1	10	0.0	1.0	1.0	1.0
g05396	0	8	1	10	0.0	1.0	1.0	1.0
g08221	0	8	1	10	0.0	1.0	1.0	1.0
g09105	0	8	1	10	0.0	1.0	1.0	1.0
g07995	0	8	1	10	0.0	1.0	1.0	1.0
g05237	0	8	1	10	0.0	1.0	1.0	1.0
g07183	0	8	1	10	0.0	1.0	1.0	1.0
g06233	0	8	1	10	0.0	1.0	1.0	1.0
g07176	0	8	1	10	0.0	1.0	1.0	1.0
g08779	0	8	1	10	0.0	1.0	1.0	1.0
g09289	0	8	1	10	0.0	1.0	1.0	1.0
g07706	0	8	1	10	0.0	1.0	1.0	1.0
g05377	0	8	1	10	0.0	1.0	1.0	1.0
g08601	0	8	1	10	0.0	1.0	1.0	1.0
g08704	0	8	1	10	0.0	1.0	1.0	1.0
g05147	0	8	1	10	0.0	1.0	1.0	1.0
g06346	0	8	1	10	0.0	1.0	1.0	1.0
g08410	0	8	1	10	0.0	1.0	1.0	1.0
g07808	0	8	1	10	0.0	1.0	1.0	1.0
g08341	0	8	1	10	0.0	1.0	1.0	1.0
g06882	0	8	1	10	0.0	1.0	1.0	1.0
g06879	0	8	1	10	0.0	1.0	1.0	1.0
g08745	0	8	1	10	0.0	1.0	1.0	1.0
g08653	0	8	1	10	0.0	1.0	1.0	1.0
g08413	0	8	1	10	0.0	1.0	1.0	1.0
g06825	0	8	1	10	0.0	1.0	1.0	1.0
g07383	0	8	1	10	0.0	1.0	1.0	1.0
g05064	0	8	1	10	0.0	1.0	1.0	1.0
g06711	0	8	1	10	0.0	1.0	1.0	1.0
g05938	0	8	1	10	0.0	1.0	1.0	1.0
g07644	0	8	1	10	0.0	1.0	1.0	1.0
g05069	0	8	1	10	0.0	1.0	1.0	1.0
g08468	0	8	1	10	0.0	1.0	1.0	1.0
g07523	0	8	1	10	0.0	1.0	1.0	1.0
g06697	0	8	1	10	0.0	1.0	1.0	1.0
g07986	0	8	1	10	0.0	1.0	1.0	1.0
g07260	0	8	1	10	0.0	1.0	1.0	1.0
g09322	0	8	1	10	0.0	1.0	1.0	1.0
g05841	0	8	1	10	0.0	1.0	1.0	1.0
g08676	0	8	1	10	0.0	1.0	1.0	1.0
g08010	0	8	1	10	0.0	1.0	1.0	1.0
g07579	0	8	1	10	0.0	1.0	1.0	1.0
g06187	0	8	1	10	0.0	1.0	1.0	1.0
g05986	0	8	1	10	0.0	1.0	1.0	1.0
g09308	0	8	1	10	0.0	1.0	1.0	1.0
g08884	0	8	1	10	0.0	1.0	1.0	1.0
g04936	0	8	1	10	0.0	1.0	1.0	1.0
g09002	0	8	1	10	0.0	1.0	1.0	1.0
g07590	0	8	1	10	0.0	1.0	1.0	1.0
g06549	0	8	1	10	0.0	1.0	1.0	1.0
g07712	0	8	1	10	0.0	1.0	1.0	1.0
g06583	0	8	1	10	0.0	1.0	1.0	1.0
g06214	0	8	1	10	0.0	1.0	1.0	1.0
g06585	0	8	1	10	0.0	1.0	1.0	1.0
g05724	0	8	1	10	0.0	1.0	1.0	1.0
g07945	0	8	1	10	0.0	1.0	1.0	1.0
g07601	0	8	1	10	0.0	1.0	1.0	1.0
g06316	0	8	1	10	0.0	1.0	1.0	1.0
g06710	0	8	1	10	0.0	1.0	1.0	1.0
g08034	0	8	1	10	0.0	1.0	1.0	1.0
g06246	0	8	1	10	0.0	1.0	1.0	1.0
g08720	0	8	1	10	0.0	1.0	1.0	1.0
g07814	0	8	1	10	0.0	1.0	1.0	1.0
g05990	0	8	1	10	0.0	1.0	1.0	1.0
g04818	0	8	1	10	0.0	1.0	1.0	1.0
g08799	0	8	1	10	0.0	1.0	1.0	1.0
g04799	0	8	1	10	0.0	1.0	1.0	1.0
g04646	0	8	1	10	0.0	1.0	1.0	1.0
g04781	0	8	1	10	0.0	1.0	1.0	1.0
g06684	0	8	1	10	0.0	1.0	1.0	1.0
g08330	0	8	1	10	0.0	1.0	1.0	1.0
g08797	0	8	1	10	0.0	1.0	1.0	1.0
g08691	0	8	1	10	0.0	1.0	1.0	1.0
g07456	0	8	1	10	0.0	1.0	1.0	1.0
g06572	0	8	1	10	0.0	1.0	1.0	1.0
g05335	0	8	1	10	0.0	1.0	1.0	1.0
g05824	0	8	1	10	0.0	1.0	1.0	1.0
g08920	0	8	1	10	0.0	1.0	1.0	1.0
g07655	0	8	1	10	0.0	1.0	1.0	1.0
g06490	0	8	1	10	0.0	1.0	1.0	1.0
g09305	0	8	1	10	0.0	1.0	1.0	1.0
g08073	0	8	1	10	0.0	1.0	1.0	1.0
g08232	0	8	1	10	0.0	1.0	1.0	1.0
g06993	0	8	1	10	0.0	1.0	1.0	1.0
g05422	0	8	1	10	0.0	1.0	1.0	1.0
g05956	0	8	1	10	0.0	1.0	1.0	1.0
g04674	0	8	1	10	0.0	1.0	1.0	1.0
g06874	0	8	1	10	0.0	1.0	1.0	1.0
g08127	0	8	1	10	0.0	1.0	1.0	1.0
g05053	0	8	1	10	0.0	1.0	1.0	1.0
g06308	0	8	1	10	0.0	1.0	1.0	1.0
g05163	0	8	1	10	0.0	1.0	1.0	1.0
g04735	0	8	1	10	0.0	1.0	1.0	1.0
g06630	0	8	1	10	0.0	1.0	1.0	1.0
g09267	0	8	1	10	0.0	1.0	1.0	1.0
g08310	0	8	1	10	0.0	1.0	1.0	1.0
g07358	0	8	1	10	0.0	1.0	1.0	1.0
g07890	0	8	1	10	0.0	1.0	1.0	1.0
g05551	0	8	1	10	0.0	1.0	1.0	1.0
g08586	0	8	1	10	0.0	1.0	1.0	1.0
g09521	0	8	1	10	0.0	1.0	1.0	1.0
g07430	0	8	1	10	0.0	1.0	1.0	1.0
g05195	0	8	1	10	0.0	1.0	1.0	1.0
g06803	0	8	1	10	0.0	1.0	1.0	1.0
g05355	0	8	1	10	0.0	1.0	1.0	1.0
g07812	0	8	1	10	0.0	1.0	1.0	1.0
g08087	0	8	1	10	0.0	1.0	1.0	1.0
g08489	0	8	1	10	0.0	1.0	1.0	1.0
g06283	0	8	1	10	0.0	1.0	1.0	1.0
g07468	0	8	1	10	0.0	1.0	1.0	1.0
g05871	0	8	1	10	0.0	1.0	1.0	1.0
g04932	0	8	1	10	0.0	1.0	1.0	1.0
g09224	0	8	1	10	0.0	1.0	1.0	1.0
g08230	0	8	1	10	0.0	1.0	1.0	1.0
g05872	0	8	1	10	0.0	1.0	1.0	1.0
g07914	0	8	1	10	0.0	1.0	1.0	1.0
g05345	0	8	1	10	0.0	1.0	1.0	1.0
g08647	0	8	1	10	0.0	1.0	1.0	1.0
g08675	0	8	1	10	0.0	1.0	1.0	1.0
g09324	0	8	1	10	0.0	1.0	1.0	1.0
g06522	0	8	1	10	0.0	1.0	1.0	1.0
g05541	0	8	1	10	0.0	1.0	1.0	1.0
g06996	0	8	1	10	0.0	1.0	1.0	1.0
g08133	0	8	1	10	0.0	1.0	1.0	1.0
g06050	0	8	1	10	0.0	1.0	1.0	1.0
g08324	0	8	1	10	0.0	1.0	1.0	1.0
g06362	0	8	1	10	0.0	1.0	1.0	1.0
g05894	0	8	1	10	0.0	1.0	1.0	1.0
g06674	0	8	1	10	0.0	1.0	1.0	1.0
g08814	0	8	1	10	0.0	1.0	1.0	1.0
g05419	0	8	1	10	0.0	1.0	1.0	1.0
g07985	0	8	1	10	0.0	1.0	1.0	1.0
g05952	0	8	1	10	0.0	1.0	1.0	1.0
g04691	0	8	1	10	0.0	1.0	1.0	1.0
g06236	0	8	1	10	0.0	1.0	1.0	1.0
g07982	0	8	1	10	0.0	1.0	1.0	1.0
g06325	0	8	1	10	0.0	1.0	1.0	1.0
g06857	0	8	1	10	0.0	1.0	1.0	1.0
g08248	0	8	1	10	0.0	1.0	1.0	1.0
g08353	0	8	1	10	0.0	1.0	1.0	1.0
g08559	0	8	1	10	0.0	1.0	1.0	1.0
g04785	0	8	1	10	0.0	1.0	1.0	1.0
g04951	0	8	1	10	0.0	1.0	1.0	1.0
g09317	0	8	1	10	0.0	1.0	1.0	1.0
g05793	0	8	1	10	0.0	1.0	1.0	1.0
g03859	0	8	1	10	0.0	1.0	1.0	1.0
g07929	0	8	1	10	0.0	1.0	1.0	1.0
g09103	0	8	1	10	0.0	1.0	1.0	1.0
g03805	0	8	1	10	0.0	1.0	1.0	1.0
g06571	0	8	1	10	0.0	1.0	1.0	1.0
g08012	0	8	1	10	0.0	1.0	1.0	1.0
g08693	0	8	1	10	0.0	1.0	1.0	1.0
g06106	0	8	1	10	0.0	1.0	1.0	1.0
g07439	0	8	1	10	0.0	1.0	1.0	1.0
g07952	0	8	1	10	0.0	1.0	1.0	1.0
g05870	0	8	1	10	0.0	1.0	1.0	1.0
g08568	0	8	1	10	0.0	1.0	1.0	1.0
g04000	0	8	1	10	0.0	1.0	1.0	1.0
g04893	0	8	1	10	0.0	1.0	1.0	1.0
g06935	0	8	1	10	0.0	1.0	1.0	1.0
g08980	0	8	1	10	0.0	1.0	1.0	1.0
g08000	0	8	1	10	0.0	1.0	1.0	1.0
g08740	0	8	1	10	0.0	1.0	1.0	1.0
g07092	0	8	1	10	0.0	1.0	1.0	1.0
g09287	0	8	1	10	0.0	1.0	1.0	1.0
g05326	0	8	1	10	0.0	1.0	1.0	1.0
g09486	0	8	1	10	0.0	1.0	1.0	1.0
g04105	0	8	1	10	0.0	1.0	1.0	1.0
g08057	0	8	1	10	0.0	1.0	1.0	1.0
g07989	0	8	1	10	0.0	1.0	1.0	1.0
g06373	0	8	1	10	0.0	1.0	1.0	1.0
g08798	0	8	1	10	0.0	1.0	1.0	1.0
g07827	0	8	1	10	0.0	1.0	1.0	1.0
g06148	0	8	1	10	0.0	1.0	1.0	1.0
g05413	0	8	1	10	0.0	1.0	1.0	1.0
g09047	0	8	1	10	0.0	1.0	1.0	1.0
g06669	0	8	1	10	0.0	1.0	1.0	1.0
g08394	0	8	1	10	0.0	1.0	1.0	1.0
g03734	0	8	1	10	0.0	1.0	1.0	1.0
g07489	0	8	1	10	0.0	1.0	1.0	1.0
g04124	0	8	1	10	0.0	1.0	1.0	1.0
g08984	0	8	1	10	0.0	1.0	1.0	1.0
g05605	0	8	1	10	0.0	1.0	1.0	1.0
g07030	0	8	1	10	0.0	1.0	1.0	1.0
g08888	0	8	1	10	0.0	1.0	1.0	1.0
g07428	0	8	1	10	0.0	1.0	1.0	1.0
g09318	0	8	1	10	0.0	1.0	1.0	1.0
g08352	0	8	1	10	0.0	1.0	1.0	1.0
g08667	0	8	1	10	0.0	1.0	1.0	1.0
g06132	0	8	1	10	0.0	1.0	1.0	1.0
g07612	0	8	1	10	0.0	1.0	1.0	1.0
g05656	0	8	1	10	0.0	1.0	1.0	1.0
g05282	0	8	1	10	0.0	1.0	1.0	1.0
g07328	0	8	1	10	0.0	1.0	1.0	1.0
g06297	0	8	1	10	0.0	1.0	1.0	1.0
g09461	0	8	1	10	0.0	1.0	1.0	1.0
g07354	0	8	1	10	0.0	1.0	1.0	1.0
g07388	0	8	1	10	0.0	1.0	1.0	1.0
g08161	0	8	1	10	0.0	1.0	1.0	1.0
g03941	0	8	1	10	0.0	1.0	1.0	1.0
g06203	0	8	1	10	0.0	1.0	1.0	1.0
g08392	0	8	1	10	0.0	1.0	1.0	1.0
g06528	0	8	1	10	0.0	1.0	1.0	1.0
g08873	0	8	1	10	0.0	1.0	1.0	1.0
g05645	0	8	1	10	0.0	1.0	1.0	1.0
g03850	0	8	1	10	0.0	1.0	1.0	1.0
g05434	0	8	1	10	0.0	1.0	1.0	1.0
g07562	0	8	1	10	0.0	1.0	1.0	1.0
g06462	0	8	1	10	0.0	1.0	1.0	1.0
g09320	0	8	1	10	0.0	1.0	1.0	1.0
g05337	0	8	1	10	0.0	1.0	1.0	1.0
g09229	0	8	1	10	0.0	1.0	1.0	1.0
g06772	0	8	1	10	0.0	1.0	1.0	1.0
g06951	0	8	1	10	0.0	1.0	1.0	1.0
g04780	0	8	1	10	0.0	1.0	1.0	1.0
g04035	0	8	1	10	0.0	1.0	1.0	1.0
g09482	0	8	1	10	0.0	1.0	1.0	1.0
g08338	0	8	1	10	0.0	1.0	1.0	1.0
g08757	0	8	1	10	0.0	1.0	1.0	1.0
g08375	0	8	1	10	0.0	1.0	1.0	1.0
g08446	0	8	1	10	0.0	1.0	1.0	1.0
g06623	0	8	1	10	0.0	1.0	1.0	1.0
g06948	0	8	1	10	0.0	1.0	1.0	1.0
g05489	0	8	1	10	0.0	1.0	1.0	1.0
g07926	0	8	1	10	0.0	1.0	1.0	1.0
g07707	0	8	1	10	0.0	1.0	1.0	1.0
g07460	0	8	1	10	0.0	1.0	1.0	1.0
g04132	0	8	1	10	0.0	1.0	1.0	1.0
g06914	0	8	1	10	0.0	1.0	1.0	1.0
g05500	0	8	1	10	0.0	1.0	1.0	1.0
g08922	0	8	1	10	0.0	1.0	1.0	1.0
g09293	0	8	1	10	0.0	1.0	1.0	1.0
g08548	0	8	1	10	0.0	1.0	1.0	1.0
g08258	0	8	1	10	0.0	1.0	1.0	1.0
g08029	0	8	1	10	0.0	1.0	1.0	1.0
g04621	0	8	1	10	0.0	1.0	1.0	1.0
g05290	0	8	1	10	0.0	1.0	1.0	1.0
g09104	0	8	1	10	0.0	1.0	1.0	1.0
g03978	0	8	1	10	0.0	1.0	1.0	1.0
g07838	0	8	1	10	0.0	1.0	1.0	1.0
g05103	0	8	1	10	0.0	1.0	1.0	1.0
g08102	0	8	1	10	0.0	1.0	1.0	1.0
g08524	0	8	1	10	0.0	1.0	1.0	1.0
g09111	0	8	1	10	0.0	1.0	1.0	1.0
g06704	0	8	1	10	0.0	1.0	1.0	1.0
g04916	0	8	1	10	0.0	1.0	1.0	1.0
g08385	0	8	1	10	0.0	1.0	1.0	1.0
g06071	0	8	1	10	0.0	1.0	1.0	1.0
g06865	0	8	1	10	0.0	1.0	1.0	1.0
g06115	0	8	1	10	0.0	1.0	1.0	1.0
g08383	0	8	1	10	0.0	1.0	1.0	1.0
g08829	0	8	1	10	0.0	1.0	1.0	1.0
g07194	0	8	1	10	0.0	1.0	1.0	1.0
g05891	0	8	1	10	0.0	1.0	1.0	1.0
g05746	0	8	1	10	0.0	1.0	1.0	1.0
g05100	0	8	1	10	0.0	1.0	1.0	1.0
g07976	0	8	1	10	0.0	1.0	1.0	1.0
g04955	0	8	1	10	0.0	1.0	1.0	1.0
g04860	0	8	1	10	0.0	1.0	1.0	1.0
g04996	0	8	1	10	0.0	1.0	1.0	1.0
g06562	0	8	1	10	0.0	1.0	1.0	1.0
g07048	0	8	1	10	0.0	1.0	1.0	1.0
g08219	0	8	1	10	0.0	1.0	1.0	1.0
g08727	0	8	1	10	0.0	1.0	1.0	1.0
g09542	0	8	1	10	0.0	1.0	1.0	1.0
g04647	0	8	1	10	0.0	1.0	1.0	1.0
g04628	0	8	1	10	0.0	1.0	1.0	1.0
g04638	0	8	1	10	0.0	1.0	1.0	1.0
g07467	0	8	1	10	0.0	1.0	1.0	1.0
g07400	0	8	1	10	0.0	1.0	1.0	1.0
g06454	0	8	1	10	0.0	1.0	1.0	1.0
g04681	0	8	1	10	0.0	1.0	1.0	1.0
g07868	0	8	1	10	0.0	1.0	1.0	1.0
g04611	0	8	1	10	0.0	1.0	1.0	1.0
g07749	0	8	1	10	0.0	1.0	1.0	1.0
g07224	0	8	1	10	0.0	1.0	1.0	1.0
g06912	0	8	1	10	0.0	1.0	1.0	1.0
g09338	0	8	1	10	0.0	1.0	1.0	1.0
g05178	0	8	1	10	0.0	1.0	1.0	1.0
g06238	0	8	1	10	0.0	1.0	1.0	1.0
g07435	0	8	1	10	0.0	1.0	1.0	1.0
g04803	0	8	1	10	0.0	1.0	1.0	1.0
g07138	0	8	1	10	0.0	1.0	1.0	1.0
g08952	0	8	1	10	0.0	1.0	1.0	1.0
g05817	0	8	1	10	0.0	1.0	1.0	1.0
g04609	0	8	1	10	0.0	1.0	1.0	1.0
g06680	0	8	1	10	0.0	1.0	1.0	1.0
g08808	0	8	1	10	0.0	1.0	1.0	1.0
g05847	0	8	1	10	0.0	1.0	1.0	1.0
g05754	0	8	1	10	0.0	1.0	1.0	1.0
g07791	0	8	1	10	0.0	1.0	1.0	1.0
g05815	0	8	1	10	0.0	1.0	1.0	1.0
g05674	0	8	1	10	0.0	1.0	1.0	1.0
g06716	0	8	1	10	0.0	1.0	1.0	1.0
g05914	0	8	1	10	0.0	1.0	1.0	1.0
g06394	0	8	1	10	0.0	1.0	1.0	1.0
g08627	0	8	1	10	0.0	1.0	1.0	1.0
g06248	0	8	1	10	0.0	1.0	1.0	1.0
g05183	0	8	1	10	0.0	1.0	1.0	1.0
g08172	0	8	1	10	0.0	1.0	1.0	1.0
g05879	0	8	1	10	0.0	1.0	1.0	1.0
g04953	0	8	1	10	0.0	1.0	1.0	1.0
